ISO-10303-21;
HEADER;
/* Generated by software containing ST-Developer
 * from STEP Tools, Inc. (www.steptools.com) 
 */

FILE_DESCRIPTION(
/* description */ (''),
/* implementation_level */ '2;1');

FILE_NAME(
/* name */ 'back cover.step',
/* time_stamp */ '2025-12-22T09:30:57+01:00',
/* author */ (''),
/* organization */ (''),
/* preprocessor_version */ 'ST-DEVELOPER v20.1',
/* originating_system */ 'Autodesk Translation Framework v14.21.0.0',
/* authorisation */ '');

FILE_SCHEMA (('AUTOMOTIVE_DESIGN { 1 0 10303 214 3 1 1 }'));
ENDSEC;

DATA;
#10=MECHANICAL_DESIGN_GEOMETRIC_PRESENTATION_REPRESENTATION('',(#13),#7674);
#11=SHAPE_REPRESENTATION_RELATIONSHIP('SRR','None',#7681,#12);
#12=ADVANCED_BREP_SHAPE_REPRESENTATION('',(#14),#7673);
#13=STYLED_ITEM('',(#7691),#14);
#14=MANIFOLD_SOLID_BREP('back cover',#4833);
#15=CYLINDRICAL_SURFACE('',#4930,1.6);
#16=CYLINDRICAL_SURFACE('',#4931,1.6);
#17=CYLINDRICAL_SURFACE('',#4932,1.6);
#18=CYLINDRICAL_SURFACE('',#4933,1.6);
#19=CYLINDRICAL_SURFACE('',#4951,1.59999999999998);
#20=CYLINDRICAL_SURFACE('',#4952,1.6);
#21=CYLINDRICAL_SURFACE('',#4953,1.6);
#22=CYLINDRICAL_SURFACE('',#4954,1.6);
#23=CYLINDRICAL_SURFACE('',#4955,1.6);
#24=CYLINDRICAL_SURFACE('',#4956,1.59999999999997);
#25=CYLINDRICAL_SURFACE('',#4957,1.6);
#26=CYLINDRICAL_SURFACE('',#4958,1.6);
#27=CYLINDRICAL_SURFACE('',#4997,25.);
#28=CONICAL_SURFACE('',#4907,30.5,0.785398163397439);
#29=(
BOUNDED_CURVE()
B_SPLINE_CURVE(2,(#6822,#6823,#6824),.UNSPECIFIED.,.F.,.F.)
B_SPLINE_CURVE_WITH_KNOTS((3,3),(0.0927573067535618,0.231201086737922),
 .UNSPECIFIED.)
CURVE()
GEOMETRIC_REPRESENTATION_ITEM()
RATIONAL_B_SPLINE_CURVE((1.,1.,1.))
REPRESENTATION_ITEM('')
);
#30=(
BOUNDED_CURVE()
B_SPLINE_CURVE(2,(#6834,#6835,#6836),.UNSPECIFIED.,.F.,.F.)
B_SPLINE_CURVE_WITH_KNOTS((3,3),(1.20949242072652,1.55732271331837),
 .UNSPECIFIED.)
CURVE()
GEOMETRIC_REPRESENTATION_ITEM()
RATIONAL_B_SPLINE_CURVE((1.,1.,1.))
REPRESENTATION_ITEM('')
);
#31=(
BOUNDED_CURVE()
B_SPLINE_CURVE(2,(#6839,#6840,#6841),.UNSPECIFIED.,.F.,.F.)
B_SPLINE_CURVE_WITH_KNOTS((3,3),(0.,1.0085507563931),.UNSPECIFIED.)
CURVE()
GEOMETRIC_REPRESENTATION_ITEM()
RATIONAL_B_SPLINE_CURVE((1.,1.,1.))
REPRESENTATION_ITEM('')
);
#32=(
BOUNDED_CURVE()
B_SPLINE_CURVE(2,(#6851,#6852,#6853),.UNSPECIFIED.,.F.,.F.)
B_SPLINE_CURVE_WITH_KNOTS((3,3),(0.,0.13606336421199),.UNSPECIFIED.)
CURVE()
GEOMETRIC_REPRESENTATION_ITEM()
RATIONAL_B_SPLINE_CURVE((1.,1.,1.))
REPRESENTATION_ITEM('')
);
#33=(
BOUNDED_CURVE()
B_SPLINE_CURVE(2,(#6864,#6865,#6866),.UNSPECIFIED.,.F.,.F.)
B_SPLINE_CURVE_WITH_KNOTS((3,3),(0.650000244457197,2.20006215997961),
 .UNSPECIFIED.)
CURVE()
GEOMETRIC_REPRESENTATION_ITEM()
RATIONAL_B_SPLINE_CURVE((1.,1.,1.))
REPRESENTATION_ITEM('')
);
#34=FACE_BOUND('',#392,.T.);
#35=FACE_BOUND('',#393,.T.);
#36=FACE_BOUND('',#394,.T.);
#37=FACE_BOUND('',#395,.T.);
#38=FACE_BOUND('',#396,.T.);
#39=FACE_BOUND('',#397,.T.);
#40=FACE_BOUND('',#398,.T.);
#41=FACE_BOUND('',#399,.T.);
#42=FACE_BOUND('',#400,.T.);
#43=FACE_BOUND('',#401,.T.);
#44=FACE_BOUND('',#402,.T.);
#45=FACE_BOUND('',#406,.T.);
#46=FACE_BOUND('',#407,.T.);
#47=FACE_BOUND('',#408,.T.);
#48=FACE_BOUND('',#409,.T.);
#49=FACE_BOUND('',#410,.T.);
#50=FACE_BOUND('',#411,.T.);
#51=FACE_BOUND('',#412,.T.);
#52=FACE_BOUND('',#413,.T.);
#53=FACE_BOUND('',#414,.T.);
#54=FACE_BOUND('',#415,.T.);
#55=FACE_BOUND('',#416,.T.);
#56=FACE_BOUND('',#417,.T.);
#57=FACE_BOUND('',#418,.T.);
#58=FACE_BOUND('',#419,.T.);
#59=FACE_BOUND('',#420,.T.);
#60=FACE_BOUND('',#421,.T.);
#61=FACE_BOUND('',#422,.T.);
#62=FACE_BOUND('',#423,.T.);
#63=FACE_BOUND('',#424,.T.);
#64=FACE_BOUND('',#425,.T.);
#65=FACE_BOUND('',#426,.T.);
#66=FACE_BOUND('',#427,.T.);
#67=FACE_BOUND('',#428,.T.);
#68=FACE_BOUND('',#429,.T.);
#69=FACE_BOUND('',#430,.T.);
#70=FACE_BOUND('',#431,.T.);
#71=FACE_BOUND('',#432,.T.);
#72=FACE_BOUND('',#433,.T.);
#73=FACE_BOUND('',#434,.T.);
#74=FACE_BOUND('',#435,.T.);
#75=FACE_BOUND('',#436,.T.);
#76=FACE_BOUND('',#437,.T.);
#77=FACE_BOUND('',#438,.T.);
#78=FACE_BOUND('',#439,.T.);
#79=FACE_BOUND('',#440,.T.);
#80=FACE_BOUND('',#441,.T.);
#81=FACE_BOUND('',#442,.T.);
#82=FACE_BOUND('',#443,.T.);
#83=FACE_BOUND('',#444,.T.);
#84=FACE_BOUND('',#445,.T.);
#85=FACE_BOUND('',#446,.T.);
#86=FACE_BOUND('',#447,.T.);
#87=FACE_BOUND('',#448,.T.);
#88=FACE_BOUND('',#463,.T.);
#89=FACE_BOUND('',#465,.T.);
#90=FACE_BOUND('',#662,.T.);
#91=FACE_BOUND('',#663,.T.);
#92=FACE_BOUND('',#664,.T.);
#93=FACE_BOUND('',#665,.T.);
#94=FACE_BOUND('',#666,.T.);
#95=FACE_BOUND('',#667,.T.);
#96=FACE_BOUND('',#668,.T.);
#97=FACE_BOUND('',#669,.T.);
#98=FACE_BOUND('',#670,.T.);
#99=FACE_BOUND('',#671,.T.);
#100=FACE_BOUND('',#672,.T.);
#101=FACE_BOUND('',#673,.T.);
#102=FACE_BOUND('',#674,.T.);
#103=FACE_BOUND('',#675,.T.);
#104=FACE_BOUND('',#676,.T.);
#105=FACE_BOUND('',#678,.T.);
#106=CIRCLE('',#4852,31.);
#107=CIRCLE('',#4853,31.);
#108=CIRCLE('',#4854,1.6);
#109=CIRCLE('',#4855,1.6);
#110=CIRCLE('',#4856,1.6);
#111=CIRCLE('',#4857,1.59999999999997);
#112=CIRCLE('',#4858,1.6);
#113=CIRCLE('',#4859,1.6);
#114=CIRCLE('',#4860,1.6);
#115=CIRCLE('',#4861,1.59999999999998);
#116=CIRCLE('',#4862,1.6);
#117=CIRCLE('',#4863,1.6);
#118=CIRCLE('',#4867,1.6);
#119=CIRCLE('',#4868,1.6);
#120=CIRCLE('',#4869,1.6);
#121=CIRCLE('',#4870,1.6);
#122=CIRCLE('',#4871,1.59999999999998);
#123=CIRCLE('',#4872,1.59999999999997);
#124=CIRCLE('',#4873,1.6);
#125=CIRCLE('',#4874,1.6);
#126=CIRCLE('',#4875,1.6);
#127=CIRCLE('',#4876,1.6);
#128=CIRCLE('',#4877,1.6);
#129=CIRCLE('',#4878,1.6);
#130=CIRCLE('',#4879,25.);
#131=CIRCLE('',#4880,25.);
#132=CIRCLE('',#4881,25.);
#133=CIRCLE('',#4882,25.);
#134=CIRCLE('',#4883,25.);
#135=CIRCLE('',#4884,25.);
#136=CIRCLE('',#4885,25.);
#137=CIRCLE('',#4886,25.);
#138=CIRCLE('',#4887,25.);
#139=CIRCLE('',#4888,25.);
#140=CIRCLE('',#4889,25.);
#141=CIRCLE('',#4890,25.);
#142=CIRCLE('',#4891,25.);
#143=CIRCLE('',#4892,25.);
#144=CIRCLE('',#4893,25.);
#145=CIRCLE('',#4894,25.);
#146=CIRCLE('',#4908,30.);
#147=CIRCLE('',#4910,1.6);
#148=CIRCLE('',#4912,1.6);
#149=CIRCLE('',#4998,25.);
#150=CIRCLE('',#4999,25.);
#151=CIRCLE('',#5000,25.);
#152=CIRCLE('',#5001,25.);
#153=CIRCLE('',#5002,25.);
#154=CIRCLE('',#5003,25.);
#155=CIRCLE('',#5004,25.);
#156=CIRCLE('',#5005,25.);
#157=CIRCLE('',#5006,25.);
#158=CIRCLE('',#5007,25.);
#159=CIRCLE('',#5008,25.);
#160=CIRCLE('',#5009,25.);
#161=CIRCLE('',#5010,25.);
#162=CIRCLE('',#5011,25.);
#163=CIRCLE('',#5012,25.);
#164=CIRCLE('',#5013,25.);
#165=CIRCLE('',#5014,25.);
#166=CIRCLE('',#5015,25.);
#167=FACE_OUTER_BOUND('',#387,.T.);
#168=FACE_OUTER_BOUND('',#388,.T.);
#169=FACE_OUTER_BOUND('',#389,.T.);
#170=FACE_OUTER_BOUND('',#390,.T.);
#171=FACE_OUTER_BOUND('',#391,.T.);
#172=FACE_OUTER_BOUND('',#403,.T.);
#173=FACE_OUTER_BOUND('',#404,.T.);
#174=FACE_OUTER_BOUND('',#405,.T.);
#175=FACE_OUTER_BOUND('',#449,.T.);
#176=FACE_OUTER_BOUND('',#450,.T.);
#177=FACE_OUTER_BOUND('',#451,.T.);
#178=FACE_OUTER_BOUND('',#452,.T.);
#179=FACE_OUTER_BOUND('',#453,.T.);
#180=FACE_OUTER_BOUND('',#454,.T.);
#181=FACE_OUTER_BOUND('',#455,.T.);
#182=FACE_OUTER_BOUND('',#456,.T.);
#183=FACE_OUTER_BOUND('',#457,.T.);
#184=FACE_OUTER_BOUND('',#458,.T.);
#185=FACE_OUTER_BOUND('',#459,.T.);
#186=FACE_OUTER_BOUND('',#460,.T.);
#187=FACE_OUTER_BOUND('',#461,.T.);
#188=FACE_OUTER_BOUND('',#462,.T.);
#189=FACE_OUTER_BOUND('',#464,.T.);
#190=FACE_OUTER_BOUND('',#466,.T.);
#191=FACE_OUTER_BOUND('',#467,.T.);
#192=FACE_OUTER_BOUND('',#468,.T.);
#193=FACE_OUTER_BOUND('',#469,.T.);
#194=FACE_OUTER_BOUND('',#470,.T.);
#195=FACE_OUTER_BOUND('',#471,.T.);
#196=FACE_OUTER_BOUND('',#472,.T.);
#197=FACE_OUTER_BOUND('',#473,.T.);
#198=FACE_OUTER_BOUND('',#474,.T.);
#199=FACE_OUTER_BOUND('',#475,.T.);
#200=FACE_OUTER_BOUND('',#476,.T.);
#201=FACE_OUTER_BOUND('',#477,.T.);
#202=FACE_OUTER_BOUND('',#478,.T.);
#203=FACE_OUTER_BOUND('',#479,.T.);
#204=FACE_OUTER_BOUND('',#480,.T.);
#205=FACE_OUTER_BOUND('',#481,.T.);
#206=FACE_OUTER_BOUND('',#482,.T.);
#207=FACE_OUTER_BOUND('',#483,.T.);
#208=FACE_OUTER_BOUND('',#484,.T.);
#209=FACE_OUTER_BOUND('',#485,.T.);
#210=FACE_OUTER_BOUND('',#486,.T.);
#211=FACE_OUTER_BOUND('',#487,.T.);
#212=FACE_OUTER_BOUND('',#488,.T.);
#213=FACE_OUTER_BOUND('',#489,.T.);
#214=FACE_OUTER_BOUND('',#490,.T.);
#215=FACE_OUTER_BOUND('',#491,.T.);
#216=FACE_OUTER_BOUND('',#492,.T.);
#217=FACE_OUTER_BOUND('',#493,.T.);
#218=FACE_OUTER_BOUND('',#494,.T.);
#219=FACE_OUTER_BOUND('',#495,.T.);
#220=FACE_OUTER_BOUND('',#496,.T.);
#221=FACE_OUTER_BOUND('',#497,.T.);
#222=FACE_OUTER_BOUND('',#498,.T.);
#223=FACE_OUTER_BOUND('',#499,.T.);
#224=FACE_OUTER_BOUND('',#500,.T.);
#225=FACE_OUTER_BOUND('',#501,.T.);
#226=FACE_OUTER_BOUND('',#502,.T.);
#227=FACE_OUTER_BOUND('',#503,.T.);
#228=FACE_OUTER_BOUND('',#504,.T.);
#229=FACE_OUTER_BOUND('',#505,.T.);
#230=FACE_OUTER_BOUND('',#506,.T.);
#231=FACE_OUTER_BOUND('',#507,.T.);
#232=FACE_OUTER_BOUND('',#508,.T.);
#233=FACE_OUTER_BOUND('',#509,.T.);
#234=FACE_OUTER_BOUND('',#510,.T.);
#235=FACE_OUTER_BOUND('',#511,.T.);
#236=FACE_OUTER_BOUND('',#512,.T.);
#237=FACE_OUTER_BOUND('',#513,.T.);
#238=FACE_OUTER_BOUND('',#514,.T.);
#239=FACE_OUTER_BOUND('',#515,.T.);
#240=FACE_OUTER_BOUND('',#516,.T.);
#241=FACE_OUTER_BOUND('',#517,.T.);
#242=FACE_OUTER_BOUND('',#518,.T.);
#243=FACE_OUTER_BOUND('',#519,.T.);
#244=FACE_OUTER_BOUND('',#520,.T.);
#245=FACE_OUTER_BOUND('',#521,.T.);
#246=FACE_OUTER_BOUND('',#522,.T.);
#247=FACE_OUTER_BOUND('',#523,.T.);
#248=FACE_OUTER_BOUND('',#524,.T.);
#249=FACE_OUTER_BOUND('',#525,.T.);
#250=FACE_OUTER_BOUND('',#526,.T.);
#251=FACE_OUTER_BOUND('',#527,.T.);
#252=FACE_OUTER_BOUND('',#528,.T.);
#253=FACE_OUTER_BOUND('',#529,.T.);
#254=FACE_OUTER_BOUND('',#530,.T.);
#255=FACE_OUTER_BOUND('',#531,.T.);
#256=FACE_OUTER_BOUND('',#532,.T.);
#257=FACE_OUTER_BOUND('',#533,.T.);
#258=FACE_OUTER_BOUND('',#534,.T.);
#259=FACE_OUTER_BOUND('',#535,.T.);
#260=FACE_OUTER_BOUND('',#536,.T.);
#261=FACE_OUTER_BOUND('',#537,.T.);
#262=FACE_OUTER_BOUND('',#538,.T.);
#263=FACE_OUTER_BOUND('',#539,.T.);
#264=FACE_OUTER_BOUND('',#540,.T.);
#265=FACE_OUTER_BOUND('',#541,.T.);
#266=FACE_OUTER_BOUND('',#542,.T.);
#267=FACE_OUTER_BOUND('',#543,.T.);
#268=FACE_OUTER_BOUND('',#544,.T.);
#269=FACE_OUTER_BOUND('',#545,.T.);
#270=FACE_OUTER_BOUND('',#546,.T.);
#271=FACE_OUTER_BOUND('',#547,.T.);
#272=FACE_OUTER_BOUND('',#548,.T.);
#273=FACE_OUTER_BOUND('',#549,.T.);
#274=FACE_OUTER_BOUND('',#550,.T.);
#275=FACE_OUTER_BOUND('',#551,.T.);
#276=FACE_OUTER_BOUND('',#552,.T.);
#277=FACE_OUTER_BOUND('',#553,.T.);
#278=FACE_OUTER_BOUND('',#554,.T.);
#279=FACE_OUTER_BOUND('',#555,.T.);
#280=FACE_OUTER_BOUND('',#556,.T.);
#281=FACE_OUTER_BOUND('',#557,.T.);
#282=FACE_OUTER_BOUND('',#558,.T.);
#283=FACE_OUTER_BOUND('',#559,.T.);
#284=FACE_OUTER_BOUND('',#560,.T.);
#285=FACE_OUTER_BOUND('',#561,.T.);
#286=FACE_OUTER_BOUND('',#562,.T.);
#287=FACE_OUTER_BOUND('',#563,.T.);
#288=FACE_OUTER_BOUND('',#564,.T.);
#289=FACE_OUTER_BOUND('',#565,.T.);
#290=FACE_OUTER_BOUND('',#566,.T.);
#291=FACE_OUTER_BOUND('',#567,.T.);
#292=FACE_OUTER_BOUND('',#568,.T.);
#293=FACE_OUTER_BOUND('',#569,.T.);
#294=FACE_OUTER_BOUND('',#570,.T.);
#295=FACE_OUTER_BOUND('',#571,.T.);
#296=FACE_OUTER_BOUND('',#572,.T.);
#297=FACE_OUTER_BOUND('',#573,.T.);
#298=FACE_OUTER_BOUND('',#574,.T.);
#299=FACE_OUTER_BOUND('',#575,.T.);
#300=FACE_OUTER_BOUND('',#576,.T.);
#301=FACE_OUTER_BOUND('',#577,.T.);
#302=FACE_OUTER_BOUND('',#578,.T.);
#303=FACE_OUTER_BOUND('',#579,.T.);
#304=FACE_OUTER_BOUND('',#580,.T.);
#305=FACE_OUTER_BOUND('',#581,.T.);
#306=FACE_OUTER_BOUND('',#582,.T.);
#307=FACE_OUTER_BOUND('',#583,.T.);
#308=FACE_OUTER_BOUND('',#584,.T.);
#309=FACE_OUTER_BOUND('',#585,.T.);
#310=FACE_OUTER_BOUND('',#586,.T.);
#311=FACE_OUTER_BOUND('',#587,.T.);
#312=FACE_OUTER_BOUND('',#588,.T.);
#313=FACE_OUTER_BOUND('',#589,.T.);
#314=FACE_OUTER_BOUND('',#590,.T.);
#315=FACE_OUTER_BOUND('',#591,.T.);
#316=FACE_OUTER_BOUND('',#592,.T.);
#317=FACE_OUTER_BOUND('',#593,.T.);
#318=FACE_OUTER_BOUND('',#594,.T.);
#319=FACE_OUTER_BOUND('',#595,.T.);
#320=FACE_OUTER_BOUND('',#596,.T.);
#321=FACE_OUTER_BOUND('',#597,.T.);
#322=FACE_OUTER_BOUND('',#598,.T.);
#323=FACE_OUTER_BOUND('',#599,.T.);
#324=FACE_OUTER_BOUND('',#600,.T.);
#325=FACE_OUTER_BOUND('',#601,.T.);
#326=FACE_OUTER_BOUND('',#602,.T.);
#327=FACE_OUTER_BOUND('',#603,.T.);
#328=FACE_OUTER_BOUND('',#604,.T.);
#329=FACE_OUTER_BOUND('',#605,.T.);
#330=FACE_OUTER_BOUND('',#606,.T.);
#331=FACE_OUTER_BOUND('',#607,.T.);
#332=FACE_OUTER_BOUND('',#608,.T.);
#333=FACE_OUTER_BOUND('',#609,.T.);
#334=FACE_OUTER_BOUND('',#610,.T.);
#335=FACE_OUTER_BOUND('',#611,.T.);
#336=FACE_OUTER_BOUND('',#612,.T.);
#337=FACE_OUTER_BOUND('',#613,.T.);
#338=FACE_OUTER_BOUND('',#614,.T.);
#339=FACE_OUTER_BOUND('',#615,.T.);
#340=FACE_OUTER_BOUND('',#616,.T.);
#341=FACE_OUTER_BOUND('',#617,.T.);
#342=FACE_OUTER_BOUND('',#618,.T.);
#343=FACE_OUTER_BOUND('',#619,.T.);
#344=FACE_OUTER_BOUND('',#620,.T.);
#345=FACE_OUTER_BOUND('',#621,.T.);
#346=FACE_OUTER_BOUND('',#622,.T.);
#347=FACE_OUTER_BOUND('',#623,.T.);
#348=FACE_OUTER_BOUND('',#624,.T.);
#349=FACE_OUTER_BOUND('',#625,.T.);
#350=FACE_OUTER_BOUND('',#626,.T.);
#351=FACE_OUTER_BOUND('',#627,.T.);
#352=FACE_OUTER_BOUND('',#628,.T.);
#353=FACE_OUTER_BOUND('',#629,.T.);
#354=FACE_OUTER_BOUND('',#630,.T.);
#355=FACE_OUTER_BOUND('',#631,.T.);
#356=FACE_OUTER_BOUND('',#632,.T.);
#357=FACE_OUTER_BOUND('',#633,.T.);
#358=FACE_OUTER_BOUND('',#634,.T.);
#359=FACE_OUTER_BOUND('',#635,.T.);
#360=FACE_OUTER_BOUND('',#636,.T.);
#361=FACE_OUTER_BOUND('',#637,.T.);
#362=FACE_OUTER_BOUND('',#638,.T.);
#363=FACE_OUTER_BOUND('',#639,.T.);
#364=FACE_OUTER_BOUND('',#640,.T.);
#365=FACE_OUTER_BOUND('',#641,.T.);
#366=FACE_OUTER_BOUND('',#642,.T.);
#367=FACE_OUTER_BOUND('',#643,.T.);
#368=FACE_OUTER_BOUND('',#644,.T.);
#369=FACE_OUTER_BOUND('',#645,.T.);
#370=FACE_OUTER_BOUND('',#646,.T.);
#371=FACE_OUTER_BOUND('',#647,.T.);
#372=FACE_OUTER_BOUND('',#648,.T.);
#373=FACE_OUTER_BOUND('',#649,.T.);
#374=FACE_OUTER_BOUND('',#650,.T.);
#375=FACE_OUTER_BOUND('',#651,.T.);
#376=FACE_OUTER_BOUND('',#652,.T.);
#377=FACE_OUTER_BOUND('',#653,.T.);
#378=FACE_OUTER_BOUND('',#654,.T.);
#379=FACE_OUTER_BOUND('',#655,.T.);
#380=FACE_OUTER_BOUND('',#656,.T.);
#381=FACE_OUTER_BOUND('',#657,.T.);
#382=FACE_OUTER_BOUND('',#658,.T.);
#383=FACE_OUTER_BOUND('',#659,.T.);
#384=FACE_OUTER_BOUND('',#660,.T.);
#385=FACE_OUTER_BOUND('',#661,.T.);
#386=FACE_OUTER_BOUND('',#677,.T.);
#387=EDGE_LOOP('',(#3043,#3044,#3045,#3046,#3047));
#388=EDGE_LOOP('',(#3048,#3049,#3050,#3051));
#389=EDGE_LOOP('',(#3052,#3053,#3054,#3055,#3056));
#390=EDGE_LOOP('',(#3057,#3058,#3059,#3060));
#391=EDGE_LOOP('',(#3061,#3062,#3063,#3064,#3065,#3066,#3067,#3068,#3069,
#3070,#3071,#3072,#3073,#3074,#3075,#3076));
#392=EDGE_LOOP('',(#3077,#3078,#3079,#3080,#3081,#3082,#3083,#3084,#3085,
#3086));
#393=EDGE_LOOP('',(#3087));
#394=EDGE_LOOP('',(#3088));
#395=EDGE_LOOP('',(#3089));
#396=EDGE_LOOP('',(#3090));
#397=EDGE_LOOP('',(#3091));
#398=EDGE_LOOP('',(#3092));
#399=EDGE_LOOP('',(#3093));
#400=EDGE_LOOP('',(#3094));
#401=EDGE_LOOP('',(#3095));
#402=EDGE_LOOP('',(#3096));
#403=EDGE_LOOP('',(#3097,#3098,#3099,#3100));
#404=EDGE_LOOP('',(#3101,#3102,#3103,#3104));
#405=EDGE_LOOP('',(#3105,#3106,#3107,#3108,#3109,#3110,#3111,#3112,#3113,
#3114,#3115,#3116,#3117,#3118,#3119,#3120));
#406=EDGE_LOOP('',(#3121));
#407=EDGE_LOOP('',(#3122));
#408=EDGE_LOOP('',(#3123));
#409=EDGE_LOOP('',(#3124));
#410=EDGE_LOOP('',(#3125));
#411=EDGE_LOOP('',(#3126));
#412=EDGE_LOOP('',(#3127));
#413=EDGE_LOOP('',(#3128));
#414=EDGE_LOOP('',(#3129));
#415=EDGE_LOOP('',(#3130));
#416=EDGE_LOOP('',(#3131));
#417=EDGE_LOOP('',(#3132));
#418=EDGE_LOOP('',(#3133,#3134,#3135,#3136,#3137,#3138));
#419=EDGE_LOOP('',(#3139,#3140,#3141,#3142,#3143,#3144));
#420=EDGE_LOOP('',(#3145,#3146,#3147,#3148,#3149,#3150));
#421=EDGE_LOOP('',(#3151,#3152,#3153,#3154,#3155,#3156));
#422=EDGE_LOOP('',(#3157,#3158,#3159,#3160));
#423=EDGE_LOOP('',(#3161,#3162,#3163,#3164));
#424=EDGE_LOOP('',(#3165,#3166,#3167,#3168,#3169,#3170));
#425=EDGE_LOOP('',(#3171,#3172,#3173,#3174));
#426=EDGE_LOOP('',(#3175,#3176,#3177,#3178));
#427=EDGE_LOOP('',(#3179,#3180,#3181,#3182));
#428=EDGE_LOOP('',(#3183,#3184,#3185,#3186,#3187,#3188));
#429=EDGE_LOOP('',(#3189,#3190,#3191,#3192));
#430=EDGE_LOOP('',(#3193,#3194,#3195,#3196));
#431=EDGE_LOOP('',(#3197,#3198,#3199,#3200,#3201,#3202));
#432=EDGE_LOOP('',(#3203,#3204,#3205,#3206,#3207,#3208));
#433=EDGE_LOOP('',(#3209,#3210,#3211,#3212,#3213,#3214));
#434=EDGE_LOOP('',(#3215,#3216,#3217,#3218,#3219,#3220));
#435=EDGE_LOOP('',(#3221,#3222,#3223,#3224,#3225,#3226));
#436=EDGE_LOOP('',(#3227,#3228,#3229,#3230,#3231,#3232));
#437=EDGE_LOOP('',(#3233,#3234,#3235,#3236,#3237,#3238,#3239));
#438=EDGE_LOOP('',(#3240,#3241,#3242,#3243));
#439=EDGE_LOOP('',(#3244,#3245,#3246,#3247));
#440=EDGE_LOOP('',(#3248,#3249,#3250,#3251,#3252,#3253));
#441=EDGE_LOOP('',(#3254,#3255,#3256,#3257,#3258,#3259));
#442=EDGE_LOOP('',(#3260,#3261,#3262,#3263));
#443=EDGE_LOOP('',(#3264,#3265,#3266,#3267));
#444=EDGE_LOOP('',(#3268,#3269,#3270,#3271,#3272,#3273,#3274));
#445=EDGE_LOOP('',(#3275,#3276,#3277,#3278));
#446=EDGE_LOOP('',(#3279,#3280,#3281,#3282,#3283,#3284));
#447=EDGE_LOOP('',(#3285,#3286,#3287,#3288,#3289,#3290));
#448=EDGE_LOOP('',(#3291,#3292,#3293,#3294,#3295,#3296));
#449=EDGE_LOOP('',(#3297,#3298,#3299,#3300));
#450=EDGE_LOOP('',(#3301,#3302,#3303,#3304));
#451=EDGE_LOOP('',(#3305,#3306,#3307,#3308));
#452=EDGE_LOOP('',(#3309,#3310,#3311,#3312,#3313,#3314,#3315,#3316));
#453=EDGE_LOOP('',(#3317,#3318,#3319,#3320,#3321));
#454=EDGE_LOOP('',(#3322,#3323,#3324,#3325,#3326,#3327,#3328));
#455=EDGE_LOOP('',(#3329,#3330,#3331,#3332));
#456=EDGE_LOOP('',(#3333,#3334,#3335,#3336));
#457=EDGE_LOOP('',(#3337,#3338,#3339,#3340,#3341));
#458=EDGE_LOOP('',(#3342,#3343,#3344,#3345));
#459=EDGE_LOOP('',(#3346,#3347,#3348,#3349,#3350));
#460=EDGE_LOOP('',(#3351,#3352,#3353,#3354));
#461=EDGE_LOOP('',(#3355,#3356,#3357,#3358,#3359,#3360,#3361,#3362));
#462=EDGE_LOOP('',(#3363,#3364,#3365,#3366));
#463=EDGE_LOOP('',(#3367));
#464=EDGE_LOOP('',(#3368,#3369,#3370,#3371));
#465=EDGE_LOOP('',(#3372));
#466=EDGE_LOOP('',(#3373,#3374,#3375,#3376));
#467=EDGE_LOOP('',(#3377,#3378,#3379,#3380));
#468=EDGE_LOOP('',(#3381,#3382,#3383,#3384));
#469=EDGE_LOOP('',(#3385,#3386,#3387,#3388));
#470=EDGE_LOOP('',(#3389,#3390,#3391,#3392));
#471=EDGE_LOOP('',(#3393,#3394,#3395,#3396));
#472=EDGE_LOOP('',(#3397,#3398,#3399,#3400));
#473=EDGE_LOOP('',(#3401,#3402,#3403,#3404));
#474=EDGE_LOOP('',(#3405,#3406,#3407,#3408));
#475=EDGE_LOOP('',(#3409,#3410,#3411,#3412));
#476=EDGE_LOOP('',(#3413,#3414,#3415,#3416));
#477=EDGE_LOOP('',(#3417,#3418,#3419,#3420));
#478=EDGE_LOOP('',(#3421,#3422,#3423,#3424,#3425));
#479=EDGE_LOOP('',(#3426,#3427,#3428,#3429,#3430));
#480=EDGE_LOOP('',(#3431,#3432,#3433,#3434));
#481=EDGE_LOOP('',(#3435,#3436,#3437,#3438));
#482=EDGE_LOOP('',(#3439,#3440,#3441,#3442));
#483=EDGE_LOOP('',(#3443,#3444,#3445,#3446));
#484=EDGE_LOOP('',(#3447,#3448,#3449,#3450));
#485=EDGE_LOOP('',(#3451,#3452,#3453,#3454));
#486=EDGE_LOOP('',(#3455,#3456,#3457,#3458));
#487=EDGE_LOOP('',(#3459,#3460,#3461,#3462,#3463,#3464,#3465,#3466,#3467,
#3468,#3469,#3470));
#488=EDGE_LOOP('',(#3471,#3472,#3473,#3474));
#489=EDGE_LOOP('',(#3475,#3476,#3477,#3478));
#490=EDGE_LOOP('',(#3479,#3480,#3481,#3482));
#491=EDGE_LOOP('',(#3483,#3484,#3485,#3486,#3487,#3488,#3489,#3490));
#492=EDGE_LOOP('',(#3491,#3492,#3493,#3494,#3495,#3496,#3497,#3498,#3499,
#3500,#3501,#3502));
#493=EDGE_LOOP('',(#3503,#3504,#3505,#3506));
#494=EDGE_LOOP('',(#3507,#3508,#3509,#3510));
#495=EDGE_LOOP('',(#3511,#3512,#3513,#3514));
#496=EDGE_LOOP('',(#3515,#3516,#3517,#3518));
#497=EDGE_LOOP('',(#3519,#3520,#3521,#3522));
#498=EDGE_LOOP('',(#3523,#3524,#3525,#3526));
#499=EDGE_LOOP('',(#3527,#3528,#3529,#3530));
#500=EDGE_LOOP('',(#3531,#3532,#3533,#3534));
#501=EDGE_LOOP('',(#3535,#3536,#3537,#3538));
#502=EDGE_LOOP('',(#3539,#3540,#3541,#3542));
#503=EDGE_LOOP('',(#3543,#3544,#3545,#3546));
#504=EDGE_LOOP('',(#3547,#3548,#3549,#3550));
#505=EDGE_LOOP('',(#3551,#3552,#3553,#3554));
#506=EDGE_LOOP('',(#3555,#3556,#3557,#3558));
#507=EDGE_LOOP('',(#3559,#3560,#3561,#3562));
#508=EDGE_LOOP('',(#3563,#3564,#3565,#3566));
#509=EDGE_LOOP('',(#3567,#3568,#3569,#3570));
#510=EDGE_LOOP('',(#3571,#3572,#3573,#3574));
#511=EDGE_LOOP('',(#3575,#3576,#3577,#3578));
#512=EDGE_LOOP('',(#3579,#3580,#3581,#3582));
#513=EDGE_LOOP('',(#3583,#3584,#3585,#3586));
#514=EDGE_LOOP('',(#3587,#3588,#3589,#3590));
#515=EDGE_LOOP('',(#3591,#3592,#3593,#3594));
#516=EDGE_LOOP('',(#3595,#3596,#3597,#3598));
#517=EDGE_LOOP('',(#3599,#3600,#3601,#3602));
#518=EDGE_LOOP('',(#3603,#3604,#3605,#3606));
#519=EDGE_LOOP('',(#3607,#3608,#3609,#3610));
#520=EDGE_LOOP('',(#3611,#3612,#3613,#3614));
#521=EDGE_LOOP('',(#3615,#3616,#3617,#3618));
#522=EDGE_LOOP('',(#3619,#3620,#3621,#3622));
#523=EDGE_LOOP('',(#3623,#3624,#3625,#3626));
#524=EDGE_LOOP('',(#3627,#3628,#3629,#3630));
#525=EDGE_LOOP('',(#3631,#3632,#3633,#3634));
#526=EDGE_LOOP('',(#3635,#3636,#3637,#3638));
#527=EDGE_LOOP('',(#3639,#3640,#3641,#3642));
#528=EDGE_LOOP('',(#3643,#3644,#3645,#3646));
#529=EDGE_LOOP('',(#3647,#3648,#3649,#3650));
#530=EDGE_LOOP('',(#3651,#3652,#3653,#3654));
#531=EDGE_LOOP('',(#3655,#3656,#3657,#3658));
#532=EDGE_LOOP('',(#3659,#3660,#3661,#3662));
#533=EDGE_LOOP('',(#3663,#3664,#3665,#3666));
#534=EDGE_LOOP('',(#3667,#3668,#3669,#3670));
#535=EDGE_LOOP('',(#3671,#3672,#3673,#3674));
#536=EDGE_LOOP('',(#3675,#3676,#3677,#3678));
#537=EDGE_LOOP('',(#3679,#3680,#3681,#3682));
#538=EDGE_LOOP('',(#3683,#3684,#3685,#3686));
#539=EDGE_LOOP('',(#3687,#3688,#3689,#3690));
#540=EDGE_LOOP('',(#3691,#3692,#3693,#3694));
#541=EDGE_LOOP('',(#3695,#3696,#3697,#3698));
#542=EDGE_LOOP('',(#3699,#3700,#3701,#3702));
#543=EDGE_LOOP('',(#3703,#3704,#3705,#3706));
#544=EDGE_LOOP('',(#3707,#3708,#3709,#3710));
#545=EDGE_LOOP('',(#3711,#3712,#3713,#3714));
#546=EDGE_LOOP('',(#3715,#3716,#3717,#3718));
#547=EDGE_LOOP('',(#3719,#3720,#3721,#3722));
#548=EDGE_LOOP('',(#3723,#3724,#3725,#3726));
#549=EDGE_LOOP('',(#3727,#3728,#3729,#3730));
#550=EDGE_LOOP('',(#3731,#3732,#3733,#3734,#3735,#3736,#3737,#3738,#3739,
#3740,#3741,#3742,#3743,#3744,#3745,#3746,#3747,#3748,#3749,#3750,#3751,
#3752,#3753,#3754,#3755,#3756,#3757,#3758,#3759,#3760,#3761,#3762,#3763,
#3764,#3765,#3766,#3767,#3768,#3769,#3770,#3771,#3772,#3773,#3774,#3775,
#3776,#3777,#3778,#3779,#3780,#3781,#3782,#3783,#3784,#3785,#3786,#3787,
#3788,#3789,#3790,#3791,#3792,#3793,#3794,#3795,#3796,#3797,#3798));
#551=EDGE_LOOP('',(#3799,#3800,#3801,#3802));
#552=EDGE_LOOP('',(#3803,#3804,#3805,#3806));
#553=EDGE_LOOP('',(#3807,#3808,#3809,#3810));
#554=EDGE_LOOP('',(#3811,#3812,#3813,#3814));
#555=EDGE_LOOP('',(#3815,#3816,#3817,#3818));
#556=EDGE_LOOP('',(#3819,#3820,#3821,#3822));
#557=EDGE_LOOP('',(#3823,#3824,#3825,#3826));
#558=EDGE_LOOP('',(#3827,#3828,#3829,#3830));
#559=EDGE_LOOP('',(#3831,#3832,#3833,#3834));
#560=EDGE_LOOP('',(#3835,#3836,#3837,#3838));
#561=EDGE_LOOP('',(#3839,#3840,#3841,#3842));
#562=EDGE_LOOP('',(#3843,#3844,#3845,#3846));
#563=EDGE_LOOP('',(#3847,#3848,#3849,#3850));
#564=EDGE_LOOP('',(#3851,#3852,#3853,#3854));
#565=EDGE_LOOP('',(#3855,#3856,#3857,#3858));
#566=EDGE_LOOP('',(#3859,#3860,#3861,#3862));
#567=EDGE_LOOP('',(#3863,#3864,#3865,#3866));
#568=EDGE_LOOP('',(#3867,#3868,#3869,#3870));
#569=EDGE_LOOP('',(#3871,#3872,#3873,#3874));
#570=EDGE_LOOP('',(#3875,#3876,#3877,#3878));
#571=EDGE_LOOP('',(#3879,#3880,#3881,#3882));
#572=EDGE_LOOP('',(#3883,#3884,#3885,#3886));
#573=EDGE_LOOP('',(#3887,#3888,#3889,#3890));
#574=EDGE_LOOP('',(#3891,#3892,#3893,#3894));
#575=EDGE_LOOP('',(#3895,#3896,#3897,#3898));
#576=EDGE_LOOP('',(#3899,#3900,#3901,#3902));
#577=EDGE_LOOP('',(#3903,#3904,#3905,#3906));
#578=EDGE_LOOP('',(#3907,#3908,#3909,#3910));
#579=EDGE_LOOP('',(#3911,#3912,#3913,#3914));
#580=EDGE_LOOP('',(#3915,#3916,#3917,#3918));
#581=EDGE_LOOP('',(#3919,#3920,#3921,#3922));
#582=EDGE_LOOP('',(#3923,#3924,#3925,#3926));
#583=EDGE_LOOP('',(#3927,#3928,#3929,#3930));
#584=EDGE_LOOP('',(#3931,#3932,#3933,#3934));
#585=EDGE_LOOP('',(#3935,#3936,#3937,#3938));
#586=EDGE_LOOP('',(#3939,#3940,#3941,#3942));
#587=EDGE_LOOP('',(#3943,#3944,#3945,#3946));
#588=EDGE_LOOP('',(#3947,#3948,#3949,#3950));
#589=EDGE_LOOP('',(#3951,#3952,#3953,#3954));
#590=EDGE_LOOP('',(#3955,#3956,#3957,#3958));
#591=EDGE_LOOP('',(#3959,#3960,#3961,#3962));
#592=EDGE_LOOP('',(#3963,#3964,#3965,#3966));
#593=EDGE_LOOP('',(#3967,#3968,#3969,#3970));
#594=EDGE_LOOP('',(#3971,#3972,#3973,#3974));
#595=EDGE_LOOP('',(#3975,#3976,#3977,#3978));
#596=EDGE_LOOP('',(#3979,#3980,#3981,#3982));
#597=EDGE_LOOP('',(#3983,#3984,#3985,#3986));
#598=EDGE_LOOP('',(#3987,#3988,#3989,#3990));
#599=EDGE_LOOP('',(#3991,#3992,#3993,#3994));
#600=EDGE_LOOP('',(#3995,#3996,#3997,#3998));
#601=EDGE_LOOP('',(#3999,#4000,#4001,#4002));
#602=EDGE_LOOP('',(#4003,#4004,#4005,#4006));
#603=EDGE_LOOP('',(#4007,#4008,#4009,#4010));
#604=EDGE_LOOP('',(#4011,#4012,#4013,#4014));
#605=EDGE_LOOP('',(#4015,#4016,#4017,#4018));
#606=EDGE_LOOP('',(#4019,#4020,#4021,#4022));
#607=EDGE_LOOP('',(#4023,#4024,#4025,#4026));
#608=EDGE_LOOP('',(#4027,#4028,#4029,#4030));
#609=EDGE_LOOP('',(#4031,#4032,#4033,#4034));
#610=EDGE_LOOP('',(#4035,#4036,#4037,#4038));
#611=EDGE_LOOP('',(#4039,#4040,#4041,#4042));
#612=EDGE_LOOP('',(#4043,#4044,#4045,#4046));
#613=EDGE_LOOP('',(#4047,#4048,#4049,#4050));
#614=EDGE_LOOP('',(#4051,#4052,#4053,#4054));
#615=EDGE_LOOP('',(#4055,#4056,#4057,#4058));
#616=EDGE_LOOP('',(#4059,#4060,#4061,#4062));
#617=EDGE_LOOP('',(#4063,#4064,#4065,#4066));
#618=EDGE_LOOP('',(#4067,#4068,#4069,#4070));
#619=EDGE_LOOP('',(#4071,#4072,#4073,#4074));
#620=EDGE_LOOP('',(#4075,#4076,#4077,#4078));
#621=EDGE_LOOP('',(#4079,#4080,#4081,#4082));
#622=EDGE_LOOP('',(#4083,#4084,#4085,#4086));
#623=EDGE_LOOP('',(#4087,#4088,#4089,#4090));
#624=EDGE_LOOP('',(#4091,#4092,#4093,#4094));
#625=EDGE_LOOP('',(#4095,#4096,#4097,#4098));
#626=EDGE_LOOP('',(#4099,#4100,#4101,#4102));
#627=EDGE_LOOP('',(#4103,#4104,#4105,#4106));
#628=EDGE_LOOP('',(#4107,#4108,#4109,#4110));
#629=EDGE_LOOP('',(#4111,#4112,#4113,#4114));
#630=EDGE_LOOP('',(#4115,#4116,#4117,#4118));
#631=EDGE_LOOP('',(#4119,#4120,#4121,#4122));
#632=EDGE_LOOP('',(#4123,#4124,#4125,#4126));
#633=EDGE_LOOP('',(#4127,#4128,#4129,#4130));
#634=EDGE_LOOP('',(#4131,#4132,#4133,#4134));
#635=EDGE_LOOP('',(#4135,#4136,#4137,#4138));
#636=EDGE_LOOP('',(#4139,#4140,#4141,#4142));
#637=EDGE_LOOP('',(#4143,#4144,#4145,#4146));
#638=EDGE_LOOP('',(#4147,#4148,#4149,#4150));
#639=EDGE_LOOP('',(#4151,#4152,#4153,#4154));
#640=EDGE_LOOP('',(#4155,#4156,#4157,#4158));
#641=EDGE_LOOP('',(#4159,#4160,#4161,#4162));
#642=EDGE_LOOP('',(#4163,#4164,#4165,#4166));
#643=EDGE_LOOP('',(#4167,#4168,#4169,#4170));
#644=EDGE_LOOP('',(#4171,#4172,#4173,#4174));
#645=EDGE_LOOP('',(#4175,#4176,#4177,#4178));
#646=EDGE_LOOP('',(#4179,#4180,#4181,#4182));
#647=EDGE_LOOP('',(#4183,#4184,#4185,#4186));
#648=EDGE_LOOP('',(#4187,#4188,#4189,#4190));
#649=EDGE_LOOP('',(#4191,#4192,#4193,#4194));
#650=EDGE_LOOP('',(#4195,#4196,#4197,#4198));
#651=EDGE_LOOP('',(#4199,#4200,#4201,#4202));
#652=EDGE_LOOP('',(#4203,#4204,#4205,#4206));
#653=EDGE_LOOP('',(#4207,#4208,#4209,#4210));
#654=EDGE_LOOP('',(#4211,#4212,#4213,#4214));
#655=EDGE_LOOP('',(#4215,#4216,#4217,#4218));
#656=EDGE_LOOP('',(#4219,#4220,#4221,#4222));
#657=EDGE_LOOP('',(#4223,#4224,#4225,#4226));
#658=EDGE_LOOP('',(#4227,#4228,#4229,#4230));
#659=EDGE_LOOP('',(#4231,#4232,#4233,#4234));
#660=EDGE_LOOP('',(#4235,#4236,#4237,#4238));
#661=EDGE_LOOP('',(#4239,#4240,#4241,#4242,#4243,#4244,#4245,#4246,#4247,
#4248,#4249,#4250,#4251,#4252,#4253,#4254,#4255,#4256,#4257,#4258,#4259,
#4260,#4261,#4262,#4263,#4264,#4265,#4266,#4267,#4268,#4269,#4270,#4271,
#4272,#4273,#4274,#4275,#4276,#4277,#4278,#4279,#4280,#4281,#4282,#4283,
#4284,#4285,#4286,#4287,#4288,#4289,#4290,#4291,#4292,#4293,#4294,#4295,
#4296,#4297,#4298,#4299,#4300,#4301,#4302,#4303,#4304,#4305,#4306,#4307,
#4308,#4309,#4310,#4311,#4312,#4313));
#662=EDGE_LOOP('',(#4314,#4315,#4316,#4317,#4318,#4319));
#663=EDGE_LOOP('',(#4320,#4321,#4322,#4323,#4324,#4325));
#664=EDGE_LOOP('',(#4326,#4327,#4328,#4329,#4330,#4331));
#665=EDGE_LOOP('',(#4332,#4333,#4334,#4335,#4336,#4337));
#666=EDGE_LOOP('',(#4338,#4339,#4340,#4341,#4342,#4343));
#667=EDGE_LOOP('',(#4344,#4345,#4346,#4347,#4348,#4349));
#668=EDGE_LOOP('',(#4350,#4351,#4352,#4353,#4354,#4355));
#669=EDGE_LOOP('',(#4356,#4357,#4358,#4359,#4360,#4361));
#670=EDGE_LOOP('',(#4362,#4363,#4364,#4365,#4366,#4367));
#671=EDGE_LOOP('',(#4368,#4369,#4370,#4371,#4372,#4373));
#672=EDGE_LOOP('',(#4374,#4375,#4376,#4377,#4378,#4379));
#673=EDGE_LOOP('',(#4380,#4381,#4382,#4383,#4384,#4385));
#674=EDGE_LOOP('',(#4386,#4387,#4388,#4389,#4390,#4391));
#675=EDGE_LOOP('',(#4392,#4393,#4394,#4395,#4396,#4397));
#676=EDGE_LOOP('',(#4398,#4399,#4400,#4401,#4402,#4403));
#677=EDGE_LOOP('',(#4404,#4405));
#678=EDGE_LOOP('',(#4406));
#679=LINE('',#6312,#1295);
#680=LINE('',#6314,#1296);
#681=LINE('',#6316,#1297);
#682=LINE('',#6318,#1298);
#683=LINE('',#6319,#1299);
#684=LINE('',#6322,#1300);
#685=LINE('',#6324,#1301);
#686=LINE('',#6325,#1302);
#687=LINE('',#6328,#1303);
#688=LINE('',#6330,#1304);
#689=LINE('',#6332,#1305);
#690=LINE('',#6333,#1306);
#691=LINE('',#6336,#1307);
#692=LINE('',#6338,#1308);
#693=LINE('',#6339,#1309);
#694=LINE('',#6342,#1310);
#695=LINE('',#6344,#1311);
#696=LINE('',#6346,#1312);
#697=LINE('',#6348,#1313);
#698=LINE('',#6350,#1314);
#699=LINE('',#6352,#1315);
#700=LINE('',#6354,#1316);
#701=LINE('',#6356,#1317);
#702=LINE('',#6358,#1318);
#703=LINE('',#6360,#1319);
#704=LINE('',#6362,#1320);
#705=LINE('',#6363,#1321);
#706=LINE('',#6366,#1322);
#707=LINE('',#6368,#1323);
#708=LINE('',#6370,#1324);
#709=LINE('',#6372,#1325);
#710=LINE('',#6376,#1326);
#711=LINE('',#6378,#1327);
#712=LINE('',#6380,#1328);
#713=LINE('',#6382,#1329);
#714=LINE('',#6406,#1330);
#715=LINE('',#6407,#1331);
#716=LINE('',#6410,#1332);
#717=LINE('',#6412,#1333);
#718=LINE('',#6413,#1334);
#719=LINE('',#6416,#1335);
#720=LINE('',#6418,#1336);
#721=LINE('',#6420,#1337);
#722=LINE('',#6422,#1338);
#723=LINE('',#6424,#1339);
#724=LINE('',#6426,#1340);
#725=LINE('',#6428,#1341);
#726=LINE('',#6430,#1342);
#727=LINE('',#6432,#1343);
#728=LINE('',#6434,#1344);
#729=LINE('',#6436,#1345);
#730=LINE('',#6438,#1346);
#731=LINE('',#6440,#1347);
#732=LINE('',#6442,#1348);
#733=LINE('',#6443,#1349);
#734=LINE('',#6470,#1350);
#735=LINE('',#6472,#1351);
#736=LINE('',#6474,#1352);
#737=LINE('',#6476,#1353);
#738=LINE('',#6478,#1354);
#739=LINE('',#6479,#1355);
#740=LINE('',#6482,#1356);
#741=LINE('',#6484,#1357);
#742=LINE('',#6486,#1358);
#743=LINE('',#6488,#1359);
#744=LINE('',#6490,#1360);
#745=LINE('',#6491,#1361);
#746=LINE('',#6494,#1362);
#747=LINE('',#6496,#1363);
#748=LINE('',#6498,#1364);
#749=LINE('',#6500,#1365);
#750=LINE('',#6502,#1366);
#751=LINE('',#6503,#1367);
#752=LINE('',#6506,#1368);
#753=LINE('',#6508,#1369);
#754=LINE('',#6510,#1370);
#755=LINE('',#6512,#1371);
#756=LINE('',#6514,#1372);
#757=LINE('',#6515,#1373);
#758=LINE('',#6518,#1374);
#759=LINE('',#6520,#1375);
#760=LINE('',#6522,#1376);
#761=LINE('',#6526,#1377);
#762=LINE('',#6530,#1378);
#763=LINE('',#6531,#1379);
#764=LINE('',#6534,#1380);
#765=LINE('',#6536,#1381);
#766=LINE('',#6538,#1382);
#767=LINE('',#6542,#1383);
#768=LINE('',#6543,#1384);
#769=LINE('',#6548,#1385);
#770=LINE('',#6550,#1386);
#771=LINE('',#6551,#1387);
#772=LINE('',#6554,#1388);
#773=LINE('',#6558,#1389);
#774=LINE('',#6559,#1390);
#775=LINE('',#6564,#1391);
#776=LINE('',#6566,#1392);
#777=LINE('',#6567,#1393);
#778=LINE('',#6570,#1394);
#779=LINE('',#6572,#1395);
#780=LINE('',#6574,#1396);
#781=LINE('',#6576,#1397);
#782=LINE('',#6578,#1398);
#783=LINE('',#6579,#1399);
#784=LINE('',#6582,#1400);
#785=LINE('',#6584,#1401);
#786=LINE('',#6586,#1402);
#787=LINE('',#6590,#1403);
#788=LINE('',#6594,#1404);
#789=LINE('',#6595,#1405);
#790=LINE('',#6598,#1406);
#791=LINE('',#6600,#1407);
#792=LINE('',#6602,#1408);
#793=LINE('',#6604,#1409);
#794=LINE('',#6606,#1410);
#795=LINE('',#6607,#1411);
#796=LINE('',#6610,#1412);
#797=LINE('',#6612,#1413);
#798=LINE('',#6614,#1414);
#799=LINE('',#6616,#1415);
#800=LINE('',#6618,#1416);
#801=LINE('',#6619,#1417);
#802=LINE('',#6622,#1418);
#803=LINE('',#6624,#1419);
#804=LINE('',#6626,#1420);
#805=LINE('',#6628,#1421);
#806=LINE('',#6630,#1422);
#807=LINE('',#6631,#1423);
#808=LINE('',#6634,#1424);
#809=LINE('',#6636,#1425);
#810=LINE('',#6638,#1426);
#811=LINE('',#6640,#1427);
#812=LINE('',#6642,#1428);
#813=LINE('',#6643,#1429);
#814=LINE('',#6646,#1430);
#815=LINE('',#6648,#1431);
#816=LINE('',#6650,#1432);
#817=LINE('',#6652,#1433);
#818=LINE('',#6654,#1434);
#819=LINE('',#6655,#1435);
#820=LINE('',#6658,#1436);
#821=LINE('',#6660,#1437);
#822=LINE('',#6662,#1438);
#823=LINE('',#6664,#1439);
#824=LINE('',#6666,#1440);
#825=LINE('',#6667,#1441);
#826=LINE('',#6670,#1442);
#827=LINE('',#6674,#1443);
#828=LINE('',#6676,#1444);
#829=LINE('',#6678,#1445);
#830=LINE('',#6680,#1446);
#831=LINE('',#6681,#1447);
#832=LINE('',#6684,#1448);
#833=LINE('',#6686,#1449);
#834=LINE('',#6688,#1450);
#835=LINE('',#6692,#1451);
#836=LINE('',#6696,#1452);
#837=LINE('',#6697,#1453);
#838=LINE('',#6700,#1454);
#839=LINE('',#6702,#1455);
#840=LINE('',#6704,#1456);
#841=LINE('',#6706,#1457);
#842=LINE('',#6708,#1458);
#843=LINE('',#6712,#1459);
#844=LINE('',#6714,#1460);
#845=LINE('',#6716,#1461);
#846=LINE('',#6718,#1462);
#847=LINE('',#6720,#1463);
#848=LINE('',#6721,#1464);
#849=LINE('',#6724,#1465);
#850=LINE('',#6728,#1466);
#851=LINE('',#6729,#1467);
#852=LINE('',#6732,#1468);
#853=LINE('',#6736,#1469);
#854=LINE('',#6737,#1470);
#855=LINE('',#6740,#1471);
#856=LINE('',#6742,#1472);
#857=LINE('',#6744,#1473);
#858=LINE('',#6748,#1474);
#859=LINE('',#6750,#1475);
#860=LINE('',#6751,#1476);
#861=LINE('',#6754,#1477);
#862=LINE('',#6758,#1478);
#863=LINE('',#6759,#1479);
#864=LINE('',#6762,#1480);
#865=LINE('',#6764,#1481);
#866=LINE('',#6766,#1482);
#867=LINE('',#6768,#1483);
#868=LINE('',#6770,#1484);
#869=LINE('',#6771,#1485);
#870=LINE('',#6774,#1486);
#871=LINE('',#6776,#1487);
#872=LINE('',#6778,#1488);
#873=LINE('',#6780,#1489);
#874=LINE('',#6782,#1490);
#875=LINE('',#6783,#1491);
#876=LINE('',#6786,#1492);
#877=LINE('',#6788,#1493);
#878=LINE('',#6790,#1494);
#879=LINE('',#6792,#1495);
#880=LINE('',#6794,#1496);
#881=LINE('',#6795,#1497);
#882=LINE('',#6797,#1498);
#883=LINE('',#6798,#1499);
#884=LINE('',#6803,#1500);
#885=LINE('',#6805,#1501);
#886=LINE('',#6807,#1502);
#887=LINE('',#6808,#1503);
#888=LINE('',#6811,#1504);
#889=LINE('',#6813,#1505);
#890=LINE('',#6814,#1506);
#891=LINE('',#6816,#1507);
#892=LINE('',#6818,#1508);
#893=LINE('',#6819,#1509);
#894=LINE('',#6826,#1510);
#895=LINE('',#6828,#1511);
#896=LINE('',#6829,#1512);
#897=LINE('',#6832,#1513);
#898=LINE('',#6838,#1514);
#899=LINE('',#6842,#1515);
#900=LINE('',#6845,#1516);
#901=LINE('',#6846,#1517);
#902=LINE('',#6848,#1518);
#903=LINE('',#6855,#1519);
#904=LINE('',#6857,#1520);
#905=LINE('',#6858,#1521);
#906=LINE('',#6861,#1522);
#907=LINE('',#6862,#1523);
#908=LINE('',#6868,#1524);
#909=LINE('',#6869,#1525);
#910=LINE('',#6871,#1526);
#911=LINE('',#6883,#1527);
#912=LINE('',#6884,#1528);
#913=LINE('',#6885,#1529);
#914=LINE('',#6888,#1530);
#915=LINE('',#6889,#1531);
#916=LINE('',#6892,#1532);
#917=LINE('',#6893,#1533);
#918=LINE('',#6894,#1534);
#919=LINE('',#6896,#1535);
#920=LINE('',#6898,#1536);
#921=LINE('',#6899,#1537);
#922=LINE('',#6902,#1538);
#923=LINE('',#6905,#1539);
#924=LINE('',#6906,#1540);
#925=LINE('',#6908,#1541);
#926=LINE('',#6911,#1542);
#927=LINE('',#6912,#1543);
#928=LINE('',#6915,#1544);
#929=LINE('',#6916,#1545);
#930=LINE('',#6918,#1546);
#931=LINE('',#6920,#1547);
#932=LINE('',#6921,#1548);
#933=LINE('',#6924,#1549);
#934=LINE('',#6926,#1550);
#935=LINE('',#6928,#1551);
#936=LINE('',#6931,#1552);
#937=LINE('',#6933,#1553);
#938=LINE('',#6935,#1554);
#939=LINE('',#6937,#1555);
#940=LINE('',#6941,#1556);
#941=LINE('',#6943,#1557);
#942=LINE('',#6945,#1558);
#943=LINE('',#6947,#1559);
#944=LINE('',#6949,#1560);
#945=LINE('',#6951,#1561);
#946=LINE('',#6953,#1562);
#947=LINE('',#6954,#1563);
#948=LINE('',#6956,#1564);
#949=LINE('',#6957,#1565);
#950=LINE('',#6959,#1566);
#951=LINE('',#6961,#1567);
#952=LINE('',#6963,#1568);
#953=LINE('',#6965,#1569);
#954=LINE('',#6967,#1570);
#955=LINE('',#6969,#1571);
#956=LINE('',#6970,#1572);
#957=LINE('',#6974,#1573);
#958=LINE('',#6976,#1574);
#959=LINE('',#6977,#1575);
#960=LINE('',#6979,#1576);
#961=LINE('',#6981,#1577);
#962=LINE('',#6982,#1578);
#963=LINE('',#6984,#1579);
#964=LINE('',#6986,#1580);
#965=LINE('',#6987,#1581);
#966=LINE('',#6989,#1582);
#967=LINE('',#6991,#1583);
#968=LINE('',#6993,#1584);
#969=LINE('',#6994,#1585);
#970=LINE('',#6996,#1586);
#971=LINE('',#7000,#1587);
#972=LINE('',#7001,#1588);
#973=LINE('',#7005,#1589);
#974=LINE('',#7008,#1590);
#975=LINE('',#7010,#1591);
#976=LINE('',#7012,#1592);
#977=LINE('',#7014,#1593);
#978=LINE('',#7016,#1594);
#979=LINE('',#7018,#1595);
#980=LINE('',#7020,#1596);
#981=LINE('',#7022,#1597);
#982=LINE('',#7025,#1598);
#983=LINE('',#7027,#1599);
#984=LINE('',#7028,#1600);
#985=LINE('',#7031,#1601);
#986=LINE('',#7032,#1602);
#987=LINE('',#7035,#1603);
#988=LINE('',#7036,#1604);
#989=LINE('',#7039,#1605);
#990=LINE('',#7040,#1606);
#991=LINE('',#7043,#1607);
#992=LINE('',#7044,#1608);
#993=LINE('',#7046,#1609);
#994=LINE('',#7049,#1610);
#995=LINE('',#7051,#1611);
#996=LINE('',#7052,#1612);
#997=LINE('',#7055,#1613);
#998=LINE('',#7056,#1614);
#999=LINE('',#7059,#1615);
#1000=LINE('',#7060,#1616);
#1001=LINE('',#7063,#1617);
#1002=LINE('',#7064,#1618);
#1003=LINE('',#7067,#1619);
#1004=LINE('',#7068,#1620);
#1005=LINE('',#7070,#1621);
#1006=LINE('',#7073,#1622);
#1007=LINE('',#7075,#1623);
#1008=LINE('',#7076,#1624);
#1009=LINE('',#7079,#1625);
#1010=LINE('',#7080,#1626);
#1011=LINE('',#7083,#1627);
#1012=LINE('',#7084,#1628);
#1013=LINE('',#7087,#1629);
#1014=LINE('',#7088,#1630);
#1015=LINE('',#7091,#1631);
#1016=LINE('',#7092,#1632);
#1017=LINE('',#7094,#1633);
#1018=LINE('',#7097,#1634);
#1019=LINE('',#7099,#1635);
#1020=LINE('',#7100,#1636);
#1021=LINE('',#7103,#1637);
#1022=LINE('',#7104,#1638);
#1023=LINE('',#7107,#1639);
#1024=LINE('',#7108,#1640);
#1025=LINE('',#7111,#1641);
#1026=LINE('',#7112,#1642);
#1027=LINE('',#7115,#1643);
#1028=LINE('',#7116,#1644);
#1029=LINE('',#7118,#1645);
#1030=LINE('',#7121,#1646);
#1031=LINE('',#7123,#1647);
#1032=LINE('',#7124,#1648);
#1033=LINE('',#7127,#1649);
#1034=LINE('',#7128,#1650);
#1035=LINE('',#7131,#1651);
#1036=LINE('',#7132,#1652);
#1037=LINE('',#7135,#1653);
#1038=LINE('',#7137,#1654);
#1039=LINE('',#7138,#1655);
#1040=LINE('',#7141,#1656);
#1041=LINE('',#7142,#1657);
#1042=LINE('',#7145,#1658);
#1043=LINE('',#7146,#1659);
#1044=LINE('',#7149,#1660);
#1045=LINE('',#7151,#1661);
#1046=LINE('',#7152,#1662);
#1047=LINE('',#7155,#1663);
#1048=LINE('',#7156,#1664);
#1049=LINE('',#7159,#1665);
#1050=LINE('',#7160,#1666);
#1051=LINE('',#7163,#1667);
#1052=LINE('',#7164,#1668);
#1053=LINE('',#7167,#1669);
#1054=LINE('',#7168,#1670);
#1055=LINE('',#7171,#1671);
#1056=LINE('',#7173,#1672);
#1057=LINE('',#7174,#1673);
#1058=LINE('',#7177,#1674);
#1059=LINE('',#7179,#1675);
#1060=LINE('',#7180,#1676);
#1061=LINE('',#7182,#1677);
#1062=LINE('',#7187,#1678);
#1063=LINE('',#7190,#1679);
#1064=LINE('',#7192,#1680);
#1065=LINE('',#7195,#1681);
#1066=LINE('',#7197,#1682);
#1067=LINE('',#7201,#1683);
#1068=LINE('',#7203,#1684);
#1069=LINE('',#7206,#1685);
#1070=LINE('',#7208,#1686);
#1071=LINE('',#7211,#1687);
#1072=LINE('',#7213,#1688);
#1073=LINE('',#7217,#1689);
#1074=LINE('',#7219,#1690);
#1075=LINE('',#7222,#1691);
#1076=LINE('',#7224,#1692);
#1077=LINE('',#7227,#1693);
#1078=LINE('',#7229,#1694);
#1079=LINE('',#7232,#1695);
#1080=LINE('',#7234,#1696);
#1081=LINE('',#7238,#1697);
#1082=LINE('',#7240,#1698);
#1083=LINE('',#7243,#1699);
#1084=LINE('',#7245,#1700);
#1085=LINE('',#7248,#1701);
#1086=LINE('',#7250,#1702);
#1087=LINE('',#7255,#1703);
#1088=LINE('',#7256,#1704);
#1089=LINE('',#7259,#1705);
#1090=LINE('',#7260,#1706);
#1091=LINE('',#7262,#1707);
#1092=LINE('',#7265,#1708);
#1093=LINE('',#7266,#1709);
#1094=LINE('',#7269,#1710);
#1095=LINE('',#7270,#1711);
#1096=LINE('',#7272,#1712);
#1097=LINE('',#7275,#1713);
#1098=LINE('',#7277,#1714);
#1099=LINE('',#7278,#1715);
#1100=LINE('',#7281,#1716);
#1101=LINE('',#7282,#1717);
#1102=LINE('',#7285,#1718);
#1103=LINE('',#7286,#1719);
#1104=LINE('',#7289,#1720);
#1105=LINE('',#7290,#1721);
#1106=LINE('',#7293,#1722);
#1107=LINE('',#7294,#1723);
#1108=LINE('',#7296,#1724);
#1109=LINE('',#7299,#1725);
#1110=LINE('',#7301,#1726);
#1111=LINE('',#7302,#1727);
#1112=LINE('',#7304,#1728);
#1113=LINE('',#7306,#1729);
#1114=LINE('',#7309,#1730);
#1115=LINE('',#7310,#1731);
#1116=LINE('',#7313,#1732);
#1117=LINE('',#7314,#1733);
#1118=LINE('',#7316,#1734);
#1119=LINE('',#7319,#1735);
#1120=LINE('',#7321,#1736);
#1121=LINE('',#7322,#1737);
#1122=LINE('',#7325,#1738);
#1123=LINE('',#7326,#1739);
#1124=LINE('',#7329,#1740);
#1125=LINE('',#7330,#1741);
#1126=LINE('',#7333,#1742);
#1127=LINE('',#7334,#1743);
#1128=LINE('',#7337,#1744);
#1129=LINE('',#7338,#1745);
#1130=LINE('',#7340,#1746);
#1131=LINE('',#7343,#1747);
#1132=LINE('',#7345,#1748);
#1133=LINE('',#7346,#1749);
#1134=LINE('',#7349,#1750);
#1135=LINE('',#7350,#1751);
#1136=LINE('',#7353,#1752);
#1137=LINE('',#7354,#1753);
#1138=LINE('',#7357,#1754);
#1139=LINE('',#7358,#1755);
#1140=LINE('',#7361,#1756);
#1141=LINE('',#7362,#1757);
#1142=LINE('',#7364,#1758);
#1143=LINE('',#7367,#1759);
#1144=LINE('',#7369,#1760);
#1145=LINE('',#7370,#1761);
#1146=LINE('',#7373,#1762);
#1147=LINE('',#7374,#1763);
#1148=LINE('',#7377,#1764);
#1149=LINE('',#7378,#1765);
#1150=LINE('',#7381,#1766);
#1151=LINE('',#7382,#1767);
#1152=LINE('',#7385,#1768);
#1153=LINE('',#7386,#1769);
#1154=LINE('',#7388,#1770);
#1155=LINE('',#7391,#1771);
#1156=LINE('',#7393,#1772);
#1157=LINE('',#7394,#1773);
#1158=LINE('',#7397,#1774);
#1159=LINE('',#7398,#1775);
#1160=LINE('',#7401,#1776);
#1161=LINE('',#7402,#1777);
#1162=LINE('',#7405,#1778);
#1163=LINE('',#7406,#1779);
#1164=LINE('',#7409,#1780);
#1165=LINE('',#7410,#1781);
#1166=LINE('',#7412,#1782);
#1167=LINE('',#7415,#1783);
#1168=LINE('',#7417,#1784);
#1169=LINE('',#7418,#1785);
#1170=LINE('',#7421,#1786);
#1171=LINE('',#7422,#1787);
#1172=LINE('',#7425,#1788);
#1173=LINE('',#7426,#1789);
#1174=LINE('',#7429,#1790);
#1175=LINE('',#7430,#1791);
#1176=LINE('',#7433,#1792);
#1177=LINE('',#7434,#1793);
#1178=LINE('',#7436,#1794);
#1179=LINE('',#7439,#1795);
#1180=LINE('',#7441,#1796);
#1181=LINE('',#7442,#1797);
#1182=LINE('',#7445,#1798);
#1183=LINE('',#7446,#1799);
#1184=LINE('',#7449,#1800);
#1185=LINE('',#7450,#1801);
#1186=LINE('',#7453,#1802);
#1187=LINE('',#7454,#1803);
#1188=LINE('',#7457,#1804);
#1189=LINE('',#7458,#1805);
#1190=LINE('',#7460,#1806);
#1191=LINE('',#7463,#1807);
#1192=LINE('',#7465,#1808);
#1193=LINE('',#7466,#1809);
#1194=LINE('',#7468,#1810);
#1195=LINE('',#7471,#1811);
#1196=LINE('',#7472,#1812);
#1197=LINE('',#7475,#1813);
#1198=LINE('',#7476,#1814);
#1199=LINE('',#7479,#1815);
#1200=LINE('',#7480,#1816);
#1201=LINE('',#7482,#1817);
#1202=LINE('',#7485,#1818);
#1203=LINE('',#7487,#1819);
#1204=LINE('',#7488,#1820);
#1205=LINE('',#7490,#1821);
#1206=LINE('',#7492,#1822);
#1207=LINE('',#7495,#1823);
#1208=LINE('',#7496,#1824);
#1209=LINE('',#7499,#1825);
#1210=LINE('',#7500,#1826);
#1211=LINE('',#7502,#1827);
#1212=LINE('',#7505,#1828);
#1213=LINE('',#7507,#1829);
#1214=LINE('',#7508,#1830);
#1215=LINE('',#7511,#1831);
#1216=LINE('',#7512,#1832);
#1217=LINE('',#7514,#1833);
#1218=LINE('',#7517,#1834);
#1219=LINE('',#7518,#1835);
#1220=LINE('',#7520,#1836);
#1221=LINE('',#7523,#1837);
#1222=LINE('',#7525,#1838);
#1223=LINE('',#7526,#1839);
#1224=LINE('',#7529,#1840);
#1225=LINE('',#7530,#1841);
#1226=LINE('',#7533,#1842);
#1227=LINE('',#7534,#1843);
#1228=LINE('',#7537,#1844);
#1229=LINE('',#7538,#1845);
#1230=LINE('',#7541,#1846);
#1231=LINE('',#7542,#1847);
#1232=LINE('',#7544,#1848);
#1233=LINE('',#7547,#1849);
#1234=LINE('',#7548,#1850);
#1235=LINE('',#7551,#1851);
#1236=LINE('',#7552,#1852);
#1237=LINE('',#7554,#1853);
#1238=LINE('',#7557,#1854);
#1239=LINE('',#7558,#1855);
#1240=LINE('',#7561,#1856);
#1241=LINE('',#7562,#1857);
#1242=LINE('',#7564,#1858);
#1243=LINE('',#7567,#1859);
#1244=LINE('',#7568,#1860);
#1245=LINE('',#7571,#1861);
#1246=LINE('',#7572,#1862);
#1247=LINE('',#7575,#1863);
#1248=LINE('',#7576,#1864);
#1249=LINE('',#7579,#1865);
#1250=LINE('',#7580,#1866);
#1251=LINE('',#7583,#1867);
#1252=LINE('',#7584,#1868);
#1253=LINE('',#7586,#1869);
#1254=LINE('',#7589,#1870);
#1255=LINE('',#7590,#1871);
#1256=LINE('',#7593,#1872);
#1257=LINE('',#7594,#1873);
#1258=LINE('',#7596,#1874);
#1259=LINE('',#7599,#1875);
#1260=LINE('',#7601,#1876);
#1261=LINE('',#7602,#1877);
#1262=LINE('',#7605,#1878);
#1263=LINE('',#7606,#1879);
#1264=LINE('',#7609,#1880);
#1265=LINE('',#7610,#1881);
#1266=LINE('',#7613,#1882);
#1267=LINE('',#7614,#1883);
#1268=LINE('',#7617,#1884);
#1269=LINE('',#7618,#1885);
#1270=LINE('',#7620,#1886);
#1271=LINE('',#7623,#1887);
#1272=LINE('',#7625,#1888);
#1273=LINE('',#7626,#1889);
#1274=LINE('',#7629,#1890);
#1275=LINE('',#7630,#1891);
#1276=LINE('',#7633,#1892);
#1277=LINE('',#7634,#1893);
#1278=LINE('',#7637,#1894);
#1279=LINE('',#7638,#1895);
#1280=LINE('',#7641,#1896);
#1281=LINE('',#7642,#1897);
#1282=LINE('',#7644,#1898);
#1283=LINE('',#7647,#1899);
#1284=LINE('',#7649,#1900);
#1285=LINE('',#7650,#1901);
#1286=LINE('',#7653,#1902);
#1287=LINE('',#7654,#1903);
#1288=LINE('',#7657,#1904);
#1289=LINE('',#7658,#1905);
#1290=LINE('',#7661,#1906);
#1291=LINE('',#7662,#1907);
#1292=LINE('',#7665,#1908);
#1293=LINE('',#7666,#1909);
#1294=LINE('',#7668,#1910);
#1295=VECTOR('',#5132,10.);
#1296=VECTOR('',#5133,10.);
#1297=VECTOR('',#5134,10.);
#1298=VECTOR('',#5135,10.);
#1299=VECTOR('',#5136,10.);
#1300=VECTOR('',#5139,10.);
#1301=VECTOR('',#5140,10.);
#1302=VECTOR('',#5141,10.);
#1303=VECTOR('',#5144,10.);
#1304=VECTOR('',#5145,10.);
#1305=VECTOR('',#5146,10.);
#1306=VECTOR('',#5147,10.);
#1307=VECTOR('',#5150,10.);
#1308=VECTOR('',#5151,10.);
#1309=VECTOR('',#5152,10.);
#1310=VECTOR('',#5155,10.);
#1311=VECTOR('',#5156,10.);
#1312=VECTOR('',#5157,10.);
#1313=VECTOR('',#5158,10.);
#1314=VECTOR('',#5159,10.);
#1315=VECTOR('',#5160,10.);
#1316=VECTOR('',#5161,10.);
#1317=VECTOR('',#5162,10.);
#1318=VECTOR('',#5163,10.);
#1319=VECTOR('',#5164,10.);
#1320=VECTOR('',#5165,10.);
#1321=VECTOR('',#5166,10.);
#1322=VECTOR('',#5167,10.);
#1323=VECTOR('',#5168,10.);
#1324=VECTOR('',#5169,10.);
#1325=VECTOR('',#5170,10.);
#1326=VECTOR('',#5173,10.);
#1327=VECTOR('',#5174,10.);
#1328=VECTOR('',#5175,10.);
#1329=VECTOR('',#5176,10.);
#1330=VECTOR('',#5201,10.);
#1331=VECTOR('',#5202,10.);
#1332=VECTOR('',#5205,10.);
#1333=VECTOR('',#5206,10.);
#1334=VECTOR('',#5207,10.);
#1335=VECTOR('',#5210,10.);
#1336=VECTOR('',#5211,10.);
#1337=VECTOR('',#5212,10.);
#1338=VECTOR('',#5213,10.);
#1339=VECTOR('',#5214,10.);
#1340=VECTOR('',#5215,10.);
#1341=VECTOR('',#5216,10.);
#1342=VECTOR('',#5217,10.);
#1343=VECTOR('',#5218,10.);
#1344=VECTOR('',#5219,10.);
#1345=VECTOR('',#5220,10.);
#1346=VECTOR('',#5221,10.);
#1347=VECTOR('',#5222,10.);
#1348=VECTOR('',#5223,10.);
#1349=VECTOR('',#5224,10.);
#1350=VECTOR('',#5249,10.);
#1351=VECTOR('',#5250,10.);
#1352=VECTOR('',#5251,10.);
#1353=VECTOR('',#5252,10.);
#1354=VECTOR('',#5253,10.);
#1355=VECTOR('',#5254,10.);
#1356=VECTOR('',#5255,10.);
#1357=VECTOR('',#5256,10.);
#1358=VECTOR('',#5257,10.);
#1359=VECTOR('',#5258,10.);
#1360=VECTOR('',#5259,10.);
#1361=VECTOR('',#5260,10.);
#1362=VECTOR('',#5261,10.);
#1363=VECTOR('',#5262,10.);
#1364=VECTOR('',#5263,10.);
#1365=VECTOR('',#5264,10.);
#1366=VECTOR('',#5265,10.);
#1367=VECTOR('',#5266,10.);
#1368=VECTOR('',#5267,10.);
#1369=VECTOR('',#5268,10.);
#1370=VECTOR('',#5269,10.);
#1371=VECTOR('',#5270,10.);
#1372=VECTOR('',#5271,10.);
#1373=VECTOR('',#5272,10.);
#1374=VECTOR('',#5273,10.);
#1375=VECTOR('',#5274,10.);
#1376=VECTOR('',#5275,10.);
#1377=VECTOR('',#5278,10.);
#1378=VECTOR('',#5281,10.);
#1379=VECTOR('',#5282,10.);
#1380=VECTOR('',#5283,10.);
#1381=VECTOR('',#5284,10.);
#1382=VECTOR('',#5285,10.);
#1383=VECTOR('',#5288,10.);
#1384=VECTOR('',#5289,10.);
#1385=VECTOR('',#5292,10.);
#1386=VECTOR('',#5293,10.);
#1387=VECTOR('',#5294,10.);
#1388=VECTOR('',#5295,10.);
#1389=VECTOR('',#5298,10.);
#1390=VECTOR('',#5299,10.);
#1391=VECTOR('',#5302,10.);
#1392=VECTOR('',#5303,10.);
#1393=VECTOR('',#5304,10.);
#1394=VECTOR('',#5305,10.);
#1395=VECTOR('',#5306,10.);
#1396=VECTOR('',#5307,10.);
#1397=VECTOR('',#5308,10.);
#1398=VECTOR('',#5309,10.);
#1399=VECTOR('',#5310,10.);
#1400=VECTOR('',#5311,10.);
#1401=VECTOR('',#5312,10.);
#1402=VECTOR('',#5313,10.);
#1403=VECTOR('',#5316,10.);
#1404=VECTOR('',#5319,10.);
#1405=VECTOR('',#5320,10.);
#1406=VECTOR('',#5321,10.);
#1407=VECTOR('',#5322,10.);
#1408=VECTOR('',#5323,10.);
#1409=VECTOR('',#5324,10.);
#1410=VECTOR('',#5325,10.);
#1411=VECTOR('',#5326,10.);
#1412=VECTOR('',#5327,10.);
#1413=VECTOR('',#5328,10.);
#1414=VECTOR('',#5329,10.);
#1415=VECTOR('',#5330,10.);
#1416=VECTOR('',#5331,10.);
#1417=VECTOR('',#5332,10.);
#1418=VECTOR('',#5333,10.);
#1419=VECTOR('',#5334,10.);
#1420=VECTOR('',#5335,10.);
#1421=VECTOR('',#5336,10.);
#1422=VECTOR('',#5337,10.);
#1423=VECTOR('',#5338,10.);
#1424=VECTOR('',#5339,10.);
#1425=VECTOR('',#5340,10.);
#1426=VECTOR('',#5341,10.);
#1427=VECTOR('',#5342,10.);
#1428=VECTOR('',#5343,10.);
#1429=VECTOR('',#5344,10.);
#1430=VECTOR('',#5345,10.);
#1431=VECTOR('',#5346,10.);
#1432=VECTOR('',#5347,10.);
#1433=VECTOR('',#5348,10.);
#1434=VECTOR('',#5349,10.);
#1435=VECTOR('',#5350,10.);
#1436=VECTOR('',#5351,10.);
#1437=VECTOR('',#5352,10.);
#1438=VECTOR('',#5353,10.);
#1439=VECTOR('',#5354,10.);
#1440=VECTOR('',#5355,10.);
#1441=VECTOR('',#5356,10.);
#1442=VECTOR('',#5357,10.);
#1443=VECTOR('',#5360,10.);
#1444=VECTOR('',#5361,10.);
#1445=VECTOR('',#5362,10.);
#1446=VECTOR('',#5363,10.);
#1447=VECTOR('',#5364,10.);
#1448=VECTOR('',#5365,10.);
#1449=VECTOR('',#5366,10.);
#1450=VECTOR('',#5367,10.);
#1451=VECTOR('',#5370,10.);
#1452=VECTOR('',#5373,10.);
#1453=VECTOR('',#5374,10.);
#1454=VECTOR('',#5375,10.);
#1455=VECTOR('',#5376,10.);
#1456=VECTOR('',#5377,10.);
#1457=VECTOR('',#5378,10.);
#1458=VECTOR('',#5379,10.);
#1459=VECTOR('',#5382,10.);
#1460=VECTOR('',#5383,10.);
#1461=VECTOR('',#5384,10.);
#1462=VECTOR('',#5385,10.);
#1463=VECTOR('',#5386,10.);
#1464=VECTOR('',#5387,10.);
#1465=VECTOR('',#5388,10.);
#1466=VECTOR('',#5391,10.);
#1467=VECTOR('',#5392,10.);
#1468=VECTOR('',#5393,10.);
#1469=VECTOR('',#5396,10.);
#1470=VECTOR('',#5397,10.);
#1471=VECTOR('',#5398,10.);
#1472=VECTOR('',#5399,10.);
#1473=VECTOR('',#5400,10.);
#1474=VECTOR('',#5403,10.);
#1475=VECTOR('',#5404,10.);
#1476=VECTOR('',#5405,10.);
#1477=VECTOR('',#5406,10.);
#1478=VECTOR('',#5409,10.);
#1479=VECTOR('',#5410,10.);
#1480=VECTOR('',#5411,10.);
#1481=VECTOR('',#5412,10.);
#1482=VECTOR('',#5413,10.);
#1483=VECTOR('',#5414,10.);
#1484=VECTOR('',#5415,10.);
#1485=VECTOR('',#5416,10.);
#1486=VECTOR('',#5417,10.);
#1487=VECTOR('',#5418,10.);
#1488=VECTOR('',#5419,10.);
#1489=VECTOR('',#5420,10.);
#1490=VECTOR('',#5421,10.);
#1491=VECTOR('',#5422,10.);
#1492=VECTOR('',#5423,10.);
#1493=VECTOR('',#5424,10.);
#1494=VECTOR('',#5425,10.);
#1495=VECTOR('',#5426,10.);
#1496=VECTOR('',#5427,10.);
#1497=VECTOR('',#5428,10.);
#1498=VECTOR('',#5431,10.);
#1499=VECTOR('',#5432,10.);
#1500=VECTOR('',#5437,10.);
#1501=VECTOR('',#5438,10.);
#1502=VECTOR('',#5439,10.);
#1503=VECTOR('',#5440,10.);
#1504=VECTOR('',#5443,10.);
#1505=VECTOR('',#5444,10.);
#1506=VECTOR('',#5445,10.);
#1507=VECTOR('',#5446,10.);
#1508=VECTOR('',#5447,10.);
#1509=VECTOR('',#5448,10.);
#1510=VECTOR('',#5451,10.);
#1511=VECTOR('',#5452,10.);
#1512=VECTOR('',#5453,10.);
#1513=VECTOR('',#5456,10.);
#1514=VECTOR('',#5457,10.);
#1515=VECTOR('',#5458,10.);
#1516=VECTOR('',#5461,10.);
#1517=VECTOR('',#5462,10.);
#1518=VECTOR('',#5465,10.);
#1519=VECTOR('',#5468,10.);
#1520=VECTOR('',#5469,10.);
#1521=VECTOR('',#5470,10.);
#1522=VECTOR('',#5473,10.);
#1523=VECTOR('',#5474,10.);
#1524=VECTOR('',#5477,10.);
#1525=VECTOR('',#5478,10.);
#1526=VECTOR('',#5481,10.);
#1527=VECTOR('',#5496,10.);
#1528=VECTOR('',#5497,10.);
#1529=VECTOR('',#5498,10.);
#1530=VECTOR('',#5501,10.);
#1531=VECTOR('',#5502,10.);
#1532=VECTOR('',#5505,10.);
#1533=VECTOR('',#5506,10.);
#1534=VECTOR('',#5507,10.);
#1535=VECTOR('',#5510,10.);
#1536=VECTOR('',#5511,10.);
#1537=VECTOR('',#5512,10.);
#1538=VECTOR('',#5517,10.);
#1539=VECTOR('',#5520,10.);
#1540=VECTOR('',#5521,10.);
#1541=VECTOR('',#5524,10.);
#1542=VECTOR('',#5527,10.);
#1543=VECTOR('',#5528,10.);
#1544=VECTOR('',#5531,10.);
#1545=VECTOR('',#5532,10.);
#1546=VECTOR('',#5535,10.);
#1547=VECTOR('',#5538,10.);
#1548=VECTOR('',#5539,10.);
#1549=VECTOR('',#5544,10.);
#1550=VECTOR('',#5547,10.);
#1551=VECTOR('',#5550,10.);
#1552=VECTOR('',#5555,1.6);
#1553=VECTOR('',#5558,1.6);
#1554=VECTOR('',#5561,1.6);
#1555=VECTOR('',#5564,1.6);
#1556=VECTOR('',#5567,10.);
#1557=VECTOR('',#5568,10.);
#1558=VECTOR('',#5569,10.);
#1559=VECTOR('',#5570,10.);
#1560=VECTOR('',#5571,10.);
#1561=VECTOR('',#5572,10.);
#1562=VECTOR('',#5573,10.);
#1563=VECTOR('',#5574,10.);
#1564=VECTOR('',#5575,10.);
#1565=VECTOR('',#5576,10.);
#1566=VECTOR('',#5579,10.);
#1567=VECTOR('',#5582,10.);
#1568=VECTOR('',#5585,10.);
#1569=VECTOR('',#5588,10.);
#1570=VECTOR('',#5589,10.);
#1571=VECTOR('',#5590,10.);
#1572=VECTOR('',#5591,10.);
#1573=VECTOR('',#5594,10.);
#1574=VECTOR('',#5595,10.);
#1575=VECTOR('',#5596,10.);
#1576=VECTOR('',#5597,10.);
#1577=VECTOR('',#5598,10.);
#1578=VECTOR('',#5599,10.);
#1579=VECTOR('',#5600,10.);
#1580=VECTOR('',#5601,10.);
#1581=VECTOR('',#5602,10.);
#1582=VECTOR('',#5605,10.);
#1583=VECTOR('',#5608,10.);
#1584=VECTOR('',#5611,10.);
#1585=VECTOR('',#5612,10.);
#1586=VECTOR('',#5615,10.);
#1587=VECTOR('',#5622,10.);
#1588=VECTOR('',#5623,10.);
#1589=VECTOR('',#5630,10.);
#1590=VECTOR('',#5635,1.59999999999998);
#1591=VECTOR('',#5638,1.6);
#1592=VECTOR('',#5641,1.6);
#1593=VECTOR('',#5644,1.6);
#1594=VECTOR('',#5647,1.6);
#1595=VECTOR('',#5650,1.59999999999997);
#1596=VECTOR('',#5653,1.6);
#1597=VECTOR('',#5656,1.6);
#1598=VECTOR('',#5659,10.);
#1599=VECTOR('',#5660,10.);
#1600=VECTOR('',#5661,10.);
#1601=VECTOR('',#5664,10.);
#1602=VECTOR('',#5665,10.);
#1603=VECTOR('',#5668,10.);
#1604=VECTOR('',#5669,10.);
#1605=VECTOR('',#5672,10.);
#1606=VECTOR('',#5673,10.);
#1607=VECTOR('',#5676,10.);
#1608=VECTOR('',#5677,10.);
#1609=VECTOR('',#5680,10.);
#1610=VECTOR('',#5683,10.);
#1611=VECTOR('',#5684,10.);
#1612=VECTOR('',#5685,10.);
#1613=VECTOR('',#5688,10.);
#1614=VECTOR('',#5689,10.);
#1615=VECTOR('',#5692,10.);
#1616=VECTOR('',#5693,10.);
#1617=VECTOR('',#5696,10.);
#1618=VECTOR('',#5697,10.);
#1619=VECTOR('',#5700,10.);
#1620=VECTOR('',#5701,10.);
#1621=VECTOR('',#5704,10.);
#1622=VECTOR('',#5707,10.);
#1623=VECTOR('',#5708,10.);
#1624=VECTOR('',#5709,10.);
#1625=VECTOR('',#5712,10.);
#1626=VECTOR('',#5713,10.);
#1627=VECTOR('',#5716,10.);
#1628=VECTOR('',#5717,10.);
#1629=VECTOR('',#5720,10.);
#1630=VECTOR('',#5721,10.);
#1631=VECTOR('',#5724,10.);
#1632=VECTOR('',#5725,10.);
#1633=VECTOR('',#5728,10.);
#1634=VECTOR('',#5731,10.);
#1635=VECTOR('',#5732,10.);
#1636=VECTOR('',#5733,10.);
#1637=VECTOR('',#5736,10.);
#1638=VECTOR('',#5737,10.);
#1639=VECTOR('',#5740,10.);
#1640=VECTOR('',#5741,10.);
#1641=VECTOR('',#5744,10.);
#1642=VECTOR('',#5745,10.);
#1643=VECTOR('',#5748,10.);
#1644=VECTOR('',#5749,10.);
#1645=VECTOR('',#5752,10.);
#1646=VECTOR('',#5755,10.);
#1647=VECTOR('',#5756,10.);
#1648=VECTOR('',#5757,10.);
#1649=VECTOR('',#5760,10.);
#1650=VECTOR('',#5761,10.);
#1651=VECTOR('',#5764,10.);
#1652=VECTOR('',#5765,10.);
#1653=VECTOR('',#5768,10.);
#1654=VECTOR('',#5769,10.);
#1655=VECTOR('',#5770,10.);
#1656=VECTOR('',#5773,10.);
#1657=VECTOR('',#5774,10.);
#1658=VECTOR('',#5777,10.);
#1659=VECTOR('',#5778,10.);
#1660=VECTOR('',#5781,10.);
#1661=VECTOR('',#5782,10.);
#1662=VECTOR('',#5783,10.);
#1663=VECTOR('',#5786,10.);
#1664=VECTOR('',#5787,10.);
#1665=VECTOR('',#5790,10.);
#1666=VECTOR('',#5791,10.);
#1667=VECTOR('',#5794,10.);
#1668=VECTOR('',#5795,10.);
#1669=VECTOR('',#5798,10.);
#1670=VECTOR('',#5799,10.);
#1671=VECTOR('',#5802,10.);
#1672=VECTOR('',#5803,10.);
#1673=VECTOR('',#5804,10.);
#1674=VECTOR('',#5807,10.);
#1675=VECTOR('',#5808,10.);
#1676=VECTOR('',#5809,10.);
#1677=VECTOR('',#5812,10.);
#1678=VECTOR('',#5817,25.);
#1679=VECTOR('',#5820,10.);
#1680=VECTOR('',#5821,10.);
#1681=VECTOR('',#5824,10.);
#1682=VECTOR('',#5825,10.);
#1683=VECTOR('',#5830,10.);
#1684=VECTOR('',#5831,10.);
#1685=VECTOR('',#5834,10.);
#1686=VECTOR('',#5835,10.);
#1687=VECTOR('',#5838,10.);
#1688=VECTOR('',#5839,10.);
#1689=VECTOR('',#5844,10.);
#1690=VECTOR('',#5845,10.);
#1691=VECTOR('',#5848,10.);
#1692=VECTOR('',#5849,10.);
#1693=VECTOR('',#5852,10.);
#1694=VECTOR('',#5853,10.);
#1695=VECTOR('',#5856,10.);
#1696=VECTOR('',#5857,10.);
#1697=VECTOR('',#5862,10.);
#1698=VECTOR('',#5863,10.);
#1699=VECTOR('',#5866,10.);
#1700=VECTOR('',#5867,10.);
#1701=VECTOR('',#5870,10.);
#1702=VECTOR('',#5871,10.);
#1703=VECTOR('',#5878,10.);
#1704=VECTOR('',#5879,10.);
#1705=VECTOR('',#5882,10.);
#1706=VECTOR('',#5883,10.);
#1707=VECTOR('',#5886,10.);
#1708=VECTOR('',#5889,10.);
#1709=VECTOR('',#5890,10.);
#1710=VECTOR('',#5893,10.);
#1711=VECTOR('',#5894,10.);
#1712=VECTOR('',#5897,10.);
#1713=VECTOR('',#5900,10.);
#1714=VECTOR('',#5901,10.);
#1715=VECTOR('',#5902,10.);
#1716=VECTOR('',#5905,10.);
#1717=VECTOR('',#5906,10.);
#1718=VECTOR('',#5909,10.);
#1719=VECTOR('',#5910,10.);
#1720=VECTOR('',#5913,10.);
#1721=VECTOR('',#5914,10.);
#1722=VECTOR('',#5917,10.);
#1723=VECTOR('',#5918,10.);
#1724=VECTOR('',#5921,10.);
#1725=VECTOR('',#5924,10.);
#1726=VECTOR('',#5925,10.);
#1727=VECTOR('',#5926,10.);
#1728=VECTOR('',#5929,10.);
#1729=VECTOR('',#5932,10.);
#1730=VECTOR('',#5935,10.);
#1731=VECTOR('',#5936,10.);
#1732=VECTOR('',#5939,10.);
#1733=VECTOR('',#5940,10.);
#1734=VECTOR('',#5943,10.);
#1735=VECTOR('',#5946,10.);
#1736=VECTOR('',#5947,10.);
#1737=VECTOR('',#5948,10.);
#1738=VECTOR('',#5951,10.);
#1739=VECTOR('',#5952,10.);
#1740=VECTOR('',#5955,10.);
#1741=VECTOR('',#5956,10.);
#1742=VECTOR('',#5959,10.);
#1743=VECTOR('',#5960,10.);
#1744=VECTOR('',#5963,10.);
#1745=VECTOR('',#5964,10.);
#1746=VECTOR('',#5967,10.);
#1747=VECTOR('',#5970,10.);
#1748=VECTOR('',#5971,10.);
#1749=VECTOR('',#5972,10.);
#1750=VECTOR('',#5975,10.);
#1751=VECTOR('',#5976,10.);
#1752=VECTOR('',#5979,10.);
#1753=VECTOR('',#5980,10.);
#1754=VECTOR('',#5983,10.);
#1755=VECTOR('',#5984,10.);
#1756=VECTOR('',#5987,10.);
#1757=VECTOR('',#5988,10.);
#1758=VECTOR('',#5991,10.);
#1759=VECTOR('',#5994,10.);
#1760=VECTOR('',#5995,10.);
#1761=VECTOR('',#5996,10.);
#1762=VECTOR('',#5999,10.);
#1763=VECTOR('',#6000,10.);
#1764=VECTOR('',#6003,10.);
#1765=VECTOR('',#6004,10.);
#1766=VECTOR('',#6007,10.);
#1767=VECTOR('',#6008,10.);
#1768=VECTOR('',#6011,10.);
#1769=VECTOR('',#6012,10.);
#1770=VECTOR('',#6015,10.);
#1771=VECTOR('',#6018,10.);
#1772=VECTOR('',#6019,10.);
#1773=VECTOR('',#6020,10.);
#1774=VECTOR('',#6023,10.);
#1775=VECTOR('',#6024,10.);
#1776=VECTOR('',#6027,10.);
#1777=VECTOR('',#6028,10.);
#1778=VECTOR('',#6031,10.);
#1779=VECTOR('',#6032,10.);
#1780=VECTOR('',#6035,10.);
#1781=VECTOR('',#6036,10.);
#1782=VECTOR('',#6039,10.);
#1783=VECTOR('',#6042,10.);
#1784=VECTOR('',#6043,10.);
#1785=VECTOR('',#6044,10.);
#1786=VECTOR('',#6047,10.);
#1787=VECTOR('',#6048,10.);
#1788=VECTOR('',#6051,10.);
#1789=VECTOR('',#6052,10.);
#1790=VECTOR('',#6055,10.);
#1791=VECTOR('',#6056,10.);
#1792=VECTOR('',#6059,10.);
#1793=VECTOR('',#6060,10.);
#1794=VECTOR('',#6063,10.);
#1795=VECTOR('',#6066,10.);
#1796=VECTOR('',#6067,10.);
#1797=VECTOR('',#6068,10.);
#1798=VECTOR('',#6071,10.);
#1799=VECTOR('',#6072,10.);
#1800=VECTOR('',#6075,10.);
#1801=VECTOR('',#6076,10.);
#1802=VECTOR('',#6079,10.);
#1803=VECTOR('',#6080,10.);
#1804=VECTOR('',#6083,10.);
#1805=VECTOR('',#6084,10.);
#1806=VECTOR('',#6087,10.);
#1807=VECTOR('',#6090,10.);
#1808=VECTOR('',#6091,10.);
#1809=VECTOR('',#6092,10.);
#1810=VECTOR('',#6095,10.);
#1811=VECTOR('',#6098,10.);
#1812=VECTOR('',#6099,10.);
#1813=VECTOR('',#6102,10.);
#1814=VECTOR('',#6103,10.);
#1815=VECTOR('',#6106,10.);
#1816=VECTOR('',#6107,10.);
#1817=VECTOR('',#6110,10.);
#1818=VECTOR('',#6113,10.);
#1819=VECTOR('',#6114,10.);
#1820=VECTOR('',#6115,10.);
#1821=VECTOR('',#6118,10.);
#1822=VECTOR('',#6121,10.);
#1823=VECTOR('',#6124,10.);
#1824=VECTOR('',#6125,10.);
#1825=VECTOR('',#6128,10.);
#1826=VECTOR('',#6129,10.);
#1827=VECTOR('',#6132,10.);
#1828=VECTOR('',#6135,10.);
#1829=VECTOR('',#6136,10.);
#1830=VECTOR('',#6137,10.);
#1831=VECTOR('',#6140,10.);
#1832=VECTOR('',#6141,10.);
#1833=VECTOR('',#6144,10.);
#1834=VECTOR('',#6147,10.);
#1835=VECTOR('',#6148,10.);
#1836=VECTOR('',#6151,10.);
#1837=VECTOR('',#6154,10.);
#1838=VECTOR('',#6155,10.);
#1839=VECTOR('',#6156,10.);
#1840=VECTOR('',#6159,10.);
#1841=VECTOR('',#6160,10.);
#1842=VECTOR('',#6163,10.);
#1843=VECTOR('',#6164,10.);
#1844=VECTOR('',#6167,10.);
#1845=VECTOR('',#6168,10.);
#1846=VECTOR('',#6171,10.);
#1847=VECTOR('',#6172,10.);
#1848=VECTOR('',#6175,10.);
#1849=VECTOR('',#6178,10.);
#1850=VECTOR('',#6179,10.);
#1851=VECTOR('',#6182,10.);
#1852=VECTOR('',#6183,10.);
#1853=VECTOR('',#6186,10.);
#1854=VECTOR('',#6189,10.);
#1855=VECTOR('',#6190,10.);
#1856=VECTOR('',#6193,10.);
#1857=VECTOR('',#6194,10.);
#1858=VECTOR('',#6197,10.);
#1859=VECTOR('',#6200,10.);
#1860=VECTOR('',#6201,10.);
#1861=VECTOR('',#6204,10.);
#1862=VECTOR('',#6205,10.);
#1863=VECTOR('',#6208,10.);
#1864=VECTOR('',#6209,10.);
#1865=VECTOR('',#6212,10.);
#1866=VECTOR('',#6213,10.);
#1867=VECTOR('',#6216,10.);
#1868=VECTOR('',#6217,10.);
#1869=VECTOR('',#6220,10.);
#1870=VECTOR('',#6223,10.);
#1871=VECTOR('',#6224,10.);
#1872=VECTOR('',#6227,10.);
#1873=VECTOR('',#6228,10.);
#1874=VECTOR('',#6231,10.);
#1875=VECTOR('',#6234,10.);
#1876=VECTOR('',#6235,10.);
#1877=VECTOR('',#6236,10.);
#1878=VECTOR('',#6239,10.);
#1879=VECTOR('',#6240,10.);
#1880=VECTOR('',#6243,10.);
#1881=VECTOR('',#6244,10.);
#1882=VECTOR('',#6247,10.);
#1883=VECTOR('',#6248,10.);
#1884=VECTOR('',#6251,10.);
#1885=VECTOR('',#6252,10.);
#1886=VECTOR('',#6255,10.);
#1887=VECTOR('',#6258,10.);
#1888=VECTOR('',#6259,10.);
#1889=VECTOR('',#6260,10.);
#1890=VECTOR('',#6263,10.);
#1891=VECTOR('',#6264,10.);
#1892=VECTOR('',#6267,10.);
#1893=VECTOR('',#6268,10.);
#1894=VECTOR('',#6271,10.);
#1895=VECTOR('',#6272,10.);
#1896=VECTOR('',#6275,10.);
#1897=VECTOR('',#6276,10.);
#1898=VECTOR('',#6279,10.);
#1899=VECTOR('',#6282,10.);
#1900=VECTOR('',#6283,10.);
#1901=VECTOR('',#6284,10.);
#1902=VECTOR('',#6287,10.);
#1903=VECTOR('',#6288,10.);
#1904=VECTOR('',#6291,10.);
#1905=VECTOR('',#6292,10.);
#1906=VECTOR('',#6295,10.);
#1907=VECTOR('',#6296,10.);
#1908=VECTOR('',#6299,10.);
#1909=VECTOR('',#6300,10.);
#1910=VECTOR('',#6303,10.);
#1911=VERTEX_POINT('',#6310);
#1912=VERTEX_POINT('',#6311);
#1913=VERTEX_POINT('',#6313);
#1914=VERTEX_POINT('',#6315);
#1915=VERTEX_POINT('',#6317);
#1916=VERTEX_POINT('',#6321);
#1917=VERTEX_POINT('',#6323);
#1918=VERTEX_POINT('',#6327);
#1919=VERTEX_POINT('',#6329);
#1920=VERTEX_POINT('',#6331);
#1921=VERTEX_POINT('',#6335);
#1922=VERTEX_POINT('',#6337);
#1923=VERTEX_POINT('',#6341);
#1924=VERTEX_POINT('',#6343);
#1925=VERTEX_POINT('',#6345);
#1926=VERTEX_POINT('',#6347);
#1927=VERTEX_POINT('',#6349);
#1928=VERTEX_POINT('',#6351);
#1929=VERTEX_POINT('',#6353);
#1930=VERTEX_POINT('',#6355);
#1931=VERTEX_POINT('',#6357);
#1932=VERTEX_POINT('',#6359);
#1933=VERTEX_POINT('',#6361);
#1934=VERTEX_POINT('',#6364);
#1935=VERTEX_POINT('',#6365);
#1936=VERTEX_POINT('',#6367);
#1937=VERTEX_POINT('',#6369);
#1938=VERTEX_POINT('',#6371);
#1939=VERTEX_POINT('',#6373);
#1940=VERTEX_POINT('',#6375);
#1941=VERTEX_POINT('',#6377);
#1942=VERTEX_POINT('',#6379);
#1943=VERTEX_POINT('',#6381);
#1944=VERTEX_POINT('',#6384);
#1945=VERTEX_POINT('',#6386);
#1946=VERTEX_POINT('',#6388);
#1947=VERTEX_POINT('',#6390);
#1948=VERTEX_POINT('',#6392);
#1949=VERTEX_POINT('',#6394);
#1950=VERTEX_POINT('',#6396);
#1951=VERTEX_POINT('',#6398);
#1952=VERTEX_POINT('',#6400);
#1953=VERTEX_POINT('',#6402);
#1954=VERTEX_POINT('',#6405);
#1955=VERTEX_POINT('',#6409);
#1956=VERTEX_POINT('',#6411);
#1957=VERTEX_POINT('',#6415);
#1958=VERTEX_POINT('',#6417);
#1959=VERTEX_POINT('',#6419);
#1960=VERTEX_POINT('',#6421);
#1961=VERTEX_POINT('',#6423);
#1962=VERTEX_POINT('',#6425);
#1963=VERTEX_POINT('',#6427);
#1964=VERTEX_POINT('',#6429);
#1965=VERTEX_POINT('',#6431);
#1966=VERTEX_POINT('',#6433);
#1967=VERTEX_POINT('',#6435);
#1968=VERTEX_POINT('',#6437);
#1969=VERTEX_POINT('',#6439);
#1970=VERTEX_POINT('',#6441);
#1971=VERTEX_POINT('',#6444);
#1972=VERTEX_POINT('',#6446);
#1973=VERTEX_POINT('',#6448);
#1974=VERTEX_POINT('',#6450);
#1975=VERTEX_POINT('',#6452);
#1976=VERTEX_POINT('',#6454);
#1977=VERTEX_POINT('',#6456);
#1978=VERTEX_POINT('',#6458);
#1979=VERTEX_POINT('',#6460);
#1980=VERTEX_POINT('',#6462);
#1981=VERTEX_POINT('',#6464);
#1982=VERTEX_POINT('',#6466);
#1983=VERTEX_POINT('',#6468);
#1984=VERTEX_POINT('',#6469);
#1985=VERTEX_POINT('',#6471);
#1986=VERTEX_POINT('',#6473);
#1987=VERTEX_POINT('',#6475);
#1988=VERTEX_POINT('',#6477);
#1989=VERTEX_POINT('',#6480);
#1990=VERTEX_POINT('',#6481);
#1991=VERTEX_POINT('',#6483);
#1992=VERTEX_POINT('',#6485);
#1993=VERTEX_POINT('',#6487);
#1994=VERTEX_POINT('',#6489);
#1995=VERTEX_POINT('',#6492);
#1996=VERTEX_POINT('',#6493);
#1997=VERTEX_POINT('',#6495);
#1998=VERTEX_POINT('',#6497);
#1999=VERTEX_POINT('',#6499);
#2000=VERTEX_POINT('',#6501);
#2001=VERTEX_POINT('',#6504);
#2002=VERTEX_POINT('',#6505);
#2003=VERTEX_POINT('',#6507);
#2004=VERTEX_POINT('',#6509);
#2005=VERTEX_POINT('',#6511);
#2006=VERTEX_POINT('',#6513);
#2007=VERTEX_POINT('',#6516);
#2008=VERTEX_POINT('',#6517);
#2009=VERTEX_POINT('',#6519);
#2010=VERTEX_POINT('',#6521);
#2011=VERTEX_POINT('',#6524);
#2012=VERTEX_POINT('',#6525);
#2013=VERTEX_POINT('',#6527);
#2014=VERTEX_POINT('',#6529);
#2015=VERTEX_POINT('',#6532);
#2016=VERTEX_POINT('',#6533);
#2017=VERTEX_POINT('',#6535);
#2018=VERTEX_POINT('',#6537);
#2019=VERTEX_POINT('',#6539);
#2020=VERTEX_POINT('',#6541);
#2021=VERTEX_POINT('',#6544);
#2022=VERTEX_POINT('',#6545);
#2023=VERTEX_POINT('',#6547);
#2024=VERTEX_POINT('',#6549);
#2025=VERTEX_POINT('',#6552);
#2026=VERTEX_POINT('',#6553);
#2027=VERTEX_POINT('',#6555);
#2028=VERTEX_POINT('',#6557);
#2029=VERTEX_POINT('',#6560);
#2030=VERTEX_POINT('',#6561);
#2031=VERTEX_POINT('',#6563);
#2032=VERTEX_POINT('',#6565);
#2033=VERTEX_POINT('',#6568);
#2034=VERTEX_POINT('',#6569);
#2035=VERTEX_POINT('',#6571);
#2036=VERTEX_POINT('',#6573);
#2037=VERTEX_POINT('',#6575);
#2038=VERTEX_POINT('',#6577);
#2039=VERTEX_POINT('',#6580);
#2040=VERTEX_POINT('',#6581);
#2041=VERTEX_POINT('',#6583);
#2042=VERTEX_POINT('',#6585);
#2043=VERTEX_POINT('',#6588);
#2044=VERTEX_POINT('',#6589);
#2045=VERTEX_POINT('',#6591);
#2046=VERTEX_POINT('',#6593);
#2047=VERTEX_POINT('',#6596);
#2048=VERTEX_POINT('',#6597);
#2049=VERTEX_POINT('',#6599);
#2050=VERTEX_POINT('',#6601);
#2051=VERTEX_POINT('',#6603);
#2052=VERTEX_POINT('',#6605);
#2053=VERTEX_POINT('',#6608);
#2054=VERTEX_POINT('',#6609);
#2055=VERTEX_POINT('',#6611);
#2056=VERTEX_POINT('',#6613);
#2057=VERTEX_POINT('',#6615);
#2058=VERTEX_POINT('',#6617);
#2059=VERTEX_POINT('',#6620);
#2060=VERTEX_POINT('',#6621);
#2061=VERTEX_POINT('',#6623);
#2062=VERTEX_POINT('',#6625);
#2063=VERTEX_POINT('',#6627);
#2064=VERTEX_POINT('',#6629);
#2065=VERTEX_POINT('',#6632);
#2066=VERTEX_POINT('',#6633);
#2067=VERTEX_POINT('',#6635);
#2068=VERTEX_POINT('',#6637);
#2069=VERTEX_POINT('',#6639);
#2070=VERTEX_POINT('',#6641);
#2071=VERTEX_POINT('',#6644);
#2072=VERTEX_POINT('',#6645);
#2073=VERTEX_POINT('',#6647);
#2074=VERTEX_POINT('',#6649);
#2075=VERTEX_POINT('',#6651);
#2076=VERTEX_POINT('',#6653);
#2077=VERTEX_POINT('',#6656);
#2078=VERTEX_POINT('',#6657);
#2079=VERTEX_POINT('',#6659);
#2080=VERTEX_POINT('',#6661);
#2081=VERTEX_POINT('',#6663);
#2082=VERTEX_POINT('',#6665);
#2083=VERTEX_POINT('',#6668);
#2084=VERTEX_POINT('',#6669);
#2085=VERTEX_POINT('',#6671);
#2086=VERTEX_POINT('',#6673);
#2087=VERTEX_POINT('',#6675);
#2088=VERTEX_POINT('',#6677);
#2089=VERTEX_POINT('',#6679);
#2090=VERTEX_POINT('',#6682);
#2091=VERTEX_POINT('',#6683);
#2092=VERTEX_POINT('',#6685);
#2093=VERTEX_POINT('',#6687);
#2094=VERTEX_POINT('',#6690);
#2095=VERTEX_POINT('',#6691);
#2096=VERTEX_POINT('',#6693);
#2097=VERTEX_POINT('',#6695);
#2098=VERTEX_POINT('',#6698);
#2099=VERTEX_POINT('',#6699);
#2100=VERTEX_POINT('',#6701);
#2101=VERTEX_POINT('',#6703);
#2102=VERTEX_POINT('',#6705);
#2103=VERTEX_POINT('',#6707);
#2104=VERTEX_POINT('',#6710);
#2105=VERTEX_POINT('',#6711);
#2106=VERTEX_POINT('',#6713);
#2107=VERTEX_POINT('',#6715);
#2108=VERTEX_POINT('',#6717);
#2109=VERTEX_POINT('',#6719);
#2110=VERTEX_POINT('',#6722);
#2111=VERTEX_POINT('',#6723);
#2112=VERTEX_POINT('',#6725);
#2113=VERTEX_POINT('',#6727);
#2114=VERTEX_POINT('',#6730);
#2115=VERTEX_POINT('',#6731);
#2116=VERTEX_POINT('',#6733);
#2117=VERTEX_POINT('',#6735);
#2118=VERTEX_POINT('',#6738);
#2119=VERTEX_POINT('',#6739);
#2120=VERTEX_POINT('',#6741);
#2121=VERTEX_POINT('',#6743);
#2122=VERTEX_POINT('',#6745);
#2123=VERTEX_POINT('',#6747);
#2124=VERTEX_POINT('',#6749);
#2125=VERTEX_POINT('',#6752);
#2126=VERTEX_POINT('',#6753);
#2127=VERTEX_POINT('',#6755);
#2128=VERTEX_POINT('',#6757);
#2129=VERTEX_POINT('',#6760);
#2130=VERTEX_POINT('',#6761);
#2131=VERTEX_POINT('',#6763);
#2132=VERTEX_POINT('',#6765);
#2133=VERTEX_POINT('',#6767);
#2134=VERTEX_POINT('',#6769);
#2135=VERTEX_POINT('',#6772);
#2136=VERTEX_POINT('',#6773);
#2137=VERTEX_POINT('',#6775);
#2138=VERTEX_POINT('',#6777);
#2139=VERTEX_POINT('',#6779);
#2140=VERTEX_POINT('',#6781);
#2141=VERTEX_POINT('',#6784);
#2142=VERTEX_POINT('',#6785);
#2143=VERTEX_POINT('',#6787);
#2144=VERTEX_POINT('',#6789);
#2145=VERTEX_POINT('',#6791);
#2146=VERTEX_POINT('',#6793);
#2147=VERTEX_POINT('',#6801);
#2148=VERTEX_POINT('',#6802);
#2149=VERTEX_POINT('',#6804);
#2150=VERTEX_POINT('',#6806);
#2151=VERTEX_POINT('',#6810);
#2152=VERTEX_POINT('',#6812);
#2153=VERTEX_POINT('',#6815);
#2154=VERTEX_POINT('',#6817);
#2155=VERTEX_POINT('',#6821);
#2156=VERTEX_POINT('',#6825);
#2157=VERTEX_POINT('',#6827);
#2158=VERTEX_POINT('',#6831);
#2159=VERTEX_POINT('',#6833);
#2160=VERTEX_POINT('',#6837);
#2161=VERTEX_POINT('',#6844);
#2162=VERTEX_POINT('',#6850);
#2163=VERTEX_POINT('',#6854);
#2164=VERTEX_POINT('',#6856);
#2165=VERTEX_POINT('',#6860);
#2166=VERTEX_POINT('',#6867);
#2167=VERTEX_POINT('',#6875);
#2168=VERTEX_POINT('',#6878);
#2169=VERTEX_POINT('',#6881);
#2170=VERTEX_POINT('',#6882);
#2171=VERTEX_POINT('',#6887);
#2172=VERTEX_POINT('',#6891);
#2173=VERTEX_POINT('',#6897);
#2174=VERTEX_POINT('',#6904);
#2175=VERTEX_POINT('',#6910);
#2176=VERTEX_POINT('',#6914);
#2177=VERTEX_POINT('',#6939);
#2178=VERTEX_POINT('',#6940);
#2179=VERTEX_POINT('',#6942);
#2180=VERTEX_POINT('',#6944);
#2181=VERTEX_POINT('',#6946);
#2182=VERTEX_POINT('',#6948);
#2183=VERTEX_POINT('',#6950);
#2184=VERTEX_POINT('',#6952);
#2185=VERTEX_POINT('',#6955);
#2186=VERTEX_POINT('',#6966);
#2187=VERTEX_POINT('',#6968);
#2188=VERTEX_POINT('',#6972);
#2189=VERTEX_POINT('',#6973);
#2190=VERTEX_POINT('',#6975);
#2191=VERTEX_POINT('',#6978);
#2192=VERTEX_POINT('',#6980);
#2193=VERTEX_POINT('',#6983);
#2194=VERTEX_POINT('',#6985);
#2195=VERTEX_POINT('',#7024);
#2196=VERTEX_POINT('',#7026);
#2197=VERTEX_POINT('',#7030);
#2198=VERTEX_POINT('',#7034);
#2199=VERTEX_POINT('',#7038);
#2200=VERTEX_POINT('',#7042);
#2201=VERTEX_POINT('',#7048);
#2202=VERTEX_POINT('',#7050);
#2203=VERTEX_POINT('',#7054);
#2204=VERTEX_POINT('',#7058);
#2205=VERTEX_POINT('',#7062);
#2206=VERTEX_POINT('',#7066);
#2207=VERTEX_POINT('',#7072);
#2208=VERTEX_POINT('',#7074);
#2209=VERTEX_POINT('',#7078);
#2210=VERTEX_POINT('',#7082);
#2211=VERTEX_POINT('',#7086);
#2212=VERTEX_POINT('',#7090);
#2213=VERTEX_POINT('',#7096);
#2214=VERTEX_POINT('',#7098);
#2215=VERTEX_POINT('',#7102);
#2216=VERTEX_POINT('',#7106);
#2217=VERTEX_POINT('',#7110);
#2218=VERTEX_POINT('',#7114);
#2219=VERTEX_POINT('',#7120);
#2220=VERTEX_POINT('',#7122);
#2221=VERTEX_POINT('',#7126);
#2222=VERTEX_POINT('',#7130);
#2223=VERTEX_POINT('',#7134);
#2224=VERTEX_POINT('',#7136);
#2225=VERTEX_POINT('',#7140);
#2226=VERTEX_POINT('',#7144);
#2227=VERTEX_POINT('',#7148);
#2228=VERTEX_POINT('',#7150);
#2229=VERTEX_POINT('',#7154);
#2230=VERTEX_POINT('',#7158);
#2231=VERTEX_POINT('',#7162);
#2232=VERTEX_POINT('',#7166);
#2233=VERTEX_POINT('',#7170);
#2234=VERTEX_POINT('',#7172);
#2235=VERTEX_POINT('',#7176);
#2236=VERTEX_POINT('',#7178);
#2237=VERTEX_POINT('',#7184);
#2238=VERTEX_POINT('',#7186);
#2239=VERTEX_POINT('',#7188);
#2240=VERTEX_POINT('',#7191);
#2241=VERTEX_POINT('',#7193);
#2242=VERTEX_POINT('',#7196);
#2243=VERTEX_POINT('',#7199);
#2244=VERTEX_POINT('',#7202);
#2245=VERTEX_POINT('',#7204);
#2246=VERTEX_POINT('',#7207);
#2247=VERTEX_POINT('',#7209);
#2248=VERTEX_POINT('',#7212);
#2249=VERTEX_POINT('',#7215);
#2250=VERTEX_POINT('',#7218);
#2251=VERTEX_POINT('',#7220);
#2252=VERTEX_POINT('',#7223);
#2253=VERTEX_POINT('',#7225);
#2254=VERTEX_POINT('',#7228);
#2255=VERTEX_POINT('',#7230);
#2256=VERTEX_POINT('',#7233);
#2257=VERTEX_POINT('',#7236);
#2258=VERTEX_POINT('',#7239);
#2259=VERTEX_POINT('',#7241);
#2260=VERTEX_POINT('',#7244);
#2261=VERTEX_POINT('',#7246);
#2262=VERTEX_POINT('',#7249);
#2263=VERTEX_POINT('',#7254);
#2264=VERTEX_POINT('',#7258);
#2265=VERTEX_POINT('',#7264);
#2266=VERTEX_POINT('',#7268);
#2267=VERTEX_POINT('',#7274);
#2268=VERTEX_POINT('',#7276);
#2269=VERTEX_POINT('',#7280);
#2270=VERTEX_POINT('',#7284);
#2271=VERTEX_POINT('',#7288);
#2272=VERTEX_POINT('',#7292);
#2273=VERTEX_POINT('',#7298);
#2274=VERTEX_POINT('',#7300);
#2275=VERTEX_POINT('',#7308);
#2276=VERTEX_POINT('',#7312);
#2277=VERTEX_POINT('',#7318);
#2278=VERTEX_POINT('',#7320);
#2279=VERTEX_POINT('',#7324);
#2280=VERTEX_POINT('',#7328);
#2281=VERTEX_POINT('',#7332);
#2282=VERTEX_POINT('',#7336);
#2283=VERTEX_POINT('',#7342);
#2284=VERTEX_POINT('',#7344);
#2285=VERTEX_POINT('',#7348);
#2286=VERTEX_POINT('',#7352);
#2287=VERTEX_POINT('',#7356);
#2288=VERTEX_POINT('',#7360);
#2289=VERTEX_POINT('',#7366);
#2290=VERTEX_POINT('',#7368);
#2291=VERTEX_POINT('',#7372);
#2292=VERTEX_POINT('',#7376);
#2293=VERTEX_POINT('',#7380);
#2294=VERTEX_POINT('',#7384);
#2295=VERTEX_POINT('',#7390);
#2296=VERTEX_POINT('',#7392);
#2297=VERTEX_POINT('',#7396);
#2298=VERTEX_POINT('',#7400);
#2299=VERTEX_POINT('',#7404);
#2300=VERTEX_POINT('',#7408);
#2301=VERTEX_POINT('',#7414);
#2302=VERTEX_POINT('',#7416);
#2303=VERTEX_POINT('',#7420);
#2304=VERTEX_POINT('',#7424);
#2305=VERTEX_POINT('',#7428);
#2306=VERTEX_POINT('',#7432);
#2307=VERTEX_POINT('',#7438);
#2308=VERTEX_POINT('',#7440);
#2309=VERTEX_POINT('',#7444);
#2310=VERTEX_POINT('',#7448);
#2311=VERTEX_POINT('',#7452);
#2312=VERTEX_POINT('',#7456);
#2313=VERTEX_POINT('',#7462);
#2314=VERTEX_POINT('',#7464);
#2315=VERTEX_POINT('',#7470);
#2316=VERTEX_POINT('',#7474);
#2317=VERTEX_POINT('',#7478);
#2318=VERTEX_POINT('',#7484);
#2319=VERTEX_POINT('',#7486);
#2320=VERTEX_POINT('',#7494);
#2321=VERTEX_POINT('',#7498);
#2322=VERTEX_POINT('',#7504);
#2323=VERTEX_POINT('',#7506);
#2324=VERTEX_POINT('',#7510);
#2325=VERTEX_POINT('',#7516);
#2326=VERTEX_POINT('',#7522);
#2327=VERTEX_POINT('',#7524);
#2328=VERTEX_POINT('',#7528);
#2329=VERTEX_POINT('',#7532);
#2330=VERTEX_POINT('',#7536);
#2331=VERTEX_POINT('',#7540);
#2332=VERTEX_POINT('',#7546);
#2333=VERTEX_POINT('',#7550);
#2334=VERTEX_POINT('',#7556);
#2335=VERTEX_POINT('',#7560);
#2336=VERTEX_POINT('',#7566);
#2337=VERTEX_POINT('',#7570);
#2338=VERTEX_POINT('',#7574);
#2339=VERTEX_POINT('',#7578);
#2340=VERTEX_POINT('',#7582);
#2341=VERTEX_POINT('',#7588);
#2342=VERTEX_POINT('',#7592);
#2343=VERTEX_POINT('',#7598);
#2344=VERTEX_POINT('',#7600);
#2345=VERTEX_POINT('',#7604);
#2346=VERTEX_POINT('',#7608);
#2347=VERTEX_POINT('',#7612);
#2348=VERTEX_POINT('',#7616);
#2349=VERTEX_POINT('',#7622);
#2350=VERTEX_POINT('',#7624);
#2351=VERTEX_POINT('',#7628);
#2352=VERTEX_POINT('',#7632);
#2353=VERTEX_POINT('',#7636);
#2354=VERTEX_POINT('',#7640);
#2355=VERTEX_POINT('',#7646);
#2356=VERTEX_POINT('',#7648);
#2357=VERTEX_POINT('',#7652);
#2358=VERTEX_POINT('',#7656);
#2359=VERTEX_POINT('',#7660);
#2360=VERTEX_POINT('',#7664);
#2361=EDGE_CURVE('',#1911,#1912,#679,.T.);
#2362=EDGE_CURVE('',#1912,#1913,#680,.T.);
#2363=EDGE_CURVE('',#1913,#1914,#681,.T.);
#2364=EDGE_CURVE('',#1914,#1915,#682,.T.);
#2365=EDGE_CURVE('',#1915,#1911,#683,.T.);
#2366=EDGE_CURVE('',#1916,#1911,#684,.T.);
#2367=EDGE_CURVE('',#1915,#1917,#685,.T.);
#2368=EDGE_CURVE('',#1917,#1916,#686,.T.);
#2369=EDGE_CURVE('',#1917,#1918,#687,.T.);
#2370=EDGE_CURVE('',#1918,#1919,#688,.T.);
#2371=EDGE_CURVE('',#1919,#1920,#689,.T.);
#2372=EDGE_CURVE('',#1920,#1916,#690,.T.);
#2373=EDGE_CURVE('',#1921,#1912,#691,.T.);
#2374=EDGE_CURVE('',#1921,#1922,#692,.T.);
#2375=EDGE_CURVE('',#1922,#1913,#693,.T.);
#2376=EDGE_CURVE('',#1923,#1920,#694,.T.);
#2377=EDGE_CURVE('',#1924,#1923,#695,.T.);
#2378=EDGE_CURVE('',#1925,#1924,#696,.T.);
#2379=EDGE_CURVE('',#1926,#1925,#697,.T.);
#2380=EDGE_CURVE('',#1927,#1926,#698,.T.);
#2381=EDGE_CURVE('',#1928,#1927,#699,.T.);
#2382=EDGE_CURVE('',#1929,#1928,#700,.T.);
#2383=EDGE_CURVE('',#1930,#1929,#701,.T.);
#2384=EDGE_CURVE('',#1931,#1930,#702,.T.);
#2385=EDGE_CURVE('',#1932,#1931,#703,.T.);
#2386=EDGE_CURVE('',#1933,#1932,#704,.T.);
#2387=EDGE_CURVE('',#1921,#1933,#705,.T.);
#2388=EDGE_CURVE('',#1934,#1935,#706,.T.);
#2389=EDGE_CURVE('',#1936,#1934,#707,.T.);
#2390=EDGE_CURVE('',#1937,#1936,#708,.T.);
#2391=EDGE_CURVE('',#1938,#1937,#709,.T.);
#2392=EDGE_CURVE('',#1939,#1938,#106,.T.);
#2393=EDGE_CURVE('',#1940,#1939,#710,.T.);
#2394=EDGE_CURVE('',#1941,#1940,#711,.T.);
#2395=EDGE_CURVE('',#1942,#1941,#712,.T.);
#2396=EDGE_CURVE('',#1943,#1942,#713,.T.);
#2397=EDGE_CURVE('',#1935,#1943,#107,.T.);
#2398=EDGE_CURVE('',#1944,#1944,#108,.T.);
#2399=EDGE_CURVE('',#1945,#1945,#109,.T.);
#2400=EDGE_CURVE('',#1946,#1946,#110,.T.);
#2401=EDGE_CURVE('',#1947,#1947,#111,.T.);
#2402=EDGE_CURVE('',#1948,#1948,#112,.T.);
#2403=EDGE_CURVE('',#1949,#1949,#113,.T.);
#2404=EDGE_CURVE('',#1950,#1950,#114,.T.);
#2405=EDGE_CURVE('',#1951,#1951,#115,.T.);
#2406=EDGE_CURVE('',#1952,#1952,#116,.T.);
#2407=EDGE_CURVE('',#1953,#1953,#117,.T.);
#2408=EDGE_CURVE('',#1919,#1954,#714,.T.);
#2409=EDGE_CURVE('',#1923,#1954,#715,.T.);
#2410=EDGE_CURVE('',#1917,#1955,#716,.T.);
#2411=EDGE_CURVE('',#1955,#1956,#717,.T.);
#2412=EDGE_CURVE('',#1956,#1918,#718,.T.);
#2413=EDGE_CURVE('',#1957,#1955,#719,.T.);
#2414=EDGE_CURVE('',#1958,#1957,#720,.T.);
#2415=EDGE_CURVE('',#1958,#1959,#721,.T.);
#2416=EDGE_CURVE('',#1959,#1960,#722,.T.);
#2417=EDGE_CURVE('',#1960,#1961,#723,.T.);
#2418=EDGE_CURVE('',#1961,#1962,#724,.T.);
#2419=EDGE_CURVE('',#1962,#1963,#725,.T.);
#2420=EDGE_CURVE('',#1964,#1963,#726,.T.);
#2421=EDGE_CURVE('',#1964,#1965,#727,.T.);
#2422=EDGE_CURVE('',#1966,#1965,#728,.T.);
#2423=EDGE_CURVE('',#1966,#1967,#729,.T.);
#2424=EDGE_CURVE('',#1967,#1968,#730,.T.);
#2425=EDGE_CURVE('',#1968,#1969,#731,.T.);
#2426=EDGE_CURVE('',#1969,#1970,#732,.T.);
#2427=EDGE_CURVE('',#1970,#1956,#733,.T.);
#2428=EDGE_CURVE('',#1971,#1971,#118,.T.);
#2429=EDGE_CURVE('',#1972,#1972,#119,.T.);
#2430=EDGE_CURVE('',#1973,#1973,#120,.T.);
#2431=EDGE_CURVE('',#1974,#1974,#121,.T.);
#2432=EDGE_CURVE('',#1975,#1975,#122,.T.);
#2433=EDGE_CURVE('',#1976,#1976,#123,.T.);
#2434=EDGE_CURVE('',#1977,#1977,#124,.T.);
#2435=EDGE_CURVE('',#1978,#1978,#125,.T.);
#2436=EDGE_CURVE('',#1979,#1979,#126,.T.);
#2437=EDGE_CURVE('',#1980,#1980,#127,.T.);
#2438=EDGE_CURVE('',#1981,#1981,#128,.T.);
#2439=EDGE_CURVE('',#1982,#1982,#129,.T.);
#2440=EDGE_CURVE('',#1983,#1984,#734,.T.);
#2441=EDGE_CURVE('',#1984,#1985,#735,.T.);
#2442=EDGE_CURVE('',#1985,#1986,#736,.T.);
#2443=EDGE_CURVE('',#1986,#1987,#737,.T.);
#2444=EDGE_CURVE('',#1987,#1988,#738,.T.);
#2445=EDGE_CURVE('',#1988,#1983,#739,.T.);
#2446=EDGE_CURVE('',#1989,#1990,#740,.T.);
#2447=EDGE_CURVE('',#1990,#1991,#741,.T.);
#2448=EDGE_CURVE('',#1991,#1992,#742,.T.);
#2449=EDGE_CURVE('',#1992,#1993,#743,.T.);
#2450=EDGE_CURVE('',#1993,#1994,#744,.T.);
#2451=EDGE_CURVE('',#1994,#1989,#745,.T.);
#2452=EDGE_CURVE('',#1995,#1996,#746,.T.);
#2453=EDGE_CURVE('',#1996,#1997,#747,.T.);
#2454=EDGE_CURVE('',#1997,#1998,#748,.T.);
#2455=EDGE_CURVE('',#1998,#1999,#749,.T.);
#2456=EDGE_CURVE('',#1999,#2000,#750,.T.);
#2457=EDGE_CURVE('',#2000,#1995,#751,.T.);
#2458=EDGE_CURVE('',#2001,#2002,#752,.T.);
#2459=EDGE_CURVE('',#2002,#2003,#753,.T.);
#2460=EDGE_CURVE('',#2003,#2004,#754,.T.);
#2461=EDGE_CURVE('',#2004,#2005,#755,.T.);
#2462=EDGE_CURVE('',#2005,#2006,#756,.T.);
#2463=EDGE_CURVE('',#2006,#2001,#757,.T.);
#2464=EDGE_CURVE('',#2007,#2008,#758,.T.);
#2465=EDGE_CURVE('',#2008,#2009,#759,.T.);
#2466=EDGE_CURVE('',#2009,#2010,#760,.T.);
#2467=EDGE_CURVE('',#2010,#2007,#130,.T.);
#2468=EDGE_CURVE('',#2011,#2012,#761,.T.);
#2469=EDGE_CURVE('',#2012,#2013,#131,.T.);
#2470=EDGE_CURVE('',#2013,#2014,#762,.T.);
#2471=EDGE_CURVE('',#2014,#2011,#763,.T.);
#2472=EDGE_CURVE('',#2015,#2016,#764,.T.);
#2473=EDGE_CURVE('',#2016,#2017,#765,.T.);
#2474=EDGE_CURVE('',#2017,#2018,#766,.T.);
#2475=EDGE_CURVE('',#2018,#2019,#132,.T.);
#2476=EDGE_CURVE('',#2019,#2020,#767,.T.);
#2477=EDGE_CURVE('',#2020,#2015,#768,.T.);
#2478=EDGE_CURVE('',#2021,#2022,#133,.T.);
#2479=EDGE_CURVE('',#2022,#2023,#769,.T.);
#2480=EDGE_CURVE('',#2023,#2024,#770,.T.);
#2481=EDGE_CURVE('',#2024,#2021,#771,.T.);
#2482=EDGE_CURVE('',#2025,#2026,#772,.T.);
#2483=EDGE_CURVE('',#2026,#2027,#134,.T.);
#2484=EDGE_CURVE('',#2027,#2028,#773,.T.);
#2485=EDGE_CURVE('',#2028,#2025,#774,.T.);
#2486=EDGE_CURVE('',#2029,#2030,#135,.T.);
#2487=EDGE_CURVE('',#2030,#2031,#775,.T.);
#2488=EDGE_CURVE('',#2031,#2032,#776,.T.);
#2489=EDGE_CURVE('',#2032,#2029,#777,.T.);
#2490=EDGE_CURVE('',#2033,#2034,#778,.T.);
#2491=EDGE_CURVE('',#2034,#2035,#779,.T.);
#2492=EDGE_CURVE('',#2035,#2036,#780,.T.);
#2493=EDGE_CURVE('',#2036,#2037,#781,.T.);
#2494=EDGE_CURVE('',#2037,#2038,#782,.T.);
#2495=EDGE_CURVE('',#2038,#2033,#783,.T.);
#2496=EDGE_CURVE('',#2039,#2040,#784,.T.);
#2497=EDGE_CURVE('',#2040,#2041,#785,.T.);
#2498=EDGE_CURVE('',#2041,#2042,#786,.T.);
#2499=EDGE_CURVE('',#2042,#2039,#136,.T.);
#2500=EDGE_CURVE('',#2043,#2044,#787,.T.);
#2501=EDGE_CURVE('',#2044,#2045,#137,.T.);
#2502=EDGE_CURVE('',#2045,#2046,#788,.T.);
#2503=EDGE_CURVE('',#2046,#2043,#789,.T.);
#2504=EDGE_CURVE('',#2047,#2048,#790,.T.);
#2505=EDGE_CURVE('',#2048,#2049,#791,.T.);
#2506=EDGE_CURVE('',#2049,#2050,#792,.T.);
#2507=EDGE_CURVE('',#2050,#2051,#793,.T.);
#2508=EDGE_CURVE('',#2051,#2052,#794,.T.);
#2509=EDGE_CURVE('',#2052,#2047,#795,.T.);
#2510=EDGE_CURVE('',#2053,#2054,#796,.T.);
#2511=EDGE_CURVE('',#2054,#2055,#797,.T.);
#2512=EDGE_CURVE('',#2055,#2056,#798,.T.);
#2513=EDGE_CURVE('',#2056,#2057,#799,.T.);
#2514=EDGE_CURVE('',#2057,#2058,#800,.T.);
#2515=EDGE_CURVE('',#2058,#2053,#801,.T.);
#2516=EDGE_CURVE('',#2059,#2060,#802,.T.);
#2517=EDGE_CURVE('',#2060,#2061,#803,.T.);
#2518=EDGE_CURVE('',#2061,#2062,#804,.T.);
#2519=EDGE_CURVE('',#2062,#2063,#805,.T.);
#2520=EDGE_CURVE('',#2063,#2064,#806,.T.);
#2521=EDGE_CURVE('',#2064,#2059,#807,.T.);
#2522=EDGE_CURVE('',#2065,#2066,#808,.T.);
#2523=EDGE_CURVE('',#2066,#2067,#809,.T.);
#2524=EDGE_CURVE('',#2067,#2068,#810,.T.);
#2525=EDGE_CURVE('',#2068,#2069,#811,.T.);
#2526=EDGE_CURVE('',#2069,#2070,#812,.T.);
#2527=EDGE_CURVE('',#2070,#2065,#813,.T.);
#2528=EDGE_CURVE('',#2071,#2072,#814,.T.);
#2529=EDGE_CURVE('',#2072,#2073,#815,.T.);
#2530=EDGE_CURVE('',#2073,#2074,#816,.T.);
#2531=EDGE_CURVE('',#2074,#2075,#817,.T.);
#2532=EDGE_CURVE('',#2075,#2076,#818,.T.);
#2533=EDGE_CURVE('',#2076,#2071,#819,.T.);
#2534=EDGE_CURVE('',#2077,#2078,#820,.T.);
#2535=EDGE_CURVE('',#2078,#2079,#821,.T.);
#2536=EDGE_CURVE('',#2079,#2080,#822,.T.);
#2537=EDGE_CURVE('',#2080,#2081,#823,.T.);
#2538=EDGE_CURVE('',#2081,#2082,#824,.T.);
#2539=EDGE_CURVE('',#2082,#2077,#825,.T.);
#2540=EDGE_CURVE('',#2083,#2084,#826,.T.);
#2541=EDGE_CURVE('',#2084,#2085,#138,.T.);
#2542=EDGE_CURVE('',#2085,#2086,#827,.T.);
#2543=EDGE_CURVE('',#2086,#2087,#828,.T.);
#2544=EDGE_CURVE('',#2087,#2088,#829,.T.);
#2545=EDGE_CURVE('',#2088,#2089,#830,.T.);
#2546=EDGE_CURVE('',#2089,#2083,#831,.T.);
#2547=EDGE_CURVE('',#2090,#2091,#832,.T.);
#2548=EDGE_CURVE('',#2091,#2092,#833,.T.);
#2549=EDGE_CURVE('',#2092,#2093,#834,.T.);
#2550=EDGE_CURVE('',#2093,#2090,#139,.T.);
#2551=EDGE_CURVE('',#2094,#2095,#835,.T.);
#2552=EDGE_CURVE('',#2095,#2096,#140,.T.);
#2553=EDGE_CURVE('',#2096,#2097,#836,.T.);
#2554=EDGE_CURVE('',#2097,#2094,#837,.T.);
#2555=EDGE_CURVE('',#2098,#2099,#838,.T.);
#2556=EDGE_CURVE('',#2099,#2100,#839,.T.);
#2557=EDGE_CURVE('',#2100,#2101,#840,.T.);
#2558=EDGE_CURVE('',#2101,#2102,#841,.T.);
#2559=EDGE_CURVE('',#2102,#2103,#842,.T.);
#2560=EDGE_CURVE('',#2103,#2098,#141,.T.);
#2561=EDGE_CURVE('',#2104,#2105,#843,.T.);
#2562=EDGE_CURVE('',#2105,#2106,#844,.T.);
#2563=EDGE_CURVE('',#2106,#2107,#845,.T.);
#2564=EDGE_CURVE('',#2107,#2108,#846,.T.);
#2565=EDGE_CURVE('',#2108,#2109,#847,.T.);
#2566=EDGE_CURVE('',#2109,#2104,#848,.T.);
#2567=EDGE_CURVE('',#2110,#2111,#849,.T.);
#2568=EDGE_CURVE('',#2111,#2112,#142,.T.);
#2569=EDGE_CURVE('',#2112,#2113,#850,.T.);
#2570=EDGE_CURVE('',#2113,#2110,#851,.T.);
#2571=EDGE_CURVE('',#2114,#2115,#852,.T.);
#2572=EDGE_CURVE('',#2115,#2116,#143,.T.);
#2573=EDGE_CURVE('',#2116,#2117,#853,.T.);
#2574=EDGE_CURVE('',#2117,#2114,#854,.T.);
#2575=EDGE_CURVE('',#2118,#2119,#855,.T.);
#2576=EDGE_CURVE('',#2119,#2120,#856,.T.);
#2577=EDGE_CURVE('',#2120,#2121,#857,.T.);
#2578=EDGE_CURVE('',#2121,#2122,#144,.T.);
#2579=EDGE_CURVE('',#2122,#2123,#858,.T.);
#2580=EDGE_CURVE('',#2123,#2124,#859,.T.);
#2581=EDGE_CURVE('',#2124,#2118,#860,.T.);
#2582=EDGE_CURVE('',#2125,#2126,#861,.T.);
#2583=EDGE_CURVE('',#2126,#2127,#145,.T.);
#2584=EDGE_CURVE('',#2127,#2128,#862,.T.);
#2585=EDGE_CURVE('',#2128,#2125,#863,.T.);
#2586=EDGE_CURVE('',#2129,#2130,#864,.T.);
#2587=EDGE_CURVE('',#2130,#2131,#865,.T.);
#2588=EDGE_CURVE('',#2131,#2132,#866,.T.);
#2589=EDGE_CURVE('',#2132,#2133,#867,.T.);
#2590=EDGE_CURVE('',#2133,#2134,#868,.T.);
#2591=EDGE_CURVE('',#2134,#2129,#869,.T.);
#2592=EDGE_CURVE('',#2135,#2136,#870,.T.);
#2593=EDGE_CURVE('',#2136,#2137,#871,.T.);
#2594=EDGE_CURVE('',#2137,#2138,#872,.T.);
#2595=EDGE_CURVE('',#2138,#2139,#873,.T.);
#2596=EDGE_CURVE('',#2139,#2140,#874,.T.);
#2597=EDGE_CURVE('',#2140,#2135,#875,.T.);
#2598=EDGE_CURVE('',#2141,#2142,#876,.T.);
#2599=EDGE_CURVE('',#2142,#2143,#877,.T.);
#2600=EDGE_CURVE('',#2143,#2144,#878,.T.);
#2601=EDGE_CURVE('',#2144,#2145,#879,.T.);
#2602=EDGE_CURVE('',#2145,#2146,#880,.T.);
#2603=EDGE_CURVE('',#2146,#2141,#881,.T.);
#2604=EDGE_CURVE('',#1958,#1914,#882,.T.);
#2605=EDGE_CURVE('',#1957,#1915,#883,.T.);
#2606=EDGE_CURVE('',#2147,#2148,#884,.T.);
#2607=EDGE_CURVE('',#2149,#2147,#885,.T.);
#2608=EDGE_CURVE('',#2150,#2149,#886,.T.);
#2609=EDGE_CURVE('',#2148,#2150,#887,.T.);
#2610=EDGE_CURVE('',#2151,#2148,#888,.T.);
#2611=EDGE_CURVE('',#2150,#2152,#889,.T.);
#2612=EDGE_CURVE('',#1963,#2152,#890,.T.);
#2613=EDGE_CURVE('',#1962,#2153,#891,.T.);
#2614=EDGE_CURVE('',#2154,#2153,#892,.T.);
#2615=EDGE_CURVE('',#2151,#2154,#893,.T.);
#2616=EDGE_CURVE('',#2155,#1935,#29,.T.);
#2617=EDGE_CURVE('',#2155,#2156,#894,.T.);
#2618=EDGE_CURVE('',#2157,#2156,#895,.T.);
#2619=EDGE_CURVE('',#2157,#1934,#896,.T.);
#2620=EDGE_CURVE('',#2156,#2158,#897,.T.);
#2621=EDGE_CURVE('',#2159,#2155,#30,.T.);
#2622=EDGE_CURVE('',#2160,#2159,#898,.T.);
#2623=EDGE_CURVE('',#1938,#2160,#31,.T.);
#2624=EDGE_CURVE('',#2158,#1937,#899,.T.);
#2625=EDGE_CURVE('',#2161,#2157,#900,.T.);
#2626=EDGE_CURVE('',#2161,#1936,#901,.T.);
#2627=EDGE_CURVE('',#2158,#2161,#902,.T.);
#2628=EDGE_CURVE('',#1943,#2162,#32,.T.);
#2629=EDGE_CURVE('',#1942,#2163,#903,.T.);
#2630=EDGE_CURVE('',#2164,#2163,#904,.T.);
#2631=EDGE_CURVE('',#2164,#2162,#905,.T.);
#2632=EDGE_CURVE('',#2163,#2165,#906,.T.);
#2633=EDGE_CURVE('',#2165,#1941,#907,.T.);
#2634=EDGE_CURVE('',#2162,#1939,#33,.T.);
#2635=EDGE_CURVE('',#2166,#2164,#908,.T.);
#2636=EDGE_CURVE('',#2166,#1940,#909,.T.);
#2637=EDGE_CURVE('',#2165,#2166,#910,.T.);
#2638=EDGE_CURVE('',#2159,#2160,#146,.T.);
#2639=EDGE_CURVE('',#2167,#2167,#147,.T.);
#2640=EDGE_CURVE('',#2168,#2168,#148,.T.);
#2641=EDGE_CURVE('',#2169,#2170,#911,.T.);
#2642=EDGE_CURVE('',#2170,#1927,#912,.T.);
#2643=EDGE_CURVE('',#1926,#2169,#913,.T.);
#2644=EDGE_CURVE('',#1933,#2171,#914,.T.);
#2645=EDGE_CURVE('',#2171,#1922,#915,.T.);
#2646=EDGE_CURVE('',#2172,#2154,#916,.T.);
#2647=EDGE_CURVE('',#2154,#1930,#917,.T.);
#2648=EDGE_CURVE('',#1929,#2172,#918,.T.);
#2649=EDGE_CURVE('',#1931,#2153,#919,.T.);
#2650=EDGE_CURVE('',#2153,#2173,#920,.T.);
#2651=EDGE_CURVE('',#2173,#1932,#921,.T.);
#2652=EDGE_CURVE('',#2173,#2171,#922,.T.);
#2653=EDGE_CURVE('',#2174,#2172,#923,.T.);
#2654=EDGE_CURVE('',#1928,#2174,#924,.T.);
#2655=EDGE_CURVE('',#2170,#2174,#925,.T.);
#2656=EDGE_CURVE('',#2175,#2169,#926,.T.);
#2657=EDGE_CURVE('',#1925,#2175,#927,.T.);
#2658=EDGE_CURVE('',#2176,#2175,#928,.T.);
#2659=EDGE_CURVE('',#1924,#2176,#929,.T.);
#2660=EDGE_CURVE('',#1954,#2176,#930,.T.);
#2661=EDGE_CURVE('',#1970,#1954,#931,.T.);
#2662=EDGE_CURVE('',#2176,#1969,#932,.T.);
#2663=EDGE_CURVE('',#1959,#1922,#933,.T.);
#2664=EDGE_CURVE('',#2171,#1960,#934,.T.);
#2665=EDGE_CURVE('',#1961,#2173,#935,.T.);
#2666=EDGE_CURVE('',#2167,#1971,#936,.T.);
#2667=EDGE_CURVE('',#1953,#1972,#937,.T.);
#2668=EDGE_CURVE('',#2168,#1973,#938,.T.);
#2669=EDGE_CURVE('',#1952,#1974,#939,.T.);
#2670=EDGE_CURVE('',#2177,#2178,#940,.T.);
#2671=EDGE_CURVE('',#2179,#2177,#941,.T.);
#2672=EDGE_CURVE('',#2180,#2179,#942,.T.);
#2673=EDGE_CURVE('',#2181,#2180,#943,.T.);
#2674=EDGE_CURVE('',#2182,#2181,#944,.T.);
#2675=EDGE_CURVE('',#2183,#2182,#945,.T.);
#2676=EDGE_CURVE('',#2184,#2183,#946,.T.);
#2677=EDGE_CURVE('',#2152,#2184,#947,.T.);
#2678=EDGE_CURVE('',#2185,#2149,#948,.T.);
#2679=EDGE_CURVE('',#2178,#2185,#949,.T.);
#2680=EDGE_CURVE('',#2184,#1964,#950,.T.);
#2681=EDGE_CURVE('',#1965,#2183,#951,.T.);
#2682=EDGE_CURVE('',#2182,#1966,#952,.T.);
#2683=EDGE_CURVE('',#1967,#2169,#953,.T.);
#2684=EDGE_CURVE('',#2181,#2186,#954,.T.);
#2685=EDGE_CURVE('',#2187,#2186,#955,.T.);
#2686=EDGE_CURVE('',#2170,#2187,#956,.T.);
#2687=EDGE_CURVE('',#2188,#2189,#957,.T.);
#2688=EDGE_CURVE('',#2190,#2188,#958,.T.);
#2689=EDGE_CURVE('',#2147,#2190,#959,.T.);
#2690=EDGE_CURVE('',#2151,#2191,#960,.T.);
#2691=EDGE_CURVE('',#2191,#2192,#961,.T.);
#2692=EDGE_CURVE('',#2192,#2187,#962,.T.);
#2693=EDGE_CURVE('',#2193,#2186,#963,.T.);
#2694=EDGE_CURVE('',#2194,#2193,#964,.T.);
#2695=EDGE_CURVE('',#2189,#2194,#965,.T.);
#2696=EDGE_CURVE('',#2185,#2190,#966,.F.);
#2697=EDGE_CURVE('',#2188,#2178,#967,.T.);
#2698=EDGE_CURVE('',#2193,#2180,#968,.T.);
#2699=EDGE_CURVE('',#2194,#2179,#969,.T.);
#2700=EDGE_CURVE('',#2177,#2189,#970,.F.);
#2701=EDGE_CURVE('',#2192,#2174,#971,.T.);
#2702=EDGE_CURVE('',#2172,#2191,#972,.T.);
#2703=EDGE_CURVE('',#1968,#2175,#973,.T.);
#2704=EDGE_CURVE('',#1975,#1951,#974,.T.);
#2705=EDGE_CURVE('',#1981,#1944,#975,.T.);
#2706=EDGE_CURVE('',#1982,#1945,#976,.T.);
#2707=EDGE_CURVE('',#1977,#1949,#977,.T.);
#2708=EDGE_CURVE('',#1978,#1948,#978,.T.);
#2709=EDGE_CURVE('',#1976,#1947,#979,.T.);
#2710=EDGE_CURVE('',#1979,#1950,#980,.T.);
#2711=EDGE_CURVE('',#1980,#1946,#981,.T.);
#2712=EDGE_CURVE('',#2195,#1985,#982,.T.);
#2713=EDGE_CURVE('',#2196,#2195,#983,.T.);
#2714=EDGE_CURVE('',#2196,#1986,#984,.T.);
#2715=EDGE_CURVE('',#2197,#1984,#985,.T.);
#2716=EDGE_CURVE('',#2195,#2197,#986,.T.);
#2717=EDGE_CURVE('',#2198,#1983,#987,.T.);
#2718=EDGE_CURVE('',#2197,#2198,#988,.T.);
#2719=EDGE_CURVE('',#2199,#1988,#989,.T.);
#2720=EDGE_CURVE('',#2198,#2199,#990,.T.);
#2721=EDGE_CURVE('',#2200,#1987,#991,.T.);
#2722=EDGE_CURVE('',#2199,#2200,#992,.T.);
#2723=EDGE_CURVE('',#2200,#2196,#993,.T.);
#2724=EDGE_CURVE('',#2201,#1991,#994,.T.);
#2725=EDGE_CURVE('',#2202,#2201,#995,.T.);
#2726=EDGE_CURVE('',#2202,#1992,#996,.T.);
#2727=EDGE_CURVE('',#2203,#1990,#997,.T.);
#2728=EDGE_CURVE('',#2201,#2203,#998,.T.);
#2729=EDGE_CURVE('',#2204,#1989,#999,.T.);
#2730=EDGE_CURVE('',#2203,#2204,#1000,.T.);
#2731=EDGE_CURVE('',#2205,#1994,#1001,.T.);
#2732=EDGE_CURVE('',#2204,#2205,#1002,.T.);
#2733=EDGE_CURVE('',#2206,#1993,#1003,.T.);
#2734=EDGE_CURVE('',#2205,#2206,#1004,.T.);
#2735=EDGE_CURVE('',#2206,#2202,#1005,.T.);
#2736=EDGE_CURVE('',#2207,#1997,#1006,.T.);
#2737=EDGE_CURVE('',#2208,#2207,#1007,.T.);
#2738=EDGE_CURVE('',#2208,#1998,#1008,.T.);
#2739=EDGE_CURVE('',#2209,#1996,#1009,.T.);
#2740=EDGE_CURVE('',#2207,#2209,#1010,.T.);
#2741=EDGE_CURVE('',#2210,#1995,#1011,.T.);
#2742=EDGE_CURVE('',#2209,#2210,#1012,.T.);
#2743=EDGE_CURVE('',#2211,#2000,#1013,.T.);
#2744=EDGE_CURVE('',#2210,#2211,#1014,.T.);
#2745=EDGE_CURVE('',#2212,#1999,#1015,.T.);
#2746=EDGE_CURVE('',#2211,#2212,#1016,.T.);
#2747=EDGE_CURVE('',#2212,#2208,#1017,.T.);
#2748=EDGE_CURVE('',#2213,#2003,#1018,.T.);
#2749=EDGE_CURVE('',#2214,#2213,#1019,.T.);
#2750=EDGE_CURVE('',#2214,#2004,#1020,.T.);
#2751=EDGE_CURVE('',#2215,#2002,#1021,.T.);
#2752=EDGE_CURVE('',#2213,#2215,#1022,.T.);
#2753=EDGE_CURVE('',#2216,#2001,#1023,.T.);
#2754=EDGE_CURVE('',#2215,#2216,#1024,.T.);
#2755=EDGE_CURVE('',#2217,#2006,#1025,.T.);
#2756=EDGE_CURVE('',#2216,#2217,#1026,.T.);
#2757=EDGE_CURVE('',#2218,#2005,#1027,.T.);
#2758=EDGE_CURVE('',#2217,#2218,#1028,.T.);
#2759=EDGE_CURVE('',#2218,#2214,#1029,.T.);
#2760=EDGE_CURVE('',#2219,#2008,#1030,.T.);
#2761=EDGE_CURVE('',#2220,#2219,#1031,.T.);
#2762=EDGE_CURVE('',#2220,#2009,#1032,.T.);
#2763=EDGE_CURVE('',#2221,#2007,#1033,.T.);
#2764=EDGE_CURVE('',#2219,#2221,#1034,.T.);
#2765=EDGE_CURVE('',#2222,#2220,#1035,.T.);
#2766=EDGE_CURVE('',#2222,#2010,#1036,.T.);
#2767=EDGE_CURVE('',#2223,#2011,#1037,.T.);
#2768=EDGE_CURVE('',#2224,#2223,#1038,.T.);
#2769=EDGE_CURVE('',#2224,#2012,#1039,.T.);
#2770=EDGE_CURVE('',#2225,#2014,#1040,.T.);
#2771=EDGE_CURVE('',#2223,#2225,#1041,.T.);
#2772=EDGE_CURVE('',#2226,#2013,#1042,.T.);
#2773=EDGE_CURVE('',#2225,#2226,#1043,.T.);
#2774=EDGE_CURVE('',#2227,#2017,#1044,.T.);
#2775=EDGE_CURVE('',#2228,#2227,#1045,.T.);
#2776=EDGE_CURVE('',#2228,#2018,#1046,.T.);
#2777=EDGE_CURVE('',#2229,#2016,#1047,.T.);
#2778=EDGE_CURVE('',#2227,#2229,#1048,.T.);
#2779=EDGE_CURVE('',#2230,#2015,#1049,.T.);
#2780=EDGE_CURVE('',#2229,#2230,#1050,.T.);
#2781=EDGE_CURVE('',#2231,#2020,#1051,.T.);
#2782=EDGE_CURVE('',#2230,#2231,#1052,.T.);
#2783=EDGE_CURVE('',#2232,#2019,#1053,.T.);
#2784=EDGE_CURVE('',#2231,#2232,#1054,.T.);
#2785=EDGE_CURVE('',#2233,#2022,#1055,.T.);
#2786=EDGE_CURVE('',#2234,#2233,#1056,.T.);
#2787=EDGE_CURVE('',#2234,#2023,#1057,.T.);
#2788=EDGE_CURVE('',#2235,#2024,#1058,.T.);
#2789=EDGE_CURVE('',#2236,#2235,#1059,.T.);
#2790=EDGE_CURVE('',#2236,#2021,#1060,.T.);
#2791=EDGE_CURVE('',#2235,#2234,#1061,.T.);
#2792=EDGE_CURVE('',#2237,#2237,#149,.T.);
#2793=EDGE_CURVE('',#2237,#2238,#1062,.T.);
#2794=EDGE_CURVE('',#2239,#2238,#150,.T.);
#2795=EDGE_CURVE('',#2239,#2116,#1063,.T.);
#2796=EDGE_CURVE('',#2240,#2115,#1064,.T.);
#2797=EDGE_CURVE('',#2241,#2240,#151,.T.);
#2798=EDGE_CURVE('',#2241,#2096,#1065,.T.);
#2799=EDGE_CURVE('',#2242,#2095,#1066,.T.);
#2800=EDGE_CURVE('',#2232,#2242,#152,.T.);
#2801=EDGE_CURVE('',#2243,#2228,#153,.T.);
#2802=EDGE_CURVE('',#2243,#2030,#1067,.T.);
#2803=EDGE_CURVE('',#2244,#2029,#1068,.T.);
#2804=EDGE_CURVE('',#2245,#2244,#154,.T.);
#2805=EDGE_CURVE('',#2245,#2112,#1069,.T.);
#2806=EDGE_CURVE('',#2246,#2111,#1070,.T.);
#2807=EDGE_CURVE('',#2247,#2246,#155,.T.);
#2808=EDGE_CURVE('',#2247,#2098,#1071,.T.);
#2809=EDGE_CURVE('',#2248,#2103,#1072,.T.);
#2810=EDGE_CURVE('',#2233,#2248,#156,.T.);
#2811=EDGE_CURVE('',#2249,#2236,#157,.T.);
#2812=EDGE_CURVE('',#2249,#2027,#1073,.T.);
#2813=EDGE_CURVE('',#2250,#2026,#1074,.T.);
#2814=EDGE_CURVE('',#2251,#2250,#158,.T.);
#2815=EDGE_CURVE('',#2251,#2045,#1075,.T.);
#2816=EDGE_CURVE('',#2252,#2044,#1076,.T.);
#2817=EDGE_CURVE('',#2253,#2252,#159,.T.);
#2818=EDGE_CURVE('',#2253,#2127,#1077,.T.);
#2819=EDGE_CURVE('',#2254,#2126,#1078,.T.);
#2820=EDGE_CURVE('',#2255,#2254,#160,.T.);
#2821=EDGE_CURVE('',#2255,#2085,#1079,.T.);
#2822=EDGE_CURVE('',#2256,#2084,#1080,.T.);
#2823=EDGE_CURVE('',#2221,#2256,#161,.T.);
#2824=EDGE_CURVE('',#2257,#2222,#162,.T.);
#2825=EDGE_CURVE('',#2257,#2039,#1081,.T.);
#2826=EDGE_CURVE('',#2258,#2042,#1082,.T.);
#2827=EDGE_CURVE('',#2259,#2258,#163,.T.);
#2828=EDGE_CURVE('',#2259,#2122,#1083,.T.);
#2829=EDGE_CURVE('',#2260,#2121,#1084,.T.);
#2830=EDGE_CURVE('',#2261,#2260,#164,.T.);
#2831=EDGE_CURVE('',#2261,#2090,#1085,.T.);
#2832=EDGE_CURVE('',#2262,#2093,#1086,.T.);
#2833=EDGE_CURVE('',#2226,#2262,#165,.T.);
#2834=EDGE_CURVE('',#2238,#2224,#166,.T.);
#2835=EDGE_CURVE('',#2263,#2025,#1087,.T.);
#2836=EDGE_CURVE('',#2250,#2263,#1088,.T.);
#2837=EDGE_CURVE('',#2264,#2028,#1089,.T.);
#2838=EDGE_CURVE('',#2263,#2264,#1090,.T.);
#2839=EDGE_CURVE('',#2264,#2249,#1091,.T.);
#2840=EDGE_CURVE('',#2265,#2243,#1092,.T.);
#2841=EDGE_CURVE('',#2265,#2031,#1093,.T.);
#2842=EDGE_CURVE('',#2266,#2032,#1094,.T.);
#2843=EDGE_CURVE('',#2244,#2266,#1095,.T.);
#2844=EDGE_CURVE('',#2266,#2265,#1096,.T.);
#2845=EDGE_CURVE('',#2267,#2035,#1097,.T.);
#2846=EDGE_CURVE('',#2268,#2267,#1098,.T.);
#2847=EDGE_CURVE('',#2268,#2036,#1099,.T.);
#2848=EDGE_CURVE('',#2269,#2034,#1100,.T.);
#2849=EDGE_CURVE('',#2267,#2269,#1101,.T.);
#2850=EDGE_CURVE('',#2270,#2033,#1102,.T.);
#2851=EDGE_CURVE('',#2269,#2270,#1103,.T.);
#2852=EDGE_CURVE('',#2271,#2038,#1104,.T.);
#2853=EDGE_CURVE('',#2270,#2271,#1105,.T.);
#2854=EDGE_CURVE('',#2272,#2037,#1106,.T.);
#2855=EDGE_CURVE('',#2271,#2272,#1107,.T.);
#2856=EDGE_CURVE('',#2272,#2268,#1108,.T.);
#2857=EDGE_CURVE('',#2273,#2040,#1109,.T.);
#2858=EDGE_CURVE('',#2274,#2273,#1110,.T.);
#2859=EDGE_CURVE('',#2274,#2041,#1111,.T.);
#2860=EDGE_CURVE('',#2273,#2257,#1112,.T.);
#2861=EDGE_CURVE('',#2258,#2274,#1113,.T.);
#2862=EDGE_CURVE('',#2275,#2043,#1114,.T.);
#2863=EDGE_CURVE('',#2252,#2275,#1115,.T.);
#2864=EDGE_CURVE('',#2276,#2046,#1116,.T.);
#2865=EDGE_CURVE('',#2275,#2276,#1117,.T.);
#2866=EDGE_CURVE('',#2276,#2251,#1118,.T.);
#2867=EDGE_CURVE('',#2277,#2049,#1119,.T.);
#2868=EDGE_CURVE('',#2278,#2277,#1120,.T.);
#2869=EDGE_CURVE('',#2278,#2050,#1121,.T.);
#2870=EDGE_CURVE('',#2279,#2048,#1122,.T.);
#2871=EDGE_CURVE('',#2277,#2279,#1123,.T.);
#2872=EDGE_CURVE('',#2280,#2047,#1124,.T.);
#2873=EDGE_CURVE('',#2279,#2280,#1125,.T.);
#2874=EDGE_CURVE('',#2281,#2052,#1126,.T.);
#2875=EDGE_CURVE('',#2280,#2281,#1127,.T.);
#2876=EDGE_CURVE('',#2282,#2051,#1128,.T.);
#2877=EDGE_CURVE('',#2281,#2282,#1129,.T.);
#2878=EDGE_CURVE('',#2282,#2278,#1130,.T.);
#2879=EDGE_CURVE('',#2283,#2055,#1131,.T.);
#2880=EDGE_CURVE('',#2284,#2283,#1132,.T.);
#2881=EDGE_CURVE('',#2284,#2056,#1133,.T.);
#2882=EDGE_CURVE('',#2285,#2054,#1134,.T.);
#2883=EDGE_CURVE('',#2283,#2285,#1135,.T.);
#2884=EDGE_CURVE('',#2286,#2053,#1136,.T.);
#2885=EDGE_CURVE('',#2285,#2286,#1137,.T.);
#2886=EDGE_CURVE('',#2287,#2058,#1138,.T.);
#2887=EDGE_CURVE('',#2286,#2287,#1139,.T.);
#2888=EDGE_CURVE('',#2288,#2057,#1140,.T.);
#2889=EDGE_CURVE('',#2287,#2288,#1141,.T.);
#2890=EDGE_CURVE('',#2288,#2284,#1142,.T.);
#2891=EDGE_CURVE('',#2289,#2061,#1143,.T.);
#2892=EDGE_CURVE('',#2290,#2289,#1144,.T.);
#2893=EDGE_CURVE('',#2290,#2062,#1145,.T.);
#2894=EDGE_CURVE('',#2291,#2060,#1146,.T.);
#2895=EDGE_CURVE('',#2289,#2291,#1147,.T.);
#2896=EDGE_CURVE('',#2292,#2059,#1148,.T.);
#2897=EDGE_CURVE('',#2291,#2292,#1149,.T.);
#2898=EDGE_CURVE('',#2293,#2064,#1150,.T.);
#2899=EDGE_CURVE('',#2292,#2293,#1151,.T.);
#2900=EDGE_CURVE('',#2294,#2063,#1152,.T.);
#2901=EDGE_CURVE('',#2293,#2294,#1153,.T.);
#2902=EDGE_CURVE('',#2294,#2290,#1154,.T.);
#2903=EDGE_CURVE('',#2295,#2067,#1155,.T.);
#2904=EDGE_CURVE('',#2296,#2295,#1156,.T.);
#2905=EDGE_CURVE('',#2296,#2068,#1157,.T.);
#2906=EDGE_CURVE('',#2297,#2066,#1158,.T.);
#2907=EDGE_CURVE('',#2295,#2297,#1159,.T.);
#2908=EDGE_CURVE('',#2298,#2065,#1160,.T.);
#2909=EDGE_CURVE('',#2297,#2298,#1161,.T.);
#2910=EDGE_CURVE('',#2299,#2070,#1162,.T.);
#2911=EDGE_CURVE('',#2298,#2299,#1163,.T.);
#2912=EDGE_CURVE('',#2300,#2069,#1164,.T.);
#2913=EDGE_CURVE('',#2299,#2300,#1165,.T.);
#2914=EDGE_CURVE('',#2300,#2296,#1166,.T.);
#2915=EDGE_CURVE('',#2301,#2073,#1167,.T.);
#2916=EDGE_CURVE('',#2302,#2301,#1168,.T.);
#2917=EDGE_CURVE('',#2302,#2074,#1169,.T.);
#2918=EDGE_CURVE('',#2303,#2072,#1170,.T.);
#2919=EDGE_CURVE('',#2301,#2303,#1171,.T.);
#2920=EDGE_CURVE('',#2304,#2071,#1172,.T.);
#2921=EDGE_CURVE('',#2303,#2304,#1173,.T.);
#2922=EDGE_CURVE('',#2305,#2076,#1174,.T.);
#2923=EDGE_CURVE('',#2304,#2305,#1175,.T.);
#2924=EDGE_CURVE('',#2306,#2075,#1176,.T.);
#2925=EDGE_CURVE('',#2305,#2306,#1177,.T.);
#2926=EDGE_CURVE('',#2306,#2302,#1178,.T.);
#2927=EDGE_CURVE('',#2307,#2079,#1179,.T.);
#2928=EDGE_CURVE('',#2308,#2307,#1180,.T.);
#2929=EDGE_CURVE('',#2308,#2080,#1181,.T.);
#2930=EDGE_CURVE('',#2309,#2078,#1182,.T.);
#2931=EDGE_CURVE('',#2307,#2309,#1183,.T.);
#2932=EDGE_CURVE('',#2310,#2077,#1184,.T.);
#2933=EDGE_CURVE('',#2309,#2310,#1185,.T.);
#2934=EDGE_CURVE('',#2311,#2082,#1186,.T.);
#2935=EDGE_CURVE('',#2310,#2311,#1187,.T.);
#2936=EDGE_CURVE('',#2312,#2081,#1188,.T.);
#2937=EDGE_CURVE('',#2311,#2312,#1189,.T.);
#2938=EDGE_CURVE('',#2312,#2308,#1190,.T.);
#2939=EDGE_CURVE('',#2313,#2086,#1191,.T.);
#2940=EDGE_CURVE('',#2314,#2313,#1192,.T.);
#2941=EDGE_CURVE('',#2314,#2087,#1193,.T.);
#2942=EDGE_CURVE('',#2313,#2255,#1194,.T.);
#2943=EDGE_CURVE('',#2315,#2083,#1195,.T.);
#2944=EDGE_CURVE('',#2256,#2315,#1196,.T.);
#2945=EDGE_CURVE('',#2316,#2089,#1197,.T.);
#2946=EDGE_CURVE('',#2315,#2316,#1198,.T.);
#2947=EDGE_CURVE('',#2317,#2088,#1199,.T.);
#2948=EDGE_CURVE('',#2316,#2317,#1200,.T.);
#2949=EDGE_CURVE('',#2317,#2314,#1201,.T.);
#2950=EDGE_CURVE('',#2318,#2091,#1202,.T.);
#2951=EDGE_CURVE('',#2319,#2318,#1203,.T.);
#2952=EDGE_CURVE('',#2319,#2092,#1204,.T.);
#2953=EDGE_CURVE('',#2318,#2261,#1205,.T.);
#2954=EDGE_CURVE('',#2262,#2319,#1206,.T.);
#2955=EDGE_CURVE('',#2320,#2094,#1207,.T.);
#2956=EDGE_CURVE('',#2242,#2320,#1208,.T.);
#2957=EDGE_CURVE('',#2321,#2097,#1209,.T.);
#2958=EDGE_CURVE('',#2320,#2321,#1210,.T.);
#2959=EDGE_CURVE('',#2321,#2241,#1211,.T.);
#2960=EDGE_CURVE('',#2322,#2100,#1212,.T.);
#2961=EDGE_CURVE('',#2323,#2322,#1213,.T.);
#2962=EDGE_CURVE('',#2323,#2101,#1214,.T.);
#2963=EDGE_CURVE('',#2324,#2099,#1215,.T.);
#2964=EDGE_CURVE('',#2322,#2324,#1216,.T.);
#2965=EDGE_CURVE('',#2324,#2247,#1217,.T.);
#2966=EDGE_CURVE('',#2325,#2102,#1218,.T.);
#2967=EDGE_CURVE('',#2248,#2325,#1219,.T.);
#2968=EDGE_CURVE('',#2325,#2323,#1220,.T.);
#2969=EDGE_CURVE('',#2326,#2106,#1221,.T.);
#2970=EDGE_CURVE('',#2327,#2326,#1222,.T.);
#2971=EDGE_CURVE('',#2327,#2107,#1223,.T.);
#2972=EDGE_CURVE('',#2328,#2105,#1224,.T.);
#2973=EDGE_CURVE('',#2326,#2328,#1225,.T.);
#2974=EDGE_CURVE('',#2329,#2104,#1226,.T.);
#2975=EDGE_CURVE('',#2328,#2329,#1227,.T.);
#2976=EDGE_CURVE('',#2330,#2109,#1228,.T.);
#2977=EDGE_CURVE('',#2329,#2330,#1229,.T.);
#2978=EDGE_CURVE('',#2331,#2108,#1230,.T.);
#2979=EDGE_CURVE('',#2330,#2331,#1231,.T.);
#2980=EDGE_CURVE('',#2331,#2327,#1232,.T.);
#2981=EDGE_CURVE('',#2332,#2110,#1233,.T.);
#2982=EDGE_CURVE('',#2246,#2332,#1234,.T.);
#2983=EDGE_CURVE('',#2333,#2113,#1235,.T.);
#2984=EDGE_CURVE('',#2332,#2333,#1236,.T.);
#2985=EDGE_CURVE('',#2333,#2245,#1237,.T.);
#2986=EDGE_CURVE('',#2334,#2114,#1238,.T.);
#2987=EDGE_CURVE('',#2240,#2334,#1239,.T.);
#2988=EDGE_CURVE('',#2335,#2117,#1240,.T.);
#2989=EDGE_CURVE('',#2334,#2335,#1241,.T.);
#2990=EDGE_CURVE('',#2335,#2239,#1242,.T.);
#2991=EDGE_CURVE('',#2336,#2120,#1243,.T.);
#2992=EDGE_CURVE('',#2260,#2336,#1244,.T.);
#2993=EDGE_CURVE('',#2337,#2119,#1245,.T.);
#2994=EDGE_CURVE('',#2336,#2337,#1246,.T.);
#2995=EDGE_CURVE('',#2338,#2118,#1247,.T.);
#2996=EDGE_CURVE('',#2337,#2338,#1248,.T.);
#2997=EDGE_CURVE('',#2339,#2124,#1249,.T.);
#2998=EDGE_CURVE('',#2338,#2339,#1250,.T.);
#2999=EDGE_CURVE('',#2340,#2123,#1251,.T.);
#3000=EDGE_CURVE('',#2339,#2340,#1252,.T.);
#3001=EDGE_CURVE('',#2340,#2259,#1253,.T.);
#3002=EDGE_CURVE('',#2341,#2125,#1254,.T.);
#3003=EDGE_CURVE('',#2254,#2341,#1255,.T.);
#3004=EDGE_CURVE('',#2342,#2128,#1256,.T.);
#3005=EDGE_CURVE('',#2341,#2342,#1257,.T.);
#3006=EDGE_CURVE('',#2342,#2253,#1258,.T.);
#3007=EDGE_CURVE('',#2343,#2131,#1259,.T.);
#3008=EDGE_CURVE('',#2344,#2343,#1260,.T.);
#3009=EDGE_CURVE('',#2344,#2132,#1261,.T.);
#3010=EDGE_CURVE('',#2345,#2130,#1262,.T.);
#3011=EDGE_CURVE('',#2343,#2345,#1263,.T.);
#3012=EDGE_CURVE('',#2346,#2129,#1264,.T.);
#3013=EDGE_CURVE('',#2345,#2346,#1265,.T.);
#3014=EDGE_CURVE('',#2347,#2134,#1266,.T.);
#3015=EDGE_CURVE('',#2346,#2347,#1267,.T.);
#3016=EDGE_CURVE('',#2348,#2133,#1268,.T.);
#3017=EDGE_CURVE('',#2347,#2348,#1269,.T.);
#3018=EDGE_CURVE('',#2348,#2344,#1270,.T.);
#3019=EDGE_CURVE('',#2349,#2137,#1271,.T.);
#3020=EDGE_CURVE('',#2350,#2349,#1272,.T.);
#3021=EDGE_CURVE('',#2350,#2138,#1273,.T.);
#3022=EDGE_CURVE('',#2351,#2136,#1274,.T.);
#3023=EDGE_CURVE('',#2349,#2351,#1275,.T.);
#3024=EDGE_CURVE('',#2352,#2135,#1276,.T.);
#3025=EDGE_CURVE('',#2351,#2352,#1277,.T.);
#3026=EDGE_CURVE('',#2353,#2140,#1278,.T.);
#3027=EDGE_CURVE('',#2352,#2353,#1279,.T.);
#3028=EDGE_CURVE('',#2354,#2139,#1280,.T.);
#3029=EDGE_CURVE('',#2353,#2354,#1281,.T.);
#3030=EDGE_CURVE('',#2354,#2350,#1282,.T.);
#3031=EDGE_CURVE('',#2355,#2143,#1283,.T.);
#3032=EDGE_CURVE('',#2356,#2355,#1284,.T.);
#3033=EDGE_CURVE('',#2356,#2144,#1285,.T.);
#3034=EDGE_CURVE('',#2357,#2142,#1286,.T.);
#3035=EDGE_CURVE('',#2355,#2357,#1287,.T.);
#3036=EDGE_CURVE('',#2358,#2141,#1288,.T.);
#3037=EDGE_CURVE('',#2357,#2358,#1289,.T.);
#3038=EDGE_CURVE('',#2359,#2146,#1290,.T.);
#3039=EDGE_CURVE('',#2358,#2359,#1291,.T.);
#3040=EDGE_CURVE('',#2360,#2145,#1292,.T.);
#3041=EDGE_CURVE('',#2359,#2360,#1293,.T.);
#3042=EDGE_CURVE('',#2360,#2356,#1294,.T.);
#3043=ORIENTED_EDGE('',*,*,#2361,.T.);
#3044=ORIENTED_EDGE('',*,*,#2362,.T.);
#3045=ORIENTED_EDGE('',*,*,#2363,.T.);
#3046=ORIENTED_EDGE('',*,*,#2364,.T.);
#3047=ORIENTED_EDGE('',*,*,#2365,.T.);
#3048=ORIENTED_EDGE('',*,*,#2366,.T.);
#3049=ORIENTED_EDGE('',*,*,#2365,.F.);
#3050=ORIENTED_EDGE('',*,*,#2367,.T.);
#3051=ORIENTED_EDGE('',*,*,#2368,.T.);
#3052=ORIENTED_EDGE('',*,*,#2369,.T.);
#3053=ORIENTED_EDGE('',*,*,#2370,.T.);
#3054=ORIENTED_EDGE('',*,*,#2371,.T.);
#3055=ORIENTED_EDGE('',*,*,#2372,.T.);
#3056=ORIENTED_EDGE('',*,*,#2368,.F.);
#3057=ORIENTED_EDGE('',*,*,#2362,.F.);
#3058=ORIENTED_EDGE('',*,*,#2373,.F.);
#3059=ORIENTED_EDGE('',*,*,#2374,.T.);
#3060=ORIENTED_EDGE('',*,*,#2375,.T.);
#3061=ORIENTED_EDGE('',*,*,#2361,.F.);
#3062=ORIENTED_EDGE('',*,*,#2366,.F.);
#3063=ORIENTED_EDGE('',*,*,#2372,.F.);
#3064=ORIENTED_EDGE('',*,*,#2376,.F.);
#3065=ORIENTED_EDGE('',*,*,#2377,.F.);
#3066=ORIENTED_EDGE('',*,*,#2378,.F.);
#3067=ORIENTED_EDGE('',*,*,#2379,.F.);
#3068=ORIENTED_EDGE('',*,*,#2380,.F.);
#3069=ORIENTED_EDGE('',*,*,#2381,.F.);
#3070=ORIENTED_EDGE('',*,*,#2382,.F.);
#3071=ORIENTED_EDGE('',*,*,#2383,.F.);
#3072=ORIENTED_EDGE('',*,*,#2384,.F.);
#3073=ORIENTED_EDGE('',*,*,#2385,.F.);
#3074=ORIENTED_EDGE('',*,*,#2386,.F.);
#3075=ORIENTED_EDGE('',*,*,#2387,.F.);
#3076=ORIENTED_EDGE('',*,*,#2373,.T.);
#3077=ORIENTED_EDGE('',*,*,#2388,.F.);
#3078=ORIENTED_EDGE('',*,*,#2389,.F.);
#3079=ORIENTED_EDGE('',*,*,#2390,.F.);
#3080=ORIENTED_EDGE('',*,*,#2391,.F.);
#3081=ORIENTED_EDGE('',*,*,#2392,.F.);
#3082=ORIENTED_EDGE('',*,*,#2393,.F.);
#3083=ORIENTED_EDGE('',*,*,#2394,.F.);
#3084=ORIENTED_EDGE('',*,*,#2395,.F.);
#3085=ORIENTED_EDGE('',*,*,#2396,.F.);
#3086=ORIENTED_EDGE('',*,*,#2397,.F.);
#3087=ORIENTED_EDGE('',*,*,#2398,.T.);
#3088=ORIENTED_EDGE('',*,*,#2399,.T.);
#3089=ORIENTED_EDGE('',*,*,#2400,.T.);
#3090=ORIENTED_EDGE('',*,*,#2401,.T.);
#3091=ORIENTED_EDGE('',*,*,#2402,.T.);
#3092=ORIENTED_EDGE('',*,*,#2403,.T.);
#3093=ORIENTED_EDGE('',*,*,#2404,.T.);
#3094=ORIENTED_EDGE('',*,*,#2405,.T.);
#3095=ORIENTED_EDGE('',*,*,#2406,.T.);
#3096=ORIENTED_EDGE('',*,*,#2407,.T.);
#3097=ORIENTED_EDGE('',*,*,#2371,.F.);
#3098=ORIENTED_EDGE('',*,*,#2408,.T.);
#3099=ORIENTED_EDGE('',*,*,#2409,.F.);
#3100=ORIENTED_EDGE('',*,*,#2376,.T.);
#3101=ORIENTED_EDGE('',*,*,#2369,.F.);
#3102=ORIENTED_EDGE('',*,*,#2410,.T.);
#3103=ORIENTED_EDGE('',*,*,#2411,.T.);
#3104=ORIENTED_EDGE('',*,*,#2412,.T.);
#3105=ORIENTED_EDGE('',*,*,#2411,.F.);
#3106=ORIENTED_EDGE('',*,*,#2413,.F.);
#3107=ORIENTED_EDGE('',*,*,#2414,.F.);
#3108=ORIENTED_EDGE('',*,*,#2415,.T.);
#3109=ORIENTED_EDGE('',*,*,#2416,.T.);
#3110=ORIENTED_EDGE('',*,*,#2417,.T.);
#3111=ORIENTED_EDGE('',*,*,#2418,.T.);
#3112=ORIENTED_EDGE('',*,*,#2419,.T.);
#3113=ORIENTED_EDGE('',*,*,#2420,.F.);
#3114=ORIENTED_EDGE('',*,*,#2421,.T.);
#3115=ORIENTED_EDGE('',*,*,#2422,.F.);
#3116=ORIENTED_EDGE('',*,*,#2423,.T.);
#3117=ORIENTED_EDGE('',*,*,#2424,.T.);
#3118=ORIENTED_EDGE('',*,*,#2425,.T.);
#3119=ORIENTED_EDGE('',*,*,#2426,.T.);
#3120=ORIENTED_EDGE('',*,*,#2427,.T.);
#3121=ORIENTED_EDGE('',*,*,#2428,.T.);
#3122=ORIENTED_EDGE('',*,*,#2429,.T.);
#3123=ORIENTED_EDGE('',*,*,#2430,.T.);
#3124=ORIENTED_EDGE('',*,*,#2431,.T.);
#3125=ORIENTED_EDGE('',*,*,#2432,.T.);
#3126=ORIENTED_EDGE('',*,*,#2433,.T.);
#3127=ORIENTED_EDGE('',*,*,#2434,.T.);
#3128=ORIENTED_EDGE('',*,*,#2435,.T.);
#3129=ORIENTED_EDGE('',*,*,#2436,.T.);
#3130=ORIENTED_EDGE('',*,*,#2437,.T.);
#3131=ORIENTED_EDGE('',*,*,#2438,.T.);
#3132=ORIENTED_EDGE('',*,*,#2439,.T.);
#3133=ORIENTED_EDGE('',*,*,#2440,.T.);
#3134=ORIENTED_EDGE('',*,*,#2441,.T.);
#3135=ORIENTED_EDGE('',*,*,#2442,.T.);
#3136=ORIENTED_EDGE('',*,*,#2443,.T.);
#3137=ORIENTED_EDGE('',*,*,#2444,.T.);
#3138=ORIENTED_EDGE('',*,*,#2445,.T.);
#3139=ORIENTED_EDGE('',*,*,#2446,.T.);
#3140=ORIENTED_EDGE('',*,*,#2447,.T.);
#3141=ORIENTED_EDGE('',*,*,#2448,.T.);
#3142=ORIENTED_EDGE('',*,*,#2449,.T.);
#3143=ORIENTED_EDGE('',*,*,#2450,.T.);
#3144=ORIENTED_EDGE('',*,*,#2451,.T.);
#3145=ORIENTED_EDGE('',*,*,#2452,.T.);
#3146=ORIENTED_EDGE('',*,*,#2453,.T.);
#3147=ORIENTED_EDGE('',*,*,#2454,.T.);
#3148=ORIENTED_EDGE('',*,*,#2455,.T.);
#3149=ORIENTED_EDGE('',*,*,#2456,.T.);
#3150=ORIENTED_EDGE('',*,*,#2457,.T.);
#3151=ORIENTED_EDGE('',*,*,#2458,.T.);
#3152=ORIENTED_EDGE('',*,*,#2459,.T.);
#3153=ORIENTED_EDGE('',*,*,#2460,.T.);
#3154=ORIENTED_EDGE('',*,*,#2461,.T.);
#3155=ORIENTED_EDGE('',*,*,#2462,.T.);
#3156=ORIENTED_EDGE('',*,*,#2463,.T.);
#3157=ORIENTED_EDGE('',*,*,#2464,.T.);
#3158=ORIENTED_EDGE('',*,*,#2465,.T.);
#3159=ORIENTED_EDGE('',*,*,#2466,.T.);
#3160=ORIENTED_EDGE('',*,*,#2467,.T.);
#3161=ORIENTED_EDGE('',*,*,#2468,.T.);
#3162=ORIENTED_EDGE('',*,*,#2469,.T.);
#3163=ORIENTED_EDGE('',*,*,#2470,.T.);
#3164=ORIENTED_EDGE('',*,*,#2471,.T.);
#3165=ORIENTED_EDGE('',*,*,#2472,.T.);
#3166=ORIENTED_EDGE('',*,*,#2473,.T.);
#3167=ORIENTED_EDGE('',*,*,#2474,.T.);
#3168=ORIENTED_EDGE('',*,*,#2475,.T.);
#3169=ORIENTED_EDGE('',*,*,#2476,.T.);
#3170=ORIENTED_EDGE('',*,*,#2477,.T.);
#3171=ORIENTED_EDGE('',*,*,#2478,.T.);
#3172=ORIENTED_EDGE('',*,*,#2479,.T.);
#3173=ORIENTED_EDGE('',*,*,#2480,.T.);
#3174=ORIENTED_EDGE('',*,*,#2481,.T.);
#3175=ORIENTED_EDGE('',*,*,#2482,.T.);
#3176=ORIENTED_EDGE('',*,*,#2483,.T.);
#3177=ORIENTED_EDGE('',*,*,#2484,.T.);
#3178=ORIENTED_EDGE('',*,*,#2485,.T.);
#3179=ORIENTED_EDGE('',*,*,#2486,.T.);
#3180=ORIENTED_EDGE('',*,*,#2487,.T.);
#3181=ORIENTED_EDGE('',*,*,#2488,.T.);
#3182=ORIENTED_EDGE('',*,*,#2489,.T.);
#3183=ORIENTED_EDGE('',*,*,#2490,.T.);
#3184=ORIENTED_EDGE('',*,*,#2491,.T.);
#3185=ORIENTED_EDGE('',*,*,#2492,.T.);
#3186=ORIENTED_EDGE('',*,*,#2493,.T.);
#3187=ORIENTED_EDGE('',*,*,#2494,.T.);
#3188=ORIENTED_EDGE('',*,*,#2495,.T.);
#3189=ORIENTED_EDGE('',*,*,#2496,.T.);
#3190=ORIENTED_EDGE('',*,*,#2497,.T.);
#3191=ORIENTED_EDGE('',*,*,#2498,.T.);
#3192=ORIENTED_EDGE('',*,*,#2499,.T.);
#3193=ORIENTED_EDGE('',*,*,#2500,.T.);
#3194=ORIENTED_EDGE('',*,*,#2501,.T.);
#3195=ORIENTED_EDGE('',*,*,#2502,.T.);
#3196=ORIENTED_EDGE('',*,*,#2503,.T.);
#3197=ORIENTED_EDGE('',*,*,#2504,.T.);
#3198=ORIENTED_EDGE('',*,*,#2505,.T.);
#3199=ORIENTED_EDGE('',*,*,#2506,.T.);
#3200=ORIENTED_EDGE('',*,*,#2507,.T.);
#3201=ORIENTED_EDGE('',*,*,#2508,.T.);
#3202=ORIENTED_EDGE('',*,*,#2509,.T.);
#3203=ORIENTED_EDGE('',*,*,#2510,.T.);
#3204=ORIENTED_EDGE('',*,*,#2511,.T.);
#3205=ORIENTED_EDGE('',*,*,#2512,.T.);
#3206=ORIENTED_EDGE('',*,*,#2513,.T.);
#3207=ORIENTED_EDGE('',*,*,#2514,.T.);
#3208=ORIENTED_EDGE('',*,*,#2515,.T.);
#3209=ORIENTED_EDGE('',*,*,#2516,.T.);
#3210=ORIENTED_EDGE('',*,*,#2517,.T.);
#3211=ORIENTED_EDGE('',*,*,#2518,.T.);
#3212=ORIENTED_EDGE('',*,*,#2519,.T.);
#3213=ORIENTED_EDGE('',*,*,#2520,.T.);
#3214=ORIENTED_EDGE('',*,*,#2521,.T.);
#3215=ORIENTED_EDGE('',*,*,#2522,.T.);
#3216=ORIENTED_EDGE('',*,*,#2523,.T.);
#3217=ORIENTED_EDGE('',*,*,#2524,.T.);
#3218=ORIENTED_EDGE('',*,*,#2525,.T.);
#3219=ORIENTED_EDGE('',*,*,#2526,.T.);
#3220=ORIENTED_EDGE('',*,*,#2527,.T.);
#3221=ORIENTED_EDGE('',*,*,#2528,.T.);
#3222=ORIENTED_EDGE('',*,*,#2529,.T.);
#3223=ORIENTED_EDGE('',*,*,#2530,.T.);
#3224=ORIENTED_EDGE('',*,*,#2531,.T.);
#3225=ORIENTED_EDGE('',*,*,#2532,.T.);
#3226=ORIENTED_EDGE('',*,*,#2533,.T.);
#3227=ORIENTED_EDGE('',*,*,#2534,.T.);
#3228=ORIENTED_EDGE('',*,*,#2535,.T.);
#3229=ORIENTED_EDGE('',*,*,#2536,.T.);
#3230=ORIENTED_EDGE('',*,*,#2537,.T.);
#3231=ORIENTED_EDGE('',*,*,#2538,.T.);
#3232=ORIENTED_EDGE('',*,*,#2539,.T.);
#3233=ORIENTED_EDGE('',*,*,#2540,.T.);
#3234=ORIENTED_EDGE('',*,*,#2541,.T.);
#3235=ORIENTED_EDGE('',*,*,#2542,.T.);
#3236=ORIENTED_EDGE('',*,*,#2543,.T.);
#3237=ORIENTED_EDGE('',*,*,#2544,.T.);
#3238=ORIENTED_EDGE('',*,*,#2545,.T.);
#3239=ORIENTED_EDGE('',*,*,#2546,.T.);
#3240=ORIENTED_EDGE('',*,*,#2547,.T.);
#3241=ORIENTED_EDGE('',*,*,#2548,.T.);
#3242=ORIENTED_EDGE('',*,*,#2549,.T.);
#3243=ORIENTED_EDGE('',*,*,#2550,.T.);
#3244=ORIENTED_EDGE('',*,*,#2551,.T.);
#3245=ORIENTED_EDGE('',*,*,#2552,.T.);
#3246=ORIENTED_EDGE('',*,*,#2553,.T.);
#3247=ORIENTED_EDGE('',*,*,#2554,.T.);
#3248=ORIENTED_EDGE('',*,*,#2555,.T.);
#3249=ORIENTED_EDGE('',*,*,#2556,.T.);
#3250=ORIENTED_EDGE('',*,*,#2557,.T.);
#3251=ORIENTED_EDGE('',*,*,#2558,.T.);
#3252=ORIENTED_EDGE('',*,*,#2559,.T.);
#3253=ORIENTED_EDGE('',*,*,#2560,.T.);
#3254=ORIENTED_EDGE('',*,*,#2561,.T.);
#3255=ORIENTED_EDGE('',*,*,#2562,.T.);
#3256=ORIENTED_EDGE('',*,*,#2563,.T.);
#3257=ORIENTED_EDGE('',*,*,#2564,.T.);
#3258=ORIENTED_EDGE('',*,*,#2565,.T.);
#3259=ORIENTED_EDGE('',*,*,#2566,.T.);
#3260=ORIENTED_EDGE('',*,*,#2567,.T.);
#3261=ORIENTED_EDGE('',*,*,#2568,.T.);
#3262=ORIENTED_EDGE('',*,*,#2569,.T.);
#3263=ORIENTED_EDGE('',*,*,#2570,.T.);
#3264=ORIENTED_EDGE('',*,*,#2571,.T.);
#3265=ORIENTED_EDGE('',*,*,#2572,.T.);
#3266=ORIENTED_EDGE('',*,*,#2573,.T.);
#3267=ORIENTED_EDGE('',*,*,#2574,.T.);
#3268=ORIENTED_EDGE('',*,*,#2575,.T.);
#3269=ORIENTED_EDGE('',*,*,#2576,.T.);
#3270=ORIENTED_EDGE('',*,*,#2577,.T.);
#3271=ORIENTED_EDGE('',*,*,#2578,.T.);
#3272=ORIENTED_EDGE('',*,*,#2579,.T.);
#3273=ORIENTED_EDGE('',*,*,#2580,.T.);
#3274=ORIENTED_EDGE('',*,*,#2581,.T.);
#3275=ORIENTED_EDGE('',*,*,#2582,.T.);
#3276=ORIENTED_EDGE('',*,*,#2583,.T.);
#3277=ORIENTED_EDGE('',*,*,#2584,.T.);
#3278=ORIENTED_EDGE('',*,*,#2585,.T.);
#3279=ORIENTED_EDGE('',*,*,#2586,.T.);
#3280=ORIENTED_EDGE('',*,*,#2587,.T.);
#3281=ORIENTED_EDGE('',*,*,#2588,.T.);
#3282=ORIENTED_EDGE('',*,*,#2589,.T.);
#3283=ORIENTED_EDGE('',*,*,#2590,.T.);
#3284=ORIENTED_EDGE('',*,*,#2591,.T.);
#3285=ORIENTED_EDGE('',*,*,#2592,.T.);
#3286=ORIENTED_EDGE('',*,*,#2593,.T.);
#3287=ORIENTED_EDGE('',*,*,#2594,.T.);
#3288=ORIENTED_EDGE('',*,*,#2595,.T.);
#3289=ORIENTED_EDGE('',*,*,#2596,.T.);
#3290=ORIENTED_EDGE('',*,*,#2597,.T.);
#3291=ORIENTED_EDGE('',*,*,#2598,.T.);
#3292=ORIENTED_EDGE('',*,*,#2599,.T.);
#3293=ORIENTED_EDGE('',*,*,#2600,.T.);
#3294=ORIENTED_EDGE('',*,*,#2601,.T.);
#3295=ORIENTED_EDGE('',*,*,#2602,.T.);
#3296=ORIENTED_EDGE('',*,*,#2603,.T.);
#3297=ORIENTED_EDGE('',*,*,#2364,.F.);
#3298=ORIENTED_EDGE('',*,*,#2604,.F.);
#3299=ORIENTED_EDGE('',*,*,#2414,.T.);
#3300=ORIENTED_EDGE('',*,*,#2605,.T.);
#3301=ORIENTED_EDGE('',*,*,#2367,.F.);
#3302=ORIENTED_EDGE('',*,*,#2605,.F.);
#3303=ORIENTED_EDGE('',*,*,#2413,.T.);
#3304=ORIENTED_EDGE('',*,*,#2410,.F.);
#3305=ORIENTED_EDGE('',*,*,#2606,.F.);
#3306=ORIENTED_EDGE('',*,*,#2607,.F.);
#3307=ORIENTED_EDGE('',*,*,#2608,.F.);
#3308=ORIENTED_EDGE('',*,*,#2609,.F.);
#3309=ORIENTED_EDGE('',*,*,#2610,.T.);
#3310=ORIENTED_EDGE('',*,*,#2609,.T.);
#3311=ORIENTED_EDGE('',*,*,#2611,.T.);
#3312=ORIENTED_EDGE('',*,*,#2612,.F.);
#3313=ORIENTED_EDGE('',*,*,#2419,.F.);
#3314=ORIENTED_EDGE('',*,*,#2613,.T.);
#3315=ORIENTED_EDGE('',*,*,#2614,.F.);
#3316=ORIENTED_EDGE('',*,*,#2615,.F.);
#3317=ORIENTED_EDGE('',*,*,#2388,.T.);
#3318=ORIENTED_EDGE('',*,*,#2616,.F.);
#3319=ORIENTED_EDGE('',*,*,#2617,.T.);
#3320=ORIENTED_EDGE('',*,*,#2618,.F.);
#3321=ORIENTED_EDGE('',*,*,#2619,.T.);
#3322=ORIENTED_EDGE('',*,*,#2620,.F.);
#3323=ORIENTED_EDGE('',*,*,#2617,.F.);
#3324=ORIENTED_EDGE('',*,*,#2621,.F.);
#3325=ORIENTED_EDGE('',*,*,#2622,.F.);
#3326=ORIENTED_EDGE('',*,*,#2623,.F.);
#3327=ORIENTED_EDGE('',*,*,#2391,.T.);
#3328=ORIENTED_EDGE('',*,*,#2624,.F.);
#3329=ORIENTED_EDGE('',*,*,#2389,.T.);
#3330=ORIENTED_EDGE('',*,*,#2619,.F.);
#3331=ORIENTED_EDGE('',*,*,#2625,.F.);
#3332=ORIENTED_EDGE('',*,*,#2626,.T.);
#3333=ORIENTED_EDGE('',*,*,#2390,.T.);
#3334=ORIENTED_EDGE('',*,*,#2626,.F.);
#3335=ORIENTED_EDGE('',*,*,#2627,.F.);
#3336=ORIENTED_EDGE('',*,*,#2624,.T.);
#3337=ORIENTED_EDGE('',*,*,#2628,.F.);
#3338=ORIENTED_EDGE('',*,*,#2396,.T.);
#3339=ORIENTED_EDGE('',*,*,#2629,.T.);
#3340=ORIENTED_EDGE('',*,*,#2630,.F.);
#3341=ORIENTED_EDGE('',*,*,#2631,.T.);
#3342=ORIENTED_EDGE('',*,*,#2632,.F.);
#3343=ORIENTED_EDGE('',*,*,#2629,.F.);
#3344=ORIENTED_EDGE('',*,*,#2395,.T.);
#3345=ORIENTED_EDGE('',*,*,#2633,.F.);
#3346=ORIENTED_EDGE('',*,*,#2393,.T.);
#3347=ORIENTED_EDGE('',*,*,#2634,.F.);
#3348=ORIENTED_EDGE('',*,*,#2631,.F.);
#3349=ORIENTED_EDGE('',*,*,#2635,.F.);
#3350=ORIENTED_EDGE('',*,*,#2636,.T.);
#3351=ORIENTED_EDGE('',*,*,#2394,.T.);
#3352=ORIENTED_EDGE('',*,*,#2636,.F.);
#3353=ORIENTED_EDGE('',*,*,#2637,.F.);
#3354=ORIENTED_EDGE('',*,*,#2633,.T.);
#3355=ORIENTED_EDGE('',*,*,#2616,.T.);
#3356=ORIENTED_EDGE('',*,*,#2397,.T.);
#3357=ORIENTED_EDGE('',*,*,#2628,.T.);
#3358=ORIENTED_EDGE('',*,*,#2634,.T.);
#3359=ORIENTED_EDGE('',*,*,#2392,.T.);
#3360=ORIENTED_EDGE('',*,*,#2623,.T.);
#3361=ORIENTED_EDGE('',*,*,#2638,.F.);
#3362=ORIENTED_EDGE('',*,*,#2621,.T.);
#3363=ORIENTED_EDGE('',*,*,#2632,.T.);
#3364=ORIENTED_EDGE('',*,*,#2637,.T.);
#3365=ORIENTED_EDGE('',*,*,#2635,.T.);
#3366=ORIENTED_EDGE('',*,*,#2630,.T.);
#3367=ORIENTED_EDGE('',*,*,#2639,.T.);
#3368=ORIENTED_EDGE('',*,*,#2620,.T.);
#3369=ORIENTED_EDGE('',*,*,#2627,.T.);
#3370=ORIENTED_EDGE('',*,*,#2625,.T.);
#3371=ORIENTED_EDGE('',*,*,#2618,.T.);
#3372=ORIENTED_EDGE('',*,*,#2640,.T.);
#3373=ORIENTED_EDGE('',*,*,#2641,.T.);
#3374=ORIENTED_EDGE('',*,*,#2642,.T.);
#3375=ORIENTED_EDGE('',*,*,#2380,.T.);
#3376=ORIENTED_EDGE('',*,*,#2643,.T.);
#3377=ORIENTED_EDGE('',*,*,#2387,.T.);
#3378=ORIENTED_EDGE('',*,*,#2644,.T.);
#3379=ORIENTED_EDGE('',*,*,#2645,.T.);
#3380=ORIENTED_EDGE('',*,*,#2374,.F.);
#3381=ORIENTED_EDGE('',*,*,#2646,.T.);
#3382=ORIENTED_EDGE('',*,*,#2647,.T.);
#3383=ORIENTED_EDGE('',*,*,#2383,.T.);
#3384=ORIENTED_EDGE('',*,*,#2648,.T.);
#3385=ORIENTED_EDGE('',*,*,#2385,.T.);
#3386=ORIENTED_EDGE('',*,*,#2649,.T.);
#3387=ORIENTED_EDGE('',*,*,#2650,.T.);
#3388=ORIENTED_EDGE('',*,*,#2651,.T.);
#3389=ORIENTED_EDGE('',*,*,#2614,.T.);
#3390=ORIENTED_EDGE('',*,*,#2649,.F.);
#3391=ORIENTED_EDGE('',*,*,#2384,.T.);
#3392=ORIENTED_EDGE('',*,*,#2647,.F.);
#3393=ORIENTED_EDGE('',*,*,#2386,.T.);
#3394=ORIENTED_EDGE('',*,*,#2651,.F.);
#3395=ORIENTED_EDGE('',*,*,#2652,.T.);
#3396=ORIENTED_EDGE('',*,*,#2644,.F.);
#3397=ORIENTED_EDGE('',*,*,#2653,.T.);
#3398=ORIENTED_EDGE('',*,*,#2648,.F.);
#3399=ORIENTED_EDGE('',*,*,#2382,.T.);
#3400=ORIENTED_EDGE('',*,*,#2654,.T.);
#3401=ORIENTED_EDGE('',*,*,#2655,.T.);
#3402=ORIENTED_EDGE('',*,*,#2654,.F.);
#3403=ORIENTED_EDGE('',*,*,#2381,.T.);
#3404=ORIENTED_EDGE('',*,*,#2642,.F.);
#3405=ORIENTED_EDGE('',*,*,#2656,.T.);
#3406=ORIENTED_EDGE('',*,*,#2643,.F.);
#3407=ORIENTED_EDGE('',*,*,#2379,.T.);
#3408=ORIENTED_EDGE('',*,*,#2657,.T.);
#3409=ORIENTED_EDGE('',*,*,#2658,.T.);
#3410=ORIENTED_EDGE('',*,*,#2657,.F.);
#3411=ORIENTED_EDGE('',*,*,#2378,.T.);
#3412=ORIENTED_EDGE('',*,*,#2659,.T.);
#3413=ORIENTED_EDGE('',*,*,#2660,.T.);
#3414=ORIENTED_EDGE('',*,*,#2659,.F.);
#3415=ORIENTED_EDGE('',*,*,#2377,.T.);
#3416=ORIENTED_EDGE('',*,*,#2409,.T.);
#3417=ORIENTED_EDGE('',*,*,#2660,.F.);
#3418=ORIENTED_EDGE('',*,*,#2661,.F.);
#3419=ORIENTED_EDGE('',*,*,#2426,.F.);
#3420=ORIENTED_EDGE('',*,*,#2662,.F.);
#3421=ORIENTED_EDGE('',*,*,#2370,.F.);
#3422=ORIENTED_EDGE('',*,*,#2412,.F.);
#3423=ORIENTED_EDGE('',*,*,#2427,.F.);
#3424=ORIENTED_EDGE('',*,*,#2661,.T.);
#3425=ORIENTED_EDGE('',*,*,#2408,.F.);
#3426=ORIENTED_EDGE('',*,*,#2363,.F.);
#3427=ORIENTED_EDGE('',*,*,#2375,.F.);
#3428=ORIENTED_EDGE('',*,*,#2663,.F.);
#3429=ORIENTED_EDGE('',*,*,#2415,.F.);
#3430=ORIENTED_EDGE('',*,*,#2604,.T.);
#3431=ORIENTED_EDGE('',*,*,#2645,.F.);
#3432=ORIENTED_EDGE('',*,*,#2664,.T.);
#3433=ORIENTED_EDGE('',*,*,#2416,.F.);
#3434=ORIENTED_EDGE('',*,*,#2663,.T.);
#3435=ORIENTED_EDGE('',*,*,#2652,.F.);
#3436=ORIENTED_EDGE('',*,*,#2665,.F.);
#3437=ORIENTED_EDGE('',*,*,#2417,.F.);
#3438=ORIENTED_EDGE('',*,*,#2664,.F.);
#3439=ORIENTED_EDGE('',*,*,#2650,.F.);
#3440=ORIENTED_EDGE('',*,*,#2613,.F.);
#3441=ORIENTED_EDGE('',*,*,#2418,.F.);
#3442=ORIENTED_EDGE('',*,*,#2665,.T.);
#3443=ORIENTED_EDGE('',*,*,#2639,.F.);
#3444=ORIENTED_EDGE('',*,*,#2666,.T.);
#3445=ORIENTED_EDGE('',*,*,#2428,.F.);
#3446=ORIENTED_EDGE('',*,*,#2666,.F.);
#3447=ORIENTED_EDGE('',*,*,#2407,.F.);
#3448=ORIENTED_EDGE('',*,*,#2667,.T.);
#3449=ORIENTED_EDGE('',*,*,#2429,.F.);
#3450=ORIENTED_EDGE('',*,*,#2667,.F.);
#3451=ORIENTED_EDGE('',*,*,#2640,.F.);
#3452=ORIENTED_EDGE('',*,*,#2668,.T.);
#3453=ORIENTED_EDGE('',*,*,#2430,.F.);
#3454=ORIENTED_EDGE('',*,*,#2668,.F.);
#3455=ORIENTED_EDGE('',*,*,#2406,.F.);
#3456=ORIENTED_EDGE('',*,*,#2669,.T.);
#3457=ORIENTED_EDGE('',*,*,#2431,.F.);
#3458=ORIENTED_EDGE('',*,*,#2669,.F.);
#3459=ORIENTED_EDGE('',*,*,#2670,.F.);
#3460=ORIENTED_EDGE('',*,*,#2671,.F.);
#3461=ORIENTED_EDGE('',*,*,#2672,.F.);
#3462=ORIENTED_EDGE('',*,*,#2673,.F.);
#3463=ORIENTED_EDGE('',*,*,#2674,.F.);
#3464=ORIENTED_EDGE('',*,*,#2675,.F.);
#3465=ORIENTED_EDGE('',*,*,#2676,.F.);
#3466=ORIENTED_EDGE('',*,*,#2677,.F.);
#3467=ORIENTED_EDGE('',*,*,#2611,.F.);
#3468=ORIENTED_EDGE('',*,*,#2608,.T.);
#3469=ORIENTED_EDGE('',*,*,#2678,.F.);
#3470=ORIENTED_EDGE('',*,*,#2679,.F.);
#3471=ORIENTED_EDGE('',*,*,#2677,.T.);
#3472=ORIENTED_EDGE('',*,*,#2680,.T.);
#3473=ORIENTED_EDGE('',*,*,#2420,.T.);
#3474=ORIENTED_EDGE('',*,*,#2612,.T.);
#3475=ORIENTED_EDGE('',*,*,#2676,.T.);
#3476=ORIENTED_EDGE('',*,*,#2681,.F.);
#3477=ORIENTED_EDGE('',*,*,#2421,.F.);
#3478=ORIENTED_EDGE('',*,*,#2680,.F.);
#3479=ORIENTED_EDGE('',*,*,#2675,.T.);
#3480=ORIENTED_EDGE('',*,*,#2682,.T.);
#3481=ORIENTED_EDGE('',*,*,#2422,.T.);
#3482=ORIENTED_EDGE('',*,*,#2681,.T.);
#3483=ORIENTED_EDGE('',*,*,#2641,.F.);
#3484=ORIENTED_EDGE('',*,*,#2683,.F.);
#3485=ORIENTED_EDGE('',*,*,#2423,.F.);
#3486=ORIENTED_EDGE('',*,*,#2682,.F.);
#3487=ORIENTED_EDGE('',*,*,#2674,.T.);
#3488=ORIENTED_EDGE('',*,*,#2684,.T.);
#3489=ORIENTED_EDGE('',*,*,#2685,.F.);
#3490=ORIENTED_EDGE('',*,*,#2686,.F.);
#3491=ORIENTED_EDGE('',*,*,#2687,.F.);
#3492=ORIENTED_EDGE('',*,*,#2688,.F.);
#3493=ORIENTED_EDGE('',*,*,#2689,.F.);
#3494=ORIENTED_EDGE('',*,*,#2606,.T.);
#3495=ORIENTED_EDGE('',*,*,#2610,.F.);
#3496=ORIENTED_EDGE('',*,*,#2690,.T.);
#3497=ORIENTED_EDGE('',*,*,#2691,.T.);
#3498=ORIENTED_EDGE('',*,*,#2692,.T.);
#3499=ORIENTED_EDGE('',*,*,#2685,.T.);
#3500=ORIENTED_EDGE('',*,*,#2693,.F.);
#3501=ORIENTED_EDGE('',*,*,#2694,.F.);
#3502=ORIENTED_EDGE('',*,*,#2695,.F.);
#3503=ORIENTED_EDGE('',*,*,#2689,.T.);
#3504=ORIENTED_EDGE('',*,*,#2696,.F.);
#3505=ORIENTED_EDGE('',*,*,#2678,.T.);
#3506=ORIENTED_EDGE('',*,*,#2607,.T.);
#3507=ORIENTED_EDGE('',*,*,#2688,.T.);
#3508=ORIENTED_EDGE('',*,*,#2697,.T.);
#3509=ORIENTED_EDGE('',*,*,#2679,.T.);
#3510=ORIENTED_EDGE('',*,*,#2696,.T.);
#3511=ORIENTED_EDGE('',*,*,#2694,.T.);
#3512=ORIENTED_EDGE('',*,*,#2698,.T.);
#3513=ORIENTED_EDGE('',*,*,#2672,.T.);
#3514=ORIENTED_EDGE('',*,*,#2699,.F.);
#3515=ORIENTED_EDGE('',*,*,#2687,.T.);
#3516=ORIENTED_EDGE('',*,*,#2700,.F.);
#3517=ORIENTED_EDGE('',*,*,#2670,.T.);
#3518=ORIENTED_EDGE('',*,*,#2697,.F.);
#3519=ORIENTED_EDGE('',*,*,#2695,.T.);
#3520=ORIENTED_EDGE('',*,*,#2699,.T.);
#3521=ORIENTED_EDGE('',*,*,#2671,.T.);
#3522=ORIENTED_EDGE('',*,*,#2700,.T.);
#3523=ORIENTED_EDGE('',*,*,#2693,.T.);
#3524=ORIENTED_EDGE('',*,*,#2684,.F.);
#3525=ORIENTED_EDGE('',*,*,#2673,.T.);
#3526=ORIENTED_EDGE('',*,*,#2698,.F.);
#3527=ORIENTED_EDGE('',*,*,#2653,.F.);
#3528=ORIENTED_EDGE('',*,*,#2701,.F.);
#3529=ORIENTED_EDGE('',*,*,#2691,.F.);
#3530=ORIENTED_EDGE('',*,*,#2702,.F.);
#3531=ORIENTED_EDGE('',*,*,#2655,.F.);
#3532=ORIENTED_EDGE('',*,*,#2686,.T.);
#3533=ORIENTED_EDGE('',*,*,#2692,.F.);
#3534=ORIENTED_EDGE('',*,*,#2701,.T.);
#3535=ORIENTED_EDGE('',*,*,#2646,.F.);
#3536=ORIENTED_EDGE('',*,*,#2702,.T.);
#3537=ORIENTED_EDGE('',*,*,#2690,.F.);
#3538=ORIENTED_EDGE('',*,*,#2615,.T.);
#3539=ORIENTED_EDGE('',*,*,#2658,.F.);
#3540=ORIENTED_EDGE('',*,*,#2662,.T.);
#3541=ORIENTED_EDGE('',*,*,#2425,.F.);
#3542=ORIENTED_EDGE('',*,*,#2703,.T.);
#3543=ORIENTED_EDGE('',*,*,#2656,.F.);
#3544=ORIENTED_EDGE('',*,*,#2703,.F.);
#3545=ORIENTED_EDGE('',*,*,#2424,.F.);
#3546=ORIENTED_EDGE('',*,*,#2683,.T.);
#3547=ORIENTED_EDGE('',*,*,#2432,.F.);
#3548=ORIENTED_EDGE('',*,*,#2704,.T.);
#3549=ORIENTED_EDGE('',*,*,#2405,.F.);
#3550=ORIENTED_EDGE('',*,*,#2704,.F.);
#3551=ORIENTED_EDGE('',*,*,#2438,.F.);
#3552=ORIENTED_EDGE('',*,*,#2705,.T.);
#3553=ORIENTED_EDGE('',*,*,#2398,.F.);
#3554=ORIENTED_EDGE('',*,*,#2705,.F.);
#3555=ORIENTED_EDGE('',*,*,#2439,.F.);
#3556=ORIENTED_EDGE('',*,*,#2706,.T.);
#3557=ORIENTED_EDGE('',*,*,#2399,.F.);
#3558=ORIENTED_EDGE('',*,*,#2706,.F.);
#3559=ORIENTED_EDGE('',*,*,#2434,.F.);
#3560=ORIENTED_EDGE('',*,*,#2707,.T.);
#3561=ORIENTED_EDGE('',*,*,#2403,.F.);
#3562=ORIENTED_EDGE('',*,*,#2707,.F.);
#3563=ORIENTED_EDGE('',*,*,#2435,.F.);
#3564=ORIENTED_EDGE('',*,*,#2708,.T.);
#3565=ORIENTED_EDGE('',*,*,#2402,.F.);
#3566=ORIENTED_EDGE('',*,*,#2708,.F.);
#3567=ORIENTED_EDGE('',*,*,#2433,.F.);
#3568=ORIENTED_EDGE('',*,*,#2709,.T.);
#3569=ORIENTED_EDGE('',*,*,#2401,.F.);
#3570=ORIENTED_EDGE('',*,*,#2709,.F.);
#3571=ORIENTED_EDGE('',*,*,#2436,.F.);
#3572=ORIENTED_EDGE('',*,*,#2710,.T.);
#3573=ORIENTED_EDGE('',*,*,#2404,.F.);
#3574=ORIENTED_EDGE('',*,*,#2710,.F.);
#3575=ORIENTED_EDGE('',*,*,#2437,.F.);
#3576=ORIENTED_EDGE('',*,*,#2711,.T.);
#3577=ORIENTED_EDGE('',*,*,#2400,.F.);
#3578=ORIENTED_EDGE('',*,*,#2711,.F.);
#3579=ORIENTED_EDGE('',*,*,#2442,.F.);
#3580=ORIENTED_EDGE('',*,*,#2712,.F.);
#3581=ORIENTED_EDGE('',*,*,#2713,.F.);
#3582=ORIENTED_EDGE('',*,*,#2714,.T.);
#3583=ORIENTED_EDGE('',*,*,#2441,.F.);
#3584=ORIENTED_EDGE('',*,*,#2715,.F.);
#3585=ORIENTED_EDGE('',*,*,#2716,.F.);
#3586=ORIENTED_EDGE('',*,*,#2712,.T.);
#3587=ORIENTED_EDGE('',*,*,#2440,.F.);
#3588=ORIENTED_EDGE('',*,*,#2717,.F.);
#3589=ORIENTED_EDGE('',*,*,#2718,.F.);
#3590=ORIENTED_EDGE('',*,*,#2715,.T.);
#3591=ORIENTED_EDGE('',*,*,#2445,.F.);
#3592=ORIENTED_EDGE('',*,*,#2719,.F.);
#3593=ORIENTED_EDGE('',*,*,#2720,.F.);
#3594=ORIENTED_EDGE('',*,*,#2717,.T.);
#3595=ORIENTED_EDGE('',*,*,#2444,.F.);
#3596=ORIENTED_EDGE('',*,*,#2721,.F.);
#3597=ORIENTED_EDGE('',*,*,#2722,.F.);
#3598=ORIENTED_EDGE('',*,*,#2719,.T.);
#3599=ORIENTED_EDGE('',*,*,#2443,.F.);
#3600=ORIENTED_EDGE('',*,*,#2714,.F.);
#3601=ORIENTED_EDGE('',*,*,#2723,.F.);
#3602=ORIENTED_EDGE('',*,*,#2721,.T.);
#3603=ORIENTED_EDGE('',*,*,#2448,.F.);
#3604=ORIENTED_EDGE('',*,*,#2724,.F.);
#3605=ORIENTED_EDGE('',*,*,#2725,.F.);
#3606=ORIENTED_EDGE('',*,*,#2726,.T.);
#3607=ORIENTED_EDGE('',*,*,#2447,.F.);
#3608=ORIENTED_EDGE('',*,*,#2727,.F.);
#3609=ORIENTED_EDGE('',*,*,#2728,.F.);
#3610=ORIENTED_EDGE('',*,*,#2724,.T.);
#3611=ORIENTED_EDGE('',*,*,#2446,.F.);
#3612=ORIENTED_EDGE('',*,*,#2729,.F.);
#3613=ORIENTED_EDGE('',*,*,#2730,.F.);
#3614=ORIENTED_EDGE('',*,*,#2727,.T.);
#3615=ORIENTED_EDGE('',*,*,#2451,.F.);
#3616=ORIENTED_EDGE('',*,*,#2731,.F.);
#3617=ORIENTED_EDGE('',*,*,#2732,.F.);
#3618=ORIENTED_EDGE('',*,*,#2729,.T.);
#3619=ORIENTED_EDGE('',*,*,#2450,.F.);
#3620=ORIENTED_EDGE('',*,*,#2733,.F.);
#3621=ORIENTED_EDGE('',*,*,#2734,.F.);
#3622=ORIENTED_EDGE('',*,*,#2731,.T.);
#3623=ORIENTED_EDGE('',*,*,#2449,.F.);
#3624=ORIENTED_EDGE('',*,*,#2726,.F.);
#3625=ORIENTED_EDGE('',*,*,#2735,.F.);
#3626=ORIENTED_EDGE('',*,*,#2733,.T.);
#3627=ORIENTED_EDGE('',*,*,#2454,.F.);
#3628=ORIENTED_EDGE('',*,*,#2736,.F.);
#3629=ORIENTED_EDGE('',*,*,#2737,.F.);
#3630=ORIENTED_EDGE('',*,*,#2738,.T.);
#3631=ORIENTED_EDGE('',*,*,#2453,.F.);
#3632=ORIENTED_EDGE('',*,*,#2739,.F.);
#3633=ORIENTED_EDGE('',*,*,#2740,.F.);
#3634=ORIENTED_EDGE('',*,*,#2736,.T.);
#3635=ORIENTED_EDGE('',*,*,#2452,.F.);
#3636=ORIENTED_EDGE('',*,*,#2741,.F.);
#3637=ORIENTED_EDGE('',*,*,#2742,.F.);
#3638=ORIENTED_EDGE('',*,*,#2739,.T.);
#3639=ORIENTED_EDGE('',*,*,#2457,.F.);
#3640=ORIENTED_EDGE('',*,*,#2743,.F.);
#3641=ORIENTED_EDGE('',*,*,#2744,.F.);
#3642=ORIENTED_EDGE('',*,*,#2741,.T.);
#3643=ORIENTED_EDGE('',*,*,#2456,.F.);
#3644=ORIENTED_EDGE('',*,*,#2745,.F.);
#3645=ORIENTED_EDGE('',*,*,#2746,.F.);
#3646=ORIENTED_EDGE('',*,*,#2743,.T.);
#3647=ORIENTED_EDGE('',*,*,#2455,.F.);
#3648=ORIENTED_EDGE('',*,*,#2738,.F.);
#3649=ORIENTED_EDGE('',*,*,#2747,.F.);
#3650=ORIENTED_EDGE('',*,*,#2745,.T.);
#3651=ORIENTED_EDGE('',*,*,#2460,.F.);
#3652=ORIENTED_EDGE('',*,*,#2748,.F.);
#3653=ORIENTED_EDGE('',*,*,#2749,.F.);
#3654=ORIENTED_EDGE('',*,*,#2750,.T.);
#3655=ORIENTED_EDGE('',*,*,#2459,.F.);
#3656=ORIENTED_EDGE('',*,*,#2751,.F.);
#3657=ORIENTED_EDGE('',*,*,#2752,.F.);
#3658=ORIENTED_EDGE('',*,*,#2748,.T.);
#3659=ORIENTED_EDGE('',*,*,#2458,.F.);
#3660=ORIENTED_EDGE('',*,*,#2753,.F.);
#3661=ORIENTED_EDGE('',*,*,#2754,.F.);
#3662=ORIENTED_EDGE('',*,*,#2751,.T.);
#3663=ORIENTED_EDGE('',*,*,#2463,.F.);
#3664=ORIENTED_EDGE('',*,*,#2755,.F.);
#3665=ORIENTED_EDGE('',*,*,#2756,.F.);
#3666=ORIENTED_EDGE('',*,*,#2753,.T.);
#3667=ORIENTED_EDGE('',*,*,#2462,.F.);
#3668=ORIENTED_EDGE('',*,*,#2757,.F.);
#3669=ORIENTED_EDGE('',*,*,#2758,.F.);
#3670=ORIENTED_EDGE('',*,*,#2755,.T.);
#3671=ORIENTED_EDGE('',*,*,#2461,.F.);
#3672=ORIENTED_EDGE('',*,*,#2750,.F.);
#3673=ORIENTED_EDGE('',*,*,#2759,.F.);
#3674=ORIENTED_EDGE('',*,*,#2757,.T.);
#3675=ORIENTED_EDGE('',*,*,#2465,.F.);
#3676=ORIENTED_EDGE('',*,*,#2760,.F.);
#3677=ORIENTED_EDGE('',*,*,#2761,.F.);
#3678=ORIENTED_EDGE('',*,*,#2762,.T.);
#3679=ORIENTED_EDGE('',*,*,#2464,.F.);
#3680=ORIENTED_EDGE('',*,*,#2763,.F.);
#3681=ORIENTED_EDGE('',*,*,#2764,.F.);
#3682=ORIENTED_EDGE('',*,*,#2760,.T.);
#3683=ORIENTED_EDGE('',*,*,#2466,.F.);
#3684=ORIENTED_EDGE('',*,*,#2762,.F.);
#3685=ORIENTED_EDGE('',*,*,#2765,.F.);
#3686=ORIENTED_EDGE('',*,*,#2766,.T.);
#3687=ORIENTED_EDGE('',*,*,#2468,.F.);
#3688=ORIENTED_EDGE('',*,*,#2767,.F.);
#3689=ORIENTED_EDGE('',*,*,#2768,.F.);
#3690=ORIENTED_EDGE('',*,*,#2769,.T.);
#3691=ORIENTED_EDGE('',*,*,#2471,.F.);
#3692=ORIENTED_EDGE('',*,*,#2770,.F.);
#3693=ORIENTED_EDGE('',*,*,#2771,.F.);
#3694=ORIENTED_EDGE('',*,*,#2767,.T.);
#3695=ORIENTED_EDGE('',*,*,#2470,.F.);
#3696=ORIENTED_EDGE('',*,*,#2772,.F.);
#3697=ORIENTED_EDGE('',*,*,#2773,.F.);
#3698=ORIENTED_EDGE('',*,*,#2770,.T.);
#3699=ORIENTED_EDGE('',*,*,#2474,.F.);
#3700=ORIENTED_EDGE('',*,*,#2774,.F.);
#3701=ORIENTED_EDGE('',*,*,#2775,.F.);
#3702=ORIENTED_EDGE('',*,*,#2776,.T.);
#3703=ORIENTED_EDGE('',*,*,#2473,.F.);
#3704=ORIENTED_EDGE('',*,*,#2777,.F.);
#3705=ORIENTED_EDGE('',*,*,#2778,.F.);
#3706=ORIENTED_EDGE('',*,*,#2774,.T.);
#3707=ORIENTED_EDGE('',*,*,#2472,.F.);
#3708=ORIENTED_EDGE('',*,*,#2779,.F.);
#3709=ORIENTED_EDGE('',*,*,#2780,.F.);
#3710=ORIENTED_EDGE('',*,*,#2777,.T.);
#3711=ORIENTED_EDGE('',*,*,#2477,.F.);
#3712=ORIENTED_EDGE('',*,*,#2781,.F.);
#3713=ORIENTED_EDGE('',*,*,#2782,.F.);
#3714=ORIENTED_EDGE('',*,*,#2779,.T.);
#3715=ORIENTED_EDGE('',*,*,#2476,.F.);
#3716=ORIENTED_EDGE('',*,*,#2783,.F.);
#3717=ORIENTED_EDGE('',*,*,#2784,.F.);
#3718=ORIENTED_EDGE('',*,*,#2781,.T.);
#3719=ORIENTED_EDGE('',*,*,#2479,.F.);
#3720=ORIENTED_EDGE('',*,*,#2785,.F.);
#3721=ORIENTED_EDGE('',*,*,#2786,.F.);
#3722=ORIENTED_EDGE('',*,*,#2787,.T.);
#3723=ORIENTED_EDGE('',*,*,#2481,.F.);
#3724=ORIENTED_EDGE('',*,*,#2788,.F.);
#3725=ORIENTED_EDGE('',*,*,#2789,.F.);
#3726=ORIENTED_EDGE('',*,*,#2790,.T.);
#3727=ORIENTED_EDGE('',*,*,#2480,.F.);
#3728=ORIENTED_EDGE('',*,*,#2787,.F.);
#3729=ORIENTED_EDGE('',*,*,#2791,.F.);
#3730=ORIENTED_EDGE('',*,*,#2788,.T.);
#3731=ORIENTED_EDGE('',*,*,#2792,.F.);
#3732=ORIENTED_EDGE('',*,*,#2793,.T.);
#3733=ORIENTED_EDGE('',*,*,#2794,.F.);
#3734=ORIENTED_EDGE('',*,*,#2795,.T.);
#3735=ORIENTED_EDGE('',*,*,#2572,.F.);
#3736=ORIENTED_EDGE('',*,*,#2796,.F.);
#3737=ORIENTED_EDGE('',*,*,#2797,.F.);
#3738=ORIENTED_EDGE('',*,*,#2798,.T.);
#3739=ORIENTED_EDGE('',*,*,#2552,.F.);
#3740=ORIENTED_EDGE('',*,*,#2799,.F.);
#3741=ORIENTED_EDGE('',*,*,#2800,.F.);
#3742=ORIENTED_EDGE('',*,*,#2783,.T.);
#3743=ORIENTED_EDGE('',*,*,#2475,.F.);
#3744=ORIENTED_EDGE('',*,*,#2776,.F.);
#3745=ORIENTED_EDGE('',*,*,#2801,.F.);
#3746=ORIENTED_EDGE('',*,*,#2802,.T.);
#3747=ORIENTED_EDGE('',*,*,#2486,.F.);
#3748=ORIENTED_EDGE('',*,*,#2803,.F.);
#3749=ORIENTED_EDGE('',*,*,#2804,.F.);
#3750=ORIENTED_EDGE('',*,*,#2805,.T.);
#3751=ORIENTED_EDGE('',*,*,#2568,.F.);
#3752=ORIENTED_EDGE('',*,*,#2806,.F.);
#3753=ORIENTED_EDGE('',*,*,#2807,.F.);
#3754=ORIENTED_EDGE('',*,*,#2808,.T.);
#3755=ORIENTED_EDGE('',*,*,#2560,.F.);
#3756=ORIENTED_EDGE('',*,*,#2809,.F.);
#3757=ORIENTED_EDGE('',*,*,#2810,.F.);
#3758=ORIENTED_EDGE('',*,*,#2785,.T.);
#3759=ORIENTED_EDGE('',*,*,#2478,.F.);
#3760=ORIENTED_EDGE('',*,*,#2790,.F.);
#3761=ORIENTED_EDGE('',*,*,#2811,.F.);
#3762=ORIENTED_EDGE('',*,*,#2812,.T.);
#3763=ORIENTED_EDGE('',*,*,#2483,.F.);
#3764=ORIENTED_EDGE('',*,*,#2813,.F.);
#3765=ORIENTED_EDGE('',*,*,#2814,.F.);
#3766=ORIENTED_EDGE('',*,*,#2815,.T.);
#3767=ORIENTED_EDGE('',*,*,#2501,.F.);
#3768=ORIENTED_EDGE('',*,*,#2816,.F.);
#3769=ORIENTED_EDGE('',*,*,#2817,.F.);
#3770=ORIENTED_EDGE('',*,*,#2818,.T.);
#3771=ORIENTED_EDGE('',*,*,#2583,.F.);
#3772=ORIENTED_EDGE('',*,*,#2819,.F.);
#3773=ORIENTED_EDGE('',*,*,#2820,.F.);
#3774=ORIENTED_EDGE('',*,*,#2821,.T.);
#3775=ORIENTED_EDGE('',*,*,#2541,.F.);
#3776=ORIENTED_EDGE('',*,*,#2822,.F.);
#3777=ORIENTED_EDGE('',*,*,#2823,.F.);
#3778=ORIENTED_EDGE('',*,*,#2763,.T.);
#3779=ORIENTED_EDGE('',*,*,#2467,.F.);
#3780=ORIENTED_EDGE('',*,*,#2766,.F.);
#3781=ORIENTED_EDGE('',*,*,#2824,.F.);
#3782=ORIENTED_EDGE('',*,*,#2825,.T.);
#3783=ORIENTED_EDGE('',*,*,#2499,.F.);
#3784=ORIENTED_EDGE('',*,*,#2826,.F.);
#3785=ORIENTED_EDGE('',*,*,#2827,.F.);
#3786=ORIENTED_EDGE('',*,*,#2828,.T.);
#3787=ORIENTED_EDGE('',*,*,#2578,.F.);
#3788=ORIENTED_EDGE('',*,*,#2829,.F.);
#3789=ORIENTED_EDGE('',*,*,#2830,.F.);
#3790=ORIENTED_EDGE('',*,*,#2831,.T.);
#3791=ORIENTED_EDGE('',*,*,#2550,.F.);
#3792=ORIENTED_EDGE('',*,*,#2832,.F.);
#3793=ORIENTED_EDGE('',*,*,#2833,.F.);
#3794=ORIENTED_EDGE('',*,*,#2772,.T.);
#3795=ORIENTED_EDGE('',*,*,#2469,.F.);
#3796=ORIENTED_EDGE('',*,*,#2769,.F.);
#3797=ORIENTED_EDGE('',*,*,#2834,.F.);
#3798=ORIENTED_EDGE('',*,*,#2793,.F.);
#3799=ORIENTED_EDGE('',*,*,#2482,.F.);
#3800=ORIENTED_EDGE('',*,*,#2835,.F.);
#3801=ORIENTED_EDGE('',*,*,#2836,.F.);
#3802=ORIENTED_EDGE('',*,*,#2813,.T.);
#3803=ORIENTED_EDGE('',*,*,#2485,.F.);
#3804=ORIENTED_EDGE('',*,*,#2837,.F.);
#3805=ORIENTED_EDGE('',*,*,#2838,.F.);
#3806=ORIENTED_EDGE('',*,*,#2835,.T.);
#3807=ORIENTED_EDGE('',*,*,#2484,.F.);
#3808=ORIENTED_EDGE('',*,*,#2812,.F.);
#3809=ORIENTED_EDGE('',*,*,#2839,.F.);
#3810=ORIENTED_EDGE('',*,*,#2837,.T.);
#3811=ORIENTED_EDGE('',*,*,#2487,.F.);
#3812=ORIENTED_EDGE('',*,*,#2802,.F.);
#3813=ORIENTED_EDGE('',*,*,#2840,.F.);
#3814=ORIENTED_EDGE('',*,*,#2841,.T.);
#3815=ORIENTED_EDGE('',*,*,#2489,.F.);
#3816=ORIENTED_EDGE('',*,*,#2842,.F.);
#3817=ORIENTED_EDGE('',*,*,#2843,.F.);
#3818=ORIENTED_EDGE('',*,*,#2803,.T.);
#3819=ORIENTED_EDGE('',*,*,#2488,.F.);
#3820=ORIENTED_EDGE('',*,*,#2841,.F.);
#3821=ORIENTED_EDGE('',*,*,#2844,.F.);
#3822=ORIENTED_EDGE('',*,*,#2842,.T.);
#3823=ORIENTED_EDGE('',*,*,#2492,.F.);
#3824=ORIENTED_EDGE('',*,*,#2845,.F.);
#3825=ORIENTED_EDGE('',*,*,#2846,.F.);
#3826=ORIENTED_EDGE('',*,*,#2847,.T.);
#3827=ORIENTED_EDGE('',*,*,#2491,.F.);
#3828=ORIENTED_EDGE('',*,*,#2848,.F.);
#3829=ORIENTED_EDGE('',*,*,#2849,.F.);
#3830=ORIENTED_EDGE('',*,*,#2845,.T.);
#3831=ORIENTED_EDGE('',*,*,#2490,.F.);
#3832=ORIENTED_EDGE('',*,*,#2850,.F.);
#3833=ORIENTED_EDGE('',*,*,#2851,.F.);
#3834=ORIENTED_EDGE('',*,*,#2848,.T.);
#3835=ORIENTED_EDGE('',*,*,#2495,.F.);
#3836=ORIENTED_EDGE('',*,*,#2852,.F.);
#3837=ORIENTED_EDGE('',*,*,#2853,.F.);
#3838=ORIENTED_EDGE('',*,*,#2850,.T.);
#3839=ORIENTED_EDGE('',*,*,#2494,.F.);
#3840=ORIENTED_EDGE('',*,*,#2854,.F.);
#3841=ORIENTED_EDGE('',*,*,#2855,.F.);
#3842=ORIENTED_EDGE('',*,*,#2852,.T.);
#3843=ORIENTED_EDGE('',*,*,#2493,.F.);
#3844=ORIENTED_EDGE('',*,*,#2847,.F.);
#3845=ORIENTED_EDGE('',*,*,#2856,.F.);
#3846=ORIENTED_EDGE('',*,*,#2854,.T.);
#3847=ORIENTED_EDGE('',*,*,#2497,.F.);
#3848=ORIENTED_EDGE('',*,*,#2857,.F.);
#3849=ORIENTED_EDGE('',*,*,#2858,.F.);
#3850=ORIENTED_EDGE('',*,*,#2859,.T.);
#3851=ORIENTED_EDGE('',*,*,#2496,.F.);
#3852=ORIENTED_EDGE('',*,*,#2825,.F.);
#3853=ORIENTED_EDGE('',*,*,#2860,.F.);
#3854=ORIENTED_EDGE('',*,*,#2857,.T.);
#3855=ORIENTED_EDGE('',*,*,#2498,.F.);
#3856=ORIENTED_EDGE('',*,*,#2859,.F.);
#3857=ORIENTED_EDGE('',*,*,#2861,.F.);
#3858=ORIENTED_EDGE('',*,*,#2826,.T.);
#3859=ORIENTED_EDGE('',*,*,#2500,.F.);
#3860=ORIENTED_EDGE('',*,*,#2862,.F.);
#3861=ORIENTED_EDGE('',*,*,#2863,.F.);
#3862=ORIENTED_EDGE('',*,*,#2816,.T.);
#3863=ORIENTED_EDGE('',*,*,#2503,.F.);
#3864=ORIENTED_EDGE('',*,*,#2864,.F.);
#3865=ORIENTED_EDGE('',*,*,#2865,.F.);
#3866=ORIENTED_EDGE('',*,*,#2862,.T.);
#3867=ORIENTED_EDGE('',*,*,#2502,.F.);
#3868=ORIENTED_EDGE('',*,*,#2815,.F.);
#3869=ORIENTED_EDGE('',*,*,#2866,.F.);
#3870=ORIENTED_EDGE('',*,*,#2864,.T.);
#3871=ORIENTED_EDGE('',*,*,#2506,.F.);
#3872=ORIENTED_EDGE('',*,*,#2867,.F.);
#3873=ORIENTED_EDGE('',*,*,#2868,.F.);
#3874=ORIENTED_EDGE('',*,*,#2869,.T.);
#3875=ORIENTED_EDGE('',*,*,#2505,.F.);
#3876=ORIENTED_EDGE('',*,*,#2870,.F.);
#3877=ORIENTED_EDGE('',*,*,#2871,.F.);
#3878=ORIENTED_EDGE('',*,*,#2867,.T.);
#3879=ORIENTED_EDGE('',*,*,#2504,.F.);
#3880=ORIENTED_EDGE('',*,*,#2872,.F.);
#3881=ORIENTED_EDGE('',*,*,#2873,.F.);
#3882=ORIENTED_EDGE('',*,*,#2870,.T.);
#3883=ORIENTED_EDGE('',*,*,#2509,.F.);
#3884=ORIENTED_EDGE('',*,*,#2874,.F.);
#3885=ORIENTED_EDGE('',*,*,#2875,.F.);
#3886=ORIENTED_EDGE('',*,*,#2872,.T.);
#3887=ORIENTED_EDGE('',*,*,#2508,.F.);
#3888=ORIENTED_EDGE('',*,*,#2876,.F.);
#3889=ORIENTED_EDGE('',*,*,#2877,.F.);
#3890=ORIENTED_EDGE('',*,*,#2874,.T.);
#3891=ORIENTED_EDGE('',*,*,#2507,.F.);
#3892=ORIENTED_EDGE('',*,*,#2869,.F.);
#3893=ORIENTED_EDGE('',*,*,#2878,.F.);
#3894=ORIENTED_EDGE('',*,*,#2876,.T.);
#3895=ORIENTED_EDGE('',*,*,#2512,.F.);
#3896=ORIENTED_EDGE('',*,*,#2879,.F.);
#3897=ORIENTED_EDGE('',*,*,#2880,.F.);
#3898=ORIENTED_EDGE('',*,*,#2881,.T.);
#3899=ORIENTED_EDGE('',*,*,#2511,.F.);
#3900=ORIENTED_EDGE('',*,*,#2882,.F.);
#3901=ORIENTED_EDGE('',*,*,#2883,.F.);
#3902=ORIENTED_EDGE('',*,*,#2879,.T.);
#3903=ORIENTED_EDGE('',*,*,#2510,.F.);
#3904=ORIENTED_EDGE('',*,*,#2884,.F.);
#3905=ORIENTED_EDGE('',*,*,#2885,.F.);
#3906=ORIENTED_EDGE('',*,*,#2882,.T.);
#3907=ORIENTED_EDGE('',*,*,#2515,.F.);
#3908=ORIENTED_EDGE('',*,*,#2886,.F.);
#3909=ORIENTED_EDGE('',*,*,#2887,.F.);
#3910=ORIENTED_EDGE('',*,*,#2884,.T.);
#3911=ORIENTED_EDGE('',*,*,#2514,.F.);
#3912=ORIENTED_EDGE('',*,*,#2888,.F.);
#3913=ORIENTED_EDGE('',*,*,#2889,.F.);
#3914=ORIENTED_EDGE('',*,*,#2886,.T.);
#3915=ORIENTED_EDGE('',*,*,#2513,.F.);
#3916=ORIENTED_EDGE('',*,*,#2881,.F.);
#3917=ORIENTED_EDGE('',*,*,#2890,.F.);
#3918=ORIENTED_EDGE('',*,*,#2888,.T.);
#3919=ORIENTED_EDGE('',*,*,#2518,.F.);
#3920=ORIENTED_EDGE('',*,*,#2891,.F.);
#3921=ORIENTED_EDGE('',*,*,#2892,.F.);
#3922=ORIENTED_EDGE('',*,*,#2893,.T.);
#3923=ORIENTED_EDGE('',*,*,#2517,.F.);
#3924=ORIENTED_EDGE('',*,*,#2894,.F.);
#3925=ORIENTED_EDGE('',*,*,#2895,.F.);
#3926=ORIENTED_EDGE('',*,*,#2891,.T.);
#3927=ORIENTED_EDGE('',*,*,#2516,.F.);
#3928=ORIENTED_EDGE('',*,*,#2896,.F.);
#3929=ORIENTED_EDGE('',*,*,#2897,.F.);
#3930=ORIENTED_EDGE('',*,*,#2894,.T.);
#3931=ORIENTED_EDGE('',*,*,#2521,.F.);
#3932=ORIENTED_EDGE('',*,*,#2898,.F.);
#3933=ORIENTED_EDGE('',*,*,#2899,.F.);
#3934=ORIENTED_EDGE('',*,*,#2896,.T.);
#3935=ORIENTED_EDGE('',*,*,#2520,.F.);
#3936=ORIENTED_EDGE('',*,*,#2900,.F.);
#3937=ORIENTED_EDGE('',*,*,#2901,.F.);
#3938=ORIENTED_EDGE('',*,*,#2898,.T.);
#3939=ORIENTED_EDGE('',*,*,#2519,.F.);
#3940=ORIENTED_EDGE('',*,*,#2893,.F.);
#3941=ORIENTED_EDGE('',*,*,#2902,.F.);
#3942=ORIENTED_EDGE('',*,*,#2900,.T.);
#3943=ORIENTED_EDGE('',*,*,#2524,.F.);
#3944=ORIENTED_EDGE('',*,*,#2903,.F.);
#3945=ORIENTED_EDGE('',*,*,#2904,.F.);
#3946=ORIENTED_EDGE('',*,*,#2905,.T.);
#3947=ORIENTED_EDGE('',*,*,#2523,.F.);
#3948=ORIENTED_EDGE('',*,*,#2906,.F.);
#3949=ORIENTED_EDGE('',*,*,#2907,.F.);
#3950=ORIENTED_EDGE('',*,*,#2903,.T.);
#3951=ORIENTED_EDGE('',*,*,#2522,.F.);
#3952=ORIENTED_EDGE('',*,*,#2908,.F.);
#3953=ORIENTED_EDGE('',*,*,#2909,.F.);
#3954=ORIENTED_EDGE('',*,*,#2906,.T.);
#3955=ORIENTED_EDGE('',*,*,#2527,.F.);
#3956=ORIENTED_EDGE('',*,*,#2910,.F.);
#3957=ORIENTED_EDGE('',*,*,#2911,.F.);
#3958=ORIENTED_EDGE('',*,*,#2908,.T.);
#3959=ORIENTED_EDGE('',*,*,#2526,.F.);
#3960=ORIENTED_EDGE('',*,*,#2912,.F.);
#3961=ORIENTED_EDGE('',*,*,#2913,.F.);
#3962=ORIENTED_EDGE('',*,*,#2910,.T.);
#3963=ORIENTED_EDGE('',*,*,#2525,.F.);
#3964=ORIENTED_EDGE('',*,*,#2905,.F.);
#3965=ORIENTED_EDGE('',*,*,#2914,.F.);
#3966=ORIENTED_EDGE('',*,*,#2912,.T.);
#3967=ORIENTED_EDGE('',*,*,#2530,.F.);
#3968=ORIENTED_EDGE('',*,*,#2915,.F.);
#3969=ORIENTED_EDGE('',*,*,#2916,.F.);
#3970=ORIENTED_EDGE('',*,*,#2917,.T.);
#3971=ORIENTED_EDGE('',*,*,#2529,.F.);
#3972=ORIENTED_EDGE('',*,*,#2918,.F.);
#3973=ORIENTED_EDGE('',*,*,#2919,.F.);
#3974=ORIENTED_EDGE('',*,*,#2915,.T.);
#3975=ORIENTED_EDGE('',*,*,#2528,.F.);
#3976=ORIENTED_EDGE('',*,*,#2920,.F.);
#3977=ORIENTED_EDGE('',*,*,#2921,.F.);
#3978=ORIENTED_EDGE('',*,*,#2918,.T.);
#3979=ORIENTED_EDGE('',*,*,#2533,.F.);
#3980=ORIENTED_EDGE('',*,*,#2922,.F.);
#3981=ORIENTED_EDGE('',*,*,#2923,.F.);
#3982=ORIENTED_EDGE('',*,*,#2920,.T.);
#3983=ORIENTED_EDGE('',*,*,#2532,.F.);
#3984=ORIENTED_EDGE('',*,*,#2924,.F.);
#3985=ORIENTED_EDGE('',*,*,#2925,.F.);
#3986=ORIENTED_EDGE('',*,*,#2922,.T.);
#3987=ORIENTED_EDGE('',*,*,#2531,.F.);
#3988=ORIENTED_EDGE('',*,*,#2917,.F.);
#3989=ORIENTED_EDGE('',*,*,#2926,.F.);
#3990=ORIENTED_EDGE('',*,*,#2924,.T.);
#3991=ORIENTED_EDGE('',*,*,#2536,.F.);
#3992=ORIENTED_EDGE('',*,*,#2927,.F.);
#3993=ORIENTED_EDGE('',*,*,#2928,.F.);
#3994=ORIENTED_EDGE('',*,*,#2929,.T.);
#3995=ORIENTED_EDGE('',*,*,#2535,.F.);
#3996=ORIENTED_EDGE('',*,*,#2930,.F.);
#3997=ORIENTED_EDGE('',*,*,#2931,.F.);
#3998=ORIENTED_EDGE('',*,*,#2927,.T.);
#3999=ORIENTED_EDGE('',*,*,#2534,.F.);
#4000=ORIENTED_EDGE('',*,*,#2932,.F.);
#4001=ORIENTED_EDGE('',*,*,#2933,.F.);
#4002=ORIENTED_EDGE('',*,*,#2930,.T.);
#4003=ORIENTED_EDGE('',*,*,#2539,.F.);
#4004=ORIENTED_EDGE('',*,*,#2934,.F.);
#4005=ORIENTED_EDGE('',*,*,#2935,.F.);
#4006=ORIENTED_EDGE('',*,*,#2932,.T.);
#4007=ORIENTED_EDGE('',*,*,#2538,.F.);
#4008=ORIENTED_EDGE('',*,*,#2936,.F.);
#4009=ORIENTED_EDGE('',*,*,#2937,.F.);
#4010=ORIENTED_EDGE('',*,*,#2934,.T.);
#4011=ORIENTED_EDGE('',*,*,#2537,.F.);
#4012=ORIENTED_EDGE('',*,*,#2929,.F.);
#4013=ORIENTED_EDGE('',*,*,#2938,.F.);
#4014=ORIENTED_EDGE('',*,*,#2936,.T.);
#4015=ORIENTED_EDGE('',*,*,#2543,.F.);
#4016=ORIENTED_EDGE('',*,*,#2939,.F.);
#4017=ORIENTED_EDGE('',*,*,#2940,.F.);
#4018=ORIENTED_EDGE('',*,*,#2941,.T.);
#4019=ORIENTED_EDGE('',*,*,#2542,.F.);
#4020=ORIENTED_EDGE('',*,*,#2821,.F.);
#4021=ORIENTED_EDGE('',*,*,#2942,.F.);
#4022=ORIENTED_EDGE('',*,*,#2939,.T.);
#4023=ORIENTED_EDGE('',*,*,#2540,.F.);
#4024=ORIENTED_EDGE('',*,*,#2943,.F.);
#4025=ORIENTED_EDGE('',*,*,#2944,.F.);
#4026=ORIENTED_EDGE('',*,*,#2822,.T.);
#4027=ORIENTED_EDGE('',*,*,#2546,.F.);
#4028=ORIENTED_EDGE('',*,*,#2945,.F.);
#4029=ORIENTED_EDGE('',*,*,#2946,.F.);
#4030=ORIENTED_EDGE('',*,*,#2943,.T.);
#4031=ORIENTED_EDGE('',*,*,#2545,.F.);
#4032=ORIENTED_EDGE('',*,*,#2947,.F.);
#4033=ORIENTED_EDGE('',*,*,#2948,.F.);
#4034=ORIENTED_EDGE('',*,*,#2945,.T.);
#4035=ORIENTED_EDGE('',*,*,#2544,.F.);
#4036=ORIENTED_EDGE('',*,*,#2941,.F.);
#4037=ORIENTED_EDGE('',*,*,#2949,.F.);
#4038=ORIENTED_EDGE('',*,*,#2947,.T.);
#4039=ORIENTED_EDGE('',*,*,#2548,.F.);
#4040=ORIENTED_EDGE('',*,*,#2950,.F.);
#4041=ORIENTED_EDGE('',*,*,#2951,.F.);
#4042=ORIENTED_EDGE('',*,*,#2952,.T.);
#4043=ORIENTED_EDGE('',*,*,#2547,.F.);
#4044=ORIENTED_EDGE('',*,*,#2831,.F.);
#4045=ORIENTED_EDGE('',*,*,#2953,.F.);
#4046=ORIENTED_EDGE('',*,*,#2950,.T.);
#4047=ORIENTED_EDGE('',*,*,#2549,.F.);
#4048=ORIENTED_EDGE('',*,*,#2952,.F.);
#4049=ORIENTED_EDGE('',*,*,#2954,.F.);
#4050=ORIENTED_EDGE('',*,*,#2832,.T.);
#4051=ORIENTED_EDGE('',*,*,#2551,.F.);
#4052=ORIENTED_EDGE('',*,*,#2955,.F.);
#4053=ORIENTED_EDGE('',*,*,#2956,.F.);
#4054=ORIENTED_EDGE('',*,*,#2799,.T.);
#4055=ORIENTED_EDGE('',*,*,#2554,.F.);
#4056=ORIENTED_EDGE('',*,*,#2957,.F.);
#4057=ORIENTED_EDGE('',*,*,#2958,.F.);
#4058=ORIENTED_EDGE('',*,*,#2955,.T.);
#4059=ORIENTED_EDGE('',*,*,#2553,.F.);
#4060=ORIENTED_EDGE('',*,*,#2798,.F.);
#4061=ORIENTED_EDGE('',*,*,#2959,.F.);
#4062=ORIENTED_EDGE('',*,*,#2957,.T.);
#4063=ORIENTED_EDGE('',*,*,#2557,.F.);
#4064=ORIENTED_EDGE('',*,*,#2960,.F.);
#4065=ORIENTED_EDGE('',*,*,#2961,.F.);
#4066=ORIENTED_EDGE('',*,*,#2962,.T.);
#4067=ORIENTED_EDGE('',*,*,#2556,.F.);
#4068=ORIENTED_EDGE('',*,*,#2963,.F.);
#4069=ORIENTED_EDGE('',*,*,#2964,.F.);
#4070=ORIENTED_EDGE('',*,*,#2960,.T.);
#4071=ORIENTED_EDGE('',*,*,#2555,.F.);
#4072=ORIENTED_EDGE('',*,*,#2808,.F.);
#4073=ORIENTED_EDGE('',*,*,#2965,.F.);
#4074=ORIENTED_EDGE('',*,*,#2963,.T.);
#4075=ORIENTED_EDGE('',*,*,#2559,.F.);
#4076=ORIENTED_EDGE('',*,*,#2966,.F.);
#4077=ORIENTED_EDGE('',*,*,#2967,.F.);
#4078=ORIENTED_EDGE('',*,*,#2809,.T.);
#4079=ORIENTED_EDGE('',*,*,#2558,.F.);
#4080=ORIENTED_EDGE('',*,*,#2962,.F.);
#4081=ORIENTED_EDGE('',*,*,#2968,.F.);
#4082=ORIENTED_EDGE('',*,*,#2966,.T.);
#4083=ORIENTED_EDGE('',*,*,#2563,.F.);
#4084=ORIENTED_EDGE('',*,*,#2969,.F.);
#4085=ORIENTED_EDGE('',*,*,#2970,.F.);
#4086=ORIENTED_EDGE('',*,*,#2971,.T.);
#4087=ORIENTED_EDGE('',*,*,#2562,.F.);
#4088=ORIENTED_EDGE('',*,*,#2972,.F.);
#4089=ORIENTED_EDGE('',*,*,#2973,.F.);
#4090=ORIENTED_EDGE('',*,*,#2969,.T.);
#4091=ORIENTED_EDGE('',*,*,#2561,.F.);
#4092=ORIENTED_EDGE('',*,*,#2974,.F.);
#4093=ORIENTED_EDGE('',*,*,#2975,.F.);
#4094=ORIENTED_EDGE('',*,*,#2972,.T.);
#4095=ORIENTED_EDGE('',*,*,#2566,.F.);
#4096=ORIENTED_EDGE('',*,*,#2976,.F.);
#4097=ORIENTED_EDGE('',*,*,#2977,.F.);
#4098=ORIENTED_EDGE('',*,*,#2974,.T.);
#4099=ORIENTED_EDGE('',*,*,#2565,.F.);
#4100=ORIENTED_EDGE('',*,*,#2978,.F.);
#4101=ORIENTED_EDGE('',*,*,#2979,.F.);
#4102=ORIENTED_EDGE('',*,*,#2976,.T.);
#4103=ORIENTED_EDGE('',*,*,#2564,.F.);
#4104=ORIENTED_EDGE('',*,*,#2971,.F.);
#4105=ORIENTED_EDGE('',*,*,#2980,.F.);
#4106=ORIENTED_EDGE('',*,*,#2978,.T.);
#4107=ORIENTED_EDGE('',*,*,#2567,.F.);
#4108=ORIENTED_EDGE('',*,*,#2981,.F.);
#4109=ORIENTED_EDGE('',*,*,#2982,.F.);
#4110=ORIENTED_EDGE('',*,*,#2806,.T.);
#4111=ORIENTED_EDGE('',*,*,#2570,.F.);
#4112=ORIENTED_EDGE('',*,*,#2983,.F.);
#4113=ORIENTED_EDGE('',*,*,#2984,.F.);
#4114=ORIENTED_EDGE('',*,*,#2981,.T.);
#4115=ORIENTED_EDGE('',*,*,#2569,.F.);
#4116=ORIENTED_EDGE('',*,*,#2805,.F.);
#4117=ORIENTED_EDGE('',*,*,#2985,.F.);
#4118=ORIENTED_EDGE('',*,*,#2983,.T.);
#4119=ORIENTED_EDGE('',*,*,#2571,.F.);
#4120=ORIENTED_EDGE('',*,*,#2986,.F.);
#4121=ORIENTED_EDGE('',*,*,#2987,.F.);
#4122=ORIENTED_EDGE('',*,*,#2796,.T.);
#4123=ORIENTED_EDGE('',*,*,#2574,.F.);
#4124=ORIENTED_EDGE('',*,*,#2988,.F.);
#4125=ORIENTED_EDGE('',*,*,#2989,.F.);
#4126=ORIENTED_EDGE('',*,*,#2986,.T.);
#4127=ORIENTED_EDGE('',*,*,#2573,.F.);
#4128=ORIENTED_EDGE('',*,*,#2795,.F.);
#4129=ORIENTED_EDGE('',*,*,#2990,.F.);
#4130=ORIENTED_EDGE('',*,*,#2988,.T.);
#4131=ORIENTED_EDGE('',*,*,#2577,.F.);
#4132=ORIENTED_EDGE('',*,*,#2991,.F.);
#4133=ORIENTED_EDGE('',*,*,#2992,.F.);
#4134=ORIENTED_EDGE('',*,*,#2829,.T.);
#4135=ORIENTED_EDGE('',*,*,#2576,.F.);
#4136=ORIENTED_EDGE('',*,*,#2993,.F.);
#4137=ORIENTED_EDGE('',*,*,#2994,.F.);
#4138=ORIENTED_EDGE('',*,*,#2991,.T.);
#4139=ORIENTED_EDGE('',*,*,#2575,.F.);
#4140=ORIENTED_EDGE('',*,*,#2995,.F.);
#4141=ORIENTED_EDGE('',*,*,#2996,.F.);
#4142=ORIENTED_EDGE('',*,*,#2993,.T.);
#4143=ORIENTED_EDGE('',*,*,#2581,.F.);
#4144=ORIENTED_EDGE('',*,*,#2997,.F.);
#4145=ORIENTED_EDGE('',*,*,#2998,.F.);
#4146=ORIENTED_EDGE('',*,*,#2995,.T.);
#4147=ORIENTED_EDGE('',*,*,#2580,.F.);
#4148=ORIENTED_EDGE('',*,*,#2999,.F.);
#4149=ORIENTED_EDGE('',*,*,#3000,.F.);
#4150=ORIENTED_EDGE('',*,*,#2997,.T.);
#4151=ORIENTED_EDGE('',*,*,#2579,.F.);
#4152=ORIENTED_EDGE('',*,*,#2828,.F.);
#4153=ORIENTED_EDGE('',*,*,#3001,.F.);
#4154=ORIENTED_EDGE('',*,*,#2999,.T.);
#4155=ORIENTED_EDGE('',*,*,#2582,.F.);
#4156=ORIENTED_EDGE('',*,*,#3002,.F.);
#4157=ORIENTED_EDGE('',*,*,#3003,.F.);
#4158=ORIENTED_EDGE('',*,*,#2819,.T.);
#4159=ORIENTED_EDGE('',*,*,#2585,.F.);
#4160=ORIENTED_EDGE('',*,*,#3004,.F.);
#4161=ORIENTED_EDGE('',*,*,#3005,.F.);
#4162=ORIENTED_EDGE('',*,*,#3002,.T.);
#4163=ORIENTED_EDGE('',*,*,#2584,.F.);
#4164=ORIENTED_EDGE('',*,*,#2818,.F.);
#4165=ORIENTED_EDGE('',*,*,#3006,.F.);
#4166=ORIENTED_EDGE('',*,*,#3004,.T.);
#4167=ORIENTED_EDGE('',*,*,#2588,.F.);
#4168=ORIENTED_EDGE('',*,*,#3007,.F.);
#4169=ORIENTED_EDGE('',*,*,#3008,.F.);
#4170=ORIENTED_EDGE('',*,*,#3009,.T.);
#4171=ORIENTED_EDGE('',*,*,#2587,.F.);
#4172=ORIENTED_EDGE('',*,*,#3010,.F.);
#4173=ORIENTED_EDGE('',*,*,#3011,.F.);
#4174=ORIENTED_EDGE('',*,*,#3007,.T.);
#4175=ORIENTED_EDGE('',*,*,#2586,.F.);
#4176=ORIENTED_EDGE('',*,*,#3012,.F.);
#4177=ORIENTED_EDGE('',*,*,#3013,.F.);
#4178=ORIENTED_EDGE('',*,*,#3010,.T.);
#4179=ORIENTED_EDGE('',*,*,#2591,.F.);
#4180=ORIENTED_EDGE('',*,*,#3014,.F.);
#4181=ORIENTED_EDGE('',*,*,#3015,.F.);
#4182=ORIENTED_EDGE('',*,*,#3012,.T.);
#4183=ORIENTED_EDGE('',*,*,#2590,.F.);
#4184=ORIENTED_EDGE('',*,*,#3016,.F.);
#4185=ORIENTED_EDGE('',*,*,#3017,.F.);
#4186=ORIENTED_EDGE('',*,*,#3014,.T.);
#4187=ORIENTED_EDGE('',*,*,#2589,.F.);
#4188=ORIENTED_EDGE('',*,*,#3009,.F.);
#4189=ORIENTED_EDGE('',*,*,#3018,.F.);
#4190=ORIENTED_EDGE('',*,*,#3016,.T.);
#4191=ORIENTED_EDGE('',*,*,#2594,.F.);
#4192=ORIENTED_EDGE('',*,*,#3019,.F.);
#4193=ORIENTED_EDGE('',*,*,#3020,.F.);
#4194=ORIENTED_EDGE('',*,*,#3021,.T.);
#4195=ORIENTED_EDGE('',*,*,#2593,.F.);
#4196=ORIENTED_EDGE('',*,*,#3022,.F.);
#4197=ORIENTED_EDGE('',*,*,#3023,.F.);
#4198=ORIENTED_EDGE('',*,*,#3019,.T.);
#4199=ORIENTED_EDGE('',*,*,#2592,.F.);
#4200=ORIENTED_EDGE('',*,*,#3024,.F.);
#4201=ORIENTED_EDGE('',*,*,#3025,.F.);
#4202=ORIENTED_EDGE('',*,*,#3022,.T.);
#4203=ORIENTED_EDGE('',*,*,#2597,.F.);
#4204=ORIENTED_EDGE('',*,*,#3026,.F.);
#4205=ORIENTED_EDGE('',*,*,#3027,.F.);
#4206=ORIENTED_EDGE('',*,*,#3024,.T.);
#4207=ORIENTED_EDGE('',*,*,#2596,.F.);
#4208=ORIENTED_EDGE('',*,*,#3028,.F.);
#4209=ORIENTED_EDGE('',*,*,#3029,.F.);
#4210=ORIENTED_EDGE('',*,*,#3026,.T.);
#4211=ORIENTED_EDGE('',*,*,#2595,.F.);
#4212=ORIENTED_EDGE('',*,*,#3021,.F.);
#4213=ORIENTED_EDGE('',*,*,#3030,.F.);
#4214=ORIENTED_EDGE('',*,*,#3028,.T.);
#4215=ORIENTED_EDGE('',*,*,#2600,.F.);
#4216=ORIENTED_EDGE('',*,*,#3031,.F.);
#4217=ORIENTED_EDGE('',*,*,#3032,.F.);
#4218=ORIENTED_EDGE('',*,*,#3033,.T.);
#4219=ORIENTED_EDGE('',*,*,#2599,.F.);
#4220=ORIENTED_EDGE('',*,*,#3034,.F.);
#4221=ORIENTED_EDGE('',*,*,#3035,.F.);
#4222=ORIENTED_EDGE('',*,*,#3031,.T.);
#4223=ORIENTED_EDGE('',*,*,#2598,.F.);
#4224=ORIENTED_EDGE('',*,*,#3036,.F.);
#4225=ORIENTED_EDGE('',*,*,#3037,.F.);
#4226=ORIENTED_EDGE('',*,*,#3034,.T.);
#4227=ORIENTED_EDGE('',*,*,#2603,.F.);
#4228=ORIENTED_EDGE('',*,*,#3038,.F.);
#4229=ORIENTED_EDGE('',*,*,#3039,.F.);
#4230=ORIENTED_EDGE('',*,*,#3036,.T.);
#4231=ORIENTED_EDGE('',*,*,#2602,.F.);
#4232=ORIENTED_EDGE('',*,*,#3040,.F.);
#4233=ORIENTED_EDGE('',*,*,#3041,.F.);
#4234=ORIENTED_EDGE('',*,*,#3038,.T.);
#4235=ORIENTED_EDGE('',*,*,#2601,.F.);
#4236=ORIENTED_EDGE('',*,*,#3033,.F.);
#4237=ORIENTED_EDGE('',*,*,#3042,.F.);
#4238=ORIENTED_EDGE('',*,*,#3040,.T.);
#4239=ORIENTED_EDGE('',*,*,#2811,.T.);
#4240=ORIENTED_EDGE('',*,*,#2789,.T.);
#4241=ORIENTED_EDGE('',*,*,#2791,.T.);
#4242=ORIENTED_EDGE('',*,*,#2786,.T.);
#4243=ORIENTED_EDGE('',*,*,#2810,.T.);
#4244=ORIENTED_EDGE('',*,*,#2967,.T.);
#4245=ORIENTED_EDGE('',*,*,#2968,.T.);
#4246=ORIENTED_EDGE('',*,*,#2961,.T.);
#4247=ORIENTED_EDGE('',*,*,#2964,.T.);
#4248=ORIENTED_EDGE('',*,*,#2965,.T.);
#4249=ORIENTED_EDGE('',*,*,#2807,.T.);
#4250=ORIENTED_EDGE('',*,*,#2982,.T.);
#4251=ORIENTED_EDGE('',*,*,#2984,.T.);
#4252=ORIENTED_EDGE('',*,*,#2985,.T.);
#4253=ORIENTED_EDGE('',*,*,#2804,.T.);
#4254=ORIENTED_EDGE('',*,*,#2843,.T.);
#4255=ORIENTED_EDGE('',*,*,#2844,.T.);
#4256=ORIENTED_EDGE('',*,*,#2840,.T.);
#4257=ORIENTED_EDGE('',*,*,#2801,.T.);
#4258=ORIENTED_EDGE('',*,*,#2775,.T.);
#4259=ORIENTED_EDGE('',*,*,#2778,.T.);
#4260=ORIENTED_EDGE('',*,*,#2780,.T.);
#4261=ORIENTED_EDGE('',*,*,#2782,.T.);
#4262=ORIENTED_EDGE('',*,*,#2784,.T.);
#4263=ORIENTED_EDGE('',*,*,#2800,.T.);
#4264=ORIENTED_EDGE('',*,*,#2956,.T.);
#4265=ORIENTED_EDGE('',*,*,#2958,.T.);
#4266=ORIENTED_EDGE('',*,*,#2959,.T.);
#4267=ORIENTED_EDGE('',*,*,#2797,.T.);
#4268=ORIENTED_EDGE('',*,*,#2987,.T.);
#4269=ORIENTED_EDGE('',*,*,#2989,.T.);
#4270=ORIENTED_EDGE('',*,*,#2990,.T.);
#4271=ORIENTED_EDGE('',*,*,#2794,.T.);
#4272=ORIENTED_EDGE('',*,*,#2834,.T.);
#4273=ORIENTED_EDGE('',*,*,#2768,.T.);
#4274=ORIENTED_EDGE('',*,*,#2771,.T.);
#4275=ORIENTED_EDGE('',*,*,#2773,.T.);
#4276=ORIENTED_EDGE('',*,*,#2833,.T.);
#4277=ORIENTED_EDGE('',*,*,#2954,.T.);
#4278=ORIENTED_EDGE('',*,*,#2951,.T.);
#4279=ORIENTED_EDGE('',*,*,#2953,.T.);
#4280=ORIENTED_EDGE('',*,*,#2830,.T.);
#4281=ORIENTED_EDGE('',*,*,#2992,.T.);
#4282=ORIENTED_EDGE('',*,*,#2994,.T.);
#4283=ORIENTED_EDGE('',*,*,#2996,.T.);
#4284=ORIENTED_EDGE('',*,*,#2998,.T.);
#4285=ORIENTED_EDGE('',*,*,#3000,.T.);
#4286=ORIENTED_EDGE('',*,*,#3001,.T.);
#4287=ORIENTED_EDGE('',*,*,#2827,.T.);
#4288=ORIENTED_EDGE('',*,*,#2861,.T.);
#4289=ORIENTED_EDGE('',*,*,#2858,.T.);
#4290=ORIENTED_EDGE('',*,*,#2860,.T.);
#4291=ORIENTED_EDGE('',*,*,#2824,.T.);
#4292=ORIENTED_EDGE('',*,*,#2765,.T.);
#4293=ORIENTED_EDGE('',*,*,#2761,.T.);
#4294=ORIENTED_EDGE('',*,*,#2764,.T.);
#4295=ORIENTED_EDGE('',*,*,#2823,.T.);
#4296=ORIENTED_EDGE('',*,*,#2944,.T.);
#4297=ORIENTED_EDGE('',*,*,#2946,.T.);
#4298=ORIENTED_EDGE('',*,*,#2948,.T.);
#4299=ORIENTED_EDGE('',*,*,#2949,.T.);
#4300=ORIENTED_EDGE('',*,*,#2940,.T.);
#4301=ORIENTED_EDGE('',*,*,#2942,.T.);
#4302=ORIENTED_EDGE('',*,*,#2820,.T.);
#4303=ORIENTED_EDGE('',*,*,#3003,.T.);
#4304=ORIENTED_EDGE('',*,*,#3005,.T.);
#4305=ORIENTED_EDGE('',*,*,#3006,.T.);
#4306=ORIENTED_EDGE('',*,*,#2817,.T.);
#4307=ORIENTED_EDGE('',*,*,#2863,.T.);
#4308=ORIENTED_EDGE('',*,*,#2865,.T.);
#4309=ORIENTED_EDGE('',*,*,#2866,.T.);
#4310=ORIENTED_EDGE('',*,*,#2814,.T.);
#4311=ORIENTED_EDGE('',*,*,#2836,.T.);
#4312=ORIENTED_EDGE('',*,*,#2838,.T.);
#4313=ORIENTED_EDGE('',*,*,#2839,.T.);
#4314=ORIENTED_EDGE('',*,*,#2718,.T.);
#4315=ORIENTED_EDGE('',*,*,#2720,.T.);
#4316=ORIENTED_EDGE('',*,*,#2722,.T.);
#4317=ORIENTED_EDGE('',*,*,#2723,.T.);
#4318=ORIENTED_EDGE('',*,*,#2713,.T.);
#4319=ORIENTED_EDGE('',*,*,#2716,.T.);
#4320=ORIENTED_EDGE('',*,*,#2730,.T.);
#4321=ORIENTED_EDGE('',*,*,#2732,.T.);
#4322=ORIENTED_EDGE('',*,*,#2734,.T.);
#4323=ORIENTED_EDGE('',*,*,#2735,.T.);
#4324=ORIENTED_EDGE('',*,*,#2725,.T.);
#4325=ORIENTED_EDGE('',*,*,#2728,.T.);
#4326=ORIENTED_EDGE('',*,*,#2742,.T.);
#4327=ORIENTED_EDGE('',*,*,#2744,.T.);
#4328=ORIENTED_EDGE('',*,*,#2746,.T.);
#4329=ORIENTED_EDGE('',*,*,#2747,.T.);
#4330=ORIENTED_EDGE('',*,*,#2737,.T.);
#4331=ORIENTED_EDGE('',*,*,#2740,.T.);
#4332=ORIENTED_EDGE('',*,*,#2754,.T.);
#4333=ORIENTED_EDGE('',*,*,#2756,.T.);
#4334=ORIENTED_EDGE('',*,*,#2758,.T.);
#4335=ORIENTED_EDGE('',*,*,#2759,.T.);
#4336=ORIENTED_EDGE('',*,*,#2749,.T.);
#4337=ORIENTED_EDGE('',*,*,#2752,.T.);
#4338=ORIENTED_EDGE('',*,*,#2851,.T.);
#4339=ORIENTED_EDGE('',*,*,#2853,.T.);
#4340=ORIENTED_EDGE('',*,*,#2855,.T.);
#4341=ORIENTED_EDGE('',*,*,#2856,.T.);
#4342=ORIENTED_EDGE('',*,*,#2846,.T.);
#4343=ORIENTED_EDGE('',*,*,#2849,.T.);
#4344=ORIENTED_EDGE('',*,*,#2873,.T.);
#4345=ORIENTED_EDGE('',*,*,#2875,.T.);
#4346=ORIENTED_EDGE('',*,*,#2877,.T.);
#4347=ORIENTED_EDGE('',*,*,#2878,.T.);
#4348=ORIENTED_EDGE('',*,*,#2868,.T.);
#4349=ORIENTED_EDGE('',*,*,#2871,.T.);
#4350=ORIENTED_EDGE('',*,*,#2885,.T.);
#4351=ORIENTED_EDGE('',*,*,#2887,.T.);
#4352=ORIENTED_EDGE('',*,*,#2889,.T.);
#4353=ORIENTED_EDGE('',*,*,#2890,.T.);
#4354=ORIENTED_EDGE('',*,*,#2880,.T.);
#4355=ORIENTED_EDGE('',*,*,#2883,.T.);
#4356=ORIENTED_EDGE('',*,*,#2897,.T.);
#4357=ORIENTED_EDGE('',*,*,#2899,.T.);
#4358=ORIENTED_EDGE('',*,*,#2901,.T.);
#4359=ORIENTED_EDGE('',*,*,#2902,.T.);
#4360=ORIENTED_EDGE('',*,*,#2892,.T.);
#4361=ORIENTED_EDGE('',*,*,#2895,.T.);
#4362=ORIENTED_EDGE('',*,*,#2909,.T.);
#4363=ORIENTED_EDGE('',*,*,#2911,.T.);
#4364=ORIENTED_EDGE('',*,*,#2913,.T.);
#4365=ORIENTED_EDGE('',*,*,#2914,.T.);
#4366=ORIENTED_EDGE('',*,*,#2904,.T.);
#4367=ORIENTED_EDGE('',*,*,#2907,.T.);
#4368=ORIENTED_EDGE('',*,*,#2921,.T.);
#4369=ORIENTED_EDGE('',*,*,#2923,.T.);
#4370=ORIENTED_EDGE('',*,*,#2925,.T.);
#4371=ORIENTED_EDGE('',*,*,#2926,.T.);
#4372=ORIENTED_EDGE('',*,*,#2916,.T.);
#4373=ORIENTED_EDGE('',*,*,#2919,.T.);
#4374=ORIENTED_EDGE('',*,*,#2933,.T.);
#4375=ORIENTED_EDGE('',*,*,#2935,.T.);
#4376=ORIENTED_EDGE('',*,*,#2937,.T.);
#4377=ORIENTED_EDGE('',*,*,#2938,.T.);
#4378=ORIENTED_EDGE('',*,*,#2928,.T.);
#4379=ORIENTED_EDGE('',*,*,#2931,.T.);
#4380=ORIENTED_EDGE('',*,*,#2975,.T.);
#4381=ORIENTED_EDGE('',*,*,#2977,.T.);
#4382=ORIENTED_EDGE('',*,*,#2979,.T.);
#4383=ORIENTED_EDGE('',*,*,#2980,.T.);
#4384=ORIENTED_EDGE('',*,*,#2970,.T.);
#4385=ORIENTED_EDGE('',*,*,#2973,.T.);
#4386=ORIENTED_EDGE('',*,*,#3013,.T.);
#4387=ORIENTED_EDGE('',*,*,#3015,.T.);
#4388=ORIENTED_EDGE('',*,*,#3017,.T.);
#4389=ORIENTED_EDGE('',*,*,#3018,.T.);
#4390=ORIENTED_EDGE('',*,*,#3008,.T.);
#4391=ORIENTED_EDGE('',*,*,#3011,.T.);
#4392=ORIENTED_EDGE('',*,*,#3025,.T.);
#4393=ORIENTED_EDGE('',*,*,#3027,.T.);
#4394=ORIENTED_EDGE('',*,*,#3029,.T.);
#4395=ORIENTED_EDGE('',*,*,#3030,.T.);
#4396=ORIENTED_EDGE('',*,*,#3020,.T.);
#4397=ORIENTED_EDGE('',*,*,#3023,.T.);
#4398=ORIENTED_EDGE('',*,*,#3037,.T.);
#4399=ORIENTED_EDGE('',*,*,#3039,.T.);
#4400=ORIENTED_EDGE('',*,*,#3041,.T.);
#4401=ORIENTED_EDGE('',*,*,#3042,.T.);
#4402=ORIENTED_EDGE('',*,*,#3032,.T.);
#4403=ORIENTED_EDGE('',*,*,#3035,.T.);
#4404=ORIENTED_EDGE('',*,*,#2622,.T.);
#4405=ORIENTED_EDGE('',*,*,#2638,.T.);
#4406=ORIENTED_EDGE('',*,*,#2792,.T.);
#4407=PLANE('',#4847);
#4408=PLANE('',#4848);
#4409=PLANE('',#4849);
#4410=PLANE('',#4850);
#4411=PLANE('',#4851);
#4412=PLANE('',#4864);
#4413=PLANE('',#4865);
#4414=PLANE('',#4866);
#4415=PLANE('',#4895);
#4416=PLANE('',#4896);
#4417=PLANE('',#4897);
#4418=PLANE('',#4898);
#4419=PLANE('',#4899);
#4420=PLANE('',#4900);
#4421=PLANE('',#4901);
#4422=PLANE('',#4902);
#4423=PLANE('',#4903);
#4424=PLANE('',#4904);
#4425=PLANE('',#4905);
#4426=PLANE('',#4906);
#4427=PLANE('',#4909);
#4428=PLANE('',#4911);
#4429=PLANE('',#4913);
#4430=PLANE('',#4914);
#4431=PLANE('',#4915);
#4432=PLANE('',#4916);
#4433=PLANE('',#4917);
#4434=PLANE('',#4918);
#4435=PLANE('',#4919);
#4436=PLANE('',#4920);
#4437=PLANE('',#4921);
#4438=PLANE('',#4922);
#4439=PLANE('',#4923);
#4440=PLANE('',#4924);
#4441=PLANE('',#4925);
#4442=PLANE('',#4926);
#4443=PLANE('',#4927);
#4444=PLANE('',#4928);
#4445=PLANE('',#4929);
#4446=PLANE('',#4934);
#4447=PLANE('',#4935);
#4448=PLANE('',#4936);
#4449=PLANE('',#4937);
#4450=PLANE('',#4938);
#4451=PLANE('',#4939);
#4452=PLANE('',#4940);
#4453=PLANE('',#4941);
#4454=PLANE('',#4942);
#4455=PLANE('',#4943);
#4456=PLANE('',#4944);
#4457=PLANE('',#4945);
#4458=PLANE('',#4946);
#4459=PLANE('',#4947);
#4460=PLANE('',#4948);
#4461=PLANE('',#4949);
#4462=PLANE('',#4950);
#4463=PLANE('',#4959);
#4464=PLANE('',#4960);
#4465=PLANE('',#4961);
#4466=PLANE('',#4962);
#4467=PLANE('',#4963);
#4468=PLANE('',#4964);
#4469=PLANE('',#4965);
#4470=PLANE('',#4966);
#4471=PLANE('',#4967);
#4472=PLANE('',#4968);
#4473=PLANE('',#4969);
#4474=PLANE('',#4970);
#4475=PLANE('',#4971);
#4476=PLANE('',#4972);
#4477=PLANE('',#4973);
#4478=PLANE('',#4974);
#4479=PLANE('',#4975);
#4480=PLANE('',#4976);
#4481=PLANE('',#4977);
#4482=PLANE('',#4978);
#4483=PLANE('',#4979);
#4484=PLANE('',#4980);
#4485=PLANE('',#4981);
#4486=PLANE('',#4982);
#4487=PLANE('',#4983);
#4488=PLANE('',#4984);
#4489=PLANE('',#4985);
#4490=PLANE('',#4986);
#4491=PLANE('',#4987);
#4492=PLANE('',#4988);
#4493=PLANE('',#4989);
#4494=PLANE('',#4990);
#4495=PLANE('',#4991);
#4496=PLANE('',#4992);
#4497=PLANE('',#4993);
#4498=PLANE('',#4994);
#4499=PLANE('',#4995);
#4500=PLANE('',#4996);
#4501=PLANE('',#5016);
#4502=PLANE('',#5017);
#4503=PLANE('',#5018);
#4504=PLANE('',#5019);
#4505=PLANE('',#5020);
#4506=PLANE('',#5021);
#4507=PLANE('',#5022);
#4508=PLANE('',#5023);
#4509=PLANE('',#5024);
#4510=PLANE('',#5025);
#4511=PLANE('',#5026);
#4512=PLANE('',#5027);
#4513=PLANE('',#5028);
#4514=PLANE('',#5029);
#4515=PLANE('',#5030);
#4516=PLANE('',#5031);
#4517=PLANE('',#5032);
#4518=PLANE('',#5033);
#4519=PLANE('',#5034);
#4520=PLANE('',#5035);
#4521=PLANE('',#5036);
#4522=PLANE('',#5037);
#4523=PLANE('',#5038);
#4524=PLANE('',#5039);
#4525=PLANE('',#5040);
#4526=PLANE('',#5041);
#4527=PLANE('',#5042);
#4528=PLANE('',#5043);
#4529=PLANE('',#5044);
#4530=PLANE('',#5045);
#4531=PLANE('',#5046);
#4532=PLANE('',#5047);
#4533=PLANE('',#5048);
#4534=PLANE('',#5049);
#4535=PLANE('',#5050);
#4536=PLANE('',#5051);
#4537=PLANE('',#5052);
#4538=PLANE('',#5053);
#4539=PLANE('',#5054);
#4540=PLANE('',#5055);
#4541=PLANE('',#5056);
#4542=PLANE('',#5057);
#4543=PLANE('',#5058);
#4544=PLANE('',#5059);
#4545=PLANE('',#5060);
#4546=PLANE('',#5061);
#4547=PLANE('',#5062);
#4548=PLANE('',#5063);
#4549=PLANE('',#5064);
#4550=PLANE('',#5065);
#4551=PLANE('',#5066);
#4552=PLANE('',#5067);
#4553=PLANE('',#5068);
#4554=PLANE('',#5069);
#4555=PLANE('',#5070);
#4556=PLANE('',#5071);
#4557=PLANE('',#5072);
#4558=PLANE('',#5073);
#4559=PLANE('',#5074);
#4560=PLANE('',#5075);
#4561=PLANE('',#5076);
#4562=PLANE('',#5077);
#4563=PLANE('',#5078);
#4564=PLANE('',#5079);
#4565=PLANE('',#5080);
#4566=PLANE('',#5081);
#4567=PLANE('',#5082);
#4568=PLANE('',#5083);
#4569=PLANE('',#5084);
#4570=PLANE('',#5085);
#4571=PLANE('',#5086);
#4572=PLANE('',#5087);
#4573=PLANE('',#5088);
#4574=PLANE('',#5089);
#4575=PLANE('',#5090);
#4576=PLANE('',#5091);
#4577=PLANE('',#5092);
#4578=PLANE('',#5093);
#4579=PLANE('',#5094);
#4580=PLANE('',#5095);
#4581=PLANE('',#5096);
#4582=PLANE('',#5097);
#4583=PLANE('',#5098);
#4584=PLANE('',#5099);
#4585=PLANE('',#5100);
#4586=PLANE('',#5101);
#4587=PLANE('',#5102);
#4588=PLANE('',#5103);
#4589=PLANE('',#5104);
#4590=PLANE('',#5105);
#4591=PLANE('',#5106);
#4592=PLANE('',#5107);
#4593=PLANE('',#5108);
#4594=PLANE('',#5109);
#4595=PLANE('',#5110);
#4596=PLANE('',#5111);
#4597=PLANE('',#5112);
#4598=PLANE('',#5113);
#4599=PLANE('',#5114);
#4600=PLANE('',#5115);
#4601=PLANE('',#5116);
#4602=PLANE('',#5117);
#4603=PLANE('',#5118);
#4604=PLANE('',#5119);
#4605=PLANE('',#5120);
#4606=PLANE('',#5121);
#4607=PLANE('',#5122);
#4608=PLANE('',#5123);
#4609=PLANE('',#5124);
#4610=PLANE('',#5125);
#4611=PLANE('',#5126);
#4612=PLANE('',#5127);
#4613=ADVANCED_FACE('',(#167),#4407,.T.);
#4614=ADVANCED_FACE('',(#168),#4408,.T.);
#4615=ADVANCED_FACE('',(#169),#4409,.T.);
#4616=ADVANCED_FACE('',(#170),#4410,.T.);
#4617=ADVANCED_FACE('',(#171,#34,#35,#36,#37,#38,#39,#40,#41,#42,#43,#44),
#4411,.T.);
#4618=ADVANCED_FACE('',(#172),#4412,.T.);
#4619=ADVANCED_FACE('',(#173),#4413,.T.);
#4620=ADVANCED_FACE('',(#174,#45,#46,#47,#48,#49,#50,#51,#52,#53,#54,#55,
#56,#57,#58,#59,#60,#61,#62,#63,#64,#65,#66,#67,#68,#69,#70,#71,#72,#73,
#74,#75,#76,#77,#78,#79,#80,#81,#82,#83,#84,#85,#86,#87),#4414,.F.);
#4621=ADVANCED_FACE('',(#175),#4415,.T.);
#4622=ADVANCED_FACE('',(#176),#4416,.T.);
#4623=ADVANCED_FACE('',(#177),#4417,.F.);
#4624=ADVANCED_FACE('',(#178),#4418,.F.);
#4625=ADVANCED_FACE('',(#179),#4419,.T.);
#4626=ADVANCED_FACE('',(#180),#4420,.T.);
#4627=ADVANCED_FACE('',(#181),#4421,.T.);
#4628=ADVANCED_FACE('',(#182),#4422,.T.);
#4629=ADVANCED_FACE('',(#183),#4423,.T.);
#4630=ADVANCED_FACE('',(#184),#4424,.T.);
#4631=ADVANCED_FACE('',(#185),#4425,.T.);
#4632=ADVANCED_FACE('',(#186),#4426,.T.);
#4633=ADVANCED_FACE('',(#187),#28,.T.);
#4634=ADVANCED_FACE('',(#188,#88),#4427,.T.);
#4635=ADVANCED_FACE('',(#189,#89),#4428,.T.);
#4636=ADVANCED_FACE('',(#190),#4429,.T.);
#4637=ADVANCED_FACE('',(#191),#4430,.T.);
#4638=ADVANCED_FACE('',(#192),#4431,.T.);
#4639=ADVANCED_FACE('',(#193),#4432,.T.);
#4640=ADVANCED_FACE('',(#194),#4433,.T.);
#4641=ADVANCED_FACE('',(#195),#4434,.T.);
#4642=ADVANCED_FACE('',(#196),#4435,.T.);
#4643=ADVANCED_FACE('',(#197),#4436,.T.);
#4644=ADVANCED_FACE('',(#198),#4437,.T.);
#4645=ADVANCED_FACE('',(#199),#4438,.T.);
#4646=ADVANCED_FACE('',(#200),#4439,.T.);
#4647=ADVANCED_FACE('',(#201),#4440,.F.);
#4648=ADVANCED_FACE('',(#202),#4441,.F.);
#4649=ADVANCED_FACE('',(#203),#4442,.T.);
#4650=ADVANCED_FACE('',(#204),#4443,.T.);
#4651=ADVANCED_FACE('',(#205),#4444,.T.);
#4652=ADVANCED_FACE('',(#206),#4445,.F.);
#4653=ADVANCED_FACE('',(#207),#15,.F.);
#4654=ADVANCED_FACE('',(#208),#16,.F.);
#4655=ADVANCED_FACE('',(#209),#17,.F.);
#4656=ADVANCED_FACE('',(#210),#18,.F.);
#4657=ADVANCED_FACE('',(#211),#4446,.F.);
#4658=ADVANCED_FACE('',(#212),#4447,.T.);
#4659=ADVANCED_FACE('',(#213),#4448,.F.);
#4660=ADVANCED_FACE('',(#214),#4449,.T.);
#4661=ADVANCED_FACE('',(#215),#4450,.F.);
#4662=ADVANCED_FACE('',(#216),#4451,.T.);
#4663=ADVANCED_FACE('',(#217),#4452,.F.);
#4664=ADVANCED_FACE('',(#218),#4453,.T.);
#4665=ADVANCED_FACE('',(#219),#4454,.F.);
#4666=ADVANCED_FACE('',(#220),#4455,.F.);
#4667=ADVANCED_FACE('',(#221),#4456,.T.);
#4668=ADVANCED_FACE('',(#222),#4457,.T.);
#4669=ADVANCED_FACE('',(#223),#4458,.F.);
#4670=ADVANCED_FACE('',(#224),#4459,.T.);
#4671=ADVANCED_FACE('',(#225),#4460,.T.);
#4672=ADVANCED_FACE('',(#226),#4461,.F.);
#4673=ADVANCED_FACE('',(#227),#4462,.F.);
#4674=ADVANCED_FACE('',(#228),#19,.F.);
#4675=ADVANCED_FACE('',(#229),#20,.F.);
#4676=ADVANCED_FACE('',(#230),#21,.F.);
#4677=ADVANCED_FACE('',(#231),#22,.F.);
#4678=ADVANCED_FACE('',(#232),#23,.F.);
#4679=ADVANCED_FACE('',(#233),#24,.F.);
#4680=ADVANCED_FACE('',(#234),#25,.F.);
#4681=ADVANCED_FACE('',(#235),#26,.F.);
#4682=ADVANCED_FACE('',(#236),#4463,.F.);
#4683=ADVANCED_FACE('',(#237),#4464,.F.);
#4684=ADVANCED_FACE('',(#238),#4465,.F.);
#4685=ADVANCED_FACE('',(#239),#4466,.F.);
#4686=ADVANCED_FACE('',(#240),#4467,.F.);
#4687=ADVANCED_FACE('',(#241),#4468,.F.);
#4688=ADVANCED_FACE('',(#242),#4469,.F.);
#4689=ADVANCED_FACE('',(#243),#4470,.F.);
#4690=ADVANCED_FACE('',(#244),#4471,.F.);
#4691=ADVANCED_FACE('',(#245),#4472,.F.);
#4692=ADVANCED_FACE('',(#246),#4473,.F.);
#4693=ADVANCED_FACE('',(#247),#4474,.F.);
#4694=ADVANCED_FACE('',(#248),#4475,.F.);
#4695=ADVANCED_FACE('',(#249),#4476,.F.);
#4696=ADVANCED_FACE('',(#250),#4477,.F.);
#4697=ADVANCED_FACE('',(#251),#4478,.F.);
#4698=ADVANCED_FACE('',(#252),#4479,.F.);
#4699=ADVANCED_FACE('',(#253),#4480,.F.);
#4700=ADVANCED_FACE('',(#254),#4481,.F.);
#4701=ADVANCED_FACE('',(#255),#4482,.F.);
#4702=ADVANCED_FACE('',(#256),#4483,.F.);
#4703=ADVANCED_FACE('',(#257),#4484,.F.);
#4704=ADVANCED_FACE('',(#258),#4485,.F.);
#4705=ADVANCED_FACE('',(#259),#4486,.F.);
#4706=ADVANCED_FACE('',(#260),#4487,.F.);
#4707=ADVANCED_FACE('',(#261),#4488,.F.);
#4708=ADVANCED_FACE('',(#262),#4489,.F.);
#4709=ADVANCED_FACE('',(#263),#4490,.F.);
#4710=ADVANCED_FACE('',(#264),#4491,.F.);
#4711=ADVANCED_FACE('',(#265),#4492,.F.);
#4712=ADVANCED_FACE('',(#266),#4493,.F.);
#4713=ADVANCED_FACE('',(#267),#4494,.F.);
#4714=ADVANCED_FACE('',(#268),#4495,.F.);
#4715=ADVANCED_FACE('',(#269),#4496,.F.);
#4716=ADVANCED_FACE('',(#270),#4497,.F.);
#4717=ADVANCED_FACE('',(#271),#4498,.F.);
#4718=ADVANCED_FACE('',(#272),#4499,.F.);
#4719=ADVANCED_FACE('',(#273),#4500,.F.);
#4720=ADVANCED_FACE('',(#274),#27,.F.);
#4721=ADVANCED_FACE('',(#275),#4501,.F.);
#4722=ADVANCED_FACE('',(#276),#4502,.F.);
#4723=ADVANCED_FACE('',(#277),#4503,.F.);
#4724=ADVANCED_FACE('',(#278),#4504,.F.);
#4725=ADVANCED_FACE('',(#279),#4505,.F.);
#4726=ADVANCED_FACE('',(#280),#4506,.F.);
#4727=ADVANCED_FACE('',(#281),#4507,.F.);
#4728=ADVANCED_FACE('',(#282),#4508,.F.);
#4729=ADVANCED_FACE('',(#283),#4509,.F.);
#4730=ADVANCED_FACE('',(#284),#4510,.F.);
#4731=ADVANCED_FACE('',(#285),#4511,.F.);
#4732=ADVANCED_FACE('',(#286),#4512,.F.);
#4733=ADVANCED_FACE('',(#287),#4513,.F.);
#4734=ADVANCED_FACE('',(#288),#4514,.F.);
#4735=ADVANCED_FACE('',(#289),#4515,.F.);
#4736=ADVANCED_FACE('',(#290),#4516,.F.);
#4737=ADVANCED_FACE('',(#291),#4517,.F.);
#4738=ADVANCED_FACE('',(#292),#4518,.F.);
#4739=ADVANCED_FACE('',(#293),#4519,.F.);
#4740=ADVANCED_FACE('',(#294),#4520,.F.);
#4741=ADVANCED_FACE('',(#295),#4521,.F.);
#4742=ADVANCED_FACE('',(#296),#4522,.F.);
#4743=ADVANCED_FACE('',(#297),#4523,.F.);
#4744=ADVANCED_FACE('',(#298),#4524,.F.);
#4745=ADVANCED_FACE('',(#299),#4525,.F.);
#4746=ADVANCED_FACE('',(#300),#4526,.F.);
#4747=ADVANCED_FACE('',(#301),#4527,.F.);
#4748=ADVANCED_FACE('',(#302),#4528,.F.);
#4749=ADVANCED_FACE('',(#303),#4529,.F.);
#4750=ADVANCED_FACE('',(#304),#4530,.F.);
#4751=ADVANCED_FACE('',(#305),#4531,.F.);
#4752=ADVANCED_FACE('',(#306),#4532,.F.);
#4753=ADVANCED_FACE('',(#307),#4533,.F.);
#4754=ADVANCED_FACE('',(#308),#4534,.F.);
#4755=ADVANCED_FACE('',(#309),#4535,.F.);
#4756=ADVANCED_FACE('',(#310),#4536,.F.);
#4757=ADVANCED_FACE('',(#311),#4537,.F.);
#4758=ADVANCED_FACE('',(#312),#4538,.F.);
#4759=ADVANCED_FACE('',(#313),#4539,.F.);
#4760=ADVANCED_FACE('',(#314),#4540,.F.);
#4761=ADVANCED_FACE('',(#315),#4541,.F.);
#4762=ADVANCED_FACE('',(#316),#4542,.F.);
#4763=ADVANCED_FACE('',(#317),#4543,.F.);
#4764=ADVANCED_FACE('',(#318),#4544,.F.);
#4765=ADVANCED_FACE('',(#319),#4545,.F.);
#4766=ADVANCED_FACE('',(#320),#4546,.F.);
#4767=ADVANCED_FACE('',(#321),#4547,.F.);
#4768=ADVANCED_FACE('',(#322),#4548,.F.);
#4769=ADVANCED_FACE('',(#323),#4549,.F.);
#4770=ADVANCED_FACE('',(#324),#4550,.F.);
#4771=ADVANCED_FACE('',(#325),#4551,.F.);
#4772=ADVANCED_FACE('',(#326),#4552,.F.);
#4773=ADVANCED_FACE('',(#327),#4553,.F.);
#4774=ADVANCED_FACE('',(#328),#4554,.F.);
#4775=ADVANCED_FACE('',(#329),#4555,.F.);
#4776=ADVANCED_FACE('',(#330),#4556,.F.);
#4777=ADVANCED_FACE('',(#331),#4557,.F.);
#4778=ADVANCED_FACE('',(#332),#4558,.F.);
#4779=ADVANCED_FACE('',(#333),#4559,.F.);
#4780=ADVANCED_FACE('',(#334),#4560,.F.);
#4781=ADVANCED_FACE('',(#335),#4561,.F.);
#4782=ADVANCED_FACE('',(#336),#4562,.F.);
#4783=ADVANCED_FACE('',(#337),#4563,.F.);
#4784=ADVANCED_FACE('',(#338),#4564,.F.);
#4785=ADVANCED_FACE('',(#339),#4565,.F.);
#4786=ADVANCED_FACE('',(#340),#4566,.F.);
#4787=ADVANCED_FACE('',(#341),#4567,.F.);
#4788=ADVANCED_FACE('',(#342),#4568,.F.);
#4789=ADVANCED_FACE('',(#343),#4569,.F.);
#4790=ADVANCED_FACE('',(#344),#4570,.F.);
#4791=ADVANCED_FACE('',(#345),#4571,.F.);
#4792=ADVANCED_FACE('',(#346),#4572,.F.);
#4793=ADVANCED_FACE('',(#347),#4573,.F.);
#4794=ADVANCED_FACE('',(#348),#4574,.F.);
#4795=ADVANCED_FACE('',(#349),#4575,.F.);
#4796=ADVANCED_FACE('',(#350),#4576,.F.);
#4797=ADVANCED_FACE('',(#351),#4577,.F.);
#4798=ADVANCED_FACE('',(#352),#4578,.F.);
#4799=ADVANCED_FACE('',(#353),#4579,.F.);
#4800=ADVANCED_FACE('',(#354),#4580,.F.);
#4801=ADVANCED_FACE('',(#355),#4581,.F.);
#4802=ADVANCED_FACE('',(#356),#4582,.F.);
#4803=ADVANCED_FACE('',(#357),#4583,.F.);
#4804=ADVANCED_FACE('',(#358),#4584,.F.);
#4805=ADVANCED_FACE('',(#359),#4585,.F.);
#4806=ADVANCED_FACE('',(#360),#4586,.F.);
#4807=ADVANCED_FACE('',(#361),#4587,.F.);
#4808=ADVANCED_FACE('',(#362),#4588,.F.);
#4809=ADVANCED_FACE('',(#363),#4589,.F.);
#4810=ADVANCED_FACE('',(#364),#4590,.F.);
#4811=ADVANCED_FACE('',(#365),#4591,.F.);
#4812=ADVANCED_FACE('',(#366),#4592,.F.);
#4813=ADVANCED_FACE('',(#367),#4593,.F.);
#4814=ADVANCED_FACE('',(#368),#4594,.F.);
#4815=ADVANCED_FACE('',(#369),#4595,.F.);
#4816=ADVANCED_FACE('',(#370),#4596,.F.);
#4817=ADVANCED_FACE('',(#371),#4597,.F.);
#4818=ADVANCED_FACE('',(#372),#4598,.F.);
#4819=ADVANCED_FACE('',(#373),#4599,.F.);
#4820=ADVANCED_FACE('',(#374),#4600,.F.);
#4821=ADVANCED_FACE('',(#375),#4601,.F.);
#4822=ADVANCED_FACE('',(#376),#4602,.F.);
#4823=ADVANCED_FACE('',(#377),#4603,.F.);
#4824=ADVANCED_FACE('',(#378),#4604,.F.);
#4825=ADVANCED_FACE('',(#379),#4605,.F.);
#4826=ADVANCED_FACE('',(#380),#4606,.F.);
#4827=ADVANCED_FACE('',(#381),#4607,.F.);
#4828=ADVANCED_FACE('',(#382),#4608,.F.);
#4829=ADVANCED_FACE('',(#383),#4609,.F.);
#4830=ADVANCED_FACE('',(#384),#4610,.F.);
#4831=ADVANCED_FACE('',(#385,#90,#91,#92,#93,#94,#95,#96,#97,#98,#99,#100,
#101,#102,#103,#104),#4611,.T.);
#4832=ADVANCED_FACE('',(#386,#105),#4612,.T.);
#4833=CLOSED_SHELL('',(#4613,#4614,#4615,#4616,#4617,#4618,#4619,#4620,
#4621,#4622,#4623,#4624,#4625,#4626,#4627,#4628,#4629,#4630,#4631,#4632,
#4633,#4634,#4635,#4636,#4637,#4638,#4639,#4640,#4641,#4642,#4643,#4644,
#4645,#4646,#4647,#4648,#4649,#4650,#4651,#4652,#4653,#4654,#4655,#4656,
#4657,#4658,#4659,#4660,#4661,#4662,#4663,#4664,#4665,#4666,#4667,#4668,
#4669,#4670,#4671,#4672,#4673,#4674,#4675,#4676,#4677,#4678,#4679,#4680,
#4681,#4682,#4683,#4684,#4685,#4686,#4687,#4688,#4689,#4690,#4691,#4692,
#4693,#4694,#4695,#4696,#4697,#4698,#4699,#4700,#4701,#4702,#4703,#4704,
#4705,#4706,#4707,#4708,#4709,#4710,#4711,#4712,#4713,#4714,#4715,#4716,
#4717,#4718,#4719,#4720,#4721,#4722,#4723,#4724,#4725,#4726,#4727,#4728,
#4729,#4730,#4731,#4732,#4733,#4734,#4735,#4736,#4737,#4738,#4739,#4740,
#4741,#4742,#4743,#4744,#4745,#4746,#4747,#4748,#4749,#4750,#4751,#4752,
#4753,#4754,#4755,#4756,#4757,#4758,#4759,#4760,#4761,#4762,#4763,#4764,
#4765,#4766,#4767,#4768,#4769,#4770,#4771,#4772,#4773,#4774,#4775,#4776,
#4777,#4778,#4779,#4780,#4781,#4782,#4783,#4784,#4785,#4786,#4787,#4788,
#4789,#4790,#4791,#4792,#4793,#4794,#4795,#4796,#4797,#4798,#4799,#4800,
#4801,#4802,#4803,#4804,#4805,#4806,#4807,#4808,#4809,#4810,#4811,#4812,
#4813,#4814,#4815,#4816,#4817,#4818,#4819,#4820,#4821,#4822,#4823,#4824,
#4825,#4826,#4827,#4828,#4829,#4830,#4831,#4832));
#4834=DERIVED_UNIT_ELEMENT(#4836,1.);
#4835=DERIVED_UNIT_ELEMENT(#7676,-3.);
#4836=(
MASS_UNIT()
NAMED_UNIT(*)
SI_UNIT(.KILO.,.GRAM.)
);
#4837=DERIVED_UNIT((#4834,#4835));
#4838=MEASURE_REPRESENTATION_ITEM('density measure',
POSITIVE_RATIO_MEASURE(7850.),#4837);
#4839=PROPERTY_DEFINITION_REPRESENTATION(#4844,#4841);
#4840=PROPERTY_DEFINITION_REPRESENTATION(#4845,#4842);
#4841=REPRESENTATION('material name',(#4843),#7673);
#4842=REPRESENTATION('density',(#4838),#7673);
#4843=DESCRIPTIVE_REPRESENTATION_ITEM('Steel','Steel');
#4844=PROPERTY_DEFINITION('material property','material name',#7683);
#4845=PROPERTY_DEFINITION('material property','density of part',#7683);
#4846=AXIS2_PLACEMENT_3D('',#6308,#5128,#5129);
#4847=AXIS2_PLACEMENT_3D('',#6309,#5130,#5131);
#4848=AXIS2_PLACEMENT_3D('',#6320,#5137,#5138);
#4849=AXIS2_PLACEMENT_3D('',#6326,#5142,#5143);
#4850=AXIS2_PLACEMENT_3D('',#6334,#5148,#5149);
#4851=AXIS2_PLACEMENT_3D('',#6340,#5153,#5154);
#4852=AXIS2_PLACEMENT_3D('',#6374,#5171,#5172);
#4853=AXIS2_PLACEMENT_3D('',#6383,#5177,#5178);
#4854=AXIS2_PLACEMENT_3D('',#6385,#5179,#5180);
#4855=AXIS2_PLACEMENT_3D('',#6387,#5181,#5182);
#4856=AXIS2_PLACEMENT_3D('',#6389,#5183,#5184);
#4857=AXIS2_PLACEMENT_3D('',#6391,#5185,#5186);
#4858=AXIS2_PLACEMENT_3D('',#6393,#5187,#5188);
#4859=AXIS2_PLACEMENT_3D('',#6395,#5189,#5190);
#4860=AXIS2_PLACEMENT_3D('',#6397,#5191,#5192);
#4861=AXIS2_PLACEMENT_3D('',#6399,#5193,#5194);
#4862=AXIS2_PLACEMENT_3D('',#6401,#5195,#5196);
#4863=AXIS2_PLACEMENT_3D('',#6403,#5197,#5198);
#4864=AXIS2_PLACEMENT_3D('',#6404,#5199,#5200);
#4865=AXIS2_PLACEMENT_3D('',#6408,#5203,#5204);
#4866=AXIS2_PLACEMENT_3D('',#6414,#5208,#5209);
#4867=AXIS2_PLACEMENT_3D('',#6445,#5225,#5226);
#4868=AXIS2_PLACEMENT_3D('',#6447,#5227,#5228);
#4869=AXIS2_PLACEMENT_3D('',#6449,#5229,#5230);
#4870=AXIS2_PLACEMENT_3D('',#6451,#5231,#5232);
#4871=AXIS2_PLACEMENT_3D('',#6453,#5233,#5234);
#4872=AXIS2_PLACEMENT_3D('',#6455,#5235,#5236);
#4873=AXIS2_PLACEMENT_3D('',#6457,#5237,#5238);
#4874=AXIS2_PLACEMENT_3D('',#6459,#5239,#5240);
#4875=AXIS2_PLACEMENT_3D('',#6461,#5241,#5242);
#4876=AXIS2_PLACEMENT_3D('',#6463,#5243,#5244);
#4877=AXIS2_PLACEMENT_3D('',#6465,#5245,#5246);
#4878=AXIS2_PLACEMENT_3D('',#6467,#5247,#5248);
#4879=AXIS2_PLACEMENT_3D('',#6523,#5276,#5277);
#4880=AXIS2_PLACEMENT_3D('',#6528,#5279,#5280);
#4881=AXIS2_PLACEMENT_3D('',#6540,#5286,#5287);
#4882=AXIS2_PLACEMENT_3D('',#6546,#5290,#5291);
#4883=AXIS2_PLACEMENT_3D('',#6556,#5296,#5297);
#4884=AXIS2_PLACEMENT_3D('',#6562,#5300,#5301);
#4885=AXIS2_PLACEMENT_3D('',#6587,#5314,#5315);
#4886=AXIS2_PLACEMENT_3D('',#6592,#5317,#5318);
#4887=AXIS2_PLACEMENT_3D('',#6672,#5358,#5359);
#4888=AXIS2_PLACEMENT_3D('',#6689,#5368,#5369);
#4889=AXIS2_PLACEMENT_3D('',#6694,#5371,#5372);
#4890=AXIS2_PLACEMENT_3D('',#6709,#5380,#5381);
#4891=AXIS2_PLACEMENT_3D('',#6726,#5389,#5390);
#4892=AXIS2_PLACEMENT_3D('',#6734,#5394,#5395);
#4893=AXIS2_PLACEMENT_3D('',#6746,#5401,#5402);
#4894=AXIS2_PLACEMENT_3D('',#6756,#5407,#5408);
#4895=AXIS2_PLACEMENT_3D('',#6796,#5429,#5430);
#4896=AXIS2_PLACEMENT_3D('',#6799,#5433,#5434);
#4897=AXIS2_PLACEMENT_3D('',#6800,#5435,#5436);
#4898=AXIS2_PLACEMENT_3D('',#6809,#5441,#5442);
#4899=AXIS2_PLACEMENT_3D('',#6820,#5449,#5450);
#4900=AXIS2_PLACEMENT_3D('',#6830,#5454,#5455);
#4901=AXIS2_PLACEMENT_3D('',#6843,#5459,#5460);
#4902=AXIS2_PLACEMENT_3D('',#6847,#5463,#5464);
#4903=AXIS2_PLACEMENT_3D('',#6849,#5466,#5467);
#4904=AXIS2_PLACEMENT_3D('',#6859,#5471,#5472);
#4905=AXIS2_PLACEMENT_3D('',#6863,#5475,#5476);
#4906=AXIS2_PLACEMENT_3D('',#6870,#5479,#5480);
#4907=AXIS2_PLACEMENT_3D('',#6872,#5482,#5483);
#4908=AXIS2_PLACEMENT_3D('',#6873,#5484,#5485);
#4909=AXIS2_PLACEMENT_3D('',#6874,#5486,#5487);
#4910=AXIS2_PLACEMENT_3D('',#6876,#5488,#5489);
#4911=AXIS2_PLACEMENT_3D('',#6877,#5490,#5491);
#4912=AXIS2_PLACEMENT_3D('',#6879,#5492,#5493);
#4913=AXIS2_PLACEMENT_3D('',#6880,#5494,#5495);
#4914=AXIS2_PLACEMENT_3D('',#6886,#5499,#5500);
#4915=AXIS2_PLACEMENT_3D('',#6890,#5503,#5504);
#4916=AXIS2_PLACEMENT_3D('',#6895,#5508,#5509);
#4917=AXIS2_PLACEMENT_3D('',#6900,#5513,#5514);
#4918=AXIS2_PLACEMENT_3D('',#6901,#5515,#5516);
#4919=AXIS2_PLACEMENT_3D('',#6903,#5518,#5519);
#4920=AXIS2_PLACEMENT_3D('',#6907,#5522,#5523);
#4921=AXIS2_PLACEMENT_3D('',#6909,#5525,#5526);
#4922=AXIS2_PLACEMENT_3D('',#6913,#5529,#5530);
#4923=AXIS2_PLACEMENT_3D('',#6917,#5533,#5534);
#4924=AXIS2_PLACEMENT_3D('',#6919,#5536,#5537);
#4925=AXIS2_PLACEMENT_3D('',#6922,#5540,#5541);
#4926=AXIS2_PLACEMENT_3D('',#6923,#5542,#5543);
#4927=AXIS2_PLACEMENT_3D('',#6925,#5545,#5546);
#4928=AXIS2_PLACEMENT_3D('',#6927,#5548,#5549);
#4929=AXIS2_PLACEMENT_3D('',#6929,#5551,#5552);
#4930=AXIS2_PLACEMENT_3D('',#6930,#5553,#5554);
#4931=AXIS2_PLACEMENT_3D('',#6932,#5556,#5557);
#4932=AXIS2_PLACEMENT_3D('',#6934,#5559,#5560);
#4933=AXIS2_PLACEMENT_3D('',#6936,#5562,#5563);
#4934=AXIS2_PLACEMENT_3D('',#6938,#5565,#5566);
#4935=AXIS2_PLACEMENT_3D('',#6958,#5577,#5578);
#4936=AXIS2_PLACEMENT_3D('',#6960,#5580,#5581);
#4937=AXIS2_PLACEMENT_3D('',#6962,#5583,#5584);
#4938=AXIS2_PLACEMENT_3D('',#6964,#5586,#5587);
#4939=AXIS2_PLACEMENT_3D('',#6971,#5592,#5593);
#4940=AXIS2_PLACEMENT_3D('',#6988,#5603,#5604);
#4941=AXIS2_PLACEMENT_3D('',#6990,#5606,#5607);
#4942=AXIS2_PLACEMENT_3D('',#6992,#5609,#5610);
#4943=AXIS2_PLACEMENT_3D('',#6995,#5613,#5614);
#4944=AXIS2_PLACEMENT_3D('',#6997,#5616,#5617);
#4945=AXIS2_PLACEMENT_3D('',#6998,#5618,#5619);
#4946=AXIS2_PLACEMENT_3D('',#6999,#5620,#5621);
#4947=AXIS2_PLACEMENT_3D('',#7002,#5624,#5625);
#4948=AXIS2_PLACEMENT_3D('',#7003,#5626,#5627);
#4949=AXIS2_PLACEMENT_3D('',#7004,#5628,#5629);
#4950=AXIS2_PLACEMENT_3D('',#7006,#5631,#5632);
#4951=AXIS2_PLACEMENT_3D('',#7007,#5633,#5634);
#4952=AXIS2_PLACEMENT_3D('',#7009,#5636,#5637);
#4953=AXIS2_PLACEMENT_3D('',#7011,#5639,#5640);
#4954=AXIS2_PLACEMENT_3D('',#7013,#5642,#5643);
#4955=AXIS2_PLACEMENT_3D('',#7015,#5645,#5646);
#4956=AXIS2_PLACEMENT_3D('',#7017,#5648,#5649);
#4957=AXIS2_PLACEMENT_3D('',#7019,#5651,#5652);
#4958=AXIS2_PLACEMENT_3D('',#7021,#5654,#5655);
#4959=AXIS2_PLACEMENT_3D('',#7023,#5657,#5658);
#4960=AXIS2_PLACEMENT_3D('',#7029,#5662,#5663);
#4961=AXIS2_PLACEMENT_3D('',#7033,#5666,#5667);
#4962=AXIS2_PLACEMENT_3D('',#7037,#5670,#5671);
#4963=AXIS2_PLACEMENT_3D('',#7041,#5674,#5675);
#4964=AXIS2_PLACEMENT_3D('',#7045,#5678,#5679);
#4965=AXIS2_PLACEMENT_3D('',#7047,#5681,#5682);
#4966=AXIS2_PLACEMENT_3D('',#7053,#5686,#5687);
#4967=AXIS2_PLACEMENT_3D('',#7057,#5690,#5691);
#4968=AXIS2_PLACEMENT_3D('',#7061,#5694,#5695);
#4969=AXIS2_PLACEMENT_3D('',#7065,#5698,#5699);
#4970=AXIS2_PLACEMENT_3D('',#7069,#5702,#5703);
#4971=AXIS2_PLACEMENT_3D('',#7071,#5705,#5706);
#4972=AXIS2_PLACEMENT_3D('',#7077,#5710,#5711);
#4973=AXIS2_PLACEMENT_3D('',#7081,#5714,#5715);
#4974=AXIS2_PLACEMENT_3D('',#7085,#5718,#5719);
#4975=AXIS2_PLACEMENT_3D('',#7089,#5722,#5723);
#4976=AXIS2_PLACEMENT_3D('',#7093,#5726,#5727);
#4977=AXIS2_PLACEMENT_3D('',#7095,#5729,#5730);
#4978=AXIS2_PLACEMENT_3D('',#7101,#5734,#5735);
#4979=AXIS2_PLACEMENT_3D('',#7105,#5738,#5739);
#4980=AXIS2_PLACEMENT_3D('',#7109,#5742,#5743);
#4981=AXIS2_PLACEMENT_3D('',#7113,#5746,#5747);
#4982=AXIS2_PLACEMENT_3D('',#7117,#5750,#5751);
#4983=AXIS2_PLACEMENT_3D('',#7119,#5753,#5754);
#4984=AXIS2_PLACEMENT_3D('',#7125,#5758,#5759);
#4985=AXIS2_PLACEMENT_3D('',#7129,#5762,#5763);
#4986=AXIS2_PLACEMENT_3D('',#7133,#5766,#5767);
#4987=AXIS2_PLACEMENT_3D('',#7139,#5771,#5772);
#4988=AXIS2_PLACEMENT_3D('',#7143,#5775,#5776);
#4989=AXIS2_PLACEMENT_3D('',#7147,#5779,#5780);
#4990=AXIS2_PLACEMENT_3D('',#7153,#5784,#5785);
#4991=AXIS2_PLACEMENT_3D('',#7157,#5788,#5789);
#4992=AXIS2_PLACEMENT_3D('',#7161,#5792,#5793);
#4993=AXIS2_PLACEMENT_3D('',#7165,#5796,#5797);
#4994=AXIS2_PLACEMENT_3D('',#7169,#5800,#5801);
#4995=AXIS2_PLACEMENT_3D('',#7175,#5805,#5806);
#4996=AXIS2_PLACEMENT_3D('',#7181,#5810,#5811);
#4997=AXIS2_PLACEMENT_3D('',#7183,#5813,#5814);
#4998=AXIS2_PLACEMENT_3D('',#7185,#5815,#5816);
#4999=AXIS2_PLACEMENT_3D('',#7189,#5818,#5819);
#5000=AXIS2_PLACEMENT_3D('',#7194,#5822,#5823);
#5001=AXIS2_PLACEMENT_3D('',#7198,#5826,#5827);
#5002=AXIS2_PLACEMENT_3D('',#7200,#5828,#5829);
#5003=AXIS2_PLACEMENT_3D('',#7205,#5832,#5833);
#5004=AXIS2_PLACEMENT_3D('',#7210,#5836,#5837);
#5005=AXIS2_PLACEMENT_3D('',#7214,#5840,#5841);
#5006=AXIS2_PLACEMENT_3D('',#7216,#5842,#5843);
#5007=AXIS2_PLACEMENT_3D('',#7221,#5846,#5847);
#5008=AXIS2_PLACEMENT_3D('',#7226,#5850,#5851);
#5009=AXIS2_PLACEMENT_3D('',#7231,#5854,#5855);
#5010=AXIS2_PLACEMENT_3D('',#7235,#5858,#5859);
#5011=AXIS2_PLACEMENT_3D('',#7237,#5860,#5861);
#5012=AXIS2_PLACEMENT_3D('',#7242,#5864,#5865);
#5013=AXIS2_PLACEMENT_3D('',#7247,#5868,#5869);
#5014=AXIS2_PLACEMENT_3D('',#7251,#5872,#5873);
#5015=AXIS2_PLACEMENT_3D('',#7252,#5874,#5875);
#5016=AXIS2_PLACEMENT_3D('',#7253,#5876,#5877);
#5017=AXIS2_PLACEMENT_3D('',#7257,#5880,#5881);
#5018=AXIS2_PLACEMENT_3D('',#7261,#5884,#5885);
#5019=AXIS2_PLACEMENT_3D('',#7263,#5887,#5888);
#5020=AXIS2_PLACEMENT_3D('',#7267,#5891,#5892);
#5021=AXIS2_PLACEMENT_3D('',#7271,#5895,#5896);
#5022=AXIS2_PLACEMENT_3D('',#7273,#5898,#5899);
#5023=AXIS2_PLACEMENT_3D('',#7279,#5903,#5904);
#5024=AXIS2_PLACEMENT_3D('',#7283,#5907,#5908);
#5025=AXIS2_PLACEMENT_3D('',#7287,#5911,#5912);
#5026=AXIS2_PLACEMENT_3D('',#7291,#5915,#5916);
#5027=AXIS2_PLACEMENT_3D('',#7295,#5919,#5920);
#5028=AXIS2_PLACEMENT_3D('',#7297,#5922,#5923);
#5029=AXIS2_PLACEMENT_3D('',#7303,#5927,#5928);
#5030=AXIS2_PLACEMENT_3D('',#7305,#5930,#5931);
#5031=AXIS2_PLACEMENT_3D('',#7307,#5933,#5934);
#5032=AXIS2_PLACEMENT_3D('',#7311,#5937,#5938);
#5033=AXIS2_PLACEMENT_3D('',#7315,#5941,#5942);
#5034=AXIS2_PLACEMENT_3D('',#7317,#5944,#5945);
#5035=AXIS2_PLACEMENT_3D('',#7323,#5949,#5950);
#5036=AXIS2_PLACEMENT_3D('',#7327,#5953,#5954);
#5037=AXIS2_PLACEMENT_3D('',#7331,#5957,#5958);
#5038=AXIS2_PLACEMENT_3D('',#7335,#5961,#5962);
#5039=AXIS2_PLACEMENT_3D('',#7339,#5965,#5966);
#5040=AXIS2_PLACEMENT_3D('',#7341,#5968,#5969);
#5041=AXIS2_PLACEMENT_3D('',#7347,#5973,#5974);
#5042=AXIS2_PLACEMENT_3D('',#7351,#5977,#5978);
#5043=AXIS2_PLACEMENT_3D('',#7355,#5981,#5982);
#5044=AXIS2_PLACEMENT_3D('',#7359,#5985,#5986);
#5045=AXIS2_PLACEMENT_3D('',#7363,#5989,#5990);
#5046=AXIS2_PLACEMENT_3D('',#7365,#5992,#5993);
#5047=AXIS2_PLACEMENT_3D('',#7371,#5997,#5998);
#5048=AXIS2_PLACEMENT_3D('',#7375,#6001,#6002);
#5049=AXIS2_PLACEMENT_3D('',#7379,#6005,#6006);
#5050=AXIS2_PLACEMENT_3D('',#7383,#6009,#6010);
#5051=AXIS2_PLACEMENT_3D('',#7387,#6013,#6014);
#5052=AXIS2_PLACEMENT_3D('',#7389,#6016,#6017);
#5053=AXIS2_PLACEMENT_3D('',#7395,#6021,#6022);
#5054=AXIS2_PLACEMENT_3D('',#7399,#6025,#6026);
#5055=AXIS2_PLACEMENT_3D('',#7403,#6029,#6030);
#5056=AXIS2_PLACEMENT_3D('',#7407,#6033,#6034);
#5057=AXIS2_PLACEMENT_3D('',#7411,#6037,#6038);
#5058=AXIS2_PLACEMENT_3D('',#7413,#6040,#6041);
#5059=AXIS2_PLACEMENT_3D('',#7419,#6045,#6046);
#5060=AXIS2_PLACEMENT_3D('',#7423,#6049,#6050);
#5061=AXIS2_PLACEMENT_3D('',#7427,#6053,#6054);
#5062=AXIS2_PLACEMENT_3D('',#7431,#6057,#6058);
#5063=AXIS2_PLACEMENT_3D('',#7435,#6061,#6062);
#5064=AXIS2_PLACEMENT_3D('',#7437,#6064,#6065);
#5065=AXIS2_PLACEMENT_3D('',#7443,#6069,#6070);
#5066=AXIS2_PLACEMENT_3D('',#7447,#6073,#6074);
#5067=AXIS2_PLACEMENT_3D('',#7451,#6077,#6078);
#5068=AXIS2_PLACEMENT_3D('',#7455,#6081,#6082);
#5069=AXIS2_PLACEMENT_3D('',#7459,#6085,#6086);
#5070=AXIS2_PLACEMENT_3D('',#7461,#6088,#6089);
#5071=AXIS2_PLACEMENT_3D('',#7467,#6093,#6094);
#5072=AXIS2_PLACEMENT_3D('',#7469,#6096,#6097);
#5073=AXIS2_PLACEMENT_3D('',#7473,#6100,#6101);
#5074=AXIS2_PLACEMENT_3D('',#7477,#6104,#6105);
#5075=AXIS2_PLACEMENT_3D('',#7481,#6108,#6109);
#5076=AXIS2_PLACEMENT_3D('',#7483,#6111,#6112);
#5077=AXIS2_PLACEMENT_3D('',#7489,#6116,#6117);
#5078=AXIS2_PLACEMENT_3D('',#7491,#6119,#6120);
#5079=AXIS2_PLACEMENT_3D('',#7493,#6122,#6123);
#5080=AXIS2_PLACEMENT_3D('',#7497,#6126,#6127);
#5081=AXIS2_PLACEMENT_3D('',#7501,#6130,#6131);
#5082=AXIS2_PLACEMENT_3D('',#7503,#6133,#6134);
#5083=AXIS2_PLACEMENT_3D('',#7509,#6138,#6139);
#5084=AXIS2_PLACEMENT_3D('',#7513,#6142,#6143);
#5085=AXIS2_PLACEMENT_3D('',#7515,#6145,#6146);
#5086=AXIS2_PLACEMENT_3D('',#7519,#6149,#6150);
#5087=AXIS2_PLACEMENT_3D('',#7521,#6152,#6153);
#5088=AXIS2_PLACEMENT_3D('',#7527,#6157,#6158);
#5089=AXIS2_PLACEMENT_3D('',#7531,#6161,#6162);
#5090=AXIS2_PLACEMENT_3D('',#7535,#6165,#6166);
#5091=AXIS2_PLACEMENT_3D('',#7539,#6169,#6170);
#5092=AXIS2_PLACEMENT_3D('',#7543,#6173,#6174);
#5093=AXIS2_PLACEMENT_3D('',#7545,#6176,#6177);
#5094=AXIS2_PLACEMENT_3D('',#7549,#6180,#6181);
#5095=AXIS2_PLACEMENT_3D('',#7553,#6184,#6185);
#5096=AXIS2_PLACEMENT_3D('',#7555,#6187,#6188);
#5097=AXIS2_PLACEMENT_3D('',#7559,#6191,#6192);
#5098=AXIS2_PLACEMENT_3D('',#7563,#6195,#6196);
#5099=AXIS2_PLACEMENT_3D('',#7565,#6198,#6199);
#5100=AXIS2_PLACEMENT_3D('',#7569,#6202,#6203);
#5101=AXIS2_PLACEMENT_3D('',#7573,#6206,#6207);
#5102=AXIS2_PLACEMENT_3D('',#7577,#6210,#6211);
#5103=AXIS2_PLACEMENT_3D('',#7581,#6214,#6215);
#5104=AXIS2_PLACEMENT_3D('',#7585,#6218,#6219);
#5105=AXIS2_PLACEMENT_3D('',#7587,#6221,#6222);
#5106=AXIS2_PLACEMENT_3D('',#7591,#6225,#6226);
#5107=AXIS2_PLACEMENT_3D('',#7595,#6229,#6230);
#5108=AXIS2_PLACEMENT_3D('',#7597,#6232,#6233);
#5109=AXIS2_PLACEMENT_3D('',#7603,#6237,#6238);
#5110=AXIS2_PLACEMENT_3D('',#7607,#6241,#6242);
#5111=AXIS2_PLACEMENT_3D('',#7611,#6245,#6246);
#5112=AXIS2_PLACEMENT_3D('',#7615,#6249,#6250);
#5113=AXIS2_PLACEMENT_3D('',#7619,#6253,#6254);
#5114=AXIS2_PLACEMENT_3D('',#7621,#6256,#6257);
#5115=AXIS2_PLACEMENT_3D('',#7627,#6261,#6262);
#5116=AXIS2_PLACEMENT_3D('',#7631,#6265,#6266);
#5117=AXIS2_PLACEMENT_3D('',#7635,#6269,#6270);
#5118=AXIS2_PLACEMENT_3D('',#7639,#6273,#6274);
#5119=AXIS2_PLACEMENT_3D('',#7643,#6277,#6278);
#5120=AXIS2_PLACEMENT_3D('',#7645,#6280,#6281);
#5121=AXIS2_PLACEMENT_3D('',#7651,#6285,#6286);
#5122=AXIS2_PLACEMENT_3D('',#7655,#6289,#6290);
#5123=AXIS2_PLACEMENT_3D('',#7659,#6293,#6294);
#5124=AXIS2_PLACEMENT_3D('',#7663,#6297,#6298);
#5125=AXIS2_PLACEMENT_3D('',#7667,#6301,#6302);
#5126=AXIS2_PLACEMENT_3D('',#7669,#6304,#6305);
#5127=AXIS2_PLACEMENT_3D('',#7670,#6306,#6307);
#5128=DIRECTION('axis',(0.,0.,1.));
#5129=DIRECTION('refdir',(1.,0.,0.));
#5130=DIRECTION('center_axis',(-0.223606797749981,0.22360679774998,0.948683298050513));
#5131=DIRECTION('ref_axis',(0.973328526784575,0.,0.229415733870564));
#5132=DIRECTION('',(0.707106781186546,0.707106781186549,0.));
#5133=DIRECTION('',(-0.426401432711214,0.852802865422445,-0.301511344577765));
#5134=DIRECTION('',(-0.67082039324994,0.670820393249933,-0.31622776601684));
#5135=DIRECTION('',(-0.707106781186546,-0.707106781186549,0.));
#5136=DIRECTION('',(0.88295823942701,-0.36573327777973,0.294319413142338));
#5137=DIRECTION('center_axis',(-0.316227766016839,0.,0.948683298050513));
#5138=DIRECTION('ref_axis',(0.948683298050513,0.,0.316227766016839));
#5139=DIRECTION('',(0.,1.,0.));
#5140=DIRECTION('',(0.,-1.,0.));
#5141=DIRECTION('',(0.882958239427001,0.365733277779755,0.294319413142335));
#5142=DIRECTION('center_axis',(-0.223606797749974,-0.223606797749985,0.948683298050514));
#5143=DIRECTION('ref_axis',(0.973328526784576,0.,0.229415733870557));
#5144=DIRECTION('',(0.707106781186565,-0.70710678118653,0.));
#5145=DIRECTION('',(0.670820393249937,0.670820393249937,0.316227766016838));
#5146=DIRECTION('',(0.426401432711222,0.85280286542244,0.301511344577767));
#5147=DIRECTION('',(-0.707106781186565,0.70710678118653,0.));
#5148=DIRECTION('center_axis',(0.499999999999989,0.499999999999994,0.70710678118656));
#5149=DIRECTION('ref_axis',(0.816496580927737,0.,-0.577350269189611));
#5150=DIRECTION('',(-0.707106781186551,0.707106781186544,0.));
#5151=DIRECTION('',(6.15348059642738E-14,0.816496580927722,-0.577350269189632));
#5152=DIRECTION('',(-0.707106781186551,0.707106781186544,0.));
#5153=DIRECTION('center_axis',(0.,0.,1.));
#5154=DIRECTION('ref_axis',(1.,0.,0.));
#5155=DIRECTION('',(-0.707106781186548,-0.707106781186547,0.));
#5156=DIRECTION('',(-0.707106781186547,0.707106781186548,0.));
#5157=DIRECTION('',(0.707106781186548,0.707106781186547,0.));
#5158=DIRECTION('',(-0.969143211527754,0.246498347965398,0.));
#5159=DIRECTION('',(0.,-1.,0.));
#5160=DIRECTION('',(0.707106781186547,-0.707106781186547,0.));
#5161=DIRECTION('',(0.,-1.,0.));
#5162=DIRECTION('',(-0.70710678118655,-0.707106781186545,0.));
#5163=DIRECTION('',(0.,-1.,0.));
#5164=DIRECTION('',(0.969143211527753,0.246498347965404,0.));
#5165=DIRECTION('',(-0.707106781186551,0.707106781186544,0.));
#5166=DIRECTION('',(0.707106781186544,0.707106781186551,0.));
#5167=DIRECTION('',(0.,-1.,0.));
#5168=DIRECTION('',(-1.,0.,0.));
#5169=DIRECTION('',(0.,1.,0.));
#5170=DIRECTION('',(1.,0.,0.));
#5171=DIRECTION('center_axis',(0.,0.,1.));
#5172=DIRECTION('ref_axis',(-1.,0.,0.));
#5173=DIRECTION('',(-1.,0.,0.));
#5174=DIRECTION('',(0.,1.,0.));
#5175=DIRECTION('',(1.,0.,0.));
#5176=DIRECTION('',(0.,-1.,0.));
#5177=DIRECTION('center_axis',(0.,0.,1.));
#5178=DIRECTION('ref_axis',(-1.,0.,0.));
#5179=DIRECTION('center_axis',(0.,0.,-1.));
#5180=DIRECTION('ref_axis',(-1.,0.,0.));
#5181=DIRECTION('center_axis',(0.,0.,-1.));
#5182=DIRECTION('ref_axis',(-1.,0.,0.));
#5183=DIRECTION('center_axis',(0.,0.,-1.));
#5184=DIRECTION('ref_axis',(-1.,0.,0.));
#5185=DIRECTION('center_axis',(0.,0.,-1.));
#5186=DIRECTION('ref_axis',(-1.,0.,0.));
#5187=DIRECTION('center_axis',(0.,0.,-1.));
#5188=DIRECTION('ref_axis',(-1.,0.,0.));
#5189=DIRECTION('center_axis',(0.,0.,-1.));
#5190=DIRECTION('ref_axis',(-1.,0.,0.));
#5191=DIRECTION('center_axis',(0.,0.,-1.));
#5192=DIRECTION('ref_axis',(-1.,0.,0.));
#5193=DIRECTION('center_axis',(0.,0.,-1.));
#5194=DIRECTION('ref_axis',(-1.,0.,0.));
#5195=DIRECTION('center_axis',(0.,0.,-1.));
#5196=DIRECTION('ref_axis',(-1.,0.,0.));
#5197=DIRECTION('center_axis',(0.,0.,-1.));
#5198=DIRECTION('ref_axis',(-1.,0.,0.));
#5199=DIRECTION('center_axis',(0.500000000000004,-0.500000000000004,0.707106781186542));
#5200=DIRECTION('ref_axis',(0.816496580927722,0.,-0.577350269189632));
#5201=DIRECTION('',(0.707106781186548,0.707106781186547,0.));
#5202=DIRECTION('',(2.05116019880909E-14,-0.816496580927728,-0.577350269189622));
#5203=DIRECTION('center_axis',(-0.70710678118653,-0.707106781186565,0.));
#5204=DIRECTION('ref_axis',(0.,0.,1.));
#5205=DIRECTION('',(0.,0.,-1.));
#5206=DIRECTION('',(0.707106781186565,-0.70710678118653,0.));
#5207=DIRECTION('',(0.,0.,1.));
#5208=DIRECTION('center_axis',(0.,0.,1.));
#5209=DIRECTION('ref_axis',(-1.,0.,0.));
#5210=DIRECTION('',(2.67268546913392E-15,-1.,0.));
#5211=DIRECTION('',(-0.707106781186546,-0.707106781186549,0.));
#5212=DIRECTION('',(0.707106781186551,-0.707106781186544,0.));
#5213=DIRECTION('',(0.707106781186544,0.707106781186551,0.));
#5214=DIRECTION('',(-0.707106781186551,0.707106781186544,0.));
#5215=DIRECTION('',(0.969143211527753,0.246498347965404,0.));
#5216=DIRECTION('',(0.,-1.,0.));
#5217=DIRECTION('',(0.70710678118655,0.707106781186545,0.));
#5218=DIRECTION('',(0.,-1.,0.));
#5219=DIRECTION('',(-0.707106781186548,0.707106781186548,0.));
#5220=DIRECTION('',(0.,-1.,0.));
#5221=DIRECTION('',(-0.969143211527754,0.246498347965398,0.));
#5222=DIRECTION('',(0.707106781186548,0.707106781186547,0.));
#5223=DIRECTION('',(-0.707106781186547,0.707106781186548,0.));
#5224=DIRECTION('',(-0.707106781186548,-0.707106781186547,0.));
#5225=DIRECTION('center_axis',(0.,0.,1.));
#5226=DIRECTION('ref_axis',(-1.,0.,0.));
#5227=DIRECTION('center_axis',(0.,0.,1.));
#5228=DIRECTION('ref_axis',(-1.,0.,0.));
#5229=DIRECTION('center_axis',(0.,0.,1.));
#5230=DIRECTION('ref_axis',(-1.,0.,0.));
#5231=DIRECTION('center_axis',(0.,0.,1.));
#5232=DIRECTION('ref_axis',(-1.,0.,0.));
#5233=DIRECTION('center_axis',(0.,0.,1.));
#5234=DIRECTION('ref_axis',(-1.,0.,0.));
#5235=DIRECTION('center_axis',(0.,0.,1.));
#5236=DIRECTION('ref_axis',(-1.,0.,0.));
#5237=DIRECTION('center_axis',(0.,0.,1.));
#5238=DIRECTION('ref_axis',(-1.,0.,0.));
#5239=DIRECTION('center_axis',(0.,0.,1.));
#5240=DIRECTION('ref_axis',(-1.,0.,0.));
#5241=DIRECTION('center_axis',(0.,0.,1.));
#5242=DIRECTION('ref_axis',(-1.,0.,0.));
#5243=DIRECTION('center_axis',(0.,0.,1.));
#5244=DIRECTION('ref_axis',(-1.,0.,0.));
#5245=DIRECTION('center_axis',(0.,0.,1.));
#5246=DIRECTION('ref_axis',(-1.,0.,0.));
#5247=DIRECTION('center_axis',(0.,0.,1.));
#5248=DIRECTION('ref_axis',(-1.,0.,0.));
#5249=DIRECTION('',(0.866025403784439,-0.499999999999999,0.));
#5250=DIRECTION('',(0.866025403784439,0.499999999999999,0.));
#5251=DIRECTION('',(0.,1.,0.));
#5252=DIRECTION('',(-0.866025403784439,0.499999999999999,0.));
#5253=DIRECTION('',(-0.866025403784439,-0.499999999999999,0.));
#5254=DIRECTION('',(0.,-1.,0.));
#5255=DIRECTION('',(0.,-1.,0.));
#5256=DIRECTION('',(0.866025403784439,-0.499999999999999,0.));
#5257=DIRECTION('',(0.866025403784439,0.499999999999999,0.));
#5258=DIRECTION('',(0.,1.,0.));
#5259=DIRECTION('',(-0.866025403784439,0.499999999999999,0.));
#5260=DIRECTION('',(-0.866025403784439,-0.499999999999999,0.));
#5261=DIRECTION('',(0.866025403784439,-0.499999999999999,0.));
#5262=DIRECTION('',(0.866025403784439,0.499999999999999,0.));
#5263=DIRECTION('',(0.,1.,0.));
#5264=DIRECTION('',(-0.866025403784439,0.499999999999999,0.));
#5265=DIRECTION('',(-0.866025403784439,-0.499999999999999,0.));
#5266=DIRECTION('',(0.,-1.,0.));
#5267=DIRECTION('',(0.,-1.,0.));
#5268=DIRECTION('',(0.866025403784439,-0.499999999999999,0.));
#5269=DIRECTION('',(0.866025403784439,0.499999999999999,0.));
#5270=DIRECTION('',(0.,1.,0.));
#5271=DIRECTION('',(-0.866025403784439,0.499999999999999,0.));
#5272=DIRECTION('',(-0.866025403784439,-0.499999999999999,0.));
#5273=DIRECTION('',(0.866025403784439,-0.499999999999999,0.));
#5274=DIRECTION('',(0.866025403784439,0.499999999999999,0.));
#5275=DIRECTION('',(0.,1.,0.));
#5276=DIRECTION('center_axis',(0.,0.,1.));
#5277=DIRECTION('ref_axis',(-1.,0.,0.));
#5278=DIRECTION('',(0.866025403784439,-0.499999999999999,0.));
#5279=DIRECTION('center_axis',(0.,0.,1.));
#5280=DIRECTION('ref_axis',(-1.,0.,0.));
#5281=DIRECTION('',(-0.866025403784439,-0.499999999999999,0.));
#5282=DIRECTION('',(0.,-1.,0.));
#5283=DIRECTION('',(-0.866025403784439,-0.499999999999999,0.));
#5284=DIRECTION('',(0.,-1.,0.));
#5285=DIRECTION('',(0.866025403784439,-0.499999999999999,0.));
#5286=DIRECTION('center_axis',(0.,0.,1.));
#5287=DIRECTION('ref_axis',(-1.,0.,0.));
#5288=DIRECTION('',(0.,1.,0.));
#5289=DIRECTION('',(-0.866025403784439,0.499999999999999,0.));
#5290=DIRECTION('center_axis',(0.,0.,1.));
#5291=DIRECTION('ref_axis',(-1.,0.,0.));
#5292=DIRECTION('',(0.,1.,0.));
#5293=DIRECTION('',(-0.866025403784439,0.499999999999999,0.));
#5294=DIRECTION('',(-0.866025403784439,-0.499999999999999,0.));
#5295=DIRECTION('',(-0.866025403784439,0.499999999999999,0.));
#5296=DIRECTION('center_axis',(0.,0.,1.));
#5297=DIRECTION('ref_axis',(-1.,0.,0.));
#5298=DIRECTION('',(0.866025403784439,0.499999999999999,0.));
#5299=DIRECTION('',(0.,1.,0.));
#5300=DIRECTION('center_axis',(0.,0.,1.));
#5301=DIRECTION('ref_axis',(-1.,0.,0.));
#5302=DIRECTION('',(-0.866025403784439,0.499999999999999,0.));
#5303=DIRECTION('',(-0.866025403784439,-0.499999999999999,0.));
#5304=DIRECTION('',(0.,-1.,0.));
#5305=DIRECTION('',(0.866025403784439,-0.499999999999999,0.));
#5306=DIRECTION('',(0.866025403784439,0.499999999999999,0.));
#5307=DIRECTION('',(0.,1.,0.));
#5308=DIRECTION('',(-0.866025403784439,0.499999999999999,0.));
#5309=DIRECTION('',(-0.866025403784439,-0.499999999999999,0.));
#5310=DIRECTION('',(0.,-1.,0.));
#5311=DIRECTION('',(0.,-1.,0.));
#5312=DIRECTION('',(0.866025403784439,-0.499999999999999,0.));
#5313=DIRECTION('',(0.866025403784439,0.499999999999999,0.));
#5314=DIRECTION('center_axis',(0.,0.,1.));
#5315=DIRECTION('ref_axis',(-1.,0.,0.));
#5316=DIRECTION('',(-0.866025403784439,0.499999999999999,0.));
#5317=DIRECTION('center_axis',(0.,0.,1.));
#5318=DIRECTION('ref_axis',(-1.,0.,0.));
#5319=DIRECTION('',(0.866025403784439,0.499999999999999,0.));
#5320=DIRECTION('',(0.,1.,0.));
#5321=DIRECTION('',(0.866025403784439,-0.499999999999999,0.));
#5322=DIRECTION('',(0.866025403784439,0.499999999999999,0.));
#5323=DIRECTION('',(0.,1.,0.));
#5324=DIRECTION('',(-0.866025403784439,0.499999999999999,0.));
#5325=DIRECTION('',(-0.866025403784439,-0.499999999999999,0.));
#5326=DIRECTION('',(0.,-1.,0.));
#5327=DIRECTION('',(-0.866025403784439,0.499999999999999,0.));
#5328=DIRECTION('',(-0.866025403784439,-0.499999999999999,0.));
#5329=DIRECTION('',(0.,-1.,0.));
#5330=DIRECTION('',(0.866025403784439,-0.499999999999999,0.));
#5331=DIRECTION('',(0.866025403784439,0.499999999999999,0.));
#5332=DIRECTION('',(0.,1.,0.));
#5333=DIRECTION('',(0.,1.,0.));
#5334=DIRECTION('',(-0.866025403784439,0.499999999999999,0.));
#5335=DIRECTION('',(-0.866025403784439,-0.499999999999999,0.));
#5336=DIRECTION('',(0.,-1.,0.));
#5337=DIRECTION('',(0.866025403784439,-0.499999999999999,0.));
#5338=DIRECTION('',(0.866025403784439,0.499999999999999,0.));
#5339=DIRECTION('',(0.866025403784439,-0.499999999999999,0.));
#5340=DIRECTION('',(0.866025403784439,0.499999999999999,0.));
#5341=DIRECTION('',(0.,1.,0.));
#5342=DIRECTION('',(-0.866025403784439,0.499999999999999,0.));
#5343=DIRECTION('',(-0.866025403784439,-0.499999999999999,0.));
#5344=DIRECTION('',(0.,-1.,0.));
#5345=DIRECTION('',(0.866025403784439,0.499999999999999,0.));
#5346=DIRECTION('',(0.,1.,0.));
#5347=DIRECTION('',(-0.866025403784439,0.499999999999999,0.));
#5348=DIRECTION('',(-0.866025403784439,-0.499999999999999,0.));
#5349=DIRECTION('',(0.,-1.,0.));
#5350=DIRECTION('',(0.866025403784439,-0.499999999999999,0.));
#5351=DIRECTION('',(0.866025403784439,-0.499999999999999,0.));
#5352=DIRECTION('',(0.866025403784439,0.499999999999999,0.));
#5353=DIRECTION('',(0.,1.,0.));
#5354=DIRECTION('',(-0.866025403784439,0.499999999999999,0.));
#5355=DIRECTION('',(-0.866025403784439,-0.499999999999999,0.));
#5356=DIRECTION('',(0.,-1.,0.));
#5357=DIRECTION('',(-0.866025403784439,0.499999999999999,0.));
#5358=DIRECTION('center_axis',(0.,0.,1.));
#5359=DIRECTION('ref_axis',(-1.,0.,0.));
#5360=DIRECTION('',(-0.866025403784439,-0.499999999999999,0.));
#5361=DIRECTION('',(0.,-1.,0.));
#5362=DIRECTION('',(0.866025403784439,-0.499999999999999,0.));
#5363=DIRECTION('',(0.866025403784439,0.499999999999999,0.));
#5364=DIRECTION('',(0.,1.,0.));
#5365=DIRECTION('',(0.,-1.,0.));
#5366=DIRECTION('',(0.866025403784439,-0.499999999999999,0.));
#5367=DIRECTION('',(0.866025403784439,0.499999999999999,0.));
#5368=DIRECTION('center_axis',(0.,0.,1.));
#5369=DIRECTION('ref_axis',(-1.,0.,0.));
#5370=DIRECTION('',(0.,-1.,0.));
#5371=DIRECTION('center_axis',(0.,0.,1.));
#5372=DIRECTION('ref_axis',(-1.,0.,0.));
#5373=DIRECTION('',(-0.866025403784439,0.499999999999999,0.));
#5374=DIRECTION('',(-0.866025403784439,-0.499999999999999,0.));
#5375=DIRECTION('',(0.866025403784439,0.499999999999999,0.));
#5376=DIRECTION('',(0.,1.,0.));
#5377=DIRECTION('',(-0.866025403784439,0.499999999999999,0.));
#5378=DIRECTION('',(-0.866025403784439,-0.499999999999999,0.));
#5379=DIRECTION('',(0.,-1.,0.));
#5380=DIRECTION('center_axis',(0.,0.,1.));
#5381=DIRECTION('ref_axis',(-1.,0.,0.));
#5382=DIRECTION('',(-0.866025403784439,-0.499999999999999,0.));
#5383=DIRECTION('',(0.,-1.,0.));
#5384=DIRECTION('',(0.866025403784439,-0.499999999999999,0.));
#5385=DIRECTION('',(0.866025403784439,0.499999999999999,0.));
#5386=DIRECTION('',(0.,1.,0.));
#5387=DIRECTION('',(-0.866025403784439,0.499999999999999,0.));
#5388=DIRECTION('',(-0.866025403784439,-0.499999999999999,0.));
#5389=DIRECTION('center_axis',(0.,0.,1.));
#5390=DIRECTION('ref_axis',(-1.,0.,0.));
#5391=DIRECTION('',(0.,1.,0.));
#5392=DIRECTION('',(-0.866025403784439,0.499999999999999,0.));
#5393=DIRECTION('',(0.866025403784439,-0.499999999999999,0.));
#5394=DIRECTION('center_axis',(0.,0.,1.));
#5395=DIRECTION('ref_axis',(-1.,0.,0.));
#5396=DIRECTION('',(-0.866025403784439,-0.499999999999999,0.));
#5397=DIRECTION('',(0.,-1.,0.));
#5398=DIRECTION('',(0.866025403784439,0.499999999999999,0.));
#5399=DIRECTION('',(0.,1.,0.));
#5400=DIRECTION('',(-0.866025403784439,0.499999999999999,0.));
#5401=DIRECTION('center_axis',(0.,0.,1.));
#5402=DIRECTION('ref_axis',(-1.,0.,0.));
#5403=DIRECTION('',(-0.866025403784439,-0.499999999999999,0.));
#5404=DIRECTION('',(0.,-1.,0.));
#5405=DIRECTION('',(0.866025403784439,-0.499999999999999,0.));
#5406=DIRECTION('',(0.,1.,0.));
#5407=DIRECTION('center_axis',(0.,0.,1.));
#5408=DIRECTION('ref_axis',(-1.,0.,0.));
#5409=DIRECTION('',(0.866025403784439,-0.499999999999999,0.));
#5410=DIRECTION('',(0.866025403784439,0.499999999999999,0.));
#5411=DIRECTION('',(0.,-1.,0.));
#5412=DIRECTION('',(0.866025403784439,-0.499999999999999,0.));
#5413=DIRECTION('',(0.866025403784439,0.499999999999999,0.));
#5414=DIRECTION('',(0.,1.,0.));
#5415=DIRECTION('',(-0.866025403784439,0.499999999999999,0.));
#5416=DIRECTION('',(-0.866025403784439,-0.499999999999999,0.));
#5417=DIRECTION('',(0.,-1.,0.));
#5418=DIRECTION('',(0.866025403784439,-0.499999999999999,0.));
#5419=DIRECTION('',(0.866025403784439,0.499999999999999,0.));
#5420=DIRECTION('',(0.,1.,0.));
#5421=DIRECTION('',(-0.866025403784439,0.499999999999999,0.));
#5422=DIRECTION('',(-0.866025403784439,-0.499999999999999,0.));
#5423=DIRECTION('',(0.866025403784439,-0.499999999999999,0.));
#5424=DIRECTION('',(0.866025403784439,0.499999999999999,0.));
#5425=DIRECTION('',(0.,1.,0.));
#5426=DIRECTION('',(-0.866025403784439,0.499999999999999,0.));
#5427=DIRECTION('',(-0.866025403784439,-0.499999999999999,0.));
#5428=DIRECTION('',(0.,-1.,0.));
#5429=DIRECTION('center_axis',(-0.707106781186549,0.707106781186546,0.));
#5430=DIRECTION('ref_axis',(0.,0.,1.));
#5431=DIRECTION('',(0.,0.,1.));
#5432=DIRECTION('',(0.,0.,1.));
#5433=DIRECTION('center_axis',(-1.,0.,0.));
#5434=DIRECTION('ref_axis',(0.,0.,1.));
#5435=DIRECTION('center_axis',(0.,1.,0.));
#5436=DIRECTION('ref_axis',(0.,0.,1.));
#5437=DIRECTION('',(1.,0.,0.));
#5438=DIRECTION('',(0.,0.,1.));
#5439=DIRECTION('',(-1.,0.,0.));
#5440=DIRECTION('',(0.,0.,-1.));
#5441=DIRECTION('center_axis',(-1.,0.,0.));
#5442=DIRECTION('ref_axis',(0.,0.,-1.));
#5443=DIRECTION('',(0.,1.,0.));
#5444=DIRECTION('',(0.,-1.,0.));
#5445=DIRECTION('',(0.,0.,1.));
#5446=DIRECTION('',(0.,0.,1.));
#5447=DIRECTION('',(0.,1.,0.));
#5448=DIRECTION('',(0.,0.,1.));
#5449=DIRECTION('center_axis',(-0.707106781186549,0.,0.707106781186546));
#5450=DIRECTION('ref_axis',(0.707106781186546,0.,0.707106781186549));
#5451=DIRECTION('',(0.57735026918962,0.577350269189635,0.577350269189623));
#5452=DIRECTION('',(0.,-1.,0.));
#5453=DIRECTION('',(-0.577350269189628,0.577350269189619,-0.577350269189631));
#5454=DIRECTION('center_axis',(0.,-0.70710678118654,0.707106781186555));
#5455=DIRECTION('ref_axis',(1.,0.,0.));
#5456=DIRECTION('',(1.,0.,0.));
#5457=DIRECTION('',(-1.,0.,0.));
#5458=DIRECTION('',(0.57735026918962,-0.577350269189635,-0.577350269189623));
#5459=DIRECTION('center_axis',(0.,0.707106781186555,0.70710678118654));
#5460=DIRECTION('ref_axis',(1.,0.,0.));
#5461=DIRECTION('',(-1.,0.,0.));
#5462=DIRECTION('',(0.577350269189628,0.577350269189619,-0.577350269189631));
#5463=DIRECTION('center_axis',(0.707106781186549,0.,0.707106781186546));
#5464=DIRECTION('ref_axis',(0.707106781186546,0.,-0.707106781186549));
#5465=DIRECTION('',(0.,1.,0.));
#5466=DIRECTION('center_axis',(-0.707106781186549,0.,0.707106781186546));
#5467=DIRECTION('ref_axis',(0.707106781186546,0.,0.707106781186549));
#5468=DIRECTION('',(0.577350269189624,0.577350269189627,0.577350269189627));
#5469=DIRECTION('',(0.,-1.,0.));
#5470=DIRECTION('',(-0.577350269189624,0.577350269189627,-0.577350269189627));
#5471=DIRECTION('center_axis',(0.,-0.707106781186548,0.707106781186548));
#5472=DIRECTION('ref_axis',(1.,0.,0.));
#5473=DIRECTION('',(1.,0.,0.));
#5474=DIRECTION('',(0.577350269189624,-0.577350269189627,-0.577350269189627));
#5475=DIRECTION('center_axis',(0.,0.707106781186548,0.707106781186548));
#5476=DIRECTION('ref_axis',(1.,0.,0.));
#5477=DIRECTION('',(-1.,0.,0.));
#5478=DIRECTION('',(0.577350269189624,0.577350269189627,-0.577350269189627));
#5479=DIRECTION('center_axis',(0.707106781186549,0.,0.707106781186546));
#5480=DIRECTION('ref_axis',(0.707106781186546,0.,-0.707106781186549));
#5481=DIRECTION('',(0.,1.,0.));
#5482=DIRECTION('center_axis',(0.,0.,-1.));
#5483=DIRECTION('ref_axis',(-6.12323399573676E-17,-1.,0.));
#5484=DIRECTION('center_axis',(0.,0.,1.));
#5485=DIRECTION('ref_axis',(-1.,0.,0.));
#5486=DIRECTION('center_axis',(0.,0.,1.));
#5487=DIRECTION('ref_axis',(-1.,0.,0.));
#5488=DIRECTION('center_axis',(0.,0.,-1.));
#5489=DIRECTION('ref_axis',(-1.,0.,0.));
#5490=DIRECTION('center_axis',(0.,0.,1.));
#5491=DIRECTION('ref_axis',(-1.,0.,0.));
#5492=DIRECTION('center_axis',(0.,0.,-1.));
#5493=DIRECTION('ref_axis',(-1.,0.,0.));
#5494=DIRECTION('center_axis',(0.707106781186434,0.,0.707106781186661));
#5495=DIRECTION('ref_axis',(0.707106781186661,0.,-0.707106781186434));
#5496=DIRECTION('',(0.,1.,0.));
#5497=DIRECTION('',(-0.678598344545959,-0.281084637714788,0.678598344545748));
#5498=DIRECTION('',(0.523117722687152,-0.672826646634474,-0.523117722686984));
#5499=DIRECTION('center_axis',(-0.500000000000016,0.500000000000011,0.707106781186528));
#5500=DIRECTION('ref_axis',(0.81649658092771,0.,0.577350269189648));
#5501=DIRECTION('',(-0.816496580927715,-4.10232039761832E-14,-0.577350269189642));
#5502=DIRECTION('',(-0.707106781186544,-0.707106781186551,0.));
#5503=DIRECTION('center_axis',(0.499999999999916,-0.499999999999919,0.707106781186664));
#5504=DIRECTION('ref_axis',(0.816496580927817,0.,-0.577350269189498));
#5505=DIRECTION('',(0.70710678118655,0.707106781186545,0.));
#5506=DIRECTION('',(-0.678598344545949,0.281084637714853,0.678598344545732));
#5507=DIRECTION('',(0.678598344545825,-0.281084637714897,-0.678598344545837));
#5508=DIRECTION('center_axis',(-0.174300653397621,0.685287736812194,0.707106781186536));
#5509=DIRECTION('ref_axis',(0.970937195669759,0.,0.239334414710765));
#5510=DIRECTION('',(0.523117722687152,0.672826646634474,-0.523117722686984));
#5511=DIRECTION('',(-0.969143211527753,-0.246498347965404,0.));
#5512=DIRECTION('',(0.864360352397665,-0.23751330015616,0.443247801406746));
#5513=DIRECTION('center_axis',(0.707106781186434,0.,0.707106781186661));
#5514=DIRECTION('ref_axis',(0.707106781186661,0.,-0.707106781186434));
#5515=DIRECTION('center_axis',(-0.499999999999989,-0.499999999999994,0.70710678118656));
#5516=DIRECTION('ref_axis',(0.816496580927737,0.,0.577350269189611));
#5517=DIRECTION('',(0.707106781186551,-0.707106781186544,0.));
#5518=DIRECTION('center_axis',(0.707106781186554,0.,0.707106781186541));
#5519=DIRECTION('ref_axis',(0.707106781186541,0.,-0.707106781186554));
#5520=DIRECTION('',(0.,1.,0.));
#5521=DIRECTION('',(0.678598344545848,0.281084637714786,-0.67859834454586));
#5522=DIRECTION('center_axis',(0.499999999999941,0.499999999999941,0.707106781186631));
#5523=DIRECTION('ref_axis',(0.81649658092779,0.,-0.577350269189535));
#5524=DIRECTION('',(-0.707106781186548,0.707106781186548,0.));
#5525=DIRECTION('center_axis',(-0.174300653397614,-0.685287736812183,0.707106781186548));
#5526=DIRECTION('ref_axis',(0.970937195669762,0.,0.239334414710753));
#5527=DIRECTION('',(0.969143211527754,-0.246498347965398,0.));
#5528=DIRECTION('',(-0.864360352397655,-0.237513300156193,-0.443247801406748));
#5529=DIRECTION('center_axis',(-0.500000000000006,0.500000000000006,0.70710678118654));
#5530=DIRECTION('ref_axis',(0.81649658092772,0.,0.577350269189634));
#5531=DIRECTION('',(-0.707106781186548,-0.707106781186547,0.));
#5532=DIRECTION('',(-0.816496580927715,-2.05116019880916E-14,-0.577350269189642));
#5533=DIRECTION('center_axis',(-0.500000000000004,-0.500000000000004,0.707106781186542));
#5534=DIRECTION('ref_axis',(0.816496580927722,0.,0.577350269189632));
#5535=DIRECTION('',(0.707106781186547,-0.707106781186548,0.));
#5536=DIRECTION('center_axis',(0.707106781186548,0.707106781186547,0.));
#5537=DIRECTION('ref_axis',(0.,0.,1.));
#5538=DIRECTION('',(0.,0.,1.));
#5539=DIRECTION('',(0.,0.,-1.));
#5540=DIRECTION('center_axis',(-0.707106781186547,0.707106781186548,0.));
#5541=DIRECTION('ref_axis',(0.,0.,-1.));
#5542=DIRECTION('center_axis',(0.707106781186544,0.707106781186551,8.25328376527421E-30));
#5543=DIRECTION('ref_axis',(-2.99663430107291E-44,1.16719058349644E-29,
-1.));
#5544=DIRECTION('',(2.99663430107291E-44,-1.16719058349644E-29,1.));
#5545=DIRECTION('center_axis',(-0.707106781186551,0.707106781186544,8.25328376527417E-30));
#5546=DIRECTION('ref_axis',(2.99663430107291E-44,-1.16719058349644E-29,
1.));
#5547=DIRECTION('',(-2.99663430107291E-44,1.16719058349644E-29,-1.));
#5548=DIRECTION('center_axis',(-0.707106781186544,-0.707106781186551,-8.25328376527421E-30));
#5549=DIRECTION('ref_axis',(2.99663430107291E-44,-1.16719058349644E-29,
1.));
#5550=DIRECTION('',(0.,0.,1.));
#5551=DIRECTION('center_axis',(0.246498347965404,-0.969143211527753,0.));
#5552=DIRECTION('ref_axis',(0.969143211527753,0.246498347965404,0.));
#5553=DIRECTION('center_axis',(0.,0.,-1.));
#5554=DIRECTION('ref_axis',(-1.,0.,0.));
#5555=DIRECTION('',(0.,0.,-1.));
#5556=DIRECTION('center_axis',(0.,0.,-1.));
#5557=DIRECTION('ref_axis',(-1.,0.,0.));
#5558=DIRECTION('',(0.,0.,-1.));
#5559=DIRECTION('center_axis',(0.,0.,-1.));
#5560=DIRECTION('ref_axis',(-1.,0.,0.));
#5561=DIRECTION('',(0.,0.,-1.));
#5562=DIRECTION('center_axis',(0.,0.,-1.));
#5563=DIRECTION('ref_axis',(-1.,0.,0.));
#5564=DIRECTION('',(0.,0.,-1.));
#5565=DIRECTION('center_axis',(0.,0.,-1.));
#5566=DIRECTION('ref_axis',(-1.,0.,0.));
#5567=DIRECTION('',(0.,1.,0.));
#5568=DIRECTION('',(-0.707106781186548,0.707106781186548,0.));
#5569=DIRECTION('',(0.,1.,0.));
#5570=DIRECTION('',(-1.,0.,0.));
#5571=DIRECTION('',(0.,-1.,0.));
#5572=DIRECTION('',(0.707106781186548,-0.707106781186548,0.));
#5573=DIRECTION('',(0.,-1.,0.));
#5574=DIRECTION('',(-0.70710678118655,-0.707106781186545,0.));
#5575=DIRECTION('',(0.,1.,0.));
#5576=DIRECTION('',(0.70710678118655,0.707106781186545,0.));
#5577=DIRECTION('center_axis',(0.707106781186545,-0.70710678118655,0.));
#5578=DIRECTION('ref_axis',(0.,0.,-1.));
#5579=DIRECTION('',(0.,0.,-1.));
#5580=DIRECTION('center_axis',(-1.,0.,0.));
#5581=DIRECTION('ref_axis',(0.,-1.,0.));
#5582=DIRECTION('',(0.,0.,1.));
#5583=DIRECTION('center_axis',(0.707106781186548,0.707106781186548,0.));
#5584=DIRECTION('ref_axis',(0.,0.,-1.));
#5585=DIRECTION('',(0.,0.,-1.));
#5586=DIRECTION('center_axis',(-1.,0.,0.));
#5587=DIRECTION('ref_axis',(0.,0.,-1.));
#5588=DIRECTION('',(0.,0.,1.));
#5589=DIRECTION('',(0.,0.,1.));
#5590=DIRECTION('',(0.,-1.,0.));
#5591=DIRECTION('',(0.,0.,-1.));
#5592=DIRECTION('center_axis',(0.,0.,-1.));
#5593=DIRECTION('ref_axis',(-1.,0.,0.));
#5594=DIRECTION('',(0.,-1.,0.));
#5595=DIRECTION('',(-0.70710678118655,-0.707106781186545,0.));
#5596=DIRECTION('',(0.,-1.,0.));
#5597=DIRECTION('',(-0.70710678118655,-0.707106781186545,0.));
#5598=DIRECTION('',(0.,-1.,0.));
#5599=DIRECTION('',(0.707106781186548,-0.707106781186548,0.));
#5600=DIRECTION('',(1.,0.,0.));
#5601=DIRECTION('',(0.,-1.,0.));
#5602=DIRECTION('',(0.707106781186548,-0.707106781186548,0.));
#5603=DIRECTION('center_axis',(-1.,0.,0.));
#5604=DIRECTION('ref_axis',(0.,0.,-1.));
#5605=DIRECTION('',(0.,0.,-1.));
#5606=DIRECTION('center_axis',(0.707106781186545,-0.70710678118655,0.));
#5607=DIRECTION('ref_axis',(0.,0.,-1.));
#5608=DIRECTION('',(0.,0.,-1.));
#5609=DIRECTION('center_axis',(-1.,0.,0.));
#5610=DIRECTION('ref_axis',(0.,0.,-1.));
#5611=DIRECTION('',(0.,0.,-1.));
#5612=DIRECTION('',(0.,0.,-1.));
#5613=DIRECTION('center_axis',(-1.,0.,0.));
#5614=DIRECTION('ref_axis',(0.,-1.,0.));
#5615=DIRECTION('',(0.,0.,-1.));
#5616=DIRECTION('center_axis',(0.707106781186548,0.707106781186548,0.));
#5617=DIRECTION('ref_axis',(0.,0.,-1.));
#5618=DIRECTION('center_axis',(0.,1.,0.));
#5619=DIRECTION('ref_axis',(0.,0.,1.));
#5620=DIRECTION('center_axis',(-1.,0.,0.));
#5621=DIRECTION('ref_axis',(0.,-1.,0.));
#5622=DIRECTION('',(0.,0.,1.));
#5623=DIRECTION('',(0.,0.,-1.));
#5624=DIRECTION('center_axis',(0.707106781186548,0.707106781186548,0.));
#5625=DIRECTION('ref_axis',(0.,0.,-1.));
#5626=DIRECTION('center_axis',(0.707106781186545,-0.70710678118655,0.));
#5627=DIRECTION('ref_axis',(0.,0.,-1.));
#5628=DIRECTION('center_axis',(0.707106781186547,-0.707106781186548,0.));
#5629=DIRECTION('ref_axis',(0.,0.,1.));
#5630=DIRECTION('',(0.,0.,1.));
#5631=DIRECTION('center_axis',(0.246498347965399,0.969143211527754,0.));
#5632=DIRECTION('ref_axis',(-0.969143211527754,0.246498347965398,0.));
#5633=DIRECTION('center_axis',(0.,0.,1.));
#5634=DIRECTION('ref_axis',(-1.,0.,0.));
#5635=DIRECTION('',(0.,0.,1.));
#5636=DIRECTION('center_axis',(0.,0.,1.));
#5637=DIRECTION('ref_axis',(-1.,0.,0.));
#5638=DIRECTION('',(0.,0.,1.));
#5639=DIRECTION('center_axis',(0.,0.,1.));
#5640=DIRECTION('ref_axis',(-1.,0.,0.));
#5641=DIRECTION('',(0.,0.,1.));
#5642=DIRECTION('center_axis',(0.,0.,1.));
#5643=DIRECTION('ref_axis',(-1.,0.,0.));
#5644=DIRECTION('',(0.,0.,1.));
#5645=DIRECTION('center_axis',(0.,0.,1.));
#5646=DIRECTION('ref_axis',(-1.,0.,0.));
#5647=DIRECTION('',(0.,0.,1.));
#5648=DIRECTION('center_axis',(0.,0.,1.));
#5649=DIRECTION('ref_axis',(-1.,0.,0.));
#5650=DIRECTION('',(0.,0.,1.));
#5651=DIRECTION('center_axis',(0.,0.,1.));
#5652=DIRECTION('ref_axis',(-1.,0.,0.));
#5653=DIRECTION('',(0.,0.,1.));
#5654=DIRECTION('center_axis',(0.,0.,1.));
#5655=DIRECTION('ref_axis',(-1.,0.,0.));
#5656=DIRECTION('',(0.,0.,1.));
#5657=DIRECTION('center_axis',(1.,0.,0.));
#5658=DIRECTION('ref_axis',(0.,-1.,0.));
#5659=DIRECTION('',(0.,0.,-1.));
#5660=DIRECTION('',(0.,-1.,0.));
#5661=DIRECTION('',(0.,0.,-1.));
#5662=DIRECTION('center_axis',(0.499999999999999,-0.866025403784439,0.));
#5663=DIRECTION('ref_axis',(-0.866025403784439,-0.499999999999999,0.));
#5664=DIRECTION('',(0.,0.,-1.));
#5665=DIRECTION('',(-0.866025403784439,-0.499999999999999,0.));
#5666=DIRECTION('center_axis',(-0.499999999999999,-0.866025403784439,0.));
#5667=DIRECTION('ref_axis',(-0.866025403784439,0.499999999999999,0.));
#5668=DIRECTION('',(0.,0.,-1.));
#5669=DIRECTION('',(-0.866025403784439,0.499999999999999,0.));
#5670=DIRECTION('center_axis',(-1.,0.,0.));
#5671=DIRECTION('ref_axis',(0.,1.,0.));
#5672=DIRECTION('',(0.,0.,-1.));
#5673=DIRECTION('',(0.,1.,0.));
#5674=DIRECTION('center_axis',(-0.499999999999999,0.866025403784439,0.));
#5675=DIRECTION('ref_axis',(0.866025403784439,0.499999999999999,0.));
#5676=DIRECTION('',(0.,0.,-1.));
#5677=DIRECTION('',(0.866025403784439,0.499999999999999,0.));
#5678=DIRECTION('center_axis',(0.499999999999999,0.866025403784439,0.));
#5679=DIRECTION('ref_axis',(0.866025403784439,-0.499999999999999,0.));
#5680=DIRECTION('',(0.866025403784439,-0.499999999999999,0.));
#5681=DIRECTION('center_axis',(0.499999999999999,-0.866025403784439,0.));
#5682=DIRECTION('ref_axis',(-0.866025403784439,-0.499999999999999,0.));
#5683=DIRECTION('',(0.,0.,-1.));
#5684=DIRECTION('',(-0.866025403784439,-0.499999999999999,0.));
#5685=DIRECTION('',(0.,0.,-1.));
#5686=DIRECTION('center_axis',(-0.499999999999999,-0.866025403784439,0.));
#5687=DIRECTION('ref_axis',(-0.866025403784439,0.499999999999999,0.));
#5688=DIRECTION('',(0.,0.,-1.));
#5689=DIRECTION('',(-0.866025403784439,0.499999999999999,0.));
#5690=DIRECTION('center_axis',(-1.,0.,0.));
#5691=DIRECTION('ref_axis',(0.,1.,0.));
#5692=DIRECTION('',(0.,0.,-1.));
#5693=DIRECTION('',(0.,1.,0.));
#5694=DIRECTION('center_axis',(-0.499999999999999,0.866025403784439,0.));
#5695=DIRECTION('ref_axis',(0.866025403784439,0.499999999999999,0.));
#5696=DIRECTION('',(0.,0.,-1.));
#5697=DIRECTION('',(0.866025403784439,0.499999999999999,0.));
#5698=DIRECTION('center_axis',(0.499999999999999,0.866025403784439,0.));
#5699=DIRECTION('ref_axis',(0.866025403784439,-0.499999999999999,0.));
#5700=DIRECTION('',(0.,0.,-1.));
#5701=DIRECTION('',(0.866025403784439,-0.499999999999999,0.));
#5702=DIRECTION('center_axis',(1.,0.,0.));
#5703=DIRECTION('ref_axis',(0.,-1.,0.));
#5704=DIRECTION('',(0.,-1.,0.));
#5705=DIRECTION('center_axis',(1.,0.,0.));
#5706=DIRECTION('ref_axis',(0.,-1.,0.));
#5707=DIRECTION('',(0.,0.,-1.));
#5708=DIRECTION('',(0.,-1.,0.));
#5709=DIRECTION('',(0.,0.,-1.));
#5710=DIRECTION('center_axis',(0.499999999999999,-0.866025403784439,0.));
#5711=DIRECTION('ref_axis',(-0.866025403784439,-0.499999999999999,0.));
#5712=DIRECTION('',(0.,0.,-1.));
#5713=DIRECTION('',(-0.866025403784439,-0.499999999999999,0.));
#5714=DIRECTION('center_axis',(-0.499999999999999,-0.866025403784439,0.));
#5715=DIRECTION('ref_axis',(-0.866025403784439,0.499999999999999,0.));
#5716=DIRECTION('',(0.,0.,-1.));
#5717=DIRECTION('',(-0.866025403784439,0.499999999999999,0.));
#5718=DIRECTION('center_axis',(-1.,0.,0.));
#5719=DIRECTION('ref_axis',(0.,1.,0.));
#5720=DIRECTION('',(0.,0.,-1.));
#5721=DIRECTION('',(0.,1.,0.));
#5722=DIRECTION('center_axis',(-0.499999999999999,0.866025403784439,0.));
#5723=DIRECTION('ref_axis',(0.866025403784439,0.499999999999999,0.));
#5724=DIRECTION('',(0.,0.,-1.));
#5725=DIRECTION('',(0.866025403784439,0.499999999999999,0.));
#5726=DIRECTION('center_axis',(0.499999999999999,0.866025403784439,0.));
#5727=DIRECTION('ref_axis',(0.866025403784439,-0.499999999999999,0.));
#5728=DIRECTION('',(0.866025403784439,-0.499999999999999,0.));
#5729=DIRECTION('center_axis',(0.499999999999999,-0.866025403784439,0.));
#5730=DIRECTION('ref_axis',(-0.866025403784439,-0.499999999999999,0.));
#5731=DIRECTION('',(0.,0.,-1.));
#5732=DIRECTION('',(-0.866025403784439,-0.499999999999999,0.));
#5733=DIRECTION('',(0.,0.,-1.));
#5734=DIRECTION('center_axis',(-0.499999999999999,-0.866025403784439,0.));
#5735=DIRECTION('ref_axis',(-0.866025403784439,0.499999999999999,0.));
#5736=DIRECTION('',(0.,0.,-1.));
#5737=DIRECTION('',(-0.866025403784439,0.499999999999999,0.));
#5738=DIRECTION('center_axis',(-1.,0.,0.));
#5739=DIRECTION('ref_axis',(0.,1.,0.));
#5740=DIRECTION('',(0.,0.,-1.));
#5741=DIRECTION('',(0.,1.,0.));
#5742=DIRECTION('center_axis',(-0.499999999999999,0.866025403784439,0.));
#5743=DIRECTION('ref_axis',(0.866025403784439,0.499999999999999,0.));
#5744=DIRECTION('',(0.,0.,-1.));
#5745=DIRECTION('',(0.866025403784439,0.499999999999999,0.));
#5746=DIRECTION('center_axis',(0.499999999999999,0.866025403784439,0.));
#5747=DIRECTION('ref_axis',(0.866025403784439,-0.499999999999999,0.));
#5748=DIRECTION('',(0.,0.,-1.));
#5749=DIRECTION('',(0.866025403784439,-0.499999999999999,0.));
#5750=DIRECTION('center_axis',(1.,0.,0.));
#5751=DIRECTION('ref_axis',(0.,-1.,0.));
#5752=DIRECTION('',(0.,-1.,0.));
#5753=DIRECTION('center_axis',(0.499999999999999,-0.866025403784439,0.));
#5754=DIRECTION('ref_axis',(-0.866025403784439,-0.499999999999999,0.));
#5755=DIRECTION('',(0.,0.,-1.));
#5756=DIRECTION('',(-0.866025403784439,-0.499999999999999,0.));
#5757=DIRECTION('',(0.,0.,-1.));
#5758=DIRECTION('center_axis',(-0.499999999999999,-0.866025403784439,0.));
#5759=DIRECTION('ref_axis',(-0.866025403784439,0.499999999999999,0.));
#5760=DIRECTION('',(0.,0.,-1.));
#5761=DIRECTION('',(-0.866025403784439,0.499999999999999,0.));
#5762=DIRECTION('center_axis',(1.,0.,0.));
#5763=DIRECTION('ref_axis',(0.,-1.,0.));
#5764=DIRECTION('',(0.,-1.,0.));
#5765=DIRECTION('',(0.,0.,-1.));
#5766=DIRECTION('center_axis',(-0.499999999999999,-0.866025403784439,0.));
#5767=DIRECTION('ref_axis',(-0.866025403784439,0.499999999999999,0.));
#5768=DIRECTION('',(0.,0.,-1.));
#5769=DIRECTION('',(-0.866025403784439,0.499999999999999,0.));
#5770=DIRECTION('',(0.,0.,-1.));
#5771=DIRECTION('center_axis',(-1.,0.,0.));
#5772=DIRECTION('ref_axis',(0.,1.,0.));
#5773=DIRECTION('',(0.,0.,-1.));
#5774=DIRECTION('',(0.,1.,0.));
#5775=DIRECTION('center_axis',(-0.499999999999999,0.866025403784439,0.));
#5776=DIRECTION('ref_axis',(0.866025403784439,0.499999999999999,0.));
#5777=DIRECTION('',(0.,0.,-1.));
#5778=DIRECTION('',(0.866025403784439,0.499999999999999,0.));
#5779=DIRECTION('center_axis',(-0.499999999999999,-0.866025403784439,0.));
#5780=DIRECTION('ref_axis',(-0.866025403784439,0.499999999999999,0.));
#5781=DIRECTION('',(0.,0.,-1.));
#5782=DIRECTION('',(-0.866025403784439,0.499999999999999,0.));
#5783=DIRECTION('',(0.,0.,-1.));
#5784=DIRECTION('center_axis',(-1.,0.,0.));
#5785=DIRECTION('ref_axis',(0.,1.,0.));
#5786=DIRECTION('',(0.,0.,-1.));
#5787=DIRECTION('',(0.,1.,0.));
#5788=DIRECTION('center_axis',(-0.499999999999999,0.866025403784439,0.));
#5789=DIRECTION('ref_axis',(0.866025403784439,0.499999999999999,0.));
#5790=DIRECTION('',(0.,0.,-1.));
#5791=DIRECTION('',(0.866025403784439,0.499999999999999,0.));
#5792=DIRECTION('center_axis',(0.499999999999999,0.866025403784439,0.));
#5793=DIRECTION('ref_axis',(0.866025403784439,-0.499999999999999,0.));
#5794=DIRECTION('',(0.,0.,-1.));
#5795=DIRECTION('',(0.866025403784439,-0.499999999999999,0.));
#5796=DIRECTION('center_axis',(1.,0.,0.));
#5797=DIRECTION('ref_axis',(0.,-1.,0.));
#5798=DIRECTION('',(0.,0.,-1.));
#5799=DIRECTION('',(0.,-1.,0.));
#5800=DIRECTION('center_axis',(1.,0.,0.));
#5801=DIRECTION('ref_axis',(0.,-1.,0.));
#5802=DIRECTION('',(0.,0.,-1.));
#5803=DIRECTION('',(0.,-1.,0.));
#5804=DIRECTION('',(0.,0.,-1.));
#5805=DIRECTION('center_axis',(-0.499999999999999,0.866025403784439,0.));
#5806=DIRECTION('ref_axis',(0.866025403784439,0.499999999999999,0.));
#5807=DIRECTION('',(0.,0.,-1.));
#5808=DIRECTION('',(0.866025403784439,0.499999999999999,0.));
#5809=DIRECTION('',(0.,0.,-1.));
#5810=DIRECTION('center_axis',(0.499999999999999,0.866025403784439,0.));
#5811=DIRECTION('ref_axis',(0.866025403784439,-0.499999999999999,0.));
#5812=DIRECTION('',(0.866025403784439,-0.499999999999999,0.));
#5813=DIRECTION('center_axis',(0.,0.,-1.));
#5814=DIRECTION('ref_axis',(-1.,0.,0.));
#5815=DIRECTION('center_axis',(0.,0.,-1.));
#5816=DIRECTION('ref_axis',(-1.,0.,0.));
#5817=DIRECTION('',(0.,0.,-1.));
#5818=DIRECTION('center_axis',(0.,0.,1.));
#5819=DIRECTION('ref_axis',(-1.,0.,0.));
#5820=DIRECTION('',(0.,0.,-1.));
#5821=DIRECTION('',(0.,0.,-1.));
#5822=DIRECTION('center_axis',(0.,0.,1.));
#5823=DIRECTION('ref_axis',(-1.,0.,0.));
#5824=DIRECTION('',(0.,0.,-1.));
#5825=DIRECTION('',(0.,0.,-1.));
#5826=DIRECTION('center_axis',(0.,0.,1.));
#5827=DIRECTION('ref_axis',(-1.,0.,0.));
#5828=DIRECTION('center_axis',(0.,0.,1.));
#5829=DIRECTION('ref_axis',(-1.,0.,0.));
#5830=DIRECTION('',(0.,0.,-1.));
#5831=DIRECTION('',(0.,0.,-1.));
#5832=DIRECTION('center_axis',(0.,0.,1.));
#5833=DIRECTION('ref_axis',(-1.,0.,0.));
#5834=DIRECTION('',(0.,0.,-1.));
#5835=DIRECTION('',(0.,0.,-1.));
#5836=DIRECTION('center_axis',(0.,0.,1.));
#5837=DIRECTION('ref_axis',(-1.,0.,0.));
#5838=DIRECTION('',(0.,0.,-1.));
#5839=DIRECTION('',(0.,0.,-1.));
#5840=DIRECTION('center_axis',(0.,0.,1.));
#5841=DIRECTION('ref_axis',(-1.,0.,0.));
#5842=DIRECTION('center_axis',(0.,0.,1.));
#5843=DIRECTION('ref_axis',(-1.,0.,0.));
#5844=DIRECTION('',(0.,0.,-1.));
#5845=DIRECTION('',(0.,0.,-1.));
#5846=DIRECTION('center_axis',(0.,0.,1.));
#5847=DIRECTION('ref_axis',(-1.,0.,0.));
#5848=DIRECTION('',(0.,0.,-1.));
#5849=DIRECTION('',(0.,0.,-1.));
#5850=DIRECTION('center_axis',(0.,0.,1.));
#5851=DIRECTION('ref_axis',(-1.,0.,0.));
#5852=DIRECTION('',(0.,0.,-1.));
#5853=DIRECTION('',(0.,0.,-1.));
#5854=DIRECTION('center_axis',(0.,0.,1.));
#5855=DIRECTION('ref_axis',(-1.,0.,0.));
#5856=DIRECTION('',(0.,0.,-1.));
#5857=DIRECTION('',(0.,0.,-1.));
#5858=DIRECTION('center_axis',(0.,0.,1.));
#5859=DIRECTION('ref_axis',(-1.,0.,0.));
#5860=DIRECTION('center_axis',(0.,0.,1.));
#5861=DIRECTION('ref_axis',(-1.,0.,0.));
#5862=DIRECTION('',(0.,0.,-1.));
#5863=DIRECTION('',(0.,0.,-1.));
#5864=DIRECTION('center_axis',(0.,0.,1.));
#5865=DIRECTION('ref_axis',(-1.,0.,0.));
#5866=DIRECTION('',(0.,0.,-1.));
#5867=DIRECTION('',(0.,0.,-1.));
#5868=DIRECTION('center_axis',(0.,0.,1.));
#5869=DIRECTION('ref_axis',(-1.,0.,0.));
#5870=DIRECTION('',(0.,0.,-1.));
#5871=DIRECTION('',(0.,0.,-1.));
#5872=DIRECTION('center_axis',(0.,0.,1.));
#5873=DIRECTION('ref_axis',(-1.,0.,0.));
#5874=DIRECTION('center_axis',(0.,0.,1.));
#5875=DIRECTION('ref_axis',(-1.,0.,0.));
#5876=DIRECTION('center_axis',(0.499999999999999,0.866025403784439,0.));
#5877=DIRECTION('ref_axis',(0.866025403784439,-0.499999999999999,0.));
#5878=DIRECTION('',(0.,0.,-1.));
#5879=DIRECTION('',(0.866025403784439,-0.499999999999999,0.));
#5880=DIRECTION('center_axis',(1.,0.,0.));
#5881=DIRECTION('ref_axis',(0.,-1.,0.));
#5882=DIRECTION('',(0.,0.,-1.));
#5883=DIRECTION('',(0.,-1.,0.));
#5884=DIRECTION('center_axis',(0.499999999999999,-0.866025403784439,0.));
#5885=DIRECTION('ref_axis',(-0.866025403784439,-0.499999999999999,0.));
#5886=DIRECTION('',(-0.866025403784439,-0.499999999999999,0.));
#5887=DIRECTION('center_axis',(0.499999999999999,0.866025403784439,0.));
#5888=DIRECTION('ref_axis',(0.866025403784439,-0.499999999999999,0.));
#5889=DIRECTION('',(0.866025403784439,-0.499999999999999,0.));
#5890=DIRECTION('',(0.,0.,-1.));
#5891=DIRECTION('center_axis',(-1.,0.,0.));
#5892=DIRECTION('ref_axis',(0.,1.,0.));
#5893=DIRECTION('',(0.,0.,-1.));
#5894=DIRECTION('',(0.,1.,0.));
#5895=DIRECTION('center_axis',(-0.499999999999999,0.866025403784439,0.));
#5896=DIRECTION('ref_axis',(0.866025403784439,0.499999999999999,0.));
#5897=DIRECTION('',(0.866025403784439,0.499999999999999,0.));
#5898=DIRECTION('center_axis',(1.,0.,0.));
#5899=DIRECTION('ref_axis',(0.,-1.,0.));
#5900=DIRECTION('',(0.,0.,-1.));
#5901=DIRECTION('',(0.,-1.,0.));
#5902=DIRECTION('',(0.,0.,-1.));
#5903=DIRECTION('center_axis',(0.499999999999999,-0.866025403784439,0.));
#5904=DIRECTION('ref_axis',(-0.866025403784439,-0.499999999999999,0.));
#5905=DIRECTION('',(0.,0.,-1.));
#5906=DIRECTION('',(-0.866025403784439,-0.499999999999999,0.));
#5907=DIRECTION('center_axis',(-0.499999999999999,-0.866025403784439,0.));
#5908=DIRECTION('ref_axis',(-0.866025403784439,0.499999999999999,0.));
#5909=DIRECTION('',(0.,0.,-1.));
#5910=DIRECTION('',(-0.866025403784439,0.499999999999999,0.));
#5911=DIRECTION('center_axis',(-1.,0.,0.));
#5912=DIRECTION('ref_axis',(0.,1.,0.));
#5913=DIRECTION('',(0.,0.,-1.));
#5914=DIRECTION('',(0.,1.,0.));
#5915=DIRECTION('center_axis',(-0.499999999999999,0.866025403784439,0.));
#5916=DIRECTION('ref_axis',(0.866025403784439,0.499999999999999,0.));
#5917=DIRECTION('',(0.,0.,-1.));
#5918=DIRECTION('',(0.866025403784439,0.499999999999999,0.));
#5919=DIRECTION('center_axis',(0.499999999999999,0.866025403784439,0.));
#5920=DIRECTION('ref_axis',(0.866025403784439,-0.499999999999999,0.));
#5921=DIRECTION('',(0.866025403784439,-0.499999999999999,0.));
#5922=DIRECTION('center_axis',(-0.499999999999999,-0.866025403784439,0.));
#5923=DIRECTION('ref_axis',(-0.866025403784439,0.499999999999999,0.));
#5924=DIRECTION('',(0.,0.,-1.));
#5925=DIRECTION('',(-0.866025403784439,0.499999999999999,0.));
#5926=DIRECTION('',(0.,0.,-1.));
#5927=DIRECTION('center_axis',(-1.,0.,0.));
#5928=DIRECTION('ref_axis',(0.,1.,0.));
#5929=DIRECTION('',(0.,1.,0.));
#5930=DIRECTION('center_axis',(0.499999999999999,-0.866025403784439,0.));
#5931=DIRECTION('ref_axis',(-0.866025403784439,-0.499999999999999,0.));
#5932=DIRECTION('',(-0.866025403784439,-0.499999999999999,0.));
#5933=DIRECTION('center_axis',(0.499999999999999,0.866025403784439,0.));
#5934=DIRECTION('ref_axis',(0.866025403784439,-0.499999999999999,0.));
#5935=DIRECTION('',(0.,0.,-1.));
#5936=DIRECTION('',(0.866025403784439,-0.499999999999999,0.));
#5937=DIRECTION('center_axis',(1.,0.,0.));
#5938=DIRECTION('ref_axis',(0.,-1.,0.));
#5939=DIRECTION('',(0.,0.,-1.));
#5940=DIRECTION('',(0.,-1.,0.));
#5941=DIRECTION('center_axis',(0.499999999999999,-0.866025403784439,0.));
#5942=DIRECTION('ref_axis',(-0.866025403784439,-0.499999999999999,0.));
#5943=DIRECTION('',(-0.866025403784439,-0.499999999999999,0.));
#5944=DIRECTION('center_axis',(1.,0.,0.));
#5945=DIRECTION('ref_axis',(0.,-1.,0.));
#5946=DIRECTION('',(0.,0.,-1.));
#5947=DIRECTION('',(0.,-1.,0.));
#5948=DIRECTION('',(0.,0.,-1.));
#5949=DIRECTION('center_axis',(0.499999999999999,-0.866025403784439,0.));
#5950=DIRECTION('ref_axis',(-0.866025403784439,-0.499999999999999,0.));
#5951=DIRECTION('',(0.,0.,-1.));
#5952=DIRECTION('',(-0.866025403784439,-0.499999999999999,0.));
#5953=DIRECTION('center_axis',(-0.499999999999999,-0.866025403784439,0.));
#5954=DIRECTION('ref_axis',(-0.866025403784439,0.499999999999999,0.));
#5955=DIRECTION('',(0.,0.,-1.));
#5956=DIRECTION('',(-0.866025403784439,0.499999999999999,0.));
#5957=DIRECTION('center_axis',(-1.,0.,0.));
#5958=DIRECTION('ref_axis',(0.,1.,0.));
#5959=DIRECTION('',(0.,0.,-1.));
#5960=DIRECTION('',(0.,1.,0.));
#5961=DIRECTION('center_axis',(-0.499999999999999,0.866025403784439,0.));
#5962=DIRECTION('ref_axis',(0.866025403784439,0.499999999999999,0.));
#5963=DIRECTION('',(0.,0.,-1.));
#5964=DIRECTION('',(0.866025403784439,0.499999999999999,0.));
#5965=DIRECTION('center_axis',(0.499999999999999,0.866025403784439,0.));
#5966=DIRECTION('ref_axis',(0.866025403784439,-0.499999999999999,0.));
#5967=DIRECTION('',(0.866025403784439,-0.499999999999999,0.));
#5968=DIRECTION('center_axis',(-1.,0.,0.));
#5969=DIRECTION('ref_axis',(0.,1.,0.));
#5970=DIRECTION('',(0.,0.,-1.));
#5971=DIRECTION('',(0.,1.,0.));
#5972=DIRECTION('',(0.,0.,-1.));
#5973=DIRECTION('center_axis',(-0.499999999999999,0.866025403784439,0.));
#5974=DIRECTION('ref_axis',(0.866025403784439,0.499999999999999,0.));
#5975=DIRECTION('',(0.,0.,-1.));
#5976=DIRECTION('',(0.866025403784439,0.499999999999999,0.));
#5977=DIRECTION('center_axis',(0.499999999999999,0.866025403784439,0.));
#5978=DIRECTION('ref_axis',(0.866025403784439,-0.499999999999999,0.));
#5979=DIRECTION('',(0.,0.,-1.));
#5980=DIRECTION('',(0.866025403784439,-0.499999999999999,0.));
#5981=DIRECTION('center_axis',(1.,0.,0.));
#5982=DIRECTION('ref_axis',(0.,-1.,0.));
#5983=DIRECTION('',(0.,0.,-1.));
#5984=DIRECTION('',(0.,-1.,0.));
#5985=DIRECTION('center_axis',(0.499999999999999,-0.866025403784439,0.));
#5986=DIRECTION('ref_axis',(-0.866025403784439,-0.499999999999999,0.));
#5987=DIRECTION('',(0.,0.,-1.));
#5988=DIRECTION('',(-0.866025403784439,-0.499999999999999,0.));
#5989=DIRECTION('center_axis',(-0.499999999999999,-0.866025403784439,0.));
#5990=DIRECTION('ref_axis',(-0.866025403784439,0.499999999999999,0.));
#5991=DIRECTION('',(-0.866025403784439,0.499999999999999,0.));
#5992=DIRECTION('center_axis',(-0.499999999999999,0.866025403784439,0.));
#5993=DIRECTION('ref_axis',(0.866025403784439,0.499999999999999,0.));
#5994=DIRECTION('',(0.,0.,-1.));
#5995=DIRECTION('',(0.866025403784439,0.499999999999999,0.));
#5996=DIRECTION('',(0.,0.,-1.));
#5997=DIRECTION('center_axis',(0.499999999999999,0.866025403784439,0.));
#5998=DIRECTION('ref_axis',(0.866025403784439,-0.499999999999999,0.));
#5999=DIRECTION('',(0.,0.,-1.));
#6000=DIRECTION('',(0.866025403784439,-0.499999999999999,0.));
#6001=DIRECTION('center_axis',(1.,0.,0.));
#6002=DIRECTION('ref_axis',(0.,-1.,0.));
#6003=DIRECTION('',(0.,0.,-1.));
#6004=DIRECTION('',(0.,-1.,0.));
#6005=DIRECTION('center_axis',(0.499999999999999,-0.866025403784439,0.));
#6006=DIRECTION('ref_axis',(-0.866025403784439,-0.499999999999999,0.));
#6007=DIRECTION('',(0.,0.,-1.));
#6008=DIRECTION('',(-0.866025403784439,-0.499999999999999,0.));
#6009=DIRECTION('center_axis',(-0.499999999999999,-0.866025403784439,0.));
#6010=DIRECTION('ref_axis',(-0.866025403784439,0.499999999999999,0.));
#6011=DIRECTION('',(0.,0.,-1.));
#6012=DIRECTION('',(-0.866025403784439,0.499999999999999,0.));
#6013=DIRECTION('center_axis',(-1.,0.,0.));
#6014=DIRECTION('ref_axis',(0.,1.,0.));
#6015=DIRECTION('',(0.,1.,0.));
#6016=DIRECTION('center_axis',(1.,0.,0.));
#6017=DIRECTION('ref_axis',(0.,-1.,0.));
#6018=DIRECTION('',(0.,0.,-1.));
#6019=DIRECTION('',(0.,-1.,0.));
#6020=DIRECTION('',(0.,0.,-1.));
#6021=DIRECTION('center_axis',(0.499999999999999,-0.866025403784439,0.));
#6022=DIRECTION('ref_axis',(-0.866025403784439,-0.499999999999999,0.));
#6023=DIRECTION('',(0.,0.,-1.));
#6024=DIRECTION('',(-0.866025403784439,-0.499999999999999,0.));
#6025=DIRECTION('center_axis',(-0.499999999999999,-0.866025403784439,0.));
#6026=DIRECTION('ref_axis',(-0.866025403784439,0.499999999999999,0.));
#6027=DIRECTION('',(0.,0.,-1.));
#6028=DIRECTION('',(-0.866025403784439,0.499999999999999,0.));
#6029=DIRECTION('center_axis',(-1.,0.,0.));
#6030=DIRECTION('ref_axis',(0.,1.,0.));
#6031=DIRECTION('',(0.,0.,-1.));
#6032=DIRECTION('',(0.,1.,0.));
#6033=DIRECTION('center_axis',(-0.499999999999999,0.866025403784439,0.));
#6034=DIRECTION('ref_axis',(0.866025403784439,0.499999999999999,0.));
#6035=DIRECTION('',(0.,0.,-1.));
#6036=DIRECTION('',(0.866025403784439,0.499999999999999,0.));
#6037=DIRECTION('center_axis',(0.499999999999999,0.866025403784439,0.));
#6038=DIRECTION('ref_axis',(0.866025403784439,-0.499999999999999,0.));
#6039=DIRECTION('',(0.866025403784439,-0.499999999999999,0.));
#6040=DIRECTION('center_axis',(0.499999999999999,0.866025403784439,0.));
#6041=DIRECTION('ref_axis',(0.866025403784439,-0.499999999999999,0.));
#6042=DIRECTION('',(0.,0.,-1.));
#6043=DIRECTION('',(0.866025403784439,-0.499999999999999,0.));
#6044=DIRECTION('',(0.,0.,-1.));
#6045=DIRECTION('center_axis',(1.,0.,0.));
#6046=DIRECTION('ref_axis',(0.,-1.,0.));
#6047=DIRECTION('',(0.,0.,-1.));
#6048=DIRECTION('',(0.,-1.,0.));
#6049=DIRECTION('center_axis',(0.499999999999999,-0.866025403784439,0.));
#6050=DIRECTION('ref_axis',(-0.866025403784439,-0.499999999999999,0.));
#6051=DIRECTION('',(0.,0.,-1.));
#6052=DIRECTION('',(-0.866025403784439,-0.499999999999999,0.));
#6053=DIRECTION('center_axis',(-0.499999999999999,-0.866025403784439,0.));
#6054=DIRECTION('ref_axis',(-0.866025403784439,0.499999999999999,0.));
#6055=DIRECTION('',(0.,0.,-1.));
#6056=DIRECTION('',(-0.866025403784439,0.499999999999999,0.));
#6057=DIRECTION('center_axis',(-1.,0.,0.));
#6058=DIRECTION('ref_axis',(0.,1.,0.));
#6059=DIRECTION('',(0.,0.,-1.));
#6060=DIRECTION('',(0.,1.,0.));
#6061=DIRECTION('center_axis',(-0.499999999999999,0.866025403784439,0.));
#6062=DIRECTION('ref_axis',(0.866025403784439,0.499999999999999,0.));
#6063=DIRECTION('',(0.866025403784439,0.499999999999999,0.));
#6064=DIRECTION('center_axis',(1.,0.,0.));
#6065=DIRECTION('ref_axis',(0.,-1.,0.));
#6066=DIRECTION('',(0.,0.,-1.));
#6067=DIRECTION('',(0.,-1.,0.));
#6068=DIRECTION('',(0.,0.,-1.));
#6069=DIRECTION('center_axis',(0.499999999999999,-0.866025403784439,0.));
#6070=DIRECTION('ref_axis',(-0.866025403784439,-0.499999999999999,0.));
#6071=DIRECTION('',(0.,0.,-1.));
#6072=DIRECTION('',(-0.866025403784439,-0.499999999999999,0.));
#6073=DIRECTION('center_axis',(-0.499999999999999,-0.866025403784439,0.));
#6074=DIRECTION('ref_axis',(-0.866025403784439,0.499999999999999,0.));
#6075=DIRECTION('',(0.,0.,-1.));
#6076=DIRECTION('',(-0.866025403784439,0.499999999999999,0.));
#6077=DIRECTION('center_axis',(-1.,0.,0.));
#6078=DIRECTION('ref_axis',(0.,1.,0.));
#6079=DIRECTION('',(0.,0.,-1.));
#6080=DIRECTION('',(0.,1.,0.));
#6081=DIRECTION('center_axis',(-0.499999999999999,0.866025403784439,0.));
#6082=DIRECTION('ref_axis',(0.866025403784439,0.499999999999999,0.));
#6083=DIRECTION('',(0.,0.,-1.));
#6084=DIRECTION('',(0.866025403784439,0.499999999999999,0.));
#6085=DIRECTION('center_axis',(0.499999999999999,0.866025403784439,0.));
#6086=DIRECTION('ref_axis',(0.866025403784439,-0.499999999999999,0.));
#6087=DIRECTION('',(0.866025403784439,-0.499999999999999,0.));
#6088=DIRECTION('center_axis',(-1.,0.,0.));
#6089=DIRECTION('ref_axis',(0.,1.,0.));
#6090=DIRECTION('',(0.,0.,-1.));
#6091=DIRECTION('',(0.,1.,0.));
#6092=DIRECTION('',(0.,0.,-1.));
#6093=DIRECTION('center_axis',(-0.499999999999999,0.866025403784439,0.));
#6094=DIRECTION('ref_axis',(0.866025403784439,0.499999999999999,0.));
#6095=DIRECTION('',(0.866025403784439,0.499999999999999,0.));
#6096=DIRECTION('center_axis',(0.499999999999999,0.866025403784439,0.));
#6097=DIRECTION('ref_axis',(0.866025403784439,-0.499999999999999,0.));
#6098=DIRECTION('',(0.,0.,-1.));
#6099=DIRECTION('',(0.866025403784439,-0.499999999999999,0.));
#6100=DIRECTION('center_axis',(1.,0.,0.));
#6101=DIRECTION('ref_axis',(0.,-1.,0.));
#6102=DIRECTION('',(0.,0.,-1.));
#6103=DIRECTION('',(0.,-1.,0.));
#6104=DIRECTION('center_axis',(0.499999999999999,-0.866025403784439,0.));
#6105=DIRECTION('ref_axis',(-0.866025403784439,-0.499999999999999,0.));
#6106=DIRECTION('',(0.,0.,-1.));
#6107=DIRECTION('',(-0.866025403784439,-0.499999999999999,0.));
#6108=DIRECTION('center_axis',(-0.499999999999999,-0.866025403784439,0.));
#6109=DIRECTION('ref_axis',(-0.866025403784439,0.499999999999999,0.));
#6110=DIRECTION('',(-0.866025403784439,0.499999999999999,0.));
#6111=DIRECTION('center_axis',(-0.499999999999999,-0.866025403784439,0.));
#6112=DIRECTION('ref_axis',(-0.866025403784439,0.499999999999999,0.));
#6113=DIRECTION('',(0.,0.,-1.));
#6114=DIRECTION('',(-0.866025403784439,0.499999999999999,0.));
#6115=DIRECTION('',(0.,0.,-1.));
#6116=DIRECTION('center_axis',(-1.,0.,0.));
#6117=DIRECTION('ref_axis',(0.,1.,0.));
#6118=DIRECTION('',(0.,1.,0.));
#6119=DIRECTION('center_axis',(0.499999999999999,-0.866025403784439,0.));
#6120=DIRECTION('ref_axis',(-0.866025403784439,-0.499999999999999,0.));
#6121=DIRECTION('',(-0.866025403784439,-0.499999999999999,0.));
#6122=DIRECTION('center_axis',(-1.,0.,0.));
#6123=DIRECTION('ref_axis',(0.,1.,0.));
#6124=DIRECTION('',(0.,0.,-1.));
#6125=DIRECTION('',(0.,1.,0.));
#6126=DIRECTION('center_axis',(-0.499999999999999,0.866025403784439,0.));
#6127=DIRECTION('ref_axis',(0.866025403784439,0.499999999999999,0.));
#6128=DIRECTION('',(0.,0.,-1.));
#6129=DIRECTION('',(0.866025403784439,0.499999999999999,0.));
#6130=DIRECTION('center_axis',(0.499999999999999,0.866025403784439,0.));
#6131=DIRECTION('ref_axis',(0.866025403784439,-0.499999999999999,0.));
#6132=DIRECTION('',(0.866025403784439,-0.499999999999999,0.));
#6133=DIRECTION('center_axis',(0.499999999999999,0.866025403784439,0.));
#6134=DIRECTION('ref_axis',(0.866025403784439,-0.499999999999999,0.));
#6135=DIRECTION('',(0.,0.,-1.));
#6136=DIRECTION('',(0.866025403784439,-0.499999999999999,0.));
#6137=DIRECTION('',(0.,0.,-1.));
#6138=DIRECTION('center_axis',(1.,0.,0.));
#6139=DIRECTION('ref_axis',(0.,-1.,0.));
#6140=DIRECTION('',(0.,0.,-1.));
#6141=DIRECTION('',(0.,-1.,0.));
#6142=DIRECTION('center_axis',(0.499999999999999,-0.866025403784439,0.));
#6143=DIRECTION('ref_axis',(-0.866025403784439,-0.499999999999999,0.));
#6144=DIRECTION('',(-0.866025403784439,-0.499999999999999,0.));
#6145=DIRECTION('center_axis',(-1.,0.,0.));
#6146=DIRECTION('ref_axis',(0.,1.,0.));
#6147=DIRECTION('',(0.,0.,-1.));
#6148=DIRECTION('',(0.,1.,0.));
#6149=DIRECTION('center_axis',(-0.499999999999999,0.866025403784439,0.));
#6150=DIRECTION('ref_axis',(0.866025403784439,0.499999999999999,0.));
#6151=DIRECTION('',(0.866025403784439,0.499999999999999,0.));
#6152=DIRECTION('center_axis',(-0.499999999999999,-0.866025403784439,0.));
#6153=DIRECTION('ref_axis',(-0.866025403784439,0.499999999999999,0.));
#6154=DIRECTION('',(0.,0.,-1.));
#6155=DIRECTION('',(-0.866025403784439,0.499999999999999,0.));
#6156=DIRECTION('',(0.,0.,-1.));
#6157=DIRECTION('center_axis',(-1.,0.,0.));
#6158=DIRECTION('ref_axis',(0.,1.,0.));
#6159=DIRECTION('',(0.,0.,-1.));
#6160=DIRECTION('',(0.,1.,0.));
#6161=DIRECTION('center_axis',(-0.499999999999999,0.866025403784439,0.));
#6162=DIRECTION('ref_axis',(0.866025403784439,0.499999999999999,0.));
#6163=DIRECTION('',(0.,0.,-1.));
#6164=DIRECTION('',(0.866025403784439,0.499999999999999,0.));
#6165=DIRECTION('center_axis',(0.499999999999999,0.866025403784439,0.));
#6166=DIRECTION('ref_axis',(0.866025403784439,-0.499999999999999,0.));
#6167=DIRECTION('',(0.,0.,-1.));
#6168=DIRECTION('',(0.866025403784439,-0.499999999999999,0.));
#6169=DIRECTION('center_axis',(1.,0.,0.));
#6170=DIRECTION('ref_axis',(0.,-1.,0.));
#6171=DIRECTION('',(0.,0.,-1.));
#6172=DIRECTION('',(0.,-1.,0.));
#6173=DIRECTION('center_axis',(0.499999999999999,-0.866025403784439,0.));
#6174=DIRECTION('ref_axis',(-0.866025403784439,-0.499999999999999,0.));
#6175=DIRECTION('',(-0.866025403784439,-0.499999999999999,0.));
#6176=DIRECTION('center_axis',(-0.499999999999999,0.866025403784439,0.));
#6177=DIRECTION('ref_axis',(0.866025403784439,0.499999999999999,0.));
#6178=DIRECTION('',(0.,0.,-1.));
#6179=DIRECTION('',(0.866025403784439,0.499999999999999,0.));
#6180=DIRECTION('center_axis',(0.499999999999999,0.866025403784439,0.));
#6181=DIRECTION('ref_axis',(0.866025403784439,-0.499999999999999,0.));
#6182=DIRECTION('',(0.,0.,-1.));
#6183=DIRECTION('',(0.866025403784439,-0.499999999999999,0.));
#6184=DIRECTION('center_axis',(1.,0.,0.));
#6185=DIRECTION('ref_axis',(0.,-1.,0.));
#6186=DIRECTION('',(0.,-1.,0.));
#6187=DIRECTION('center_axis',(-0.499999999999999,-0.866025403784439,0.));
#6188=DIRECTION('ref_axis',(-0.866025403784439,0.499999999999999,0.));
#6189=DIRECTION('',(0.,0.,-1.));
#6190=DIRECTION('',(-0.866025403784439,0.499999999999999,0.));
#6191=DIRECTION('center_axis',(-1.,0.,0.));
#6192=DIRECTION('ref_axis',(0.,1.,0.));
#6193=DIRECTION('',(0.,0.,-1.));
#6194=DIRECTION('',(0.,1.,0.));
#6195=DIRECTION('center_axis',(-0.499999999999999,0.866025403784439,0.));
#6196=DIRECTION('ref_axis',(0.866025403784439,0.499999999999999,0.));
#6197=DIRECTION('',(0.866025403784439,0.499999999999999,0.));
#6198=DIRECTION('center_axis',(0.499999999999999,0.866025403784439,0.));
#6199=DIRECTION('ref_axis',(0.866025403784439,-0.499999999999999,0.));
#6200=DIRECTION('',(0.,0.,-1.));
#6201=DIRECTION('',(0.866025403784439,-0.499999999999999,0.));
#6202=DIRECTION('center_axis',(1.,0.,0.));
#6203=DIRECTION('ref_axis',(0.,-1.,0.));
#6204=DIRECTION('',(0.,0.,-1.));
#6205=DIRECTION('',(0.,-1.,0.));
#6206=DIRECTION('center_axis',(0.499999999999999,-0.866025403784439,0.));
#6207=DIRECTION('ref_axis',(-0.866025403784439,-0.499999999999999,0.));
#6208=DIRECTION('',(0.,0.,-1.));
#6209=DIRECTION('',(-0.866025403784439,-0.499999999999999,0.));
#6210=DIRECTION('center_axis',(-0.499999999999999,-0.866025403784439,0.));
#6211=DIRECTION('ref_axis',(-0.866025403784439,0.499999999999999,0.));
#6212=DIRECTION('',(0.,0.,-1.));
#6213=DIRECTION('',(-0.866025403784439,0.499999999999999,0.));
#6214=DIRECTION('center_axis',(-1.,0.,0.));
#6215=DIRECTION('ref_axis',(0.,1.,0.));
#6216=DIRECTION('',(0.,0.,-1.));
#6217=DIRECTION('',(0.,1.,0.));
#6218=DIRECTION('center_axis',(-0.499999999999999,0.866025403784439,0.));
#6219=DIRECTION('ref_axis',(0.866025403784439,0.499999999999999,0.));
#6220=DIRECTION('',(0.866025403784439,0.499999999999999,0.));
#6221=DIRECTION('center_axis',(1.,0.,0.));
#6222=DIRECTION('ref_axis',(0.,-1.,0.));
#6223=DIRECTION('',(0.,0.,-1.));
#6224=DIRECTION('',(0.,-1.,0.));
#6225=DIRECTION('center_axis',(0.499999999999999,-0.866025403784439,0.));
#6226=DIRECTION('ref_axis',(-0.866025403784439,-0.499999999999999,0.));
#6227=DIRECTION('',(0.,0.,-1.));
#6228=DIRECTION('',(-0.866025403784439,-0.499999999999999,0.));
#6229=DIRECTION('center_axis',(-0.499999999999999,-0.866025403784439,0.));
#6230=DIRECTION('ref_axis',(-0.866025403784439,0.499999999999999,0.));
#6231=DIRECTION('',(-0.866025403784439,0.499999999999999,0.));
#6232=DIRECTION('center_axis',(0.499999999999999,-0.866025403784439,0.));
#6233=DIRECTION('ref_axis',(-0.866025403784439,-0.499999999999999,0.));
#6234=DIRECTION('',(0.,0.,-1.));
#6235=DIRECTION('',(-0.866025403784439,-0.499999999999999,0.));
#6236=DIRECTION('',(0.,0.,-1.));
#6237=DIRECTION('center_axis',(-0.499999999999999,-0.866025403784439,0.));
#6238=DIRECTION('ref_axis',(-0.866025403784439,0.499999999999999,0.));
#6239=DIRECTION('',(0.,0.,-1.));
#6240=DIRECTION('',(-0.866025403784439,0.499999999999999,0.));
#6241=DIRECTION('center_axis',(-1.,0.,0.));
#6242=DIRECTION('ref_axis',(0.,1.,0.));
#6243=DIRECTION('',(0.,0.,-1.));
#6244=DIRECTION('',(0.,1.,0.));
#6245=DIRECTION('center_axis',(-0.499999999999999,0.866025403784439,0.));
#6246=DIRECTION('ref_axis',(0.866025403784439,0.499999999999999,0.));
#6247=DIRECTION('',(0.,0.,-1.));
#6248=DIRECTION('',(0.866025403784439,0.499999999999999,0.));
#6249=DIRECTION('center_axis',(0.499999999999999,0.866025403784439,0.));
#6250=DIRECTION('ref_axis',(0.866025403784439,-0.499999999999999,0.));
#6251=DIRECTION('',(0.,0.,-1.));
#6252=DIRECTION('',(0.866025403784439,-0.499999999999999,0.));
#6253=DIRECTION('center_axis',(1.,0.,0.));
#6254=DIRECTION('ref_axis',(0.,-1.,0.));
#6255=DIRECTION('',(0.,-1.,0.));
#6256=DIRECTION('center_axis',(0.499999999999999,-0.866025403784439,0.));
#6257=DIRECTION('ref_axis',(-0.866025403784439,-0.499999999999999,0.));
#6258=DIRECTION('',(0.,0.,-1.));
#6259=DIRECTION('',(-0.866025403784439,-0.499999999999999,0.));
#6260=DIRECTION('',(0.,0.,-1.));
#6261=DIRECTION('center_axis',(-0.499999999999999,-0.866025403784439,0.));
#6262=DIRECTION('ref_axis',(-0.866025403784439,0.499999999999999,0.));
#6263=DIRECTION('',(0.,0.,-1.));
#6264=DIRECTION('',(-0.866025403784439,0.499999999999999,0.));
#6265=DIRECTION('center_axis',(-1.,0.,0.));
#6266=DIRECTION('ref_axis',(0.,1.,0.));
#6267=DIRECTION('',(0.,0.,-1.));
#6268=DIRECTION('',(0.,1.,0.));
#6269=DIRECTION('center_axis',(-0.499999999999999,0.866025403784439,0.));
#6270=DIRECTION('ref_axis',(0.866025403784439,0.499999999999999,0.));
#6271=DIRECTION('',(0.,0.,-1.));
#6272=DIRECTION('',(0.866025403784439,0.499999999999999,0.));
#6273=DIRECTION('center_axis',(0.499999999999999,0.866025403784439,0.));
#6274=DIRECTION('ref_axis',(0.866025403784439,-0.499999999999999,0.));
#6275=DIRECTION('',(0.,0.,-1.));
#6276=DIRECTION('',(0.866025403784439,-0.499999999999999,0.));
#6277=DIRECTION('center_axis',(1.,0.,0.));
#6278=DIRECTION('ref_axis',(0.,-1.,0.));
#6279=DIRECTION('',(0.,-1.,0.));
#6280=DIRECTION('center_axis',(1.,0.,0.));
#6281=DIRECTION('ref_axis',(0.,-1.,0.));
#6282=DIRECTION('',(0.,0.,-1.));
#6283=DIRECTION('',(0.,-1.,0.));
#6284=DIRECTION('',(0.,0.,-1.));
#6285=DIRECTION('center_axis',(0.499999999999999,-0.866025403784439,0.));
#6286=DIRECTION('ref_axis',(-0.866025403784439,-0.499999999999999,0.));
#6287=DIRECTION('',(0.,0.,-1.));
#6288=DIRECTION('',(-0.866025403784439,-0.499999999999999,0.));
#6289=DIRECTION('center_axis',(-0.499999999999999,-0.866025403784439,0.));
#6290=DIRECTION('ref_axis',(-0.866025403784439,0.499999999999999,0.));
#6291=DIRECTION('',(0.,0.,-1.));
#6292=DIRECTION('',(-0.866025403784439,0.499999999999999,0.));
#6293=DIRECTION('center_axis',(-1.,0.,0.));
#6294=DIRECTION('ref_axis',(0.,1.,0.));
#6295=DIRECTION('',(0.,0.,-1.));
#6296=DIRECTION('',(0.,1.,0.));
#6297=DIRECTION('center_axis',(-0.499999999999999,0.866025403784439,0.));
#6298=DIRECTION('ref_axis',(0.866025403784439,0.499999999999999,0.));
#6299=DIRECTION('',(0.,0.,-1.));
#6300=DIRECTION('',(0.866025403784439,0.499999999999999,0.));
#6301=DIRECTION('center_axis',(0.499999999999999,0.866025403784439,0.));
#6302=DIRECTION('ref_axis',(0.866025403784439,-0.499999999999999,0.));
#6303=DIRECTION('',(0.866025403784439,-0.499999999999999,0.));
#6304=DIRECTION('center_axis',(0.,0.,1.));
#6305=DIRECTION('ref_axis',(1.,0.,0.));
#6306=DIRECTION('center_axis',(0.,0.,1.));
#6307=DIRECTION('ref_axis',(-1.,0.,0.));
#6308=CARTESIAN_POINT('',(0.,0.,0.));
#6309=CARTESIAN_POINT('Origin',(-139.044087072752,392.800441801997,176.431729987896));
#6310=CARTESIAN_POINT('',(-146.210678506511,379.26988933756,177.931729987896));
#6311=CARTESIAN_POINT('',(-142.553824257019,382.926743587052,177.931729987896));
#6312=CARTESIAN_POINT('',(-135.862106557413,389.618461286658,177.931729987896));
#6313=CARTESIAN_POINT('',(-143.968037819392,385.755170711798,176.931729987896));
#6314=CARTESIAN_POINT('',(-128.603816639648,355.026728352311,187.795874971743));
#6315=CARTESIAN_POINT('',(-148.210678506511,389.997811398917,174.931729987896));
#6316=CARTESIAN_POINT('',(-133.361436101594,375.148568994,181.931729987896));
#6317=CARTESIAN_POINT('',(-155.210678506511,382.997811398917,174.931729987896));
#6318=CARTESIAN_POINT('',(-142.226067588092,395.982422317337,174.931729987896));
#6319=CARTESIAN_POINT('',(-155.210678506511,382.997811398917,174.931729987896));
#6320=CARTESIAN_POINT('Origin',(-150.710678506511,281.895389981009,176.431729987896));
#6321=CARTESIAN_POINT('',(-146.210678506511,267.798992927962,177.931729987896));
#6322=CARTESIAN_POINT('',(-146.210678506511,281.895389981009,177.931729987896));
#6323=CARTESIAN_POINT('',(-155.210678506511,264.071070866604,174.931729987896));
#6324=CARTESIAN_POINT('',(-155.210678506511,281.895389981009,174.931729987896));
#6325=CARTESIAN_POINT('',(-155.210678506511,264.071070866604,174.931729987896));
#6326=CARTESIAN_POINT('Origin',(-130.636721054078,245.86107444485,176.431729987896));
#6327=CARTESIAN_POINT('',(-148.210678506511,257.071070866604,174.931729987896));
#6328=CARTESIAN_POINT('',(-133.818701569417,242.679093929511,174.931729987896));
#6329=CARTESIAN_POINT('',(-143.968037819391,261.313711553723,176.931729987896));
#6330=CARTESIAN_POINT('',(-133.361436101593,271.920313271521,181.931729987896));
#6331=CARTESIAN_POINT('',(-142.553824257018,264.142138678469,177.931729987896));
#6332=CARTESIAN_POINT('',(-131.661040646438,285.92770589963,185.634091144936));
#6333=CARTESIAN_POINT('',(-127.454740538738,249.04305496019,177.931729987896));
#6334=CARTESIAN_POINT('Origin',(-85.0484342032022,326.128460314423,177.431729987896));
#6335=CARTESIAN_POINT('',(-116.390873353116,356.76379268315,177.931729987896));
#6336=CARTESIAN_POINT('',(-67.7862243705754,308.159143700609,177.931729987896));
#6337=CARTESIAN_POINT('',(-116.390873353116,358.178006245523,176.931729987896));
#6338=CARTESIAN_POINT('',(-116.390873353116,356.76379268315,177.931729987896));
#6339=CARTESIAN_POINT('',(-84.6948808126089,326.482013705016,176.931729987896));
#6340=CARTESIAN_POINT('Origin',(-33.9941325293307,306.719709095414,177.931729987896));
#6341=CARTESIAN_POINT('',(-116.390873353116,290.305089582371,177.931729987896));
#6342=CARTESIAN_POINT('',(-93.8093536124686,312.886609323019,177.931729987896));
#6343=CARTESIAN_POINT('',(-76.0857868254829,250.000003054738,177.931729987896));
#6344=CARTESIAN_POINT('',(-89.8190713935222,263.733287622777,177.931729987896));
#6345=CARTESIAN_POINT('',(-107.369744312172,218.716045568049,177.931729987896));
#6346=CARTESIAN_POINT('',(-53.5042670848354,272.581522795386,177.931729987896));
#6347=CARTESIAN_POINT('',(-58.5000003878563,206.286188969408,177.931729987896));
#6348=CARTESIAN_POINT('',(-58.3647154574709,206.251779697953,177.931729987896));
#6349=CARTESIAN_POINT('',(-58.5000003878563,310.085789492365,177.931729987896));
#6350=CARTESIAN_POINT('',(-58.5000003878563,275.859856075076,177.931729987896));
#6351=CARTESIAN_POINT('',(-64.5000003878563,316.085789492365,177.931729987896));
#6352=CARTESIAN_POINT('',(-52.1355667145804,303.721355819089,177.931729987896));
#6353=CARTESIAN_POINT('',(-64.5000003878563,330.914216617111,177.931729987896));
#6354=CARTESIAN_POINT('',(-64.5000003878563,320.109856075076,177.931729987896));
#6355=CARTESIAN_POINT('',(-58.5000003878563,336.914216617111,177.931729987896));
#6356=CARTESIAN_POINT('',(-60.5257136942423,334.888503310725,177.931729987896));
#6357=CARTESIAN_POINT('',(-58.5000003878563,440.782693296113,177.931729987896));
#6358=CARTESIAN_POINT('',(-58.5000003878563,275.859856075076,177.931729987896));
#6359=CARTESIAN_POINT('',(-107.369744312172,428.352836697472,177.931729987896));
#6360=CARTESIAN_POINT('',(-88.2915263727919,433.205317887293,177.931729987896));
#6361=CARTESIAN_POINT('',(-76.0857868254833,397.068879210783,177.931729987896));
#6362=CARTESIAN_POINT('',(-45.0969010661624,366.079993451463,177.931729987896));
#6363=CARTESIAN_POINT('',(-98.2264374121957,374.928228624071,177.931729987896));
#6364=CARTESIAN_POINT('',(-101.500000387856,369.517890710305,177.931729987896));
#6365=CARTESIAN_POINT('',(-101.500000387856,354.079867534034,177.931729987896));
#6366=CARTESIAN_POINT('',(-101.500000387856,336.36879990286,177.931729987896));
#6367=CARTESIAN_POINT('',(-84.5000003878559,369.517890710305,177.931729987896));
#6368=CARTESIAN_POINT('',(-60.9970664585933,369.517890710305,177.931729987896));
#6369=CARTESIAN_POINT('',(-84.5000003878559,352.517890710305,177.931729987896));
#6370=CARTESIAN_POINT('',(-84.5000003878559,331.36879990286,177.931729987896));
#6371=CARTESIAN_POINT('',(-85.2125127237091,352.517890710305,177.931729987896));
#6372=CARTESIAN_POINT('',(-65.9970664585933,352.517890710305,177.931729987896));
#6373=CARTESIAN_POINT('',(-85.3001422419179,294.517890710305,177.931729987896));
#6374=CARTESIAN_POINT('Origin',(-96.210678506512,323.534441132762,177.931729987896));
#6375=CARTESIAN_POINT('',(-84.5000003878559,294.517890710305,177.931729987896));
#6376=CARTESIAN_POINT('',(-60.9970664585933,294.517890710305,177.931729987896));
#6377=CARTESIAN_POINT('',(-84.5000003878559,277.517890710305,177.931729987896));
#6378=CARTESIAN_POINT('',(-84.5000003878559,293.86879990286,177.931729987896));
#6379=CARTESIAN_POINT('',(-101.500000387856,277.517890710305,177.931729987896));
#6380=CARTESIAN_POINT('',(-65.9970664585933,277.517890710305,177.931729987896));
#6381=CARTESIAN_POINT('',(-101.500000387856,292.98901473149,177.931729987896));
#6382=CARTESIAN_POINT('',(-101.500000387856,298.86879990286,177.931729987896));
#6383=CARTESIAN_POINT('Origin',(-96.210678506512,323.534441132762,177.931729987896));
#6384=CARTESIAN_POINT('',(-65.9000003878559,240.000003054738,177.931729987896));
#6385=CARTESIAN_POINT('Origin',(-67.5000003878559,240.000003054738,177.931729987896));
#6386=CARTESIAN_POINT('',(-88.2191932504636,223.538674568399,177.931729987896));
#6387=CARTESIAN_POINT('Origin',(-89.8191932504636,223.538674568399,177.931729987896));
#6388=CARTESIAN_POINT('',(-65.9000003878559,217.861862201442,177.931729987896));
#6389=CARTESIAN_POINT('Origin',(-67.5000003878559,217.861862201442,177.931729987896));
#6390=CARTESIAN_POINT('',(-65.9000003878564,407.068879210783,177.931729987896));
#6391=CARTESIAN_POINT('Origin',(-67.5000003878564,407.068879210783,177.931729987896));
#6392=CARTESIAN_POINT('',(-88.2191932504641,423.530207697122,177.931729987896));
#6393=CARTESIAN_POINT('Origin',(-89.8191932504641,423.530207697122,177.931729987896));
#6394=CARTESIAN_POINT('',(-65.9000003878565,429.20702006408,177.931729987896));
#6395=CARTESIAN_POINT('Origin',(-67.5000003878565,429.20702006408,177.931729987896));
#6396=CARTESIAN_POINT('',(-140.610678506511,357.106938433657,177.931729987896));
#6397=CARTESIAN_POINT('Origin',(-142.210678506511,357.106938433657,177.931729987896));
#6398=CARTESIAN_POINT('',(-140.610678506511,289.961943831863,177.931729987896));
#6399=CARTESIAN_POINT('Origin',(-142.210678506511,289.961943831863,177.931729987896));
#6400=CARTESIAN_POINT('',(-141.400000387856,336.017890710305,177.931729987896));
#6401=CARTESIAN_POINT('Origin',(-143.000000387856,336.017890710305,177.931729987896));
#6402=CARTESIAN_POINT('',(-141.400000387856,311.017890710305,177.931729987896));
#6403=CARTESIAN_POINT('Origin',(-143.000000387856,311.017890710305,177.931729987896));
#6404=CARTESIAN_POINT('Origin',(-93.4558002218753,312.533055932425,177.431729987896));
#6405=CARTESIAN_POINT('',(-116.390873353116,288.890876019998,176.931729987896));
#6406=CARTESIAN_POINT('',(-93.102246831282,312.179502541832,176.931729987896));
#6407=CARTESIAN_POINT('',(-116.390873353116,290.305089582371,177.931729987896));
#6408=CARTESIAN_POINT('Origin',(-151.710678506511,260.571070866604,142.931729987896));
#6409=CARTESIAN_POINT('',(-155.210678506511,264.071070866604,172.931729987896));
#6410=CARTESIAN_POINT('',(-155.210678506511,264.071070866604,142.931729987896));
#6411=CARTESIAN_POINT('',(-148.210678506511,257.071070866604,172.931729987896));
#6412=CARTESIAN_POINT('',(-133.818701569417,242.679093929511,172.931729987896));
#6413=CARTESIAN_POINT('',(-148.210678506511,257.071070866604,112.931729987896));
#6414=CARTESIAN_POINT('Origin',(-33.9941325293307,306.719709095414,172.931729987896));
#6415=CARTESIAN_POINT('',(-155.210678506511,382.997811398917,172.931729987896));
#6416=CARTESIAN_POINT('',(-155.210678506511,318.53444113276,172.931729987896));
#6417=CARTESIAN_POINT('',(-148.210678506511,389.997811398917,172.931729987896));
#6418=CARTESIAN_POINT('',(-142.226067588092,395.982422317337,172.931729987896));
#6419=CARTESIAN_POINT('',(-116.390873353116,358.178006245523,172.931729987896));
#6420=CARTESIAN_POINT('',(-122.729708117948,364.516841010355,172.931729987896));
#6421=CARTESIAN_POINT('',(-77.5000003878563,397.068879210783,172.931729987896));
#6422=CARTESIAN_POINT('',(-98.9335441933822,375.635335405257,172.931729987896));
#6423=CARTESIAN_POINT('',(-109.319805541251,428.888684364178,172.931729987896));
#6424=CARTESIAN_POINT('',(-86.3702429849971,405.939121807924,172.931729987896));
#6425=CARTESIAN_POINT('',(-57.5000003878565,442.068879210783,172.931729987896));
#6426=CARTESIAN_POINT('',(-98.2652300717104,431.700378815821,172.931729987896));
#6427=CARTESIAN_POINT('',(-57.5000003878559,336.500003054738,172.931729987896));
#6428=CARTESIAN_POINT('',(-57.5000003878559,236.250003054738,172.931729987896));
#6429=CARTESIAN_POINT('',(-63.5000003878563,330.500003054738,172.931729987896));
#6430=CARTESIAN_POINT('',(-61.3186069130558,332.681396529539,172.931729987896));
#6431=CARTESIAN_POINT('',(-63.5000003878563,316.500003054738,172.931729987896));
#6432=CARTESIAN_POINT('',(-63.5000003878563,320.109856075076,172.931729987896));
#6433=CARTESIAN_POINT('',(-57.5000003878559,310.500003054738,172.931729987896));
#6434=CARTESIAN_POINT('',(-51.4284599333937,304.428462600276,172.931729987896));
#6435=CARTESIAN_POINT('',(-57.5000003878559,205.000003054738,172.931729987896));
#6436=CARTESIAN_POINT('',(-57.5000003878559,236.250003054738,172.931729987896));
#6437=CARTESIAN_POINT('',(-109.319805541251,218.180197901343,172.931729987896));
#6438=CARTESIAN_POINT('',(-72.3553274950125,208.778406026397,172.931729987896));
#6439=CARTESIAN_POINT('',(-77.5000003878559,250.000003054738,172.931729987896));
#6440=CARTESIAN_POINT('',(-86.3702429849967,241.129760457597,172.931729987896));
#6441=CARTESIAN_POINT('',(-116.390873353116,288.890876019998,172.931729987896));
#6442=CARTESIAN_POINT('',(-90.5261781747087,263.026180841591,172.931729987896));
#6443=CARTESIAN_POINT('',(-122.729708117948,282.552041255166,172.931729987896));
#6444=CARTESIAN_POINT('',(-91.4000003878559,286.017890710305,172.931729987896));
#6445=CARTESIAN_POINT('Origin',(-93.0000003878559,286.017890710305,172.931729987896));
#6446=CARTESIAN_POINT('',(-141.400000387856,311.017890710305,172.931729987896));
#6447=CARTESIAN_POINT('Origin',(-143.000000387856,311.017890710305,172.931729987896));
#6448=CARTESIAN_POINT('',(-91.4000003878559,361.017890710305,172.931729987896));
#6449=CARTESIAN_POINT('Origin',(-93.0000003878559,361.017890710305,172.931729987896));
#6450=CARTESIAN_POINT('',(-141.400000387856,336.017890710305,172.931729987896));
#6451=CARTESIAN_POINT('Origin',(-143.000000387856,336.017890710305,172.931729987896));
#6452=CARTESIAN_POINT('',(-140.610678506511,289.961943831863,172.931729987896));
#6453=CARTESIAN_POINT('Origin',(-142.210678506511,289.961943831863,172.931729987896));
#6454=CARTESIAN_POINT('',(-65.9000003878564,407.068879210783,172.931729987896));
#6455=CARTESIAN_POINT('Origin',(-67.5000003878564,407.068879210783,172.931729987896));
#6456=CARTESIAN_POINT('',(-65.9000003878565,429.20702006408,172.931729987896));
#6457=CARTESIAN_POINT('Origin',(-67.5000003878565,429.20702006408,172.931729987896));
#6458=CARTESIAN_POINT('',(-88.2191932504641,423.530207697122,172.931729987896));
#6459=CARTESIAN_POINT('Origin',(-89.8191932504641,423.530207697122,172.931729987896));
#6460=CARTESIAN_POINT('',(-140.610678506511,357.106938433657,172.931729987896));
#6461=CARTESIAN_POINT('Origin',(-142.210678506511,357.106938433657,172.931729987896));
#6462=CARTESIAN_POINT('',(-65.9000003878559,217.861862201442,172.931729987896));
#6463=CARTESIAN_POINT('Origin',(-67.5000003878559,217.861862201442,172.931729987896));
#6464=CARTESIAN_POINT('',(-65.9000003878559,240.000003054738,172.931729987896));
#6465=CARTESIAN_POINT('Origin',(-67.5000003878559,240.000003054738,172.931729987896));
#6466=CARTESIAN_POINT('',(-88.2191932504636,223.538674568399,172.931729987896));
#6467=CARTESIAN_POINT('Origin',(-89.8191932504636,223.538674568399,172.931729987896));
#6468=CARTESIAN_POINT('',(-85.5301295421377,312.000004731119,172.931729987896));
#6469=CARTESIAN_POINT('',(-81.2000024586916,309.500004693866,172.931729987896));
#6470=CARTESIAN_POINT('',(-62.895849580609,298.932097102417,172.931729987896));
#6471=CARTESIAN_POINT('',(-76.8698753752455,312.000004731119,172.931729987896));
#6472=CARTESIAN_POINT('',(-61.9346893480304,320.622838404328,172.931729987896));
#6473=CARTESIAN_POINT('',(-76.8698753752455,317.000004805624,172.931729987896));
#6474=CARTESIAN_POINT('',(-76.8698753752455,311.859856950519,172.931729987896));
#6475=CARTESIAN_POINT('',(-81.2000024586916,319.500004842877,172.931729987896));
#6476=CARTESIAN_POINT('',(-60.730786038886,307.682097232802,172.931729987896));
#6477=CARTESIAN_POINT('',(-85.5301295421377,317.000004805624,172.931729987896));
#6478=CARTESIAN_POINT('',(-68.4298799731995,326.872838497461,172.931729987896));
#6479=CARTESIAN_POINT('',(-85.5301295421377,309.359856913267,172.931729987896));
#6480=CARTESIAN_POINT('',(-115.53013021269,317.000004805624,172.931729987896));
#6481=CARTESIAN_POINT('',(-115.53013021269,312.000004731119,172.931729987896));
#6482=CARTESIAN_POINT('',(-115.53013021269,309.359856913267,172.931729987896));
#6483=CARTESIAN_POINT('',(-111.200003129244,309.500004693866,172.931729987896));
#6484=CARTESIAN_POINT('',(-81.6458499997041,292.436906428855,172.931729987896));
#6485=CARTESIAN_POINT('',(-106.869876045798,312.000004731119,172.931729987896));
#6486=CARTESIAN_POINT('',(-80.6846897671255,327.11802907789,172.931729987896));
#6487=CARTESIAN_POINT('',(-106.869876045798,317.000004805624,172.931729987896));
#6488=CARTESIAN_POINT('',(-106.869876045798,311.859856950519,172.931729987896));
#6489=CARTESIAN_POINT('',(-111.200003129244,319.500004842877,172.931729987896));
#6490=CARTESIAN_POINT('',(-79.4807864579811,301.18690655924,172.931729987896));
#6491=CARTESIAN_POINT('',(-87.1798803922947,333.368029171023,172.931729987896));
#6492=CARTESIAN_POINT('',(-85.5301295421377,330.000004731119,172.931729987896));
#6493=CARTESIAN_POINT('',(-81.2000024586916,327.500004693866,172.931729987896));
#6494=CARTESIAN_POINT('',(-58.998735263579,314.682097102417,172.931729987896));
#6495=CARTESIAN_POINT('',(-76.8698753752455,330.000004731119,172.931729987896));
#6496=CARTESIAN_POINT('',(-65.8318036650603,336.372838404328,172.931729987896));
#6497=CARTESIAN_POINT('',(-76.8698753752455,335.000004805624,172.931729987896));
#6498=CARTESIAN_POINT('',(-76.8698753752455,320.859856950519,172.931729987896));
#6499=CARTESIAN_POINT('',(-81.2000024586916,337.500004842877,172.931729987896));
#6500=CARTESIAN_POINT('',(-56.833671721856,323.432097232802,172.931729987896));
#6501=CARTESIAN_POINT('',(-85.5301295421377,335.000004805624,172.931729987896));
#6502=CARTESIAN_POINT('',(-72.3269942902295,342.622838497461,172.931729987896));
#6503=CARTESIAN_POINT('',(-85.5301295421377,318.359856913267,172.931729987896));
#6504=CARTESIAN_POINT('',(-115.53013021269,335.000004805624,172.931729987896));
#6505=CARTESIAN_POINT('',(-115.53013021269,330.000004731119,172.931729987896));
#6506=CARTESIAN_POINT('',(-115.53013021269,318.359856913267,172.931729987896));
#6507=CARTESIAN_POINT('',(-111.200003129244,327.500004693866,172.931729987896));
#6508=CARTESIAN_POINT('',(-77.7487356826742,308.186906428855,172.931729987896));
#6509=CARTESIAN_POINT('',(-106.869876045798,330.000004731119,172.931729987896));
#6510=CARTESIAN_POINT('',(-84.5818040841555,342.868029077891,172.931729987896));
#6511=CARTESIAN_POINT('',(-106.869876045798,335.000004805624,172.931729987896));
#6512=CARTESIAN_POINT('',(-106.869876045798,320.859856950519,172.931729987896));
#6513=CARTESIAN_POINT('',(-111.200003129244,337.500004842877,172.931729987896));
#6514=CARTESIAN_POINT('',(-75.5836721409511,316.93690655924,172.931729987896));
#6515=CARTESIAN_POINT('',(-91.0769947093247,349.118029171023,172.931729987896));
#6516=CARTESIAN_POINT('',(-104.190627293815,347.226642747469,172.931729987896));
#6517=CARTESIAN_POINT('',(-101.200002458692,345.500004693866,172.931729987896));
#6518=CARTESIAN_POINT('',(-67.601620946549,326.101970083495,172.931729987896));
#6519=CARTESIAN_POINT('',(-96.8698753752455,348.000004731119,172.931729987896));
#6520=CARTESIAN_POINT('',(-82.2289179820903,356.452965423251,172.931729987896));
#6521=CARTESIAN_POINT('',(-96.8698753752455,348.525748811397,172.931729987896));
#6522=CARTESIAN_POINT('',(-96.8698753752455,327.622728953406,172.931729987896));
#6523=CARTESIAN_POINT('Origin',(-96.2106785065109,323.534441132761,172.931729987896));
#6524=CARTESIAN_POINT('',(-75.53013021269,330.000004731119,172.931729987896));
#6525=CARTESIAN_POINT('',(-71.5616475656649,327.708800206584,172.931729987896));
#6526=CARTESIAN_POINT('',(-52.9295579008847,316.951558223058,172.931729987896));
#6527=CARTESIAN_POINT('',(-74.3575642586549,335.676986074829,172.931729987896));
#6528=CARTESIAN_POINT('Origin',(-96.2106785065109,323.534441132761,172.931729987896));
#6529=CARTESIAN_POINT('',(-75.53013021269,335.000004805624,172.931729987896));
#6530=CARTESIAN_POINT('',(-66.0769947093247,340.457775133178,172.931729987896));
#6531=CARTESIAN_POINT('',(-75.53013021269,318.359856913267,172.931729987896));
#6532=CARTESIAN_POINT('',(-86.2000029057264,310.500004842877,172.931729987896));
#6533=CARTESIAN_POINT('',(-90.5301299891726,308.000004805624,172.931729987896));
#6534=CARTESIAN_POINT('',(-69.6063230940813,320.080370348977,172.931729987896));
#6535=CARTESIAN_POINT('',(-90.5301299891726,303.000004731119,172.931729987896));
#6536=CARTESIAN_POINT('',(-90.5301299891726,304.859856913267,172.931729987896));
#6537=CARTESIAN_POINT('',(-86.3248369370589,300.57207765546,172.931729987896));
#6538=CARTESIAN_POINT('',(-68.031824034187,290.010601731697,172.931729987896));
#6539=CARTESIAN_POINT('',(-81.8698758222803,303.056614627685,172.931729987896));
#6540=CARTESIAN_POINT('Origin',(-96.2106785065109,323.534441132761,172.931729987896));
#6541=CARTESIAN_POINT('',(-81.8698758222803,308.000004805624,172.931729987896));
#6542=CARTESIAN_POINT('',(-81.8698758222803,307.359856950519,172.931729987896));
#6543=CARTESIAN_POINT('',(-65.8043434767977,298.724565381285,172.931729987896));
#6544=CARTESIAN_POINT('',(-117.185569484769,309.930987584115,172.931729987896));
#6545=CARTESIAN_POINT('',(-111.869875598763,304.046251211016,172.931729987896));
#6546=CARTESIAN_POINT('Origin',(-96.2106785065109,323.534441132761,172.931729987896));
#6547=CARTESIAN_POINT('',(-111.869875598763,308.000004805624,172.931729987896));
#6548=CARTESIAN_POINT('',(-111.869875598763,307.359856950519,172.931729987896));
#6549=CARTESIAN_POINT('',(-116.200002682209,310.500004842877,172.931729987896));
#6550=CARTESIAN_POINT('',(-84.5543433370993,292.229374901295,172.931729987896));
#6551=CARTESIAN_POINT('',(-86.6840428139401,327.541052218213,172.931729987896));
#6552=CARTESIAN_POINT('',(-116.869875375245,317.000004805624,172.931729987896));
#6553=CARTESIAN_POINT('',(-120.849004555613,319.29735610905,172.931729987896));
#6554=CARTESIAN_POINT('',(-85.5552870873464,298.920518828044,172.931729987896));
#6555=CARTESIAN_POINT('',(-118.029547304779,311.330467830431,172.931729987896));
#6556=CARTESIAN_POINT('Origin',(-96.2106785065109,323.534441132761,172.931729987896));
#6557=CARTESIAN_POINT('',(-116.869875375245,312.000004731119,172.931729987896));
#6558=CARTESIAN_POINT('',(-86.9346893480303,329.283092442173,172.931729987896));
#6559=CARTESIAN_POINT('',(-116.869875375245,311.859856950519,172.931729987896));
#6560=CARTESIAN_POINT('',(-95.53013021269,298.543705769035,172.931729987896));
#6561=CARTESIAN_POINT('',(-88.2926828849326,299.821462717204,172.931729987896));
#6562=CARTESIAN_POINT('Origin',(-96.2106785065109,323.534441132761,172.931729987896));
#6563=CARTESIAN_POINT('',(-91.2000031292438,301.500004842877,172.931729987896));
#6564=CARTESIAN_POINT('',(-70.8779007750111,289.767033578162,172.931729987896));
#6565=CARTESIAN_POINT('',(-95.53013021269,299.000004805624,172.931729987896));
#6566=CARTESIAN_POINT('',(-70.7827660752647,313.287902152101,172.931729987896));
#6567=CARTESIAN_POINT('',(-95.53013021269,302.631707432225,172.931729987896));
#6568=CARTESIAN_POINT('',(-80.5301297656551,321.000004731119,172.931729987896));
#6569=CARTESIAN_POINT('',(-76.200002682209,318.500004693866,172.931729987896));
#6570=CARTESIAN_POINT('',(-57.8222925617924,307.889628808754,172.931729987896));
#6571=CARTESIAN_POINT('',(-71.8698755987629,321.000004731119,172.931729987896));
#6572=CARTESIAN_POINT('',(-60.7582466462437,327.415306697991,172.931729987896));
#6573=CARTESIAN_POINT('',(-71.8698755987629,326.000004805624,172.931729987896));
#6574=CARTESIAN_POINT('',(-71.8698755987629,316.359856950519,172.931729987896));
#6575=CARTESIAN_POINT('',(-76.200002682209,328.500004842877,172.931729987896));
#6576=CARTESIAN_POINT('',(-55.6572290200693,316.639628939139,172.931729987896));
#6577=CARTESIAN_POINT('',(-80.5301297656551,326.000004805624,172.931729987896));
#6578=CARTESIAN_POINT('',(-67.2534372714129,333.665306791123,172.931729987896));
#6579=CARTESIAN_POINT('',(-80.5301297656551,313.859856913267,172.931729987896));
#6580=CARTESIAN_POINT('',(-95.53013021269,348.525176496487,172.931729987896));
#6581=CARTESIAN_POINT('',(-95.53013021269,348.000004731119,172.931729987896));
#6582=CARTESIAN_POINT('',(-95.53013021269,327.359856913267,172.931729987896));
#6583=CARTESIAN_POINT('',(-91.2000031292438,345.500004693866,172.931729987896));
#6584=CARTESIAN_POINT('',(-61.3516213656442,328.267033447777,172.931729987896));
#6585=CARTESIAN_POINT('',(-88.2172497209194,347.222098177088,172.931729987896));
#6586=CARTESIAN_POINT('',(-76.6526052387463,353.898948781953,172.931729987896));
#6587=CARTESIAN_POINT('Origin',(-96.2106785065109,323.534441132761,172.931729987896));
#6588=CARTESIAN_POINT('',(-116.869875375245,335.000004805624,172.931729987896));
#6589=CARTESIAN_POINT('',(-118.058604866585,335.686318097443,172.931729987896));
#6590=CARTESIAN_POINT('',(-80.2629729258027,313.86499982224,172.931729987896));
#6591=CARTESIAN_POINT('',(-120.862019015326,327.695139525875,172.931729987896));
#6592=CARTESIAN_POINT('Origin',(-96.2106785065109,323.534441132761,172.931729987896));
#6593=CARTESIAN_POINT('',(-116.869875375245,330.000004731119,172.931729987896));
#6594=CARTESIAN_POINT('',(-90.8318036650603,345.033092442173,172.931729987896));
#6595=CARTESIAN_POINT('',(-116.869875375245,320.859856950519,172.931729987896));
#6596=CARTESIAN_POINT('',(-95.53013021269,330.000004731119,172.931729987896));
#6597=CARTESIAN_POINT('',(-91.2000031292438,327.500004693866,172.931729987896));
#6598=CARTESIAN_POINT('',(-65.2487356826742,312.517033447777,172.931729987896));
#6599=CARTESIAN_POINT('',(-86.8698760457977,330.000004731119,172.931729987896));
#6600=CARTESIAN_POINT('',(-72.0818040841555,338.537902058968,172.931729987896));
#6601=CARTESIAN_POINT('',(-86.8698760457977,335.000004805624,172.931729987896));
#6602=CARTESIAN_POINT('',(-86.8698760457977,320.859856950519,172.931729987896));
#6603=CARTESIAN_POINT('',(-91.2000031292438,337.500004842877,172.931729987896));
#6604=CARTESIAN_POINT('',(-63.0836721409511,321.267033578162,172.931729987896));
#6605=CARTESIAN_POINT('',(-95.53013021269,335.000004805624,172.931729987896));
#6606=CARTESIAN_POINT('',(-78.5769947093247,344.787902152101,172.931729987896));
#6607=CARTESIAN_POINT('',(-95.53013021269,318.359856913267,172.931729987896));
#6608=CARTESIAN_POINT('',(-101.86987582228,326.000004805624,172.931729987896));
#6609=CARTESIAN_POINT('',(-106.200002905726,328.500004842877,172.931729987896));
#6610=CARTESIAN_POINT('',(-74.4072291597677,310.144438362363,172.931729987896));
#6611=CARTESIAN_POINT('',(-110.530129989173,326.000004805624,172.931729987896));
#6612=CARTESIAN_POINT('',(-86.0034374111113,340.160497367899,172.931729987896));
#6613=CARTESIAN_POINT('',(-110.530129989173,321.000004731119,172.931729987896));
#6614=CARTESIAN_POINT('',(-110.530129989173,313.859856913267,172.931729987896));
#6615=CARTESIAN_POINT('',(-106.200002905726,318.500004693866,172.931729987896));
#6616=CARTESIAN_POINT('',(-76.5722927014908,301.394438231978,172.931729987896));
#6617=CARTESIAN_POINT('',(-101.86987582228,321.000004731119,172.931729987896));
#6618=CARTESIAN_POINT('',(-79.5082467859421,333.910497274767,172.931729987896));
#6619=CARTESIAN_POINT('',(-101.86987582228,316.359856950519,172.931729987896));
#6620=CARTESIAN_POINT('',(-91.8698755987629,303.000004731119,172.931729987896));
#6621=CARTESIAN_POINT('',(-91.8698755987629,308.000004805624,172.931729987896));
#6622=CARTESIAN_POINT('',(-91.8698755987629,307.359856950519,172.931729987896));
#6623=CARTESIAN_POINT('',(-96.200002682209,310.500004842877,172.931729987896));
#6624=CARTESIAN_POINT('',(-72.0543433370993,296.559501920217,172.931729987896));
#6625=CARTESIAN_POINT('',(-100.530129765655,308.000004805624,172.931729987896));
#6626=CARTESIAN_POINT('',(-75.8563229543829,322.245433810045,172.931729987896));
#6627=CARTESIAN_POINT('',(-100.530129765655,303.000004731119,172.931729987896));
#6628=CARTESIAN_POINT('',(-100.530129765655,304.859856913267,172.931729987896));
#6629=CARTESIAN_POINT('',(-96.200002682209,300.500004693866,172.931729987896));
#6630=CARTESIAN_POINT('',(-74.2194068788224,287.809501789832,172.931729987896));
#6631=CARTESIAN_POINT('',(-69.3611323292138,315.995433716913,172.931729987896));
#6632=CARTESIAN_POINT('',(-105.530129542138,312.000004731119,172.931729987896));
#6633=CARTESIAN_POINT('',(-101.200002458692,309.500004693866,172.931729987896));
#6634=CARTESIAN_POINT('',(-75.395849580609,294.601970083494,172.931729987896));
#6635=CARTESIAN_POINT('',(-96.8698753752455,312.000004731119,172.931729987896));
#6636=CARTESIAN_POINT('',(-74.4346893480303,324.95296542325,172.931729987896));
#6637=CARTESIAN_POINT('',(-96.8698753752455,317.000004805624,172.931729987896));
#6638=CARTESIAN_POINT('',(-96.8698753752455,311.859856950519,172.931729987896));
#6639=CARTESIAN_POINT('',(-101.200002458692,319.500004842877,172.931729987896));
#6640=CARTESIAN_POINT('',(-73.2307860388859,303.35197021388,172.931729987896));
#6641=CARTESIAN_POINT('',(-105.530129542138,317.000004805624,172.931729987896));
#6642=CARTESIAN_POINT('',(-80.9298799731995,331.202965516383,172.931729987896));
#6643=CARTESIAN_POINT('',(-105.530129542138,309.359856913267,172.931729987896));
#6644=CARTESIAN_POINT('',(-86.2000029057264,318.500004693866,172.931729987896));
#6645=CARTESIAN_POINT('',(-81.8698758222803,321.000004731119,172.931729987896));
#6646=CARTESIAN_POINT('',(-67.0082467859421,329.580370255845,172.931729987896));
#6647=CARTESIAN_POINT('',(-81.8698758222803,326.000004805624,172.931729987896));
#6648=CARTESIAN_POINT('',(-81.8698758222803,316.359856950519,172.931729987896));
#6649=CARTESIAN_POINT('',(-86.2000029057264,328.500004842877,172.931729987896));
#6650=CARTESIAN_POINT('',(-61.9072291597677,314.474565381285,172.931729987896));
#6651=CARTESIAN_POINT('',(-90.5301299891726,326.000004805624,172.931729987896));
#6652=CARTESIAN_POINT('',(-73.5034374111113,335.830370348977,172.931729987896));
#6653=CARTESIAN_POINT('',(-90.5301299891726,321.000004731119,172.931729987896));
#6654=CARTESIAN_POINT('',(-90.5301299891726,313.859856913267,172.931729987896));
#6655=CARTESIAN_POINT('',(-64.0722927014908,305.7245652509,172.931729987896));
#6656=CARTESIAN_POINT('',(-105.530129542138,330.000004731119,172.931729987896));
#6657=CARTESIAN_POINT('',(-101.200002458692,327.500004693866,172.931729987896));
#6658=CARTESIAN_POINT('',(-71.498735263579,310.351970083495,172.931729987896));
#6659=CARTESIAN_POINT('',(-96.8698753752455,330.000004731119,172.931729987896));
#6660=CARTESIAN_POINT('',(-78.3318036650603,340.702965423251,172.931729987896));
#6661=CARTESIAN_POINT('',(-96.8698753752455,335.000004805624,172.931729987896));
#6662=CARTESIAN_POINT('',(-96.8698753752455,320.859856950519,172.931729987896));
#6663=CARTESIAN_POINT('',(-101.200002458692,337.500004842877,172.931729987896));
#6664=CARTESIAN_POINT('',(-69.3336717218559,319.10197021388,172.931729987896));
#6665=CARTESIAN_POINT('',(-105.530129542138,335.000004805624,172.931729987896));
#6666=CARTESIAN_POINT('',(-84.8269942902295,346.952965516383,172.931729987896));
#6667=CARTESIAN_POINT('',(-105.530129542138,318.359856913267,172.931729987896));
#6668=CARTESIAN_POINT('',(-101.86987582228,344.000004805624,172.931729987896));
#6669=CARTESIAN_POINT('',(-106.152543461255,346.472604119836,172.931729987896));
#6670=CARTESIAN_POINT('',(-70.4863851205019,325.880738000843,172.931729987896));
#6671=CARTESIAN_POINT('',(-106.563990159593,346.289856703876,172.931729987896));
#6672=CARTESIAN_POINT('Origin',(-96.2106785065109,323.534441132761,172.931729987896));
#6673=CARTESIAN_POINT('',(-110.530129989173,344.000004805624,172.931729987896));
#6674=CARTESIAN_POINT('',(-89.9005517281413,355.910497367899,172.931729987896));
#6675=CARTESIAN_POINT('',(-110.530129989173,339.000004731119,172.931729987896));
#6676=CARTESIAN_POINT('',(-110.530129989173,322.859856913267,172.931729987896));
#6677=CARTESIAN_POINT('',(-106.200002905726,336.500004693866,172.931729987896));
#6678=CARTESIAN_POINT('',(-72.6751783844608,317.144438231978,172.931729987896));
#6679=CARTESIAN_POINT('',(-101.86987582228,339.000004731119,172.931729987896));
#6680=CARTESIAN_POINT('',(-83.4053611029721,349.660497274767,172.931729987896));
#6681=CARTESIAN_POINT('',(-101.86987582228,325.359856950519,172.931729987896));
#6682=CARTESIAN_POINT('',(-80.5301297656551,343.005455261091,172.931729987896));
#6683=CARTESIAN_POINT('',(-80.5301297656551,339.000004731119,172.931729987896));
#6684=CARTESIAN_POINT('',(-80.5301297656551,322.859856913267,172.931729987896));
#6685=CARTESIAN_POINT('',(-76.200002682209,336.500004693866,172.931729987896));
#6686=CARTESIAN_POINT('',(-53.9251782447624,323.639628808754,172.931729987896));
#6687=CARTESIAN_POINT('',(-75.1975576599837,337.078766597295,172.931729987896));
#6688=CARTESIAN_POINT('',(-66.3192019938841,342.204687631079,172.931729987896));
#6689=CARTESIAN_POINT('Origin',(-96.2106785065109,323.534441132761,172.931729987896));
#6690=CARTESIAN_POINT('',(-80.5301297656551,308.000004805624,172.931729987896));
#6691=CARTESIAN_POINT('',(-80.5301297656551,304.06342700443,172.931729987896));
#6692=CARTESIAN_POINT('',(-80.5301297656551,305.391568049922,172.931729987896));
#6693=CARTESIAN_POINT('',(-75.229972595909,309.93995771143,172.931729987896));
#6694=CARTESIAN_POINT('Origin',(-96.2106785065109,323.534441132761,172.931729987896));
#6695=CARTESIAN_POINT('',(-76.200002682209,310.500004842877,172.931729987896));
#6696=CARTESIAN_POINT('',(-59.5543433370993,300.88962893914,172.931729987896));
#6697=CARTESIAN_POINT('',(-63.356322954383,317.915306791123,172.931729987896));
#6698=CARTESIAN_POINT('',(-106.084285426545,300.566814211621,172.931729987896));
#6699=CARTESIAN_POINT('',(-101.86987582228,303.000004731119,172.931729987896));
#6700=CARTESIAN_POINT('',(-75.6111324689121,318.160497274767,172.931729987896));
#6701=CARTESIAN_POINT('',(-101.86987582228,308.000004805624,172.931729987896));
#6702=CARTESIAN_POINT('',(-101.86987582228,307.359856950519,172.931729987896));
#6703=CARTESIAN_POINT('',(-106.200002905726,310.500004842877,172.931729987896));
#6704=CARTESIAN_POINT('',(-78.3043434767977,294.394438362363,172.931729987896));
#6705=CARTESIAN_POINT('',(-110.530129989173,308.000004805624,172.931729987896));
#6706=CARTESIAN_POINT('',(-82.1063230940813,324.410497367899,172.931729987896));
#6707=CARTESIAN_POINT('',(-110.530129989173,303.04167877051,172.931729987896));
#6708=CARTESIAN_POINT('',(-110.530129989173,304.880693932962,172.931729987896));
#6709=CARTESIAN_POINT('Origin',(-96.2106785065109,323.534441132761,172.931729987896));
#6710=CARTESIAN_POINT('',(-116.200002682209,328.500004842877,172.931729987896));
#6711=CARTESIAN_POINT('',(-120.530129765655,326.000004805624,172.931729987896));
#6712=CARTESIAN_POINT('',(-92.2534372714129,342.325560828967,172.931729987896));
#6713=CARTESIAN_POINT('',(-120.530129765655,321.000004731119,172.931729987896));
#6714=CARTESIAN_POINT('',(-120.530129765655,313.859856913267,172.931729987896));
#6715=CARTESIAN_POINT('',(-116.200002682209,318.500004693866,172.931729987896));
#6716=CARTESIAN_POINT('',(-82.8222925617924,299.22937477091,172.931729987896));
#6717=CARTESIAN_POINT('',(-111.869875598763,321.000004731119,172.931729987896));
#6718=CARTESIAN_POINT('',(-85.7582466462437,336.075560735835,172.931729987896));
#6719=CARTESIAN_POINT('',(-111.869875598763,326.000004805624,172.931729987896));
#6720=CARTESIAN_POINT('',(-111.869875598763,316.359856950519,172.931729987896));
#6721=CARTESIAN_POINT('',(-80.6572290200693,307.979374901295,172.931729987896));
#6722=CARTESIAN_POINT('',(-101.200002458692,301.500004842877,172.931729987896));
#6723=CARTESIAN_POINT('',(-104.11514172105,299.816948405029,172.931729987896));
#6724=CARTESIAN_POINT('',(-76.3252717456259,315.861437316085,172.931729987896));
#6725=CARTESIAN_POINT('',(-96.8698753752455,298.543133454125,172.931729987896));
#6726=CARTESIAN_POINT('Origin',(-96.2106785065109,323.534441132761,172.931729987896));
#6727=CARTESIAN_POINT('',(-96.8698753752455,299.000004805624,172.931729987896));
#6728=CARTESIAN_POINT('',(-96.8698753752455,302.859856950519,172.931729987896));
#6729=CARTESIAN_POINT('',(-77.1279003559159,287.60197021388,172.931729987896));
#6730=CARTESIAN_POINT('',(-75.53013021269,312.000004731119,172.931729987896));
#6731=CARTESIAN_POINT('',(-74.3865997550092,311.33978711355,172.931729987896));
#6732=CARTESIAN_POINT('',(-58.2391483125868,302.017051676541,172.931729987896));
#6733=CARTESIAN_POINT('',(-71.5747104231827,319.283667485854,172.931729987896));
#6734=CARTESIAN_POINT('Origin',(-96.2106785065109,323.534441132761,172.931729987896));
#6735=CARTESIAN_POINT('',(-75.53013021269,317.000004805624,172.931729987896));
#6736=CARTESIAN_POINT('',(-62.1798803922947,324.707775133178,172.931729987896));
#6737=CARTESIAN_POINT('',(-75.53013021269,309.359856913267,172.931729987896));
#6738=CARTESIAN_POINT('',(-86.2000029057264,336.500004693866,172.931729987896));
#6739=CARTESIAN_POINT('',(-81.8698758222803,339.000004731119,172.931729987896));
#6740=CARTESIAN_POINT('',(-70.9053611029721,345.330370255845,172.931729987896));
#6741=CARTESIAN_POINT('',(-81.8698758222803,344.000004805624,172.931729987896));
#6742=CARTESIAN_POINT('',(-81.8698758222803,325.359856950519,172.931729987896));
#6743=CARTESIAN_POINT('',(-85.7543226212953,346.242691210689,172.931729987896));
#6744=CARTESIAN_POINT('',(-57.7872747005222,330.095908565191,172.931729987896));
#6745=CARTESIAN_POINT('',(-86.256621593492,346.467316028255,172.931729987896));
#6746=CARTESIAN_POINT('Origin',(-96.2106785065109,323.534441132761,172.931729987896));
#6747=CARTESIAN_POINT('',(-90.5301299891726,344.000004805624,172.931729987896));
#6748=CARTESIAN_POINT('',(-77.4005517281413,351.580370348977,172.931729987896));
#6749=CARTESIAN_POINT('',(-90.5301299891726,339.000004731119,172.931729987896));
#6750=CARTESIAN_POINT('',(-90.5301299891726,322.859856913267,172.931729987896));
#6751=CARTESIAN_POINT('',(-60.1751783844608,321.4745652509,172.931729987896));
#6752=CARTESIAN_POINT('',(-111.869875598763,339.000004731119,172.931729987896));
#6753=CARTESIAN_POINT('',(-111.869875598763,343.022631054506,172.931729987896));
#6754=CARTESIAN_POINT('',(-111.869875598763,324.87117007496,172.931729987896));
#6755=CARTESIAN_POINT('',(-117.218006562996,337.087749508474,172.931729987896));
#6756=CARTESIAN_POINT('Origin',(-96.2106785065109,323.534441132761,172.931729987896));
#6757=CARTESIAN_POINT('',(-116.200002682209,336.500004693866,172.931729987896));
#6758=CARTESIAN_POINT('',(-78.9251782447624,314.97937477091,172.931729987896));
#6759=CARTESIAN_POINT('',(-89.6553609632737,351.825560735835,172.931729987896));
#6760=CARTESIAN_POINT('',(-100.530129765655,344.000004805624,172.931729987896));
#6761=CARTESIAN_POINT('',(-100.530129765655,339.000004731119,172.931729987896));
#6762=CARTESIAN_POINT('',(-100.530129765655,322.859856913267,172.931729987896));
#6763=CARTESIAN_POINT('',(-96.200002682209,336.500004693866,172.931729987896));
#6764=CARTESIAN_POINT('',(-66.4251782447624,319.309501789832,172.931729987896));
#6765=CARTESIAN_POINT('',(-91.8698755987629,339.000004731119,172.931729987896));
#6766=CARTESIAN_POINT('',(-77.1553609632737,347.495433716913,172.931729987896));
#6767=CARTESIAN_POINT('',(-91.8698755987629,344.000004805624,172.931729987896));
#6768=CARTESIAN_POINT('',(-91.8698755987629,325.359856950519,172.931729987896));
#6769=CARTESIAN_POINT('',(-96.200002682209,346.500004842877,172.931729987896));
#6770=CARTESIAN_POINT('',(-64.2601147030393,328.059501920217,172.931729987896));
#6771=CARTESIAN_POINT('',(-83.6505515884429,353.745433810045,172.931729987896));
#6772=CARTESIAN_POINT('',(-100.530129765655,326.000004805624,172.931729987896));
#6773=CARTESIAN_POINT('',(-100.530129765655,321.000004731119,172.931729987896));
#6774=CARTESIAN_POINT('',(-100.530129765655,313.859856913267,172.931729987896));
#6775=CARTESIAN_POINT('',(-96.200002682209,318.500004693866,172.931729987896));
#6776=CARTESIAN_POINT('',(-70.3222925617924,303.559501789832,172.931729987896));
#6777=CARTESIAN_POINT('',(-91.8698755987629,321.000004731119,172.931729987896));
#6778=CARTESIAN_POINT('',(-73.2582466462437,331.745433716913,172.931729987896));
#6779=CARTESIAN_POINT('',(-91.8698755987629,326.000004805624,172.931729987896));
#6780=CARTESIAN_POINT('',(-91.8698755987629,316.359856950519,172.931729987896));
#6781=CARTESIAN_POINT('',(-96.200002682209,328.500004842877,172.931729987896));
#6782=CARTESIAN_POINT('',(-68.1572290200693,312.309501920217,172.931729987896));
#6783=CARTESIAN_POINT('',(-79.7534372714129,337.995433810045,172.931729987896));
#6784=CARTESIAN_POINT('',(-95.53013021269,312.000004731119,172.931729987896));
#6785=CARTESIAN_POINT('',(-91.2000031292438,309.500004693866,172.931729987896));
#6786=CARTESIAN_POINT('',(-69.1458499997042,296.767033447777,172.931729987896));
#6787=CARTESIAN_POINT('',(-86.8698760457977,312.000004731119,172.931729987896));
#6788=CARTESIAN_POINT('',(-68.1846897671255,322.787902058968,172.931729987896));
#6789=CARTESIAN_POINT('',(-86.8698760457977,317.000004805624,172.931729987896));
#6790=CARTESIAN_POINT('',(-86.8698760457977,311.859856950519,172.931729987896));
#6791=CARTESIAN_POINT('',(-91.2000031292438,319.500004842877,172.931729987896));
#6792=CARTESIAN_POINT('',(-66.9807864579811,305.517033578162,172.931729987896));
#6793=CARTESIAN_POINT('',(-95.53013021269,317.000004805624,172.931729987896));
#6794=CARTESIAN_POINT('',(-74.6798803922947,329.037902152101,172.931729987896));
#6795=CARTESIAN_POINT('',(-95.53013021269,309.359856913267,172.931729987896));
#6796=CARTESIAN_POINT('Origin',(-151.710678506511,386.497811398917,144.931729987896));
#6797=CARTESIAN_POINT('',(-148.210678506511,389.997811398917,112.931729987896));
#6798=CARTESIAN_POINT('',(-155.210678506511,382.997811398917,144.931729987896));
#6799=CARTESIAN_POINT('Origin',(-155.210678506511,257.071070866604,112.931729987896));
#6800=CARTESIAN_POINT('Origin',(-57.5000003878559,397.098316462306,173.750002592802));
#6801=CARTESIAN_POINT('',(-58.1000003878559,397.098316462306,173.982002592802));
#6802=CARTESIAN_POINT('',(-57.5000003878559,397.098316462306,173.982002592802));
#6803=CARTESIAN_POINT('',(-60.500000387856,397.098316462306,173.982002592802));
#6804=CARTESIAN_POINT('',(-58.1000003878559,397.098316462306,173.382002592802));
#6805=CARTESIAN_POINT('',(-58.1000003878559,397.098316462306,174.000002592802));
#6806=CARTESIAN_POINT('',(-57.5000003878559,397.098316462306,173.382002592802));
#6807=CARTESIAN_POINT('',(-57.5000003878559,397.098316462306,173.382002592802));
#6808=CARTESIAN_POINT('',(-57.5000003878559,397.098316462306,176.840866290349));
#6809=CARTESIAN_POINT('Origin',(-57.5000003878559,245.000003054738,179.931729987896));
#6810=CARTESIAN_POINT('',(-57.5000003878559,336.500003054738,173.982002592802));
#6811=CARTESIAN_POINT('',(-57.5000003878559,318.549159758522,173.982002592802));
#6812=CARTESIAN_POINT('',(-57.5000003878559,336.500003054738,173.382002592802));
#6813=CARTESIAN_POINT('',(-57.5000003878559,318.549159758522,173.382002592802));
#6814=CARTESIAN_POINT('',(-57.5000003878559,336.500003054738,176.431729987896));
#6815=CARTESIAN_POINT('',(-57.5000003878559,442.068879210784,176.931729987896));
#6816=CARTESIAN_POINT('',(-57.5000003878559,442.068879210784,146.431729987896));
#6817=CARTESIAN_POINT('',(-57.5000003878559,336.500003054738,176.931729987896));
#6818=CARTESIAN_POINT('',(-57.5000003878559,275.859856075076,176.931729987896));
#6819=CARTESIAN_POINT('',(-57.5000003878559,336.500003054738,176.431729987896));
#6820=CARTESIAN_POINT('Origin',(-99.7500003878559,336.36879990286,179.681729987896));
#6821=CARTESIAN_POINT('',(-100.656480230822,353.361410867338,178.77525014493));
#6822=CARTESIAN_POINT('Ctrl Pts',(-100.656480230822,353.361410867338,178.77525014493));
#6823=CARTESIAN_POINT('Ctrl Pts',(-101.073221188688,353.720639200686,178.358509187064));
#6824=CARTESIAN_POINT('Ctrl Pts',(-101.500000387856,354.079867534034,177.931729987896));
#6825=CARTESIAN_POINT('',(-98.0000003878559,356.017890710305,181.431729987896));
#6826=CARTESIAN_POINT('',(-101.500000387856,352.517890710305,177.931729987896));
#6827=CARTESIAN_POINT('',(-98.0000003878559,366.017890710305,181.431729987896));
#6828=CARTESIAN_POINT('',(-98.0000003878559,356.017890710305,181.431729987896));
#6829=CARTESIAN_POINT('',(-98.0000003878559,366.017890710305,181.431729987896));
#6830=CARTESIAN_POINT('Origin',(-65.9970664585933,354.267890710305,179.681729987896));
#6831=CARTESIAN_POINT('',(-88.0000003878559,356.017890710305,181.431729987896));
#6832=CARTESIAN_POINT('',(-88.0000003878559,356.017890710305,181.431729987896));
#6833=CARTESIAN_POINT('',(-97.2070476303456,353.517890710305,178.931729987896));
#6834=CARTESIAN_POINT('Ctrl Pts',(-97.2070476303456,353.517890710305,178.931729987896));
#6835=CARTESIAN_POINT('Ctrl Pts',(-98.931763930586,353.489241906659,178.903081184251));
#6836=CARTESIAN_POINT('Ctrl Pts',(-100.656480230822,353.361410867338,178.77525014493));
#6837=CARTESIAN_POINT('',(-95.2143093826784,353.517890710305,178.931729987896));
#6838=CARTESIAN_POINT('',(-81.1038724825526,353.517890710305,178.931729987896));
#6839=CARTESIAN_POINT('Ctrl Pts',(-85.2125127237091,352.517890710305,177.931729987896));
#6840=CARTESIAN_POINT('Ctrl Pts',(-90.2134110531936,353.434822118518,178.848661396109));
#6841=CARTESIAN_POINT('Ctrl Pts',(-95.2143093826784,353.517890710305,178.931729987896));
#6842=CARTESIAN_POINT('',(-88.0000003878559,356.017890710305,181.431729987896));
#6843=CARTESIAN_POINT('Origin',(-60.9970664585933,367.767890710305,179.681729987896));
#6844=CARTESIAN_POINT('',(-88.0000003878559,366.017890710305,181.431729987896));
#6845=CARTESIAN_POINT('',(-98.0000003878559,366.017890710305,181.431729987896));
#6846=CARTESIAN_POINT('',(-88.0000003878559,366.017890710305,181.431729987896));
#6847=CARTESIAN_POINT('Origin',(-86.2500003878559,331.36879990286,179.681729987896));
#6848=CARTESIAN_POINT('',(-88.0000003878559,366.017890710305,181.431729987896));
#6849=CARTESIAN_POINT('Origin',(-99.7500003878559,298.86879990286,179.681729987896));
#6850=CARTESIAN_POINT('',(-100.674259436711,293.69214975916,178.757470939042));
#6851=CARTESIAN_POINT('Ctrl Pts',(-101.500000387856,292.989014731489,177.931729987896));
#6852=CARTESIAN_POINT('Ctrl Pts',(-101.082322582184,293.340582245325,178.349407793569));
#6853=CARTESIAN_POINT('Ctrl Pts',(-100.674259436711,293.69214975916,178.757470939042));
#6854=CARTESIAN_POINT('',(-98.0000003878559,281.017890710305,181.431729987896));
#6855=CARTESIAN_POINT('',(-101.500000387856,277.517890710305,177.931729987896));
#6856=CARTESIAN_POINT('',(-98.0000003878559,291.017890710305,181.431729987896));
#6857=CARTESIAN_POINT('',(-98.0000003878559,281.017890710305,181.431729987896));
#6858=CARTESIAN_POINT('',(-98.0000003878559,291.017890710305,181.431729987896));
#6859=CARTESIAN_POINT('Origin',(-65.9970664585933,279.267890710305,179.681729987896));
#6860=CARTESIAN_POINT('',(-88.0000003878559,281.017890710305,181.431729987896));
#6861=CARTESIAN_POINT('',(-88.0000003878559,281.017890710305,181.431729987896));
#6862=CARTESIAN_POINT('',(-88.0000003878559,281.017890710305,181.431729987896));
#6863=CARTESIAN_POINT('Origin',(-60.9970664585933,292.767890710305,179.681729987896));
#6864=CARTESIAN_POINT('Ctrl Pts',(-100.674259436711,293.69214975916,178.757470939042));
#6865=CARTESIAN_POINT('Ctrl Pts',(-92.9872008393161,293.120443989283,179.329176708918));
#6866=CARTESIAN_POINT('Ctrl Pts',(-85.3001422419178,294.517890710305,177.931729987896));
#6867=CARTESIAN_POINT('',(-88.0000003878559,291.017890710305,181.431729987896));
#6868=CARTESIAN_POINT('',(-98.0000003878559,291.017890710305,181.431729987896));
#6869=CARTESIAN_POINT('',(-88.0000003878559,291.017890710305,181.431729987896));
#6870=CARTESIAN_POINT('Origin',(-86.2500003878559,293.86879990286,179.681729987896));
#6871=CARTESIAN_POINT('',(-88.0000003878559,291.017890710305,181.431729987896));
#6872=CARTESIAN_POINT('Origin',(-96.210678506512,323.534441132762,178.431729987896));
#6873=CARTESIAN_POINT('Origin',(-96.210678506512,323.534441132762,178.931729987896));
#6874=CARTESIAN_POINT('Origin',(-93.0000003878559,286.017890710305,181.431729987896));
#6875=CARTESIAN_POINT('',(-91.4000003878559,286.017890710305,181.431729987896));
#6876=CARTESIAN_POINT('Origin',(-93.0000003878559,286.017890710305,181.431729987896));
#6877=CARTESIAN_POINT('Origin',(-93.0000003878559,361.017890710305,181.431729987896));
#6878=CARTESIAN_POINT('',(-91.4000003878559,361.017890710305,181.431729987896));
#6879=CARTESIAN_POINT('Origin',(-93.0000003878559,361.017890710305,181.431729987896));
#6880=CARTESIAN_POINT('Origin',(-58.0000003878561,275.859856075076,177.431729987896));
#6881=CARTESIAN_POINT('',(-57.5000003878559,205.000003054738,176.931729987896));
#6882=CARTESIAN_POINT('',(-57.5000003878559,310.500003054738,176.931729987896));
#6883=CARTESIAN_POINT('',(-57.5000003878559,275.859856075076,176.931729987896));
#6884=CARTESIAN_POINT('',(-57.5000003878559,310.500003054738,176.931729987896));
#6885=CARTESIAN_POINT('',(-58.5000003878563,206.286188969408,177.931729987896));
#6886=CARTESIAN_POINT('Origin',(-98.5799908027889,375.281782014664,177.431729987896));
#6887=CARTESIAN_POINT('',(-77.5000003878563,397.068879210783,176.931729987896));
#6888=CARTESIAN_POINT('',(-76.0857868254833,397.068879210783,177.931729987896));
#6889=CARTESIAN_POINT('',(-98.9335441933822,375.635335405257,176.931729987896));
#6890=CARTESIAN_POINT('Origin',(-60.1721603036489,334.534949920132,177.431729987896));
#6891=CARTESIAN_POINT('',(-63.5000003878563,330.500003054738,176.931729987896));
#6892=CARTESIAN_POINT('',(-59.8186069130555,334.181396529539,176.931729987896));
#6893=CARTESIAN_POINT('',(-57.5000003878559,336.500003054738,176.931729987896));
#6894=CARTESIAN_POINT('',(-64.5000003878563,330.914216617111,177.931729987896));
#6895=CARTESIAN_POINT('Origin',(-88.4147755467746,433.689889493057,177.431729987896));
#6896=CARTESIAN_POINT('',(-58.5000003878563,440.782693296113,177.931729987896));
#6897=CARTESIAN_POINT('',(-109.319805541251,428.888684364178,176.931729987896));
#6898=CARTESIAN_POINT('',(-88.5380247207573,434.174461098821,176.931729987896));
#6899=CARTESIAN_POINT('',(-109.319805541251,428.888684364178,176.931729987896));
#6900=CARTESIAN_POINT('Origin',(-58.0000003878561,275.859856075076,177.431729987896));
#6901=CARTESIAN_POINT('Origin',(-45.4504544567557,365.72644006087,177.431729987896));
#6902=CARTESIAN_POINT('',(-45.804007847349,365.372886670276,176.931729987896));
#6903=CARTESIAN_POINT('Origin',(-64.0000003878563,320.109856075076,177.431729987896));
#6904=CARTESIAN_POINT('',(-63.5000003878563,316.500003054738,176.931729987896));
#6905=CARTESIAN_POINT('',(-63.5000003878563,320.109856075076,176.931729987896));
#6906=CARTESIAN_POINT('',(-64.5000003878563,316.085789492365,177.931729987896));
#6907=CARTESIAN_POINT('Origin',(-51.7820133239871,304.074909209683,177.431729987896));
#6908=CARTESIAN_POINT('',(-51.4284599333937,304.428462600276,176.931729987896));
#6909=CARTESIAN_POINT('Origin',(-58.4879646314536,205.767208092189,177.431729987896));
#6910=CARTESIAN_POINT('',(-109.319805541251,218.180197901343,176.931729987896));
#6911=CARTESIAN_POINT('',(-58.6112138054363,205.282636486425,176.931729987896));
#6912=CARTESIAN_POINT('',(-107.369744312172,218.716045568049,177.931729987896));
#6913=CARTESIAN_POINT('Origin',(-53.8578204754286,272.935076185979,177.431729987896));
#6914=CARTESIAN_POINT('',(-77.5000003878559,250.000003054738,176.931729987896));
#6915=CARTESIAN_POINT('',(-54.2113738660219,273.288629576572,176.931729987896));
#6916=CARTESIAN_POINT('',(-76.0857868254829,250.000003054738,177.931729987896));
#6917=CARTESIAN_POINT('Origin',(-90.1726247841155,263.379734232184,177.431729987896));
#6918=CARTESIAN_POINT('',(-90.5261781747087,263.026180841591,176.931729987896));
#6919=CARTESIAN_POINT('Origin',(-96.945436870486,269.445439537368,157.431729987896));
#6920=CARTESIAN_POINT('',(-116.390873353116,288.890876019998,179.931729987896));
#6921=CARTESIAN_POINT('',(-77.5000003878559,250.000003054738,134.931729987896));
#6922=CARTESIAN_POINT('Origin',(-119.926407259049,285.355342114065,179.931729987896));
#6923=CARTESIAN_POINT('Origin',(-119.926407259049,361.713540151456,179.931729987896));
#6924=CARTESIAN_POINT('',(-116.390873353116,358.178006245523,179.931729987896));
#6925=CARTESIAN_POINT('Origin',(-96.9454368704863,377.623442728153,157.431729987896));
#6926=CARTESIAN_POINT('',(-77.5000003878563,397.068879210783,134.931729987896));
#6927=CARTESIAN_POINT('Origin',(-81.0355342937891,400.604413116716,134.931729987896));
#6928=CARTESIAN_POINT('',(-109.319805541251,428.888684364178,112.931729987896));
#6929=CARTESIAN_POINT('Origin',(-109.319805541251,428.888684364178,112.931729987896));
#6930=CARTESIAN_POINT('Origin',(-93.0000003878559,286.017890710305,177.931729987896));
#6931=CARTESIAN_POINT('',(-91.4000003878559,286.017890710305,177.931729987896));
#6932=CARTESIAN_POINT('Origin',(-143.000000387856,311.017890710305,177.931729987896));
#6933=CARTESIAN_POINT('',(-141.400000387856,311.017890710305,177.931729987896));
#6934=CARTESIAN_POINT('Origin',(-93.0000003878559,361.017890710305,177.931729987896));
#6935=CARTESIAN_POINT('',(-91.4000003878559,361.017890710305,177.931729987896));
#6936=CARTESIAN_POINT('Origin',(-143.000000387856,336.017890710305,177.931729987896));
#6937=CARTESIAN_POINT('',(-141.400000387856,336.017890710305,177.931729987896));
#6938=CARTESIAN_POINT('Origin',(-63.500000387856,323.500003054738,173.382002592802));
#6939=CARTESIAN_POINT('',(-64.1000003878563,316.251474917315,173.382002592802));
#6940=CARTESIAN_POINT('',(-64.1000003878563,330.748531192162,173.382002592802));
#6941=CARTESIAN_POINT('',(-64.100000387856,394.583597836545,173.382002592802));
#6942=CARTESIAN_POINT('',(-58.1000003878559,310.251474917314,173.382002592802));
#6943=CARTESIAN_POINT('',(-119.137703826206,371.289178355664,173.382002592802));
#6944=CARTESIAN_POINT('',(-58.1000003878559,250.00000372529,173.382002592802));
#6945=CARTESIAN_POINT('',(-58.1000003878559,397.068879210783,173.382002592802));
#6946=CARTESIAN_POINT('',(-57.5000003878559,250.00000372529,173.382002592802));
#6947=CARTESIAN_POINT('',(-57.5000003878559,250.00000372529,173.382002592802));
#6948=CARTESIAN_POINT('',(-57.5000003878559,310.500003054738,173.382002592802));
#6949=CARTESIAN_POINT('',(-57.5000003878559,284.250003054738,173.382002592802));
#6950=CARTESIAN_POINT('',(-63.5000003878561,316.500003054738,173.382002592802));
#6951=CARTESIAN_POINT('',(-63.000000387856,316.000003054738,173.382002592802));
#6952=CARTESIAN_POINT('',(-63.500000387856,330.500003054738,173.382002592802));
#6953=CARTESIAN_POINT('',(-63.5000003878563,328.500003054738,173.382002592802));
#6954=CARTESIAN_POINT('',(-63.0000003878559,331.000003054738,173.382002592802));
#6955=CARTESIAN_POINT('',(-58.1000003878559,336.748531192162,173.382002592802));
#6956=CARTESIAN_POINT('',(-58.1000003878559,392.098316462306,173.382002592802));
#6957=CARTESIAN_POINT('',(-18.6103200235417,376.238211556476,173.382002592802));
#6958=CARTESIAN_POINT('Origin',(-59.0000003878559,335.000003054738,176.431729987896));
#6959=CARTESIAN_POINT('',(-63.5000003878563,330.500003054738,172.931729987896));
#6960=CARTESIAN_POINT('Origin',(-63.5000003878563,333.500003054738,172.931729987896));
#6961=CARTESIAN_POINT('',(-63.5000003878563,316.500003054738,172.931729987896));
#6962=CARTESIAN_POINT('Origin',(-59.0000003878559,312.000003054738,176.431729987896));
#6963=CARTESIAN_POINT('',(-57.5000003878559,310.500003054738,176.431729987896));
#6964=CARTESIAN_POINT('Origin',(-57.5000003878559,245.000003054738,179.931729987896));
#6965=CARTESIAN_POINT('',(-57.5000003878559,205.000003054738,112.931729987896));
#6966=CARTESIAN_POINT('',(-57.5000003878559,250.00000372529,173.982002592802));
#6967=CARTESIAN_POINT('',(-57.5000003878559,250.00000372529,176.840866290349));
#6968=CARTESIAN_POINT('',(-57.5000003878559,310.500003054738,173.982002592802));
#6969=CARTESIAN_POINT('',(-57.5000003878559,284.250003054738,173.982002592802));
#6970=CARTESIAN_POINT('',(-57.5000003878559,310.500003054738,176.431729987896));
#6971=CARTESIAN_POINT('Origin',(-63.500000387856,323.500003054738,173.982002592802));
#6972=CARTESIAN_POINT('',(-64.1000003878563,330.748531192162,173.982002592802));
#6973=CARTESIAN_POINT('',(-64.1000003878563,316.251474917315,173.982002592802));
#6974=CARTESIAN_POINT('',(-64.1000003878563,328.500003054738,173.982002592802));
#6975=CARTESIAN_POINT('',(-58.1000003878559,336.748531192162,173.982002592802));
#6976=CARTESIAN_POINT('',(-63.4242644565678,331.42426712345,173.982002592802));
#6977=CARTESIAN_POINT('',(-58.1000003878559,284.250003054738,173.982002592802));
#6978=CARTESIAN_POINT('',(-63.500000387856,330.500003054738,173.982002592802));
#6979=CARTESIAN_POINT('',(-63.0000003878559,331.000003054738,173.982002592802));
#6980=CARTESIAN_POINT('',(-63.500000387856,316.500003054738,173.982002592802));
#6981=CARTESIAN_POINT('',(-63.5000003878563,328.500003054738,173.982002592802));
#6982=CARTESIAN_POINT('',(-63.000000387856,316.000003054738,173.982002592802));
#6983=CARTESIAN_POINT('',(-58.1000003878559,250.00000372529,173.982002592802));
#6984=CARTESIAN_POINT('',(-60.500000387856,250.00000372529,173.982002592802));
#6985=CARTESIAN_POINT('',(-58.1000003878559,310.251474917314,173.982002592802));
#6986=CARTESIAN_POINT('',(-58.1000003878559,284.250003054738,173.982002592802));
#6987=CARTESIAN_POINT('',(-63.4242644565679,315.575738986026,173.982002592802));
#6988=CARTESIAN_POINT('Origin',(-58.1000003878559,245.000003054738,179.931729987896));
#6989=CARTESIAN_POINT('',(-58.1000003878559,336.748531192162,178.181729987896));
#6990=CARTESIAN_POINT('Origin',(-59.4242644565679,335.42426712345,176.431729987896));
#6991=CARTESIAN_POINT('',(-64.1000003878563,330.748531192162,173.500002592802));
#6992=CARTESIAN_POINT('Origin',(-58.1000003878559,245.000003054738,179.931729987896));
#6993=CARTESIAN_POINT('',(-58.1000003878559,250.00000372529,173.500002592802));
#6994=CARTESIAN_POINT('',(-58.1000003878559,310.251474917314,178.181729987896));
#6995=CARTESIAN_POINT('Origin',(-64.1000003878563,333.500003054738,172.931729987896));
#6996=CARTESIAN_POINT('',(-64.1000003878563,316.251474917315,174.681729987896));
#6997=CARTESIAN_POINT('Origin',(-59.4242644565679,311.575738986026,176.431729987896));
#6998=CARTESIAN_POINT('Origin',(-57.5000003878559,250.00000372529,173.750002592802));
#6999=CARTESIAN_POINT('Origin',(-63.5000003878563,333.500003054738,172.931729987896));
#7000=CARTESIAN_POINT('',(-63.5000003878563,316.500003054738,172.931729987896));
#7001=CARTESIAN_POINT('',(-63.5000003878563,330.500003054738,172.931729987896));
#7002=CARTESIAN_POINT('Origin',(-59.0000003878559,312.000003054738,176.431729987896));
#7003=CARTESIAN_POINT('Origin',(-59.0000003878559,335.000003054738,176.431729987896));
#7004=CARTESIAN_POINT('Origin',(-81.0355342937887,246.464469148805,134.931729987896));
#7005=CARTESIAN_POINT('',(-109.319805541251,218.180197901343,112.931729987896));
#7006=CARTESIAN_POINT('Origin',(-57.5000003878559,205.000003054738,112.931729987896));
#7007=CARTESIAN_POINT('Origin',(-142.210678506511,289.961943831863,152.931729987896));
#7008=CARTESIAN_POINT('',(-140.610678506511,289.961943831863,152.931729987896));
#7009=CARTESIAN_POINT('Origin',(-67.5000003878559,240.000003054738,152.931729987896));
#7010=CARTESIAN_POINT('',(-65.9000003878559,240.000003054738,152.931729987896));
#7011=CARTESIAN_POINT('Origin',(-89.8191932504636,223.538674568399,152.931729987896));
#7012=CARTESIAN_POINT('',(-88.2191932504636,223.538674568399,152.931729987896));
#7013=CARTESIAN_POINT('Origin',(-67.5000003878565,429.20702006408,152.931729987896));
#7014=CARTESIAN_POINT('',(-65.9000003878565,429.20702006408,152.931729987896));
#7015=CARTESIAN_POINT('Origin',(-89.8191932504641,423.530207697122,152.931729987896));
#7016=CARTESIAN_POINT('',(-88.2191932504641,423.530207697122,152.931729987896));
#7017=CARTESIAN_POINT('Origin',(-67.5000003878564,407.068879210783,152.931729987896));
#7018=CARTESIAN_POINT('',(-65.9000003878564,407.068879210783,152.931729987896));
#7019=CARTESIAN_POINT('Origin',(-142.210678506511,357.106938433657,152.931729987896));
#7020=CARTESIAN_POINT('',(-140.610678506511,357.106938433657,152.931729987896));
#7021=CARTESIAN_POINT('Origin',(-67.5000003878559,217.861862201442,152.931729987896));
#7022=CARTESIAN_POINT('',(-65.9000003878559,217.861862201442,152.931729987896));
#7023=CARTESIAN_POINT('Origin',(-76.8698753752455,317.000004805624,177.931729987896));
#7024=CARTESIAN_POINT('',(-76.8698753752455,312.000004731119,177.931729987896));
#7025=CARTESIAN_POINT('',(-76.8698753752455,312.000004731119,177.931729987896));
#7026=CARTESIAN_POINT('',(-76.8698753752455,317.000004805624,177.931729987896));
#7027=CARTESIAN_POINT('',(-76.8698753752455,311.859856950519,177.931729987896));
#7028=CARTESIAN_POINT('',(-76.8698753752455,317.000004805624,177.931729987896));
#7029=CARTESIAN_POINT('Origin',(-76.8698753752455,312.000004731119,177.931729987896));
#7030=CARTESIAN_POINT('',(-81.2000024586916,309.500004693866,177.931729987896));
#7031=CARTESIAN_POINT('',(-81.2000024586916,309.500004693866,177.931729987896));
#7032=CARTESIAN_POINT('',(-61.9346893480304,320.622838404328,177.931729987896));
#7033=CARTESIAN_POINT('Origin',(-81.2000024586916,309.500004693866,177.931729987896));
#7034=CARTESIAN_POINT('',(-85.5301295421377,312.000004731119,177.931729987896));
#7035=CARTESIAN_POINT('',(-85.5301295421377,312.000004731119,177.931729987896));
#7036=CARTESIAN_POINT('',(-62.895849580609,298.932097102417,177.931729987896));
#7037=CARTESIAN_POINT('Origin',(-85.5301295421377,312.000004731119,177.931729987896));
#7038=CARTESIAN_POINT('',(-85.5301295421377,317.000004805624,177.931729987896));
#7039=CARTESIAN_POINT('',(-85.5301295421377,317.000004805624,177.931729987896));
#7040=CARTESIAN_POINT('',(-85.5301295421377,309.359856913267,177.931729987896));
#7041=CARTESIAN_POINT('Origin',(-85.5301295421377,317.000004805624,177.931729987896));
#7042=CARTESIAN_POINT('',(-81.2000024586916,319.500004842877,177.931729987896));
#7043=CARTESIAN_POINT('',(-81.2000024586916,319.500004842877,177.931729987896));
#7044=CARTESIAN_POINT('',(-68.4298799731995,326.872838497461,177.931729987896));
#7045=CARTESIAN_POINT('Origin',(-81.2000024586916,319.500004842877,177.931729987896));
#7046=CARTESIAN_POINT('',(-60.730786038886,307.682097232802,177.931729987896));
#7047=CARTESIAN_POINT('Origin',(-106.869876045798,312.000004731119,177.931729987896));
#7048=CARTESIAN_POINT('',(-111.200003129244,309.500004693866,177.931729987896));
#7049=CARTESIAN_POINT('',(-111.200003129244,309.500004693866,177.931729987896));
#7050=CARTESIAN_POINT('',(-106.869876045798,312.000004731119,177.931729987896));
#7051=CARTESIAN_POINT('',(-80.6846897671255,327.11802907789,177.931729987896));
#7052=CARTESIAN_POINT('',(-106.869876045798,312.000004731119,177.931729987896));
#7053=CARTESIAN_POINT('Origin',(-111.200003129244,309.500004693866,177.931729987896));
#7054=CARTESIAN_POINT('',(-115.53013021269,312.000004731119,177.931729987896));
#7055=CARTESIAN_POINT('',(-115.53013021269,312.000004731119,177.931729987896));
#7056=CARTESIAN_POINT('',(-81.6458499997041,292.436906428855,177.931729987896));
#7057=CARTESIAN_POINT('Origin',(-115.53013021269,312.000004731119,177.931729987896));
#7058=CARTESIAN_POINT('',(-115.53013021269,317.000004805624,177.931729987896));
#7059=CARTESIAN_POINT('',(-115.53013021269,317.000004805624,177.931729987896));
#7060=CARTESIAN_POINT('',(-115.53013021269,309.359856913267,177.931729987896));
#7061=CARTESIAN_POINT('Origin',(-115.53013021269,317.000004805624,177.931729987896));
#7062=CARTESIAN_POINT('',(-111.200003129244,319.500004842877,177.931729987896));
#7063=CARTESIAN_POINT('',(-111.200003129244,319.500004842877,177.931729987896));
#7064=CARTESIAN_POINT('',(-87.1798803922947,333.368029171023,177.931729987896));
#7065=CARTESIAN_POINT('Origin',(-111.200003129244,319.500004842877,177.931729987896));
#7066=CARTESIAN_POINT('',(-106.869876045798,317.000004805624,177.931729987896));
#7067=CARTESIAN_POINT('',(-106.869876045798,317.000004805624,177.931729987896));
#7068=CARTESIAN_POINT('',(-79.4807864579811,301.18690655924,177.931729987896));
#7069=CARTESIAN_POINT('Origin',(-106.869876045798,317.000004805624,177.931729987896));
#7070=CARTESIAN_POINT('',(-106.869876045798,311.859856950519,177.931729987896));
#7071=CARTESIAN_POINT('Origin',(-76.8698753752455,335.000004805624,177.931729987896));
#7072=CARTESIAN_POINT('',(-76.8698753752455,330.000004731119,177.931729987896));
#7073=CARTESIAN_POINT('',(-76.8698753752455,330.000004731119,177.931729987896));
#7074=CARTESIAN_POINT('',(-76.8698753752455,335.000004805624,177.931729987896));
#7075=CARTESIAN_POINT('',(-76.8698753752455,320.859856950519,177.931729987896));
#7076=CARTESIAN_POINT('',(-76.8698753752455,335.000004805624,177.931729987896));
#7077=CARTESIAN_POINT('Origin',(-76.8698753752455,330.000004731119,177.931729987896));
#7078=CARTESIAN_POINT('',(-81.2000024586916,327.500004693866,177.931729987896));
#7079=CARTESIAN_POINT('',(-81.2000024586916,327.500004693866,177.931729987896));
#7080=CARTESIAN_POINT('',(-65.8318036650603,336.372838404328,177.931729987896));
#7081=CARTESIAN_POINT('Origin',(-81.2000024586916,327.500004693866,177.931729987896));
#7082=CARTESIAN_POINT('',(-85.5301295421377,330.000004731119,177.931729987896));
#7083=CARTESIAN_POINT('',(-85.5301295421377,330.000004731119,177.931729987896));
#7084=CARTESIAN_POINT('',(-58.998735263579,314.682097102417,177.931729987896));
#7085=CARTESIAN_POINT('Origin',(-85.5301295421377,330.000004731119,177.931729987896));
#7086=CARTESIAN_POINT('',(-85.5301295421377,335.000004805624,177.931729987896));
#7087=CARTESIAN_POINT('',(-85.5301295421377,335.000004805624,177.931729987896));
#7088=CARTESIAN_POINT('',(-85.5301295421377,318.359856913267,177.931729987896));
#7089=CARTESIAN_POINT('Origin',(-85.5301295421377,335.000004805624,177.931729987896));
#7090=CARTESIAN_POINT('',(-81.2000024586916,337.500004842877,177.931729987896));
#7091=CARTESIAN_POINT('',(-81.2000024586916,337.500004842877,177.931729987896));
#7092=CARTESIAN_POINT('',(-72.3269942902295,342.622838497461,177.931729987896));
#7093=CARTESIAN_POINT('Origin',(-81.2000024586916,337.500004842877,177.931729987896));
#7094=CARTESIAN_POINT('',(-56.833671721856,323.432097232802,177.931729987896));
#7095=CARTESIAN_POINT('Origin',(-106.869876045798,330.000004731119,177.931729987896));
#7096=CARTESIAN_POINT('',(-111.200003129244,327.500004693866,177.931729987896));
#7097=CARTESIAN_POINT('',(-111.200003129244,327.500004693866,177.931729987896));
#7098=CARTESIAN_POINT('',(-106.869876045798,330.000004731119,177.931729987896));
#7099=CARTESIAN_POINT('',(-84.5818040841555,342.868029077891,177.931729987896));
#7100=CARTESIAN_POINT('',(-106.869876045798,330.000004731119,177.931729987896));
#7101=CARTESIAN_POINT('Origin',(-111.200003129244,327.500004693866,177.931729987896));
#7102=CARTESIAN_POINT('',(-115.53013021269,330.000004731119,177.931729987896));
#7103=CARTESIAN_POINT('',(-115.53013021269,330.000004731119,177.931729987896));
#7104=CARTESIAN_POINT('',(-77.7487356826742,308.186906428855,177.931729987896));
#7105=CARTESIAN_POINT('Origin',(-115.53013021269,330.000004731119,177.931729987896));
#7106=CARTESIAN_POINT('',(-115.53013021269,335.000004805624,177.931729987896));
#7107=CARTESIAN_POINT('',(-115.53013021269,335.000004805624,177.931729987896));
#7108=CARTESIAN_POINT('',(-115.53013021269,318.359856913267,177.931729987896));
#7109=CARTESIAN_POINT('Origin',(-115.53013021269,335.000004805624,177.931729987896));
#7110=CARTESIAN_POINT('',(-111.200003129244,337.500004842877,177.931729987896));
#7111=CARTESIAN_POINT('',(-111.200003129244,337.500004842877,177.931729987896));
#7112=CARTESIAN_POINT('',(-91.0769947093247,349.118029171023,177.931729987896));
#7113=CARTESIAN_POINT('Origin',(-111.200003129244,337.500004842877,177.931729987896));
#7114=CARTESIAN_POINT('',(-106.869876045798,335.000004805624,177.931729987896));
#7115=CARTESIAN_POINT('',(-106.869876045798,335.000004805624,177.931729987896));
#7116=CARTESIAN_POINT('',(-75.5836721409511,316.93690655924,177.931729987896));
#7117=CARTESIAN_POINT('Origin',(-106.869876045798,335.000004805624,177.931729987896));
#7118=CARTESIAN_POINT('',(-106.869876045798,320.859856950519,177.931729987896));
#7119=CARTESIAN_POINT('Origin',(-96.8698753752455,348.000004731119,177.931729987896));
#7120=CARTESIAN_POINT('',(-101.200002458692,345.500004693866,177.931729987896));
#7121=CARTESIAN_POINT('',(-101.200002458692,345.500004693866,177.931729987896));
#7122=CARTESIAN_POINT('',(-96.8698753752455,348.000004731119,177.931729987896));
#7123=CARTESIAN_POINT('',(-82.2289179820903,356.452965423251,177.931729987896));
#7124=CARTESIAN_POINT('',(-96.8698753752455,348.000004731119,177.931729987896));
#7125=CARTESIAN_POINT('Origin',(-101.200002458692,345.500004693866,177.931729987896));
#7126=CARTESIAN_POINT('',(-104.190627293815,347.226642747469,177.931729987896));
#7127=CARTESIAN_POINT('',(-104.190627293815,347.226642747469,177.931729987896));
#7128=CARTESIAN_POINT('',(-67.601620946549,326.101970083495,177.931729987896));
#7129=CARTESIAN_POINT('Origin',(-96.8698753752455,348.525748811397,177.931729987896));
#7130=CARTESIAN_POINT('',(-96.8698753752455,348.525748811397,177.931729987896));
#7131=CARTESIAN_POINT('',(-96.8698753752455,327.622728953406,177.931729987896));
#7132=CARTESIAN_POINT('',(-96.8698753752455,348.525748811397,177.931729987896));
#7133=CARTESIAN_POINT('Origin',(-71.5616475656649,327.708800206584,177.931729987896));
#7134=CARTESIAN_POINT('',(-75.53013021269,330.000004731119,177.931729987896));
#7135=CARTESIAN_POINT('',(-75.53013021269,330.000004731119,177.931729987896));
#7136=CARTESIAN_POINT('',(-71.5616475656649,327.708800206584,177.931729987896));
#7137=CARTESIAN_POINT('',(-52.9295579008847,316.951558223058,177.931729987896));
#7138=CARTESIAN_POINT('',(-71.5616475656649,327.708800206584,177.931729987896));
#7139=CARTESIAN_POINT('Origin',(-75.53013021269,330.000004731119,177.931729987896));
#7140=CARTESIAN_POINT('',(-75.53013021269,335.000004805624,177.931729987896));
#7141=CARTESIAN_POINT('',(-75.53013021269,335.000004805624,177.931729987896));
#7142=CARTESIAN_POINT('',(-75.53013021269,318.359856913267,177.931729987896));
#7143=CARTESIAN_POINT('Origin',(-75.53013021269,335.000004805624,177.931729987896));
#7144=CARTESIAN_POINT('',(-74.3575642586549,335.676986074829,177.931729987896));
#7145=CARTESIAN_POINT('',(-74.3575642586549,335.676986074829,177.931729987896));
#7146=CARTESIAN_POINT('',(-66.0769947093247,340.457775133178,177.931729987896));
#7147=CARTESIAN_POINT('Origin',(-86.3248369370589,300.57207765546,177.931729987896));
#7148=CARTESIAN_POINT('',(-90.5301299891726,303.000004731119,177.931729987896));
#7149=CARTESIAN_POINT('',(-90.5301299891726,303.000004731119,177.931729987896));
#7150=CARTESIAN_POINT('',(-86.3248369370589,300.57207765546,177.931729987896));
#7151=CARTESIAN_POINT('',(-68.031824034187,290.010601731697,177.931729987896));
#7152=CARTESIAN_POINT('',(-86.3248369370589,300.57207765546,177.931729987896));
#7153=CARTESIAN_POINT('Origin',(-90.5301299891726,303.000004731119,177.931729987896));
#7154=CARTESIAN_POINT('',(-90.5301299891726,308.000004805624,177.931729987896));
#7155=CARTESIAN_POINT('',(-90.5301299891726,308.000004805624,177.931729987896));
#7156=CARTESIAN_POINT('',(-90.5301299891726,304.859856913267,177.931729987896));
#7157=CARTESIAN_POINT('Origin',(-90.5301299891726,308.000004805624,177.931729987896));
#7158=CARTESIAN_POINT('',(-86.2000029057264,310.500004842877,177.931729987896));
#7159=CARTESIAN_POINT('',(-86.2000029057264,310.500004842877,177.931729987896));
#7160=CARTESIAN_POINT('',(-69.6063230940813,320.080370348977,177.931729987896));
#7161=CARTESIAN_POINT('Origin',(-86.2000029057264,310.500004842877,177.931729987896));
#7162=CARTESIAN_POINT('',(-81.8698758222803,308.000004805624,177.931729987896));
#7163=CARTESIAN_POINT('',(-81.8698758222803,308.000004805624,177.931729987896));
#7164=CARTESIAN_POINT('',(-65.8043434767977,298.724565381285,177.931729987896));
#7165=CARTESIAN_POINT('Origin',(-81.8698758222803,308.000004805624,177.931729987896));
#7166=CARTESIAN_POINT('',(-81.8698758222803,303.056614627685,177.931729987896));
#7167=CARTESIAN_POINT('',(-81.8698758222803,303.056614627685,177.931729987896));
#7168=CARTESIAN_POINT('',(-81.8698758222803,307.359856950519,177.931729987896));
#7169=CARTESIAN_POINT('Origin',(-111.869875598763,308.000004805624,177.931729987896));
#7170=CARTESIAN_POINT('',(-111.869875598763,304.046251211016,177.931729987896));
#7171=CARTESIAN_POINT('',(-111.869875598763,304.046251211016,177.931729987896));
#7172=CARTESIAN_POINT('',(-111.869875598763,308.000004805624,177.931729987896));
#7173=CARTESIAN_POINT('',(-111.869875598763,307.359856950519,177.931729987896));
#7174=CARTESIAN_POINT('',(-111.869875598763,308.000004805624,177.931729987896));
#7175=CARTESIAN_POINT('Origin',(-117.185569484769,309.930987584115,177.931729987896));
#7176=CARTESIAN_POINT('',(-116.200002682209,310.500004842877,177.931729987896));
#7177=CARTESIAN_POINT('',(-116.200002682209,310.500004842877,177.931729987896));
#7178=CARTESIAN_POINT('',(-117.185569484769,309.930987584115,177.931729987896));
#7179=CARTESIAN_POINT('',(-86.6840428139401,327.541052218213,177.931729987896));
#7180=CARTESIAN_POINT('',(-117.185569484769,309.930987584115,177.931729987896));
#7181=CARTESIAN_POINT('Origin',(-116.200002682209,310.500004842877,177.931729987896));
#7182=CARTESIAN_POINT('',(-84.5543433370993,292.229374901295,177.931729987896));
#7183=CARTESIAN_POINT('Origin',(-96.2106785065109,323.534441132761,177.931729987896));
#7184=CARTESIAN_POINT('',(-71.2106785065109,323.534441132761,178.931729987896));
#7185=CARTESIAN_POINT('Origin',(-96.210678506512,323.534441132762,178.931729987896));
#7186=CARTESIAN_POINT('',(-71.210678506512,323.534441132761,177.931729987896));
#7187=CARTESIAN_POINT('',(-71.2106785065109,323.534441132761,177.931729987896));
#7188=CARTESIAN_POINT('',(-71.5747104231827,319.283667485854,177.931729987896));
#7189=CARTESIAN_POINT('Origin',(-96.210678506512,323.534441132762,177.931729987896));
#7190=CARTESIAN_POINT('',(-71.5747104231827,319.283667485854,177.931729987896));
#7191=CARTESIAN_POINT('',(-74.3865997550092,311.33978711355,177.931729987896));
#7192=CARTESIAN_POINT('',(-74.3865997550092,311.33978711355,177.931729987896));
#7193=CARTESIAN_POINT('',(-75.229972595909,309.93995771143,177.931729987896));
#7194=CARTESIAN_POINT('Origin',(-96.210678506512,323.534441132762,177.931729987896));
#7195=CARTESIAN_POINT('',(-75.229972595909,309.93995771143,177.931729987896));
#7196=CARTESIAN_POINT('',(-80.5301297656551,304.06342700443,177.931729987896));
#7197=CARTESIAN_POINT('',(-80.5301297656551,304.06342700443,177.931729987896));
#7198=CARTESIAN_POINT('Origin',(-96.210678506512,323.534441132762,177.931729987896));
#7199=CARTESIAN_POINT('',(-88.2926828849326,299.821462717204,177.931729987896));
#7200=CARTESIAN_POINT('Origin',(-96.210678506512,323.534441132762,177.931729987896));
#7201=CARTESIAN_POINT('',(-88.2926828849326,299.821462717204,177.931729987896));
#7202=CARTESIAN_POINT('',(-95.53013021269,298.543705769035,177.931729987896));
#7203=CARTESIAN_POINT('',(-95.53013021269,298.543705769035,177.931729987896));
#7204=CARTESIAN_POINT('',(-96.8698753752455,298.543133454125,177.931729987896));
#7205=CARTESIAN_POINT('Origin',(-96.210678506512,323.534441132762,177.931729987896));
#7206=CARTESIAN_POINT('',(-96.8698753752455,298.543133454125,177.931729987896));
#7207=CARTESIAN_POINT('',(-104.11514172105,299.816948405029,177.931729987896));
#7208=CARTESIAN_POINT('',(-104.11514172105,299.816948405029,177.931729987896));
#7209=CARTESIAN_POINT('',(-106.084285426545,300.566814211621,177.931729987896));
#7210=CARTESIAN_POINT('Origin',(-96.210678506512,323.534441132762,177.931729987896));
#7211=CARTESIAN_POINT('',(-106.084285426545,300.566814211621,177.931729987896));
#7212=CARTESIAN_POINT('',(-110.530129989173,303.04167877051,177.931729987896));
#7213=CARTESIAN_POINT('',(-110.530129989173,303.04167877051,177.931729987896));
#7214=CARTESIAN_POINT('Origin',(-96.210678506512,323.534441132762,177.931729987896));
#7215=CARTESIAN_POINT('',(-118.029547304779,311.330467830431,177.931729987896));
#7216=CARTESIAN_POINT('Origin',(-96.210678506512,323.534441132762,177.931729987896));
#7217=CARTESIAN_POINT('',(-118.029547304779,311.330467830431,177.931729987896));
#7218=CARTESIAN_POINT('',(-120.849004555613,319.29735610905,177.931729987896));
#7219=CARTESIAN_POINT('',(-120.849004555613,319.29735610905,177.931729987896));
#7220=CARTESIAN_POINT('',(-120.862019015326,327.695139525875,177.931729987896));
#7221=CARTESIAN_POINT('Origin',(-96.210678506512,323.534441132762,177.931729987896));
#7222=CARTESIAN_POINT('',(-120.862019015326,327.695139525875,177.931729987896));
#7223=CARTESIAN_POINT('',(-118.058604866585,335.686318097443,177.931729987896));
#7224=CARTESIAN_POINT('',(-118.058604866585,335.686318097443,177.931729987896));
#7225=CARTESIAN_POINT('',(-117.218006562996,337.087749508474,177.931729987896));
#7226=CARTESIAN_POINT('Origin',(-96.210678506512,323.534441132762,177.931729987896));
#7227=CARTESIAN_POINT('',(-117.218006562996,337.087749508474,177.931729987896));
#7228=CARTESIAN_POINT('',(-111.869875598763,343.022631054506,177.931729987896));
#7229=CARTESIAN_POINT('',(-111.869875598763,343.022631054506,177.931729987896));
#7230=CARTESIAN_POINT('',(-106.563990159593,346.289856703876,177.931729987896));
#7231=CARTESIAN_POINT('Origin',(-96.210678506512,323.534441132762,177.931729987896));
#7232=CARTESIAN_POINT('',(-106.563990159593,346.289856703876,177.931729987896));
#7233=CARTESIAN_POINT('',(-106.152543461255,346.472604119836,177.931729987896));
#7234=CARTESIAN_POINT('',(-106.152543461255,346.472604119836,177.931729987896));
#7235=CARTESIAN_POINT('Origin',(-96.210678506512,323.534441132762,177.931729987896));
#7236=CARTESIAN_POINT('',(-95.53013021269,348.525176496487,177.931729987896));
#7237=CARTESIAN_POINT('Origin',(-96.210678506512,323.534441132762,177.931729987896));
#7238=CARTESIAN_POINT('',(-95.53013021269,348.525176496487,177.931729987896));
#7239=CARTESIAN_POINT('',(-88.2172497209194,347.222098177088,177.931729987896));
#7240=CARTESIAN_POINT('',(-88.2172497209194,347.222098177088,177.931729987896));
#7241=CARTESIAN_POINT('',(-86.256621593492,346.467316028255,177.931729987896));
#7242=CARTESIAN_POINT('Origin',(-96.210678506512,323.534441132762,177.931729987896));
#7243=CARTESIAN_POINT('',(-86.256621593492,346.467316028255,177.931729987896));
#7244=CARTESIAN_POINT('',(-85.7543226212953,346.242691210689,177.931729987896));
#7245=CARTESIAN_POINT('',(-85.7543226212953,346.242691210689,177.931729987896));
#7246=CARTESIAN_POINT('',(-80.5301297656551,343.005455261091,177.931729987896));
#7247=CARTESIAN_POINT('Origin',(-96.210678506512,323.534441132762,177.931729987896));
#7248=CARTESIAN_POINT('',(-80.5301297656551,343.005455261091,177.931729987896));
#7249=CARTESIAN_POINT('',(-75.1975576599837,337.078766597295,177.931729987896));
#7250=CARTESIAN_POINT('',(-75.1975576599837,337.078766597295,177.931729987896));
#7251=CARTESIAN_POINT('Origin',(-96.210678506512,323.534441132762,177.931729987896));
#7252=CARTESIAN_POINT('Origin',(-96.210678506512,323.534441132762,177.931729987896));
#7253=CARTESIAN_POINT('Origin',(-120.849004555613,319.29735610905,177.931729987896));
#7254=CARTESIAN_POINT('',(-116.869875375245,317.000004805624,177.931729987896));
#7255=CARTESIAN_POINT('',(-116.869875375245,317.000004805624,177.931729987896));
#7256=CARTESIAN_POINT('',(-85.5552870873464,298.920518828044,177.931729987896));
#7257=CARTESIAN_POINT('Origin',(-116.869875375245,317.000004805624,177.931729987896));
#7258=CARTESIAN_POINT('',(-116.869875375245,312.000004731119,177.931729987896));
#7259=CARTESIAN_POINT('',(-116.869875375245,312.000004731119,177.931729987896));
#7260=CARTESIAN_POINT('',(-116.869875375245,311.859856950519,177.931729987896));
#7261=CARTESIAN_POINT('Origin',(-116.869875375245,312.000004731119,177.931729987896));
#7262=CARTESIAN_POINT('',(-86.9346893480303,329.283092442173,177.931729987896));
#7263=CARTESIAN_POINT('Origin',(-91.2000031292438,301.500004842877,177.931729987896));
#7264=CARTESIAN_POINT('',(-91.2000031292438,301.500004842877,177.931729987896));
#7265=CARTESIAN_POINT('',(-70.8779007750111,289.767033578162,177.931729987896));
#7266=CARTESIAN_POINT('',(-91.2000031292438,301.500004842877,177.931729987896));
#7267=CARTESIAN_POINT('Origin',(-95.53013021269,298.543705769035,177.931729987896));
#7268=CARTESIAN_POINT('',(-95.53013021269,299.000004805624,177.931729987896));
#7269=CARTESIAN_POINT('',(-95.53013021269,299.000004805624,177.931729987896));
#7270=CARTESIAN_POINT('',(-95.53013021269,302.631707432225,177.931729987896));
#7271=CARTESIAN_POINT('Origin',(-95.53013021269,299.000004805624,177.931729987896));
#7272=CARTESIAN_POINT('',(-70.7827660752647,313.287902152101,177.931729987896));
#7273=CARTESIAN_POINT('Origin',(-71.8698755987629,326.000004805624,177.931729987896));
#7274=CARTESIAN_POINT('',(-71.8698755987629,321.000004731119,177.931729987896));
#7275=CARTESIAN_POINT('',(-71.8698755987629,321.000004731119,177.931729987896));
#7276=CARTESIAN_POINT('',(-71.8698755987629,326.000004805624,177.931729987896));
#7277=CARTESIAN_POINT('',(-71.8698755987629,316.359856950519,177.931729987896));
#7278=CARTESIAN_POINT('',(-71.8698755987629,326.000004805624,177.931729987896));
#7279=CARTESIAN_POINT('Origin',(-71.8698755987629,321.000004731119,177.931729987896));
#7280=CARTESIAN_POINT('',(-76.200002682209,318.500004693866,177.931729987896));
#7281=CARTESIAN_POINT('',(-76.200002682209,318.500004693866,177.931729987896));
#7282=CARTESIAN_POINT('',(-60.7582466462437,327.415306697991,177.931729987896));
#7283=CARTESIAN_POINT('Origin',(-76.200002682209,318.500004693866,177.931729987896));
#7284=CARTESIAN_POINT('',(-80.5301297656551,321.000004731119,177.931729987896));
#7285=CARTESIAN_POINT('',(-80.5301297656551,321.000004731119,177.931729987896));
#7286=CARTESIAN_POINT('',(-57.8222925617924,307.889628808754,177.931729987896));
#7287=CARTESIAN_POINT('Origin',(-80.5301297656551,321.000004731119,177.931729987896));
#7288=CARTESIAN_POINT('',(-80.5301297656551,326.000004805624,177.931729987896));
#7289=CARTESIAN_POINT('',(-80.5301297656551,326.000004805624,177.931729987896));
#7290=CARTESIAN_POINT('',(-80.5301297656551,313.859856913267,177.931729987896));
#7291=CARTESIAN_POINT('Origin',(-80.5301297656551,326.000004805624,177.931729987896));
#7292=CARTESIAN_POINT('',(-76.200002682209,328.500004842877,177.931729987896));
#7293=CARTESIAN_POINT('',(-76.200002682209,328.500004842877,177.931729987896));
#7294=CARTESIAN_POINT('',(-67.2534372714129,333.665306791123,177.931729987896));
#7295=CARTESIAN_POINT('Origin',(-76.200002682209,328.500004842877,177.931729987896));
#7296=CARTESIAN_POINT('',(-55.6572290200693,316.639628939139,177.931729987896));
#7297=CARTESIAN_POINT('Origin',(-91.2000031292438,345.500004693866,177.931729987896));
#7298=CARTESIAN_POINT('',(-95.53013021269,348.000004731119,177.931729987896));
#7299=CARTESIAN_POINT('',(-95.53013021269,348.000004731119,177.931729987896));
#7300=CARTESIAN_POINT('',(-91.2000031292438,345.500004693866,177.931729987896));
#7301=CARTESIAN_POINT('',(-61.3516213656442,328.267033447777,177.931729987896));
#7302=CARTESIAN_POINT('',(-91.2000031292438,345.500004693866,177.931729987896));
#7303=CARTESIAN_POINT('Origin',(-95.53013021269,348.000004731119,177.931729987896));
#7304=CARTESIAN_POINT('',(-95.53013021269,327.359856913267,177.931729987896));
#7305=CARTESIAN_POINT('Origin',(-88.2172497209194,347.222098177088,177.931729987896));
#7306=CARTESIAN_POINT('',(-76.6526052387463,353.898948781953,177.931729987896));
#7307=CARTESIAN_POINT('Origin',(-118.058604866585,335.686318097443,177.931729987896));
#7308=CARTESIAN_POINT('',(-116.869875375245,335.000004805624,177.931729987896));
#7309=CARTESIAN_POINT('',(-116.869875375245,335.000004805624,177.931729987896));
#7310=CARTESIAN_POINT('',(-80.2629729258027,313.86499982224,177.931729987896));
#7311=CARTESIAN_POINT('Origin',(-116.869875375245,335.000004805624,177.931729987896));
#7312=CARTESIAN_POINT('',(-116.869875375245,330.000004731119,177.931729987896));
#7313=CARTESIAN_POINT('',(-116.869875375245,330.000004731119,177.931729987896));
#7314=CARTESIAN_POINT('',(-116.869875375245,320.859856950519,177.931729987896));
#7315=CARTESIAN_POINT('Origin',(-116.869875375245,330.000004731119,177.931729987896));
#7316=CARTESIAN_POINT('',(-90.8318036650603,345.033092442173,177.931729987896));
#7317=CARTESIAN_POINT('Origin',(-86.8698760457977,335.000004805624,177.931729987896));
#7318=CARTESIAN_POINT('',(-86.8698760457977,330.000004731119,177.931729987896));
#7319=CARTESIAN_POINT('',(-86.8698760457977,330.000004731119,177.931729987896));
#7320=CARTESIAN_POINT('',(-86.8698760457977,335.000004805624,177.931729987896));
#7321=CARTESIAN_POINT('',(-86.8698760457977,320.859856950519,177.931729987896));
#7322=CARTESIAN_POINT('',(-86.8698760457977,335.000004805624,177.931729987896));
#7323=CARTESIAN_POINT('Origin',(-86.8698760457977,330.000004731119,177.931729987896));
#7324=CARTESIAN_POINT('',(-91.2000031292438,327.500004693866,177.931729987896));
#7325=CARTESIAN_POINT('',(-91.2000031292438,327.500004693866,177.931729987896));
#7326=CARTESIAN_POINT('',(-72.0818040841555,338.537902058968,177.931729987896));
#7327=CARTESIAN_POINT('Origin',(-91.2000031292438,327.500004693866,177.931729987896));
#7328=CARTESIAN_POINT('',(-95.53013021269,330.000004731119,177.931729987896));
#7329=CARTESIAN_POINT('',(-95.53013021269,330.000004731119,177.931729987896));
#7330=CARTESIAN_POINT('',(-65.2487356826742,312.517033447777,177.931729987896));
#7331=CARTESIAN_POINT('Origin',(-95.53013021269,330.000004731119,177.931729987896));
#7332=CARTESIAN_POINT('',(-95.53013021269,335.000004805624,177.931729987896));
#7333=CARTESIAN_POINT('',(-95.53013021269,335.000004805624,177.931729987896));
#7334=CARTESIAN_POINT('',(-95.53013021269,318.359856913267,177.931729987896));
#7335=CARTESIAN_POINT('Origin',(-95.53013021269,335.000004805624,177.931729987896));
#7336=CARTESIAN_POINT('',(-91.2000031292438,337.500004842877,177.931729987896));
#7337=CARTESIAN_POINT('',(-91.2000031292438,337.500004842877,177.931729987896));
#7338=CARTESIAN_POINT('',(-78.5769947093247,344.787902152101,177.931729987896));
#7339=CARTESIAN_POINT('Origin',(-91.2000031292438,337.500004842877,177.931729987896));
#7340=CARTESIAN_POINT('',(-63.0836721409511,321.267033578162,177.931729987896));
#7341=CARTESIAN_POINT('Origin',(-110.530129989173,321.000004731119,177.931729987896));
#7342=CARTESIAN_POINT('',(-110.530129989173,326.000004805624,177.931729987896));
#7343=CARTESIAN_POINT('',(-110.530129989173,326.000004805624,177.931729987896));
#7344=CARTESIAN_POINT('',(-110.530129989173,321.000004731119,177.931729987896));
#7345=CARTESIAN_POINT('',(-110.530129989173,313.859856913267,177.931729987896));
#7346=CARTESIAN_POINT('',(-110.530129989173,321.000004731119,177.931729987896));
#7347=CARTESIAN_POINT('Origin',(-110.530129989173,326.000004805624,177.931729987896));
#7348=CARTESIAN_POINT('',(-106.200002905726,328.500004842877,177.931729987896));
#7349=CARTESIAN_POINT('',(-106.200002905726,328.500004842877,177.931729987896));
#7350=CARTESIAN_POINT('',(-86.0034374111113,340.160497367899,177.931729987896));
#7351=CARTESIAN_POINT('Origin',(-106.200002905726,328.500004842877,177.931729987896));
#7352=CARTESIAN_POINT('',(-101.86987582228,326.000004805624,177.931729987896));
#7353=CARTESIAN_POINT('',(-101.86987582228,326.000004805624,177.931729987896));
#7354=CARTESIAN_POINT('',(-74.4072291597677,310.144438362363,177.931729987896));
#7355=CARTESIAN_POINT('Origin',(-101.86987582228,326.000004805624,177.931729987896));
#7356=CARTESIAN_POINT('',(-101.86987582228,321.000004731119,177.931729987896));
#7357=CARTESIAN_POINT('',(-101.86987582228,321.000004731119,177.931729987896));
#7358=CARTESIAN_POINT('',(-101.86987582228,316.359856950519,177.931729987896));
#7359=CARTESIAN_POINT('Origin',(-101.86987582228,321.000004731119,177.931729987896));
#7360=CARTESIAN_POINT('',(-106.200002905726,318.500004693866,177.931729987896));
#7361=CARTESIAN_POINT('',(-106.200002905726,318.500004693866,177.931729987896));
#7362=CARTESIAN_POINT('',(-79.5082467859421,333.910497274767,177.931729987896));
#7363=CARTESIAN_POINT('Origin',(-106.200002905726,318.500004693866,177.931729987896));
#7364=CARTESIAN_POINT('',(-76.5722927014908,301.394438231978,177.931729987896));
#7365=CARTESIAN_POINT('Origin',(-100.530129765655,308.000004805624,177.931729987896));
#7366=CARTESIAN_POINT('',(-96.200002682209,310.500004842877,177.931729987896));
#7367=CARTESIAN_POINT('',(-96.200002682209,310.500004842877,177.931729987896));
#7368=CARTESIAN_POINT('',(-100.530129765655,308.000004805624,177.931729987896));
#7369=CARTESIAN_POINT('',(-75.8563229543829,322.245433810045,177.931729987896));
#7370=CARTESIAN_POINT('',(-100.530129765655,308.000004805624,177.931729987896));
#7371=CARTESIAN_POINT('Origin',(-96.200002682209,310.500004842877,177.931729987896));
#7372=CARTESIAN_POINT('',(-91.8698755987629,308.000004805624,177.931729987896));
#7373=CARTESIAN_POINT('',(-91.8698755987629,308.000004805624,177.931729987896));
#7374=CARTESIAN_POINT('',(-72.0543433370993,296.559501920217,177.931729987896));
#7375=CARTESIAN_POINT('Origin',(-91.8698755987629,308.000004805624,177.931729987896));
#7376=CARTESIAN_POINT('',(-91.8698755987629,303.000004731119,177.931729987896));
#7377=CARTESIAN_POINT('',(-91.8698755987629,303.000004731119,177.931729987896));
#7378=CARTESIAN_POINT('',(-91.8698755987629,307.359856950519,177.931729987896));
#7379=CARTESIAN_POINT('Origin',(-91.8698755987629,303.000004731119,177.931729987896));
#7380=CARTESIAN_POINT('',(-96.200002682209,300.500004693866,177.931729987896));
#7381=CARTESIAN_POINT('',(-96.200002682209,300.500004693866,177.931729987896));
#7382=CARTESIAN_POINT('',(-69.3611323292138,315.995433716913,177.931729987896));
#7383=CARTESIAN_POINT('Origin',(-96.200002682209,300.500004693866,177.931729987896));
#7384=CARTESIAN_POINT('',(-100.530129765655,303.000004731119,177.931729987896));
#7385=CARTESIAN_POINT('',(-100.530129765655,303.000004731119,177.931729987896));
#7386=CARTESIAN_POINT('',(-74.2194068788224,287.809501789832,177.931729987896));
#7387=CARTESIAN_POINT('Origin',(-100.530129765655,303.000004731119,177.931729987896));
#7388=CARTESIAN_POINT('',(-100.530129765655,304.859856913267,177.931729987896));
#7389=CARTESIAN_POINT('Origin',(-96.8698753752455,317.000004805624,177.931729987896));
#7390=CARTESIAN_POINT('',(-96.8698753752455,312.000004731119,177.931729987896));
#7391=CARTESIAN_POINT('',(-96.8698753752455,312.000004731119,177.931729987896));
#7392=CARTESIAN_POINT('',(-96.8698753752455,317.000004805624,177.931729987896));
#7393=CARTESIAN_POINT('',(-96.8698753752455,311.859856950519,177.931729987896));
#7394=CARTESIAN_POINT('',(-96.8698753752455,317.000004805624,177.931729987896));
#7395=CARTESIAN_POINT('Origin',(-96.8698753752455,312.000004731119,177.931729987896));
#7396=CARTESIAN_POINT('',(-101.200002458692,309.500004693866,177.931729987896));
#7397=CARTESIAN_POINT('',(-101.200002458692,309.500004693866,177.931729987896));
#7398=CARTESIAN_POINT('',(-74.4346893480303,324.95296542325,177.931729987896));
#7399=CARTESIAN_POINT('Origin',(-101.200002458692,309.500004693866,177.931729987896));
#7400=CARTESIAN_POINT('',(-105.530129542138,312.000004731119,177.931729987896));
#7401=CARTESIAN_POINT('',(-105.530129542138,312.000004731119,177.931729987896));
#7402=CARTESIAN_POINT('',(-75.395849580609,294.601970083494,177.931729987896));
#7403=CARTESIAN_POINT('Origin',(-105.530129542138,312.000004731119,177.931729987896));
#7404=CARTESIAN_POINT('',(-105.530129542138,317.000004805624,177.931729987896));
#7405=CARTESIAN_POINT('',(-105.530129542138,317.000004805624,177.931729987896));
#7406=CARTESIAN_POINT('',(-105.530129542138,309.359856913267,177.931729987896));
#7407=CARTESIAN_POINT('Origin',(-105.530129542138,317.000004805624,177.931729987896));
#7408=CARTESIAN_POINT('',(-101.200002458692,319.500004842877,177.931729987896));
#7409=CARTESIAN_POINT('',(-101.200002458692,319.500004842877,177.931729987896));
#7410=CARTESIAN_POINT('',(-80.9298799731995,331.202965516383,177.931729987896));
#7411=CARTESIAN_POINT('Origin',(-101.200002458692,319.500004842877,177.931729987896));
#7412=CARTESIAN_POINT('',(-73.2307860388859,303.35197021388,177.931729987896));
#7413=CARTESIAN_POINT('Origin',(-86.2000029057264,328.500004842877,177.931729987896));
#7414=CARTESIAN_POINT('',(-81.8698758222803,326.000004805624,177.931729987896));
#7415=CARTESIAN_POINT('',(-81.8698758222803,326.000004805624,177.931729987896));
#7416=CARTESIAN_POINT('',(-86.2000029057264,328.500004842877,177.931729987896));
#7417=CARTESIAN_POINT('',(-61.9072291597677,314.474565381285,177.931729987896));
#7418=CARTESIAN_POINT('',(-86.2000029057264,328.500004842877,177.931729987896));
#7419=CARTESIAN_POINT('Origin',(-81.8698758222803,326.000004805624,177.931729987896));
#7420=CARTESIAN_POINT('',(-81.8698758222803,321.000004731119,177.931729987896));
#7421=CARTESIAN_POINT('',(-81.8698758222803,321.000004731119,177.931729987896));
#7422=CARTESIAN_POINT('',(-81.8698758222803,316.359856950519,177.931729987896));
#7423=CARTESIAN_POINT('Origin',(-81.8698758222803,321.000004731119,177.931729987896));
#7424=CARTESIAN_POINT('',(-86.2000029057264,318.500004693866,177.931729987896));
#7425=CARTESIAN_POINT('',(-86.2000029057264,318.500004693866,177.931729987896));
#7426=CARTESIAN_POINT('',(-67.0082467859421,329.580370255845,177.931729987896));
#7427=CARTESIAN_POINT('Origin',(-86.2000029057264,318.500004693866,177.931729987896));
#7428=CARTESIAN_POINT('',(-90.5301299891726,321.000004731119,177.931729987896));
#7429=CARTESIAN_POINT('',(-90.5301299891726,321.000004731119,177.931729987896));
#7430=CARTESIAN_POINT('',(-64.0722927014908,305.7245652509,177.931729987896));
#7431=CARTESIAN_POINT('Origin',(-90.5301299891726,321.000004731119,177.931729987896));
#7432=CARTESIAN_POINT('',(-90.5301299891726,326.000004805624,177.931729987896));
#7433=CARTESIAN_POINT('',(-90.5301299891726,326.000004805624,177.931729987896));
#7434=CARTESIAN_POINT('',(-90.5301299891726,313.859856913267,177.931729987896));
#7435=CARTESIAN_POINT('Origin',(-90.5301299891726,326.000004805624,177.931729987896));
#7436=CARTESIAN_POINT('',(-73.5034374111113,335.830370348977,177.931729987896));
#7437=CARTESIAN_POINT('Origin',(-96.8698753752455,335.000004805624,177.931729987896));
#7438=CARTESIAN_POINT('',(-96.8698753752455,330.000004731119,177.931729987896));
#7439=CARTESIAN_POINT('',(-96.8698753752455,330.000004731119,177.931729987896));
#7440=CARTESIAN_POINT('',(-96.8698753752455,335.000004805624,177.931729987896));
#7441=CARTESIAN_POINT('',(-96.8698753752455,320.859856950519,177.931729987896));
#7442=CARTESIAN_POINT('',(-96.8698753752455,335.000004805624,177.931729987896));
#7443=CARTESIAN_POINT('Origin',(-96.8698753752455,330.000004731119,177.931729987896));
#7444=CARTESIAN_POINT('',(-101.200002458692,327.500004693866,177.931729987896));
#7445=CARTESIAN_POINT('',(-101.200002458692,327.500004693866,177.931729987896));
#7446=CARTESIAN_POINT('',(-78.3318036650603,340.702965423251,177.931729987896));
#7447=CARTESIAN_POINT('Origin',(-101.200002458692,327.500004693866,177.931729987896));
#7448=CARTESIAN_POINT('',(-105.530129542138,330.000004731119,177.931729987896));
#7449=CARTESIAN_POINT('',(-105.530129542138,330.000004731119,177.931729987896));
#7450=CARTESIAN_POINT('',(-71.498735263579,310.351970083495,177.931729987896));
#7451=CARTESIAN_POINT('Origin',(-105.530129542138,330.000004731119,177.931729987896));
#7452=CARTESIAN_POINT('',(-105.530129542138,335.000004805624,177.931729987896));
#7453=CARTESIAN_POINT('',(-105.530129542138,335.000004805624,177.931729987896));
#7454=CARTESIAN_POINT('',(-105.530129542138,318.359856913267,177.931729987896));
#7455=CARTESIAN_POINT('Origin',(-105.530129542138,335.000004805624,177.931729987896));
#7456=CARTESIAN_POINT('',(-101.200002458692,337.500004842877,177.931729987896));
#7457=CARTESIAN_POINT('',(-101.200002458692,337.500004842877,177.931729987896));
#7458=CARTESIAN_POINT('',(-84.8269942902295,346.952965516383,177.931729987896));
#7459=CARTESIAN_POINT('Origin',(-101.200002458692,337.500004842877,177.931729987896));
#7460=CARTESIAN_POINT('',(-69.3336717218559,319.10197021388,177.931729987896));
#7461=CARTESIAN_POINT('Origin',(-110.530129989173,339.000004731119,177.931729987896));
#7462=CARTESIAN_POINT('',(-110.530129989173,344.000004805624,177.931729987896));
#7463=CARTESIAN_POINT('',(-110.530129989173,344.000004805624,177.931729987896));
#7464=CARTESIAN_POINT('',(-110.530129989173,339.000004731119,177.931729987896));
#7465=CARTESIAN_POINT('',(-110.530129989173,322.859856913267,177.931729987896));
#7466=CARTESIAN_POINT('',(-110.530129989173,339.000004731119,177.931729987896));
#7467=CARTESIAN_POINT('Origin',(-110.530129989173,344.000004805624,177.931729987896));
#7468=CARTESIAN_POINT('',(-89.9005517281413,355.910497367899,177.931729987896));
#7469=CARTESIAN_POINT('Origin',(-106.152543461255,346.472604119836,177.931729987896));
#7470=CARTESIAN_POINT('',(-101.86987582228,344.000004805624,177.931729987896));
#7471=CARTESIAN_POINT('',(-101.86987582228,344.000004805624,177.931729987896));
#7472=CARTESIAN_POINT('',(-70.4863851205019,325.880738000843,177.931729987896));
#7473=CARTESIAN_POINT('Origin',(-101.86987582228,344.000004805624,177.931729987896));
#7474=CARTESIAN_POINT('',(-101.86987582228,339.000004731119,177.931729987896));
#7475=CARTESIAN_POINT('',(-101.86987582228,339.000004731119,177.931729987896));
#7476=CARTESIAN_POINT('',(-101.86987582228,325.359856950519,177.931729987896));
#7477=CARTESIAN_POINT('Origin',(-101.86987582228,339.000004731119,177.931729987896));
#7478=CARTESIAN_POINT('',(-106.200002905726,336.500004693866,177.931729987896));
#7479=CARTESIAN_POINT('',(-106.200002905726,336.500004693866,177.931729987896));
#7480=CARTESIAN_POINT('',(-83.4053611029721,349.660497274767,177.931729987896));
#7481=CARTESIAN_POINT('Origin',(-106.200002905726,336.500004693866,177.931729987896));
#7482=CARTESIAN_POINT('',(-72.6751783844608,317.144438231978,177.931729987896));
#7483=CARTESIAN_POINT('Origin',(-76.200002682209,336.500004693866,177.931729987896));
#7484=CARTESIAN_POINT('',(-80.5301297656551,339.000004731119,177.931729987896));
#7485=CARTESIAN_POINT('',(-80.5301297656551,339.000004731119,177.931729987896));
#7486=CARTESIAN_POINT('',(-76.200002682209,336.500004693866,177.931729987896));
#7487=CARTESIAN_POINT('',(-53.9251782447624,323.639628808754,177.931729987896));
#7488=CARTESIAN_POINT('',(-76.200002682209,336.500004693866,177.931729987896));
#7489=CARTESIAN_POINT('Origin',(-80.5301297656551,339.000004731119,177.931729987896));
#7490=CARTESIAN_POINT('',(-80.5301297656551,322.859856913267,177.931729987896));
#7491=CARTESIAN_POINT('Origin',(-75.1975576599837,337.078766597295,177.931729987896));
#7492=CARTESIAN_POINT('',(-66.3192019938841,342.204687631079,177.931729987896));
#7493=CARTESIAN_POINT('Origin',(-80.5301297656551,304.06342700443,177.931729987896));
#7494=CARTESIAN_POINT('',(-80.5301297656551,308.000004805624,177.931729987896));
#7495=CARTESIAN_POINT('',(-80.5301297656551,308.000004805624,177.931729987896));
#7496=CARTESIAN_POINT('',(-80.5301297656551,305.391568049922,177.931729987896));
#7497=CARTESIAN_POINT('Origin',(-80.5301297656551,308.000004805624,177.931729987896));
#7498=CARTESIAN_POINT('',(-76.200002682209,310.500004842877,177.931729987896));
#7499=CARTESIAN_POINT('',(-76.200002682209,310.500004842877,177.931729987896));
#7500=CARTESIAN_POINT('',(-63.356322954383,317.915306791123,177.931729987896));
#7501=CARTESIAN_POINT('Origin',(-76.200002682209,310.500004842877,177.931729987896));
#7502=CARTESIAN_POINT('',(-59.5543433370993,300.88962893914,177.931729987896));
#7503=CARTESIAN_POINT('Origin',(-106.200002905726,310.500004842877,177.931729987896));
#7504=CARTESIAN_POINT('',(-101.86987582228,308.000004805624,177.931729987896));
#7505=CARTESIAN_POINT('',(-101.86987582228,308.000004805624,177.931729987896));
#7506=CARTESIAN_POINT('',(-106.200002905726,310.500004842877,177.931729987896));
#7507=CARTESIAN_POINT('',(-78.3043434767977,294.394438362363,177.931729987896));
#7508=CARTESIAN_POINT('',(-106.200002905726,310.500004842877,177.931729987896));
#7509=CARTESIAN_POINT('Origin',(-101.86987582228,308.000004805624,177.931729987896));
#7510=CARTESIAN_POINT('',(-101.86987582228,303.000004731119,177.931729987896));
#7511=CARTESIAN_POINT('',(-101.86987582228,303.000004731119,177.931729987896));
#7512=CARTESIAN_POINT('',(-101.86987582228,307.359856950519,177.931729987896));
#7513=CARTESIAN_POINT('Origin',(-101.86987582228,303.000004731119,177.931729987896));
#7514=CARTESIAN_POINT('',(-75.6111324689121,318.160497274767,177.931729987896));
#7515=CARTESIAN_POINT('Origin',(-110.530129989173,303.04167877051,177.931729987896));
#7516=CARTESIAN_POINT('',(-110.530129989173,308.000004805624,177.931729987896));
#7517=CARTESIAN_POINT('',(-110.530129989173,308.000004805624,177.931729987896));
#7518=CARTESIAN_POINT('',(-110.530129989173,304.880693932962,177.931729987896));
#7519=CARTESIAN_POINT('Origin',(-110.530129989173,308.000004805624,177.931729987896));
#7520=CARTESIAN_POINT('',(-82.1063230940813,324.410497367899,177.931729987896));
#7521=CARTESIAN_POINT('Origin',(-116.200002682209,318.500004693866,177.931729987896));
#7522=CARTESIAN_POINT('',(-120.530129765655,321.000004731119,177.931729987896));
#7523=CARTESIAN_POINT('',(-120.530129765655,321.000004731119,177.931729987896));
#7524=CARTESIAN_POINT('',(-116.200002682209,318.500004693866,177.931729987896));
#7525=CARTESIAN_POINT('',(-82.8222925617924,299.22937477091,177.931729987896));
#7526=CARTESIAN_POINT('',(-116.200002682209,318.500004693866,177.931729987896));
#7527=CARTESIAN_POINT('Origin',(-120.530129765655,321.000004731119,177.931729987896));
#7528=CARTESIAN_POINT('',(-120.530129765655,326.000004805624,177.931729987896));
#7529=CARTESIAN_POINT('',(-120.530129765655,326.000004805624,177.931729987896));
#7530=CARTESIAN_POINT('',(-120.530129765655,313.859856913267,177.931729987896));
#7531=CARTESIAN_POINT('Origin',(-120.530129765655,326.000004805624,177.931729987896));
#7532=CARTESIAN_POINT('',(-116.200002682209,328.500004842877,177.931729987896));
#7533=CARTESIAN_POINT('',(-116.200002682209,328.500004842877,177.931729987896));
#7534=CARTESIAN_POINT('',(-92.2534372714129,342.325560828967,177.931729987896));
#7535=CARTESIAN_POINT('Origin',(-116.200002682209,328.500004842877,177.931729987896));
#7536=CARTESIAN_POINT('',(-111.869875598763,326.000004805624,177.931729987896));
#7537=CARTESIAN_POINT('',(-111.869875598763,326.000004805624,177.931729987896));
#7538=CARTESIAN_POINT('',(-80.6572290200693,307.979374901295,177.931729987896));
#7539=CARTESIAN_POINT('Origin',(-111.869875598763,326.000004805624,177.931729987896));
#7540=CARTESIAN_POINT('',(-111.869875598763,321.000004731119,177.931729987896));
#7541=CARTESIAN_POINT('',(-111.869875598763,321.000004731119,177.931729987896));
#7542=CARTESIAN_POINT('',(-111.869875598763,316.359856950519,177.931729987896));
#7543=CARTESIAN_POINT('Origin',(-111.869875598763,321.000004731119,177.931729987896));
#7544=CARTESIAN_POINT('',(-85.7582466462437,336.075560735835,177.931729987896));
#7545=CARTESIAN_POINT('Origin',(-104.11514172105,299.816948405029,177.931729987896));
#7546=CARTESIAN_POINT('',(-101.200002458692,301.500004842877,177.931729987896));
#7547=CARTESIAN_POINT('',(-101.200002458692,301.500004842877,177.931729987896));
#7548=CARTESIAN_POINT('',(-76.3252717456259,315.861437316085,177.931729987896));
#7549=CARTESIAN_POINT('Origin',(-101.200002458692,301.500004842877,177.931729987896));
#7550=CARTESIAN_POINT('',(-96.8698753752455,299.000004805624,177.931729987896));
#7551=CARTESIAN_POINT('',(-96.8698753752455,299.000004805624,177.931729987896));
#7552=CARTESIAN_POINT('',(-77.1279003559159,287.60197021388,177.931729987896));
#7553=CARTESIAN_POINT('Origin',(-96.8698753752455,299.000004805624,177.931729987896));
#7554=CARTESIAN_POINT('',(-96.8698753752455,302.859856950519,177.931729987896));
#7555=CARTESIAN_POINT('Origin',(-74.3865997550092,311.33978711355,177.931729987896));
#7556=CARTESIAN_POINT('',(-75.53013021269,312.000004731119,177.931729987896));
#7557=CARTESIAN_POINT('',(-75.53013021269,312.000004731119,177.931729987896));
#7558=CARTESIAN_POINT('',(-58.2391483125868,302.017051676541,177.931729987896));
#7559=CARTESIAN_POINT('Origin',(-75.53013021269,312.000004731119,177.931729987896));
#7560=CARTESIAN_POINT('',(-75.53013021269,317.000004805624,177.931729987896));
#7561=CARTESIAN_POINT('',(-75.53013021269,317.000004805624,177.931729987896));
#7562=CARTESIAN_POINT('',(-75.53013021269,309.359856913267,177.931729987896));
#7563=CARTESIAN_POINT('Origin',(-75.53013021269,317.000004805624,177.931729987896));
#7564=CARTESIAN_POINT('',(-62.1798803922947,324.707775133178,177.931729987896));
#7565=CARTESIAN_POINT('Origin',(-85.7543226212953,346.242691210689,177.931729987896));
#7566=CARTESIAN_POINT('',(-81.8698758222803,344.000004805624,177.931729987896));
#7567=CARTESIAN_POINT('',(-81.8698758222803,344.000004805624,177.931729987896));
#7568=CARTESIAN_POINT('',(-57.7872747005222,330.095908565191,177.931729987896));
#7569=CARTESIAN_POINT('Origin',(-81.8698758222803,344.000004805624,177.931729987896));
#7570=CARTESIAN_POINT('',(-81.8698758222803,339.000004731119,177.931729987896));
#7571=CARTESIAN_POINT('',(-81.8698758222803,339.000004731119,177.931729987896));
#7572=CARTESIAN_POINT('',(-81.8698758222803,325.359856950519,177.931729987896));
#7573=CARTESIAN_POINT('Origin',(-81.8698758222803,339.000004731119,177.931729987896));
#7574=CARTESIAN_POINT('',(-86.2000029057264,336.500004693866,177.931729987896));
#7575=CARTESIAN_POINT('',(-86.2000029057264,336.500004693866,177.931729987896));
#7576=CARTESIAN_POINT('',(-70.9053611029721,345.330370255845,177.931729987896));
#7577=CARTESIAN_POINT('Origin',(-86.2000029057264,336.500004693866,177.931729987896));
#7578=CARTESIAN_POINT('',(-90.5301299891726,339.000004731119,177.931729987896));
#7579=CARTESIAN_POINT('',(-90.5301299891726,339.000004731119,177.931729987896));
#7580=CARTESIAN_POINT('',(-60.1751783844608,321.4745652509,177.931729987896));
#7581=CARTESIAN_POINT('Origin',(-90.5301299891726,339.000004731119,177.931729987896));
#7582=CARTESIAN_POINT('',(-90.5301299891726,344.000004805624,177.931729987896));
#7583=CARTESIAN_POINT('',(-90.5301299891726,344.000004805624,177.931729987896));
#7584=CARTESIAN_POINT('',(-90.5301299891726,322.859856913267,177.931729987896));
#7585=CARTESIAN_POINT('Origin',(-90.5301299891726,344.000004805624,177.931729987896));
#7586=CARTESIAN_POINT('',(-77.4005517281413,351.580370348977,177.931729987896));
#7587=CARTESIAN_POINT('Origin',(-111.869875598763,343.022631054506,177.931729987896));
#7588=CARTESIAN_POINT('',(-111.869875598763,339.000004731119,177.931729987896));
#7589=CARTESIAN_POINT('',(-111.869875598763,339.000004731119,177.931729987896));
#7590=CARTESIAN_POINT('',(-111.869875598763,324.87117007496,177.931729987896));
#7591=CARTESIAN_POINT('Origin',(-111.869875598763,339.000004731119,177.931729987896));
#7592=CARTESIAN_POINT('',(-116.200002682209,336.500004693866,177.931729987896));
#7593=CARTESIAN_POINT('',(-116.200002682209,336.500004693866,177.931729987896));
#7594=CARTESIAN_POINT('',(-89.6553609632737,351.825560735835,177.931729987896));
#7595=CARTESIAN_POINT('Origin',(-116.200002682209,336.500004693866,177.931729987896));
#7596=CARTESIAN_POINT('',(-78.9251782447624,314.97937477091,177.931729987896));
#7597=CARTESIAN_POINT('Origin',(-91.8698755987629,339.000004731119,177.931729987896));
#7598=CARTESIAN_POINT('',(-96.200002682209,336.500004693866,177.931729987896));
#7599=CARTESIAN_POINT('',(-96.200002682209,336.500004693866,177.931729987896));
#7600=CARTESIAN_POINT('',(-91.8698755987629,339.000004731119,177.931729987896));
#7601=CARTESIAN_POINT('',(-77.1553609632737,347.495433716913,177.931729987896));
#7602=CARTESIAN_POINT('',(-91.8698755987629,339.000004731119,177.931729987896));
#7603=CARTESIAN_POINT('Origin',(-96.200002682209,336.500004693866,177.931729987896));
#7604=CARTESIAN_POINT('',(-100.530129765655,339.000004731119,177.931729987896));
#7605=CARTESIAN_POINT('',(-100.530129765655,339.000004731119,177.931729987896));
#7606=CARTESIAN_POINT('',(-66.4251782447624,319.309501789832,177.931729987896));
#7607=CARTESIAN_POINT('Origin',(-100.530129765655,339.000004731119,177.931729987896));
#7608=CARTESIAN_POINT('',(-100.530129765655,344.000004805624,177.931729987896));
#7609=CARTESIAN_POINT('',(-100.530129765655,344.000004805624,177.931729987896));
#7610=CARTESIAN_POINT('',(-100.530129765655,322.859856913267,177.931729987896));
#7611=CARTESIAN_POINT('Origin',(-100.530129765655,344.000004805624,177.931729987896));
#7612=CARTESIAN_POINT('',(-96.200002682209,346.500004842877,177.931729987896));
#7613=CARTESIAN_POINT('',(-96.200002682209,346.500004842877,177.931729987896));
#7614=CARTESIAN_POINT('',(-83.6505515884429,353.745433810045,177.931729987896));
#7615=CARTESIAN_POINT('Origin',(-96.200002682209,346.500004842877,177.931729987896));
#7616=CARTESIAN_POINT('',(-91.8698755987629,344.000004805624,177.931729987896));
#7617=CARTESIAN_POINT('',(-91.8698755987629,344.000004805624,177.931729987896));
#7618=CARTESIAN_POINT('',(-64.2601147030393,328.059501920217,177.931729987896));
#7619=CARTESIAN_POINT('Origin',(-91.8698755987629,344.000004805624,177.931729987896));
#7620=CARTESIAN_POINT('',(-91.8698755987629,325.359856950519,177.931729987896));
#7621=CARTESIAN_POINT('Origin',(-91.8698755987629,321.000004731119,177.931729987896));
#7622=CARTESIAN_POINT('',(-96.200002682209,318.500004693866,177.931729987896));
#7623=CARTESIAN_POINT('',(-96.200002682209,318.500004693866,177.931729987896));
#7624=CARTESIAN_POINT('',(-91.8698755987629,321.000004731119,177.931729987896));
#7625=CARTESIAN_POINT('',(-73.2582466462437,331.745433716913,177.931729987896));
#7626=CARTESIAN_POINT('',(-91.8698755987629,321.000004731119,177.931729987896));
#7627=CARTESIAN_POINT('Origin',(-96.200002682209,318.500004693866,177.931729987896));
#7628=CARTESIAN_POINT('',(-100.530129765655,321.000004731119,177.931729987896));
#7629=CARTESIAN_POINT('',(-100.530129765655,321.000004731119,177.931729987896));
#7630=CARTESIAN_POINT('',(-70.3222925617924,303.559501789832,177.931729987896));
#7631=CARTESIAN_POINT('Origin',(-100.530129765655,321.000004731119,177.931729987896));
#7632=CARTESIAN_POINT('',(-100.530129765655,326.000004805624,177.931729987896));
#7633=CARTESIAN_POINT('',(-100.530129765655,326.000004805624,177.931729987896));
#7634=CARTESIAN_POINT('',(-100.530129765655,313.859856913267,177.931729987896));
#7635=CARTESIAN_POINT('Origin',(-100.530129765655,326.000004805624,177.931729987896));
#7636=CARTESIAN_POINT('',(-96.200002682209,328.500004842877,177.931729987896));
#7637=CARTESIAN_POINT('',(-96.200002682209,328.500004842877,177.931729987896));
#7638=CARTESIAN_POINT('',(-79.7534372714129,337.995433810045,177.931729987896));
#7639=CARTESIAN_POINT('Origin',(-96.200002682209,328.500004842877,177.931729987896));
#7640=CARTESIAN_POINT('',(-91.8698755987629,326.000004805624,177.931729987896));
#7641=CARTESIAN_POINT('',(-91.8698755987629,326.000004805624,177.931729987896));
#7642=CARTESIAN_POINT('',(-68.1572290200693,312.309501920217,177.931729987896));
#7643=CARTESIAN_POINT('Origin',(-91.8698755987629,326.000004805624,177.931729987896));
#7644=CARTESIAN_POINT('',(-91.8698755987629,316.359856950519,177.931729987896));
#7645=CARTESIAN_POINT('Origin',(-86.8698760457977,317.000004805624,177.931729987896));
#7646=CARTESIAN_POINT('',(-86.8698760457977,312.000004731119,177.931729987896));
#7647=CARTESIAN_POINT('',(-86.8698760457977,312.000004731119,177.931729987896));
#7648=CARTESIAN_POINT('',(-86.8698760457977,317.000004805624,177.931729987896));
#7649=CARTESIAN_POINT('',(-86.8698760457977,311.859856950519,177.931729987896));
#7650=CARTESIAN_POINT('',(-86.8698760457977,317.000004805624,177.931729987896));
#7651=CARTESIAN_POINT('Origin',(-86.8698760457977,312.000004731119,177.931729987896));
#7652=CARTESIAN_POINT('',(-91.2000031292438,309.500004693866,177.931729987896));
#7653=CARTESIAN_POINT('',(-91.2000031292438,309.500004693866,177.931729987896));
#7654=CARTESIAN_POINT('',(-68.1846897671255,322.787902058968,177.931729987896));
#7655=CARTESIAN_POINT('Origin',(-91.2000031292438,309.500004693866,177.931729987896));
#7656=CARTESIAN_POINT('',(-95.53013021269,312.000004731119,177.931729987896));
#7657=CARTESIAN_POINT('',(-95.53013021269,312.000004731119,177.931729987896));
#7658=CARTESIAN_POINT('',(-69.1458499997042,296.767033447777,177.931729987896));
#7659=CARTESIAN_POINT('Origin',(-95.53013021269,312.000004731119,177.931729987896));
#7660=CARTESIAN_POINT('',(-95.53013021269,317.000004805624,177.931729987896));
#7661=CARTESIAN_POINT('',(-95.53013021269,317.000004805624,177.931729987896));
#7662=CARTESIAN_POINT('',(-95.53013021269,309.359856913267,177.931729987896));
#7663=CARTESIAN_POINT('Origin',(-95.53013021269,317.000004805624,177.931729987896));
#7664=CARTESIAN_POINT('',(-91.2000031292438,319.500004842877,177.931729987896));
#7665=CARTESIAN_POINT('',(-91.2000031292438,319.500004842877,177.931729987896));
#7666=CARTESIAN_POINT('',(-74.6798803922947,329.037902152101,177.931729987896));
#7667=CARTESIAN_POINT('Origin',(-91.2000031292438,319.500004842877,177.931729987896));
#7668=CARTESIAN_POINT('',(-66.9807864579811,305.517033578162,177.931729987896));
#7669=CARTESIAN_POINT('Origin',(-33.9941325293307,306.719709095414,177.931729987896));
#7670=CARTESIAN_POINT('Origin',(-96.210678506512,323.534441132762,178.931729987896));
#7671=UNCERTAINTY_MEASURE_WITH_UNIT(LENGTH_MEASURE(0.01),#7675,
'DISTANCE_ACCURACY_VALUE',
'Maximum model space distance between geometric entities at asserted c
onnectivities');
#7672=UNCERTAINTY_MEASURE_WITH_UNIT(LENGTH_MEASURE(0.01),#7675,
'DISTANCE_ACCURACY_VALUE',
'Maximum model space distance between geometric entities at asserted c
onnectivities');
#7673=(
GEOMETRIC_REPRESENTATION_CONTEXT(3)
GLOBAL_UNCERTAINTY_ASSIGNED_CONTEXT((#7671))
GLOBAL_UNIT_ASSIGNED_CONTEXT((#7675,#7677,#7678))
REPRESENTATION_CONTEXT('','3D')
);
#7674=(
GEOMETRIC_REPRESENTATION_CONTEXT(3)
GLOBAL_UNCERTAINTY_ASSIGNED_CONTEXT((#7672))
GLOBAL_UNIT_ASSIGNED_CONTEXT((#7675,#7677,#7678))
REPRESENTATION_CONTEXT('','3D')
);
#7675=(
LENGTH_UNIT()
NAMED_UNIT(*)
SI_UNIT(.MILLI.,.METRE.)
);
#7676=(
LENGTH_UNIT()
NAMED_UNIT(*)
SI_UNIT($,.METRE.)
);
#7677=(
NAMED_UNIT(*)
PLANE_ANGLE_UNIT()
SI_UNIT($,.RADIAN.)
);
#7678=(
NAMED_UNIT(*)
SI_UNIT($,.STERADIAN.)
SOLID_ANGLE_UNIT()
);
#7679=SHAPE_DEFINITION_REPRESENTATION(#7680,#7681);
#7680=PRODUCT_DEFINITION_SHAPE('',$,#7683);
#7681=SHAPE_REPRESENTATION('',(#4846),#7673);
#7682=PRODUCT_DEFINITION_CONTEXT('part definition',#7687,'design');
#7683=PRODUCT_DEFINITION('back cover','back cover',#7684,#7682);
#7684=PRODUCT_DEFINITION_FORMATION('',$,#7689);
#7685=PRODUCT_RELATED_PRODUCT_CATEGORY('back cover','back cover',(#7689));
#7686=APPLICATION_PROTOCOL_DEFINITION('international standard',
'automotive_design',2009,#7687);
#7687=APPLICATION_CONTEXT(
'Core Data for Automotive Mechanical Design Process');
#7688=PRODUCT_CONTEXT('part definition',#7687,'mechanical');
#7689=PRODUCT('back cover','back cover',$,(#7688));
#7690=PRESENTATION_STYLE_ASSIGNMENT((#7692));
#7691=PRESENTATION_STYLE_ASSIGNMENT((#7693));
#7692=SURFACE_STYLE_USAGE(.BOTH.,#7694);
#7693=SURFACE_STYLE_USAGE(.BOTH.,#7695);
#7694=SURFACE_SIDE_STYLE('',(#7696));
#7695=SURFACE_SIDE_STYLE('',(#7697));
#7696=SURFACE_STYLE_FILL_AREA(#7698);
#7697=SURFACE_STYLE_FILL_AREA(#7699);
#7698=FILL_AREA_STYLE('Steel - Satin',(#7700));
#7699=FILL_AREA_STYLE('ABS (White)',(#7701));
#7700=FILL_AREA_STYLE_COLOUR('Steel - Satin',#7702);
#7701=FILL_AREA_STYLE_COLOUR('ABS (White)',#7703);
#7702=COLOUR_RGB('Steel - Satin',0.627450980392157,0.627450980392157,0.627450980392157);
#7703=COLOUR_RGB('ABS (White)',0.964705882352941,0.964705882352941,0.952941176470588);
ENDSEC;
END-ISO-10303-21;
