ISO-10303-21;
HEADER;
/* Generated by software containing ST-Developer
 * from STEP Tools, Inc. (www.steptools.com) 
 */

FILE_DESCRIPTION(
/* description */ (''),
/* implementation_level */ '2;1');

FILE_NAME(
/* name */ 'front cover.step',
/* time_stamp */ '2025-12-22T09:30:59+01:00',
/* author */ (''),
/* organization */ (''),
/* preprocessor_version */ 'ST-DEVELOPER v20.1',
/* originating_system */ 'Autodesk Translation Framework v14.21.0.0',
/* authorisation */ '');

FILE_SCHEMA (('AUTOMOTIVE_DESIGN { 1 0 10303 214 3 1 1 }'));
ENDSEC;

DATA;
#10=MECHANICAL_DESIGN_GEOMETRIC_PRESENTATION_REPRESENTATION('',(#13),#8861);
#11=SHAPE_REPRESENTATION_RELATIONSHIP('SRR','None',#8868,#12);
#12=ADVANCED_BREP_SHAPE_REPRESENTATION('',(#14),#8860);
#13=STYLED_ITEM('',(#8878),#14);
#14=MANIFOLD_SOLID_BREP('front cover',#4839);
#15=TOROIDAL_SURFACE('',#5059,4.00000000000001,1.);
#16=TOROIDAL_SURFACE('',#5064,4.,1.);
#17=TOROIDAL_SURFACE('',#5068,3.99999999999997,1.);
#18=TOROIDAL_SURFACE('',#5072,4.,1.);
#19=CYLINDRICAL_SURFACE('',#4954,1.6);
#20=CYLINDRICAL_SURFACE('',#4956,1.60000000000002);
#21=CYLINDRICAL_SURFACE('',#4958,1.60000000000002);
#22=CYLINDRICAL_SURFACE('',#4960,1.6);
#23=CYLINDRICAL_SURFACE('',#4962,1.60000000000001);
#24=CYLINDRICAL_SURFACE('',#4964,1.60000000000001);
#25=CYLINDRICAL_SURFACE('',#4966,1.6);
#26=CYLINDRICAL_SURFACE('',#4968,1.6);
#27=CYLINDRICAL_SURFACE('',#4975,1.6);
#28=CYLINDRICAL_SURFACE('',#4977,1.60000000000001);
#29=CYLINDRICAL_SURFACE('',#5005,1.6);
#30=CYLINDRICAL_SURFACE('',#5006,1.6);
#31=CYLINDRICAL_SURFACE('',#5007,1.6);
#32=CYLINDRICAL_SURFACE('',#5008,1.6);
#33=CYLINDRICAL_SURFACE('',#5010,1.6);
#34=CYLINDRICAL_SURFACE('',#5011,1.6);
#35=CYLINDRICAL_SURFACE('',#5012,1.6);
#36=CYLINDRICAL_SURFACE('',#5013,1.6);
#37=CYLINDRICAL_SURFACE('',#5014,1.6);
#38=CYLINDRICAL_SURFACE('',#5016,1.6);
#39=CYLINDRICAL_SURFACE('',#5047,3.);
#40=CYLINDRICAL_SURFACE('',#5050,3.00000000000001);
#41=CYLINDRICAL_SURFACE('',#5054,3.);
#42=CYLINDRICAL_SURFACE('',#5057,2.99999999999997);
#43=CYLINDRICAL_SURFACE('',#5062,1.);
#44=CYLINDRICAL_SURFACE('',#5066,1.);
#45=CYLINDRICAL_SURFACE('',#5070,1.);
#46=CYLINDRICAL_SURFACE('',#5074,1.);
#47=CIRCLE('',#4931,1.6);
#48=CIRCLE('',#4932,1.6);
#49=CIRCLE('',#4933,1.6);
#50=CIRCLE('',#4934,1.6);
#51=CIRCLE('',#4935,1.6);
#52=CIRCLE('',#4936,1.6);
#53=CIRCLE('',#4937,1.6);
#54=CIRCLE('',#4938,1.6);
#55=CIRCLE('',#4939,1.60000000000001);
#56=CIRCLE('',#4940,1.6);
#57=CIRCLE('',#4941,1.60000000000002);
#58=CIRCLE('',#4942,1.60000000000002);
#59=CIRCLE('',#4943,1.60000000000001);
#60=CIRCLE('',#4944,1.60000000000001);
#61=CIRCLE('',#4945,1.6);
#62=CIRCLE('',#4946,1.6);
#63=CIRCLE('',#4947,1.6);
#64=CIRCLE('',#4948,1.6);
#65=CIRCLE('',#4949,4.);
#66=CIRCLE('',#4950,3.99999999999997);
#67=CIRCLE('',#4951,4.);
#68=CIRCLE('',#4952,4.00000000000001);
#69=CIRCLE('',#4955,1.6);
#70=CIRCLE('',#4957,1.60000000000002);
#71=CIRCLE('',#4959,1.60000000000002);
#72=CIRCLE('',#4961,1.6);
#73=CIRCLE('',#4963,1.60000000000001);
#74=CIRCLE('',#4965,1.60000000000001);
#75=CIRCLE('',#4967,1.6);
#76=CIRCLE('',#4969,1.6);
#77=CIRCLE('',#4976,1.6);
#78=CIRCLE('',#4978,1.60000000000001);
#79=CIRCLE('',#4980,1.6);
#80=CIRCLE('',#4981,1.6);
#81=CIRCLE('',#4982,3.);
#82=CIRCLE('',#4983,2.99999999999997);
#83=CIRCLE('',#4984,3.);
#84=CIRCLE('',#4985,3.00000000000001);
#85=CIRCLE('',#4986,1.6);
#86=CIRCLE('',#4987,1.6);
#87=CIRCLE('',#4988,1.6);
#88=CIRCLE('',#4989,1.6);
#89=CIRCLE('',#4990,1.6);
#90=CIRCLE('',#4991,1.6);
#91=CIRCLE('',#4992,1.6);
#92=CIRCLE('',#4993,1.6);
#93=CIRCLE('',#5009,1.6);
#94=CIRCLE('',#5015,1.6);
#95=CIRCLE('',#5048,3.);
#96=CIRCLE('',#5051,3.00000000000001);
#97=CIRCLE('',#5055,3.);
#98=CIRCLE('',#5058,2.99999999999997);
#99=CIRCLE('',#5060,1.00000000000001);
#100=CIRCLE('',#5061,0.999999999999996);
#101=CIRCLE('',#5063,1.);
#102=CIRCLE('',#5065,1.00000000000001);
#103=CIRCLE('',#5067,1.00000000000001);
#104=CIRCLE('',#5069,1.00000000000003);
#105=CIRCLE('',#5071,0.999999999999999);
#106=CIRCLE('',#5073,1.00000000000001);
#107=FACE_BOUND('',#767,.T.);
#108=FACE_BOUND('',#793,.T.);
#109=FACE_BOUND('',#841,.T.);
#110=FACE_BOUND('',#842,.T.);
#111=FACE_BOUND('',#843,.T.);
#112=FACE_BOUND('',#844,.T.);
#113=FACE_BOUND('',#845,.T.);
#114=FACE_BOUND('',#846,.T.);
#115=FACE_BOUND('',#847,.T.);
#116=FACE_BOUND('',#848,.T.);
#117=FACE_BOUND('',#849,.T.);
#118=FACE_BOUND('',#850,.T.);
#119=FACE_BOUND('',#851,.T.);
#120=FACE_BOUND('',#852,.T.);
#121=FACE_BOUND('',#853,.T.);
#122=FACE_BOUND('',#854,.T.);
#123=FACE_BOUND('',#855,.T.);
#124=FACE_BOUND('',#856,.T.);
#125=FACE_BOUND('',#857,.T.);
#126=FACE_BOUND('',#858,.T.);
#127=FACE_BOUND('',#859,.T.);
#128=FACE_BOUND('',#860,.T.);
#129=FACE_BOUND('',#861,.T.);
#130=FACE_BOUND('',#862,.T.);
#131=FACE_BOUND('',#863,.T.);
#132=FACE_BOUND('',#864,.T.);
#133=FACE_BOUND('',#865,.T.);
#134=FACE_BOUND('',#866,.T.);
#135=FACE_BOUND('',#867,.T.);
#136=FACE_BOUND('',#868,.T.);
#137=FACE_BOUND('',#869,.T.);
#138=FACE_BOUND('',#870,.T.);
#139=FACE_BOUND('',#871,.T.);
#140=FACE_BOUND('',#872,.T.);
#141=FACE_BOUND('',#873,.T.);
#142=FACE_BOUND('',#891,.T.);
#143=FACE_BOUND('',#892,.T.);
#144=FACE_BOUND('',#893,.T.);
#145=FACE_BOUND('',#894,.T.);
#146=FACE_BOUND('',#895,.T.);
#147=FACE_BOUND('',#896,.T.);
#148=FACE_BOUND('',#897,.T.);
#149=FACE_BOUND('',#898,.T.);
#150=FACE_BOUND('',#899,.T.);
#151=FACE_BOUND('',#900,.T.);
#152=FACE_BOUND('',#901,.T.);
#153=FACE_BOUND('',#902,.T.);
#154=FACE_BOUND('',#903,.T.);
#155=FACE_BOUND('',#904,.T.);
#156=FACE_BOUND('',#905,.T.);
#157=FACE_BOUND('',#906,.T.);
#158=FACE_BOUND('',#907,.T.);
#159=FACE_BOUND('',#908,.T.);
#160=FACE_BOUND('',#909,.T.);
#161=FACE_BOUND('',#910,.T.);
#162=FACE_BOUND('',#911,.T.);
#163=FACE_BOUND('',#951,.T.);
#164=FACE_BOUND('',#953,.T.);
#165=B_SPLINE_CURVE_WITH_KNOTS('',3,(#6048,#6049,#6050,#6051,#6052),
 .UNSPECIFIED.,.F.,.F.,(4,1,4),(0.,0.0165935665743902,0.0388621569992368),
 .UNSPECIFIED.);
#166=B_SPLINE_CURVE_WITH_KNOTS('',3,(#6056,#6057,#6058,#6059,#6060),
 .UNSPECIFIED.,.F.,.F.,(4,1,4),(0.,0.0165935665743902,0.0388621569992368),
 .UNSPECIFIED.);
#167=B_SPLINE_CURVE_WITH_KNOTS('',3,(#6073,#6074,#6075,#6076,#6077),
 .UNSPECIFIED.,.F.,.F.,(4,1,4),(0.,0.0132659558405359,0.0267915326969121),
 .UNSPECIFIED.);
#168=B_SPLINE_CURVE_WITH_KNOTS('',3,(#6080,#6081,#6082,#6083,#6084),
 .UNSPECIFIED.,.F.,.F.,(4,1,4),(0.,0.0132659558405359,0.0267915326969121),
 .UNSPECIFIED.);
#169=B_SPLINE_CURVE_WITH_KNOTS('',3,(#6096,#6097,#6098,#6099,#6100),
 .UNSPECIFIED.,.F.,.F.,(4,1,4),(0.,0.0158865034951805,0.0298156208731238),
 .UNSPECIFIED.);
#170=B_SPLINE_CURVE_WITH_KNOTS('',3,(#6103,#6104,#6105,#6106,#6107),
 .UNSPECIFIED.,.F.,.F.,(4,1,4),(0.,0.0158865034951805,0.0298156208731238),
 .UNSPECIFIED.);
#171=B_SPLINE_CURVE_WITH_KNOTS('',3,(#6119,#6120,#6121,#6122,#6123),
 .UNSPECIFIED.,.F.,.F.,(4,1,4),(0.,0.0182934948210998,0.0356481676880902),
 .UNSPECIFIED.);
#172=B_SPLINE_CURVE_WITH_KNOTS('',3,(#6126,#6127,#6128,#6129,#6130),
 .UNSPECIFIED.,.F.,.F.,(4,1,4),(0.,0.0182934948210998,0.0356481676880902),
 .UNSPECIFIED.);
#173=B_SPLINE_CURVE_WITH_KNOTS('',3,(#6142,#6143,#6144,#6145,#6146),
 .UNSPECIFIED.,.F.,.F.,(4,1,4),(0.,0.0423723856837063,0.082926980230423),
 .UNSPECIFIED.);
#174=B_SPLINE_CURVE_WITH_KNOTS('',3,(#6149,#6150,#6151,#6152,#6153),
 .UNSPECIFIED.,.F.,.F.,(4,1,4),(0.,0.0423723856837063,0.082926980230423),
 .UNSPECIFIED.);
#175=B_SPLINE_CURVE_WITH_KNOTS('',3,(#6195,#6196,#6197,#6198,#6199),
 .UNSPECIFIED.,.F.,.F.,(4,1,4),(0.,0.0195170484598815,0.0502324308235627),
 .UNSPECIFIED.);
#176=B_SPLINE_CURVE_WITH_KNOTS('',3,(#6202,#6203,#6204,#6205,#6206),
 .UNSPECIFIED.,.F.,.F.,(4,1,4),(0.,0.0195170484598815,0.0502324308235627),
 .UNSPECIFIED.);
#177=B_SPLINE_CURVE_WITH_KNOTS('',3,(#6218,#6219,#6220,#6221,#6222),
 .UNSPECIFIED.,.F.,.F.,(4,1,4),(0.,0.0138050952406502,0.0274993293937481),
 .UNSPECIFIED.);
#178=B_SPLINE_CURVE_WITH_KNOTS('',3,(#6225,#6226,#6227,#6228,#6229),
 .UNSPECIFIED.,.F.,.F.,(4,1,4),(0.,0.0138050952406502,0.0274993293937481),
 .UNSPECIFIED.);
#179=B_SPLINE_CURVE_WITH_KNOTS('',3,(#6241,#6242,#6243,#6244,#6245),
 .UNSPECIFIED.,.F.,.F.,(4,1,4),(0.,0.0143181100727275,0.0283668988017896),
 .UNSPECIFIED.);
#180=B_SPLINE_CURVE_WITH_KNOTS('',3,(#6248,#6249,#6250,#6251,#6252),
 .UNSPECIFIED.,.F.,.F.,(4,1,4),(0.,0.0143181100727275,0.0283668988017896),
 .UNSPECIFIED.);
#181=B_SPLINE_CURVE_WITH_KNOTS('',3,(#6264,#6265,#6266,#6267,#6268),
 .UNSPECIFIED.,.F.,.F.,(4,1,4),(0.,0.0100925313503835,0.0210073211943207),
 .UNSPECIFIED.);
#182=B_SPLINE_CURVE_WITH_KNOTS('',3,(#6271,#6272,#6273,#6274,#6275),
 .UNSPECIFIED.,.F.,.F.,(4,1,4),(0.,0.0100925313503835,0.0210073211943207),
 .UNSPECIFIED.);
#183=B_SPLINE_CURVE_WITH_KNOTS('',3,(#6287,#6288,#6289,#6290,#6291),
 .UNSPECIFIED.,.F.,.F.,(4,1,4),(0.,0.0103779639734129,0.0202917103155759),
 .UNSPECIFIED.);
#184=B_SPLINE_CURVE_WITH_KNOTS('',3,(#6294,#6295,#6296,#6297,#6298),
 .UNSPECIFIED.,.F.,.F.,(4,1,4),(0.,0.0103779639734129,0.0202917103155759),
 .UNSPECIFIED.);
#185=B_SPLINE_CURVE_WITH_KNOTS('',3,(#6310,#6311,#6312,#6313,#6314),
 .UNSPECIFIED.,.F.,.F.,(4,1,4),(0.,0.0289966662563629,0.0457757501020475),
 .UNSPECIFIED.);
#186=B_SPLINE_CURVE_WITH_KNOTS('',3,(#6317,#6318,#6319,#6320,#6321),
 .UNSPECIFIED.,.F.,.F.,(4,1,4),(0.,0.0289966662563629,0.0457757501020475),
 .UNSPECIFIED.);
#187=B_SPLINE_CURVE_WITH_KNOTS('',3,(#6350,#6351,#6352,#6353,#6354),
 .UNSPECIFIED.,.F.,.F.,(4,1,4),(0.,0.0400307561194657,0.0734026171156189),
 .UNSPECIFIED.);
#188=B_SPLINE_CURVE_WITH_KNOTS('',3,(#6358,#6359,#6360,#6361,#6362),
 .UNSPECIFIED.,.F.,.F.,(4,1,4),(0.,0.0400307561194657,0.0734026171156189),
 .UNSPECIFIED.);
#189=B_SPLINE_CURVE_WITH_KNOTS('',3,(#6375,#6376,#6377,#6378,#6379),
 .UNSPECIFIED.,.F.,.F.,(4,1,4),(0.,0.0348954818284724,0.0781532903429734),
 .UNSPECIFIED.);
#190=B_SPLINE_CURVE_WITH_KNOTS('',3,(#6382,#6383,#6384,#6385,#6386),
 .UNSPECIFIED.,.F.,.F.,(4,1,4),(0.,0.0348954818284724,0.0781532903429734),
 .UNSPECIFIED.);
#191=B_SPLINE_CURVE_WITH_KNOTS('',3,(#6398,#6399,#6400,#6401,#6402),
 .UNSPECIFIED.,.F.,.F.,(4,1,4),(0.,0.0284722446014655,0.0585858518306165),
 .UNSPECIFIED.);
#192=B_SPLINE_CURVE_WITH_KNOTS('',3,(#6405,#6406,#6407,#6408,#6409),
 .UNSPECIFIED.,.F.,.F.,(4,1,4),(0.,0.0284722446014655,0.0585858518306165),
 .UNSPECIFIED.);
#193=B_SPLINE_CURVE_WITH_KNOTS('',3,(#6421,#6422,#6423,#6424,#6425),
 .UNSPECIFIED.,.F.,.F.,(4,1,4),(0.,0.0227979276922905,0.0476127909270642),
 .UNSPECIFIED.);
#194=B_SPLINE_CURVE_WITH_KNOTS('',3,(#6428,#6429,#6430,#6431,#6432),
 .UNSPECIFIED.,.F.,.F.,(4,1,4),(0.,0.0227979276922905,0.0476127909270642),
 .UNSPECIFIED.);
#195=B_SPLINE_CURVE_WITH_KNOTS('',3,(#6444,#6445,#6446,#6447,#6448),
 .UNSPECIFIED.,.F.,.F.,(4,1,4),(0.,0.0407010688276695,0.0694645620472771),
 .UNSPECIFIED.);
#196=B_SPLINE_CURVE_WITH_KNOTS('',3,(#6451,#6452,#6453,#6454,#6455),
 .UNSPECIFIED.,.F.,.F.,(4,1,4),(0.,0.0407010688276695,0.0694645620472771),
 .UNSPECIFIED.);
#197=B_SPLINE_CURVE_WITH_KNOTS('',3,(#6467,#6468,#6469,#6470,#6471),
 .UNSPECIFIED.,.F.,.F.,(4,1,4),(0.,0.018643949108674,0.0562031679658641),
 .UNSPECIFIED.);
#198=B_SPLINE_CURVE_WITH_KNOTS('',3,(#6474,#6475,#6476,#6477,#6478),
 .UNSPECIFIED.,.F.,.F.,(4,1,4),(0.,0.018643949108674,0.0562031679658641),
 .UNSPECIFIED.);
#199=B_SPLINE_CURVE_WITH_KNOTS('',3,(#6490,#6491,#6492,#6493,#6494),
 .UNSPECIFIED.,.F.,.F.,(4,1,4),(0.,0.00585664457125439,0.0122679440602772),
 .UNSPECIFIED.);
#200=B_SPLINE_CURVE_WITH_KNOTS('',3,(#6497,#6498,#6499,#6500,#6501),
 .UNSPECIFIED.,.F.,.F.,(4,1,4),(0.,0.00585664457125439,0.0122679440602772),
 .UNSPECIFIED.);
#201=B_SPLINE_CURVE_WITH_KNOTS('',3,(#6513,#6514,#6515,#6516,#6517),
 .UNSPECIFIED.,.F.,.F.,(4,1,4),(0.,0.00712873966494428,0.0138291074814686),
 .UNSPECIFIED.);
#202=B_SPLINE_CURVE_WITH_KNOTS('',3,(#6520,#6521,#6522,#6523,#6524),
 .UNSPECIFIED.,.F.,.F.,(4,1,4),(0.,0.00712873966494428,0.0138291074814686),
 .UNSPECIFIED.);
#203=B_SPLINE_CURVE_WITH_KNOTS('',3,(#6536,#6537,#6538,#6539,#6540),
 .UNSPECIFIED.,.F.,.F.,(4,1,4),(0.,0.0195560877431754,0.0334424124114565),
 .UNSPECIFIED.);
#204=B_SPLINE_CURVE_WITH_KNOTS('',3,(#6543,#6544,#6545,#6546,#6547),
 .UNSPECIFIED.,.F.,.F.,(4,1,4),(0.,0.0195560877431754,0.0334424124114565),
 .UNSPECIFIED.);
#205=B_SPLINE_CURVE_WITH_KNOTS('',3,(#6559,#6560,#6561,#6562,#6563),
 .UNSPECIFIED.,.F.,.F.,(4,1,4),(0.,0.0128338705701353,0.0288594188712697),
 .UNSPECIFIED.);
#206=B_SPLINE_CURVE_WITH_KNOTS('',3,(#6566,#6567,#6568,#6569,#6570),
 .UNSPECIFIED.,.F.,.F.,(4,1,4),(0.,0.0128338705701353,0.0288594188712697),
 .UNSPECIFIED.);
#207=B_SPLINE_CURVE_WITH_KNOTS('',3,(#6582,#6583,#6584,#6585,#6586),
 .UNSPECIFIED.,.F.,.F.,(4,1,4),(0.,0.0122850776348601,0.0238793816703381),
 .UNSPECIFIED.);
#208=B_SPLINE_CURVE_WITH_KNOTS('',3,(#6589,#6590,#6591,#6592,#6593),
 .UNSPECIFIED.,.F.,.F.,(4,1,4),(0.,0.0122850776348601,0.0238793816703381),
 .UNSPECIFIED.);
#209=B_SPLINE_CURVE_WITH_KNOTS('',3,(#6611,#6612,#6613,#6614,#6615),
 .UNSPECIFIED.,.F.,.F.,(4,1,4),(0.,0.0256853744995974,0.0531986011998985),
 .UNSPECIFIED.);
#210=B_SPLINE_CURVE_WITH_KNOTS('',3,(#6618,#6619,#6620,#6621,#6622),
 .UNSPECIFIED.,.F.,.F.,(4,1,4),(0.,0.0256853744995974,0.0531986011998985),
 .UNSPECIFIED.);
#211=B_SPLINE_CURVE_WITH_KNOTS('',3,(#6634,#6635,#6636,#6637,#6638),
 .UNSPECIFIED.,.F.,.F.,(4,1,4),(0.,0.0390505991042268,0.0685581104825036),
 .UNSPECIFIED.);
#212=B_SPLINE_CURVE_WITH_KNOTS('',3,(#6641,#6642,#6643,#6644,#6645),
 .UNSPECIFIED.,.F.,.F.,(4,1,4),(0.,0.0390505991042268,0.0685581104825036),
 .UNSPECIFIED.);
#213=B_SPLINE_CURVE_WITH_KNOTS('',3,(#6657,#6658,#6659,#6660,#6661),
 .UNSPECIFIED.,.F.,.F.,(4,1,4),(0.,0.031894224538949,0.0729000406955132),
 .UNSPECIFIED.);
#214=B_SPLINE_CURVE_WITH_KNOTS('',3,(#6664,#6665,#6666,#6667,#6668),
 .UNSPECIFIED.,.F.,.F.,(4,1,4),(0.,0.031894224538949,0.0729000406955132),
 .UNSPECIFIED.);
#215=B_SPLINE_CURVE_WITH_KNOTS('',3,(#6680,#6681,#6682,#6683,#6684),
 .UNSPECIFIED.,.F.,.F.,(4,1,4),(0.,0.0265805744678504,0.0538123115211872),
 .UNSPECIFIED.);
#216=B_SPLINE_CURVE_WITH_KNOTS('',3,(#6687,#6688,#6689,#6690,#6691),
 .UNSPECIFIED.,.F.,.F.,(4,1,4),(0.,0.0265805744678504,0.0538123115211872),
 .UNSPECIFIED.);
#217=B_SPLINE_CURVE_WITH_KNOTS('',3,(#6703,#6704,#6705,#6706,#6707),
 .UNSPECIFIED.,.F.,.F.,(4,1,4),(0.,0.0285673927225521,0.0571847067344446),
 .UNSPECIFIED.);
#218=B_SPLINE_CURVE_WITH_KNOTS('',3,(#6710,#6711,#6712,#6713,#6714),
 .UNSPECIFIED.,.F.,.F.,(4,1,4),(0.,0.0285673927225521,0.0571847067344446),
 .UNSPECIFIED.);
#219=B_SPLINE_CURVE_WITH_KNOTS('',3,(#6726,#6727,#6728,#6729,#6730),
 .UNSPECIFIED.,.F.,.F.,(4,1,4),(0.,0.0587041150160029,0.0927894722869623),
 .UNSPECIFIED.);
#220=B_SPLINE_CURVE_WITH_KNOTS('',3,(#6733,#6734,#6735,#6736,#6737),
 .UNSPECIFIED.,.F.,.F.,(4,1,4),(0.,0.0587041150160029,0.0927894722869623),
 .UNSPECIFIED.);
#221=B_SPLINE_CURVE_WITH_KNOTS('',3,(#6749,#6750,#6751,#6752,#6753),
 .UNSPECIFIED.,.F.,.F.,(4,1,4),(0.,0.00799552441928122,0.0207996553427301),
 .UNSPECIFIED.);
#222=B_SPLINE_CURVE_WITH_KNOTS('',3,(#6756,#6757,#6758,#6759,#6760),
 .UNSPECIFIED.,.F.,.F.,(4,1,4),(0.,0.00799552441928122,0.0207996553427301),
 .UNSPECIFIED.);
#223=B_SPLINE_CURVE_WITH_KNOTS('',3,(#6772,#6773,#6774,#6775,#6776),
 .UNSPECIFIED.,.F.,.F.,(4,1,4),(0.,0.00607241782508351,0.0118209246259856),
 .UNSPECIFIED.);
#224=B_SPLINE_CURVE_WITH_KNOTS('',3,(#6779,#6780,#6781,#6782,#6783),
 .UNSPECIFIED.,.F.,.F.,(4,1,4),(0.,0.00607241782508351,0.0118209246259856),
 .UNSPECIFIED.);
#225=B_SPLINE_CURVE_WITH_KNOTS('',3,(#6795,#6796,#6797,#6798,#6799),
 .UNSPECIFIED.,.F.,.F.,(4,1,4),(0.,0.00878425817530929,0.017635084468347),
 .UNSPECIFIED.);
#226=B_SPLINE_CURVE_WITH_KNOTS('',3,(#6802,#6803,#6804,#6805,#6806),
 .UNSPECIFIED.,.F.,.F.,(4,1,4),(0.,0.00878425817530929,0.017635084468347),
 .UNSPECIFIED.);
#227=B_SPLINE_CURVE_WITH_KNOTS('',3,(#6818,#6819,#6820,#6821,#6822),
 .UNSPECIFIED.,.F.,.F.,(4,1,4),(0.,0.0196497772449493,0.0349529979292196),
 .UNSPECIFIED.);
#228=B_SPLINE_CURVE_WITH_KNOTS('',3,(#6825,#6826,#6827,#6828,#6829),
 .UNSPECIFIED.,.F.,.F.,(4,1,4),(0.,0.0196497772449493,0.0349529979292196),
 .UNSPECIFIED.);
#229=B_SPLINE_CURVE_WITH_KNOTS('',3,(#6841,#6842,#6843,#6844,#6845),
 .UNSPECIFIED.,.F.,.F.,(4,1,4),(0.,0.0149987775575832,0.0331378056800217),
 .UNSPECIFIED.);
#230=B_SPLINE_CURVE_WITH_KNOTS('',3,(#6848,#6849,#6850,#6851,#6852),
 .UNSPECIFIED.,.F.,.F.,(4,1,4),(0.,0.0149987775575832,0.0331378056800217),
 .UNSPECIFIED.);
#231=B_SPLINE_CURVE_WITH_KNOTS('',3,(#6864,#6865,#6866,#6867,#6868),
 .UNSPECIFIED.,.F.,.F.,(4,1,4),(0.,0.0157778314034788,0.0300090100162944),
 .UNSPECIFIED.);
#232=B_SPLINE_CURVE_WITH_KNOTS('',3,(#6871,#6872,#6873,#6874,#6875),
 .UNSPECIFIED.,.F.,.F.,(4,1,4),(0.,0.0157778314034788,0.0300090100162944),
 .UNSPECIFIED.);
#233=B_SPLINE_CURVE_WITH_KNOTS('',3,(#6892,#6893,#6894,#6895,#6896),
 .UNSPECIFIED.,.F.,.F.,(4,1,4),(0.,0.0301522898284367,0.0605039864367817),
 .UNSPECIFIED.);
#234=B_SPLINE_CURVE_WITH_KNOTS('',3,(#6897,#6898,#6899,#6900,#6901),
 .UNSPECIFIED.,.F.,.F.,(4,1,4),(0.,0.0301522898284367,0.0605039864367817),
 .UNSPECIFIED.);
#235=B_SPLINE_CURVE_WITH_KNOTS('',3,(#7019,#7020,#7021,#7022,#7023),
 .UNSPECIFIED.,.F.,.F.,(4,1,4),(0.,0.0185800095064574,0.0398585585679854),
 .UNSPECIFIED.);
#236=B_SPLINE_CURVE_WITH_KNOTS('',3,(#7027,#7028,#7029,#7030,#7031),
 .UNSPECIFIED.,.F.,.F.,(4,1,4),(0.,0.0185800095064574,0.0398585585679854),
 .UNSPECIFIED.);
#237=B_SPLINE_CURVE_WITH_KNOTS('',3,(#7044,#7045,#7046,#7047,#7048),
 .UNSPECIFIED.,.F.,.F.,(4,1,4),(0.,0.0175284005364068,0.0348306807515009),
 .UNSPECIFIED.);
#238=B_SPLINE_CURVE_WITH_KNOTS('',3,(#7051,#7052,#7053,#7054,#7055),
 .UNSPECIFIED.,.F.,.F.,(4,1,4),(0.,0.0175284005364068,0.0348306807515009),
 .UNSPECIFIED.);
#239=B_SPLINE_CURVE_WITH_KNOTS('',3,(#7067,#7068,#7069,#7070,#7071),
 .UNSPECIFIED.,.F.,.F.,(4,1,4),(0.,0.0167383209958797,0.033328244985448),
 .UNSPECIFIED.);
#240=B_SPLINE_CURVE_WITH_KNOTS('',3,(#7074,#7075,#7076,#7077,#7078),
 .UNSPECIFIED.,.F.,.F.,(4,1,4),(0.,0.0167383209958797,0.033328244985448),
 .UNSPECIFIED.);
#241=B_SPLINE_CURVE_WITH_KNOTS('',3,(#7090,#7091,#7092,#7093,#7094),
 .UNSPECIFIED.,.F.,.F.,(4,1,4),(0.,0.022254761710291,0.0407817154852409),
 .UNSPECIFIED.);
#242=B_SPLINE_CURVE_WITH_KNOTS('',3,(#7097,#7098,#7099,#7100,#7101),
 .UNSPECIFIED.,.F.,.F.,(4,1,4),(0.,0.022254761710291,0.0407817154852409),
 .UNSPECIFIED.);
#243=B_SPLINE_CURVE_WITH_KNOTS('',3,(#7117,#7118,#7119,#7120,#7121),
 .UNSPECIFIED.,.F.,.F.,(4,1,4),(0.,0.0125673139909734,0.024241071856269),
 .UNSPECIFIED.);
#244=B_SPLINE_CURVE_WITH_KNOTS('',3,(#7125,#7126,#7127,#7128,#7129),
 .UNSPECIFIED.,.F.,.F.,(4,1,4),(0.,0.0125673139909734,0.024241071856269),
 .UNSPECIFIED.);
#245=B_SPLINE_CURVE_WITH_KNOTS('',3,(#7142,#7143,#7144,#7145,#7146),
 .UNSPECIFIED.,.F.,.F.,(4,1,4),(0.,0.0183557490062601,0.0369123583210675),
 .UNSPECIFIED.);
#246=B_SPLINE_CURVE_WITH_KNOTS('',3,(#7149,#7150,#7151,#7152,#7153),
 .UNSPECIFIED.,.F.,.F.,(4,1,4),(0.,0.0183557490062601,0.0369123583210675),
 .UNSPECIFIED.);
#247=B_SPLINE_CURVE_WITH_KNOTS('',3,(#7165,#7166,#7167,#7168,#7169),
 .UNSPECIFIED.,.F.,.F.,(4,1,4),(0.,0.023053425441099,0.042895739155594),
 .UNSPECIFIED.);
#248=B_SPLINE_CURVE_WITH_KNOTS('',3,(#7172,#7173,#7174,#7175,#7176),
 .UNSPECIFIED.,.F.,.F.,(4,1,4),(0.,0.023053425441099,0.042895739155594),
 .UNSPECIFIED.);
#249=B_SPLINE_CURVE_WITH_KNOTS('',3,(#7194,#7195,#7196,#7197,#7198),
 .UNSPECIFIED.,.F.,.F.,(4,1,4),(0.,0.0455314996981298,0.103432709183781),
 .UNSPECIFIED.);
#250=B_SPLINE_CURVE_WITH_KNOTS('',3,(#7201,#7202,#7203,#7204,#7205),
 .UNSPECIFIED.,.F.,.F.,(4,1,4),(0.,0.0455314996981298,0.103432709183781),
 .UNSPECIFIED.);
#251=B_SPLINE_CURVE_WITH_KNOTS('',3,(#7217,#7218,#7219,#7220,#7221),
 .UNSPECIFIED.,.F.,.F.,(4,1,4),(0.,0.0441157401403518,0.0850542309066106),
 .UNSPECIFIED.);
#252=B_SPLINE_CURVE_WITH_KNOTS('',3,(#7224,#7225,#7226,#7227,#7228),
 .UNSPECIFIED.,.F.,.F.,(4,1,4),(0.,0.0441157401403518,0.0850542309066106),
 .UNSPECIFIED.);
#253=B_SPLINE_CURVE_WITH_KNOTS('',3,(#7240,#7241,#7242,#7243,#7244),
 .UNSPECIFIED.,.F.,.F.,(4,1,4),(0.,0.0393555905762864,0.0795342414655737),
 .UNSPECIFIED.);
#254=B_SPLINE_CURVE_WITH_KNOTS('',3,(#7247,#7248,#7249,#7250,#7251),
 .UNSPECIFIED.,.F.,.F.,(4,1,4),(0.,0.0393555905762864,0.0795342414655737),
 .UNSPECIFIED.);
#255=B_SPLINE_CURVE_WITH_KNOTS('',3,(#7263,#7264,#7265,#7266,#7267),
 .UNSPECIFIED.,.F.,.F.,(4,1,4),(0.,0.0486814164185223,0.0908394410885537),
 .UNSPECIFIED.);
#256=B_SPLINE_CURVE_WITH_KNOTS('',3,(#7270,#7271,#7272,#7273,#7274),
 .UNSPECIFIED.,.F.,.F.,(4,1,4),(0.,0.0486814164185223,0.0908394410885537),
 .UNSPECIFIED.);
#257=B_SPLINE_CURVE_WITH_KNOTS('',3,(#7286,#7287,#7288,#7289,#7290),
 .UNSPECIFIED.,.F.,.F.,(4,1,4),(0.,0.0372295421077013,0.078913982598869),
 .UNSPECIFIED.);
#258=B_SPLINE_CURVE_WITH_KNOTS('',3,(#7293,#7294,#7295,#7296,#7297),
 .UNSPECIFIED.,.F.,.F.,(4,1,4),(0.,0.0372295421077013,0.078913982598869),
 .UNSPECIFIED.);
#259=B_SPLINE_CURVE_WITH_KNOTS('',3,(#7309,#7310,#7311,#7312,#7313),
 .UNSPECIFIED.,.F.,.F.,(4,1,4),(0.,0.0501796102911892,0.0945391395781956),
 .UNSPECIFIED.);
#260=B_SPLINE_CURVE_WITH_KNOTS('',3,(#7316,#7317,#7318,#7319,#7320),
 .UNSPECIFIED.,.F.,.F.,(4,1,4),(0.,0.0501796102911892,0.0945391395781956),
 .UNSPECIFIED.);
#261=B_SPLINE_CURVE_WITH_KNOTS('',3,(#7332,#7333,#7334,#7335,#7336),
 .UNSPECIFIED.,.F.,.F.,(4,1,4),(0.,0.0295408395015626,0.0626170219154125),
 .UNSPECIFIED.);
#262=B_SPLINE_CURVE_WITH_KNOTS('',3,(#7339,#7340,#7341,#7342,#7343),
 .UNSPECIFIED.,.F.,.F.,(4,1,4),(0.,0.0295408395015626,0.0626170219154125),
 .UNSPECIFIED.);
#263=B_SPLINE_CURVE_WITH_KNOTS('',3,(#7355,#7356,#7357,#7358,#7359),
 .UNSPECIFIED.,.F.,.F.,(4,1,4),(0.,0.0311976089301807,0.0601030281901483),
 .UNSPECIFIED.);
#264=B_SPLINE_CURVE_WITH_KNOTS('',3,(#7362,#7363,#7364,#7365,#7366),
 .UNSPECIFIED.,.F.,.F.,(4,1,4),(0.,0.0311976089301807,0.0601030281901483),
 .UNSPECIFIED.);
#265=B_SPLINE_CURVE_WITH_KNOTS('',3,(#7383,#7384,#7385,#7386,#7387),
 .UNSPECIFIED.,.F.,.F.,(4,1,4),(0.,0.012563725987426,0.0278407092791917),
 .UNSPECIFIED.);
#266=B_SPLINE_CURVE_WITH_KNOTS('',3,(#7388,#7389,#7390,#7391,#7392),
 .UNSPECIFIED.,.F.,.F.,(4,1,4),(0.,0.012563725987426,0.0278407092791917),
 .UNSPECIFIED.);
#267=B_SPLINE_CURVE_WITH_KNOTS('',3,(#7431,#7432,#7433,#7434,#7435),
 .UNSPECIFIED.,.F.,.F.,(4,1,4),(0.,0.018579774489066,0.039858323550594),
 .UNSPECIFIED.);
#268=B_SPLINE_CURVE_WITH_KNOTS('',3,(#7439,#7440,#7441,#7442,#7443),
 .UNSPECIFIED.,.F.,.F.,(4,1,4),(0.,0.018579774489066,0.039858323550594),
 .UNSPECIFIED.);
#269=B_SPLINE_CURVE_WITH_KNOTS('',3,(#7456,#7457,#7458,#7459,#7460),
 .UNSPECIFIED.,.F.,.F.,(4,1,4),(0.,0.0175279329057958,0.0348305966113125),
 .UNSPECIFIED.);
#270=B_SPLINE_CURVE_WITH_KNOTS('',3,(#7463,#7464,#7465,#7466,#7467),
 .UNSPECIFIED.,.F.,.F.,(4,1,4),(0.,0.0175279329057958,0.0348305966113125),
 .UNSPECIFIED.);
#271=B_SPLINE_CURVE_WITH_KNOTS('',3,(#7479,#7480,#7481,#7482,#7483),
 .UNSPECIFIED.,.F.,.F.,(4,1,4),(0.,0.0167383209958797,0.033328244985448),
 .UNSPECIFIED.);
#272=B_SPLINE_CURVE_WITH_KNOTS('',3,(#7486,#7487,#7488,#7489,#7490),
 .UNSPECIFIED.,.F.,.F.,(4,1,4),(0.,0.0167383209958797,0.033328244985448),
 .UNSPECIFIED.);
#273=B_SPLINE_CURVE_WITH_KNOTS('',3,(#7502,#7503,#7504,#7505,#7506),
 .UNSPECIFIED.,.F.,.F.,(4,1,4),(0.,0.022254761710291,0.0407817154852409),
 .UNSPECIFIED.);
#274=B_SPLINE_CURVE_WITH_KNOTS('',3,(#7509,#7510,#7511,#7512,#7513),
 .UNSPECIFIED.,.F.,.F.,(4,1,4),(0.,0.022254761710291,0.0407817154852409),
 .UNSPECIFIED.);
#275=B_SPLINE_CURVE_WITH_KNOTS('',3,(#7529,#7530,#7531,#7532,#7533),
 .UNSPECIFIED.,.F.,.F.,(4,1,4),(0.,0.0125677856797955,0.0242411234990979),
 .UNSPECIFIED.);
#276=B_SPLINE_CURVE_WITH_KNOTS('',3,(#7537,#7538,#7539,#7540,#7541),
 .UNSPECIFIED.,.F.,.F.,(4,1,4),(0.,0.0125677856797955,0.0242411234990979),
 .UNSPECIFIED.);
#277=B_SPLINE_CURVE_WITH_KNOTS('',3,(#7554,#7555,#7556,#7557,#7558),
 .UNSPECIFIED.,.F.,.F.,(4,1,4),(0.,0.0183557490062601,0.0369123583210675),
 .UNSPECIFIED.);
#278=B_SPLINE_CURVE_WITH_KNOTS('',3,(#7561,#7562,#7563,#7564,#7565),
 .UNSPECIFIED.,.F.,.F.,(4,1,4),(0.,0.0183557490062601,0.0369123583210675),
 .UNSPECIFIED.);
#279=B_SPLINE_CURVE_WITH_KNOTS('',3,(#7577,#7578,#7579,#7580,#7581),
 .UNSPECIFIED.,.F.,.F.,(4,1,4),(0.,0.023053464593088,0.0428956565908215),
 .UNSPECIFIED.);
#280=B_SPLINE_CURVE_WITH_KNOTS('',3,(#7584,#7585,#7586,#7587,#7588),
 .UNSPECIFIED.,.F.,.F.,(4,1,4),(0.,0.023053464593088,0.0428956565908215),
 .UNSPECIFIED.);
#281=B_SPLINE_CURVE_WITH_KNOTS('',3,(#7606,#7607,#7608,#7609,#7610),
 .UNSPECIFIED.,.F.,.F.,(4,1,4),(0.,0.0455314996981298,0.10343268411478),
 .UNSPECIFIED.);
#282=B_SPLINE_CURVE_WITH_KNOTS('',3,(#7613,#7614,#7615,#7616,#7617),
 .UNSPECIFIED.,.F.,.F.,(4,1,4),(0.,0.0455314996981298,0.10343268411478),
 .UNSPECIFIED.);
#283=B_SPLINE_CURVE_WITH_KNOTS('',3,(#7629,#7630,#7631,#7632,#7633),
 .UNSPECIFIED.,.F.,.F.,(4,1,4),(0.,0.0441159745995967,0.0850542722968445),
 .UNSPECIFIED.);
#284=B_SPLINE_CURVE_WITH_KNOTS('',3,(#7636,#7637,#7638,#7639,#7640),
 .UNSPECIFIED.,.F.,.F.,(4,1,4),(0.,0.0441159745995967,0.0850542722968445),
 .UNSPECIFIED.);
#285=B_SPLINE_CURVE_WITH_KNOTS('',3,(#7652,#7653,#7654,#7655,#7656),
 .UNSPECIFIED.,.F.,.F.,(4,1,4),(0.,0.0393555905762864,0.0795344755246085),
 .UNSPECIFIED.);
#286=B_SPLINE_CURVE_WITH_KNOTS('',3,(#7659,#7660,#7661,#7662,#7663),
 .UNSPECIFIED.,.F.,.F.,(4,1,4),(0.,0.0393555905762864,0.0795344755246085),
 .UNSPECIFIED.);
#287=B_SPLINE_CURVE_WITH_KNOTS('',3,(#7675,#7676,#7677,#7678,#7679),
 .UNSPECIFIED.,.F.,.F.,(4,1,4),(0.,0.0486813818422996,0.090839406512331),
 .UNSPECIFIED.);
#288=B_SPLINE_CURVE_WITH_KNOTS('',3,(#7682,#7683,#7684,#7685,#7686),
 .UNSPECIFIED.,.F.,.F.,(4,1,4),(0.,0.0486813818422996,0.090839406512331),
 .UNSPECIFIED.);
#289=B_SPLINE_CURVE_WITH_KNOTS('',3,(#7698,#7699,#7700,#7701,#7702),
 .UNSPECIFIED.,.F.,.F.,(4,1,4),(0.,0.0372293357002279,0.0789138069153338),
 .UNSPECIFIED.);
#290=B_SPLINE_CURVE_WITH_KNOTS('',3,(#7705,#7706,#7707,#7708,#7709),
 .UNSPECIFIED.,.F.,.F.,(4,1,4),(0.,0.0372293357002279,0.0789138069153338),
 .UNSPECIFIED.);
#291=B_SPLINE_CURVE_WITH_KNOTS('',3,(#7721,#7722,#7723,#7724,#7725),
 .UNSPECIFIED.,.F.,.F.,(4,1,4),(0.,0.0501796102911892,0.0945391395781956),
 .UNSPECIFIED.);
#292=B_SPLINE_CURVE_WITH_KNOTS('',3,(#7728,#7729,#7730,#7731,#7732),
 .UNSPECIFIED.,.F.,.F.,(4,1,4),(0.,0.0501796102911892,0.0945391395781956),
 .UNSPECIFIED.);
#293=B_SPLINE_CURVE_WITH_KNOTS('',3,(#7744,#7745,#7746,#7747,#7748),
 .UNSPECIFIED.,.F.,.F.,(4,1,4),(0.,0.0295410560663082,0.062617238480158),
 .UNSPECIFIED.);
#294=B_SPLINE_CURVE_WITH_KNOTS('',3,(#7751,#7752,#7753,#7754,#7755),
 .UNSPECIFIED.,.F.,.F.,(4,1,4),(0.,0.0295410560663082,0.062617238480158),
 .UNSPECIFIED.);
#295=B_SPLINE_CURVE_WITH_KNOTS('',3,(#7767,#7768,#7769,#7770,#7771),
 .UNSPECIFIED.,.F.,.F.,(4,1,4),(0.,0.0311976089301807,0.0601031984568645),
 .UNSPECIFIED.);
#296=B_SPLINE_CURVE_WITH_KNOTS('',3,(#7774,#7775,#7776,#7777,#7778),
 .UNSPECIFIED.,.F.,.F.,(4,1,4),(0.,0.0311976089301807,0.0601031984568645),
 .UNSPECIFIED.);
#297=B_SPLINE_CURVE_WITH_KNOTS('',3,(#7795,#7796,#7797,#7798,#7799),
 .UNSPECIFIED.,.F.,.F.,(4,1,4),(0.,0.0125635725932324,0.0278407379155153),
 .UNSPECIFIED.);
#298=B_SPLINE_CURVE_WITH_KNOTS('',3,(#7800,#7801,#7802,#7803,#7804),
 .UNSPECIFIED.,.F.,.F.,(4,1,4),(0.,0.0125635725932324,0.0278407379155153),
 .UNSPECIFIED.);
#299=B_SPLINE_CURVE_WITH_KNOTS('',3,(#7818,#7819,#7820,#7821,#7822),
 .UNSPECIFIED.,.F.,.F.,(4,1,4),(0.,0.0271505846735172,0.073107662051632),
 .UNSPECIFIED.);
#300=B_SPLINE_CURVE_WITH_KNOTS('',3,(#7826,#7827,#7828,#7829,#7830),
 .UNSPECIFIED.,.F.,.F.,(4,1,4),(0.,0.0271505846735172,0.073107662051632),
 .UNSPECIFIED.);
#301=B_SPLINE_CURVE_WITH_KNOTS('',3,(#7843,#7844,#7845,#7846,#7847),
 .UNSPECIFIED.,.F.,.F.,(4,1,4),(0.,0.011972619749939,0.027748574344083),
 .UNSPECIFIED.);
#302=B_SPLINE_CURVE_WITH_KNOTS('',3,(#7850,#7851,#7852,#7853,#7854),
 .UNSPECIFIED.,.F.,.F.,(4,1,4),(0.,0.011972619749939,0.027748574344083),
 .UNSPECIFIED.);
#303=B_SPLINE_CURVE_WITH_KNOTS('',3,(#7866,#7867,#7868,#7869,#7870),
 .UNSPECIFIED.,.F.,.F.,(4,1,4),(0.,0.0112759914776425,0.0218387385261892),
 .UNSPECIFIED.);
#304=B_SPLINE_CURVE_WITH_KNOTS('',3,(#7873,#7874,#7875,#7876,#7877),
 .UNSPECIFIED.,.F.,.F.,(4,1,4),(0.,0.0112759914776425,0.0218387385261892),
 .UNSPECIFIED.);
#305=B_SPLINE_CURVE_WITH_KNOTS('',3,(#7889,#7890,#7891,#7892,#7893),
 .UNSPECIFIED.,.F.,.F.,(4,1,4),(0.,0.0156954964323389,0.0289016533793158),
 .UNSPECIFIED.);
#306=B_SPLINE_CURVE_WITH_KNOTS('',3,(#7896,#7897,#7898,#7899,#7900),
 .UNSPECIFIED.,.F.,.F.,(4,1,4),(0.,0.0156954964323389,0.0289016533793158),
 .UNSPECIFIED.);
#307=B_SPLINE_CURVE_WITH_KNOTS('',3,(#7918,#7919,#7920,#7921,#7922),
 .UNSPECIFIED.,.F.,.F.,(4,1,4),(0.,0.0194767646420696,0.039751039493063),
 .UNSPECIFIED.);
#308=B_SPLINE_CURVE_WITH_KNOTS('',3,(#7925,#7926,#7927,#7928,#7929),
 .UNSPECIFIED.,.F.,.F.,(4,1,4),(0.,0.0194767646420696,0.039751039493063),
 .UNSPECIFIED.);
#309=B_SPLINE_CURVE_WITH_KNOTS('',3,(#7941,#7942,#7943,#7944,#7945),
 .UNSPECIFIED.,.F.,.F.,(4,1,4),(0.,0.0128015051684948,0.026089419482505),
 .UNSPECIFIED.);
#310=B_SPLINE_CURVE_WITH_KNOTS('',3,(#7948,#7949,#7950,#7951,#7952),
 .UNSPECIFIED.,.F.,.F.,(4,1,4),(0.,0.0128015051684948,0.026089419482505),
 .UNSPECIFIED.);
#311=B_SPLINE_CURVE_WITH_KNOTS('',3,(#7964,#7965,#7966,#7967,#7968),
 .UNSPECIFIED.,.F.,.F.,(4,1,4),(0.,0.0223468010136951,0.038151372903174),
 .UNSPECIFIED.);
#312=B_SPLINE_CURVE_WITH_KNOTS('',3,(#7971,#7972,#7973,#7974,#7975),
 .UNSPECIFIED.,.F.,.F.,(4,1,4),(0.,0.0223468010136951,0.038151372903174),
 .UNSPECIFIED.);
#313=B_SPLINE_CURVE_WITH_KNOTS('',3,(#8036,#8037,#8038,#8039,#8040),
 .UNSPECIFIED.,.F.,.F.,(4,1,4),(0.,0.0208929952290049,0.0588942240837194),
 .UNSPECIFIED.);
#314=B_SPLINE_CURVE_WITH_KNOTS('',3,(#8043,#8044,#8045,#8046,#8047),
 .UNSPECIFIED.,.F.,.F.,(4,1,4),(0.,0.0208929952290049,0.0588942240837194),
 .UNSPECIFIED.);
#315=B_SPLINE_CURVE_WITH_KNOTS('',3,(#8059,#8060,#8061,#8062,#8063),
 .UNSPECIFIED.,.F.,.F.,(4,1,4),(0.,0.0133596888277079,0.0259562318108156),
 .UNSPECIFIED.);
#316=B_SPLINE_CURVE_WITH_KNOTS('',3,(#8066,#8067,#8068,#8069,#8070),
 .UNSPECIFIED.,.F.,.F.,(4,1,4),(0.,0.0133596888277079,0.0259562318108156),
 .UNSPECIFIED.);
#317=B_SPLINE_CURVE_WITH_KNOTS('',3,(#8082,#8083,#8084,#8085,#8086),
 .UNSPECIFIED.,.F.,.F.,(4,1,4),(0.,0.0141119844190609,0.0279432945910028),
 .UNSPECIFIED.);
#318=B_SPLINE_CURVE_WITH_KNOTS('',3,(#8089,#8090,#8091,#8092,#8093),
 .UNSPECIFIED.,.F.,.F.,(4,1,4),(0.,0.0141119844190609,0.0279432945910028),
 .UNSPECIFIED.);
#319=B_SPLINE_CURVE_WITH_KNOTS('',3,(#8105,#8106,#8107,#8108,#8109),
 .UNSPECIFIED.,.F.,.F.,(4,1,4),(0.,0.0105377964563938,0.0224010943632909),
 .UNSPECIFIED.);
#320=B_SPLINE_CURVE_WITH_KNOTS('',3,(#8112,#8113,#8114,#8115,#8116),
 .UNSPECIFIED.,.F.,.F.,(4,1,4),(0.,0.0105377964563938,0.0224010943632909),
 .UNSPECIFIED.);
#321=B_SPLINE_CURVE_WITH_KNOTS('',3,(#8128,#8129,#8130,#8131,#8132),
 .UNSPECIFIED.,.F.,.F.,(4,1,4),(0.,0.0102850185619537,0.0203236555932007),
 .UNSPECIFIED.);
#322=B_SPLINE_CURVE_WITH_KNOTS('',3,(#8135,#8136,#8137,#8138,#8139),
 .UNSPECIFIED.,.F.,.F.,(4,1,4),(0.,0.0102850185619537,0.0203236555932007),
 .UNSPECIFIED.);
#323=B_SPLINE_CURVE_WITH_KNOTS('',3,(#8151,#8152,#8153,#8154,#8155),
 .UNSPECIFIED.,.F.,.F.,(4,1,4),(0.,0.0369713718763117,0.0563285681415113),
 .UNSPECIFIED.);
#324=B_SPLINE_CURVE_WITH_KNOTS('',3,(#8158,#8159,#8160,#8161,#8162),
 .UNSPECIFIED.,.F.,.F.,(4,1,4),(0.,0.0369713718763117,0.0563285681415113),
 .UNSPECIFIED.);
#325=B_SPLINE_CURVE_WITH_KNOTS('',3,(#8192,#8193,#8194,#8195,#8196),
 .UNSPECIFIED.,.F.,.F.,(4,1,4),(0.,0.0215248296276559,0.0489641181458146),
 .UNSPECIFIED.);
#326=B_SPLINE_CURVE_WITH_KNOTS('',3,(#8199,#8200,#8201,#8202,#8203),
 .UNSPECIFIED.,.F.,.F.,(4,1,4),(0.,0.0215248296276559,0.0489641181458146),
 .UNSPECIFIED.);
#327=B_SPLINE_CURVE_WITH_KNOTS('',3,(#8215,#8216,#8217,#8218,#8219),
 .UNSPECIFIED.,.F.,.F.,(4,1,4),(0.,0.0189306141007259,0.0374336310715923),
 .UNSPECIFIED.);
#328=B_SPLINE_CURVE_WITH_KNOTS('',3,(#8222,#8223,#8224,#8225,#8226),
 .UNSPECIFIED.,.F.,.F.,(4,1,4),(0.,0.0189306141007259,0.0374336310715923),
 .UNSPECIFIED.);
#329=B_SPLINE_CURVE_WITH_KNOTS('',3,(#8238,#8239,#8240,#8241,#8242),
 .UNSPECIFIED.,.F.,.F.,(4,1,4),(0.,0.0209094961330944,0.0407844296362629),
 .UNSPECIFIED.);
#330=B_SPLINE_CURVE_WITH_KNOTS('',3,(#8245,#8246,#8247,#8248,#8249),
 .UNSPECIFIED.,.F.,.F.,(4,1,4),(0.,0.0209094961330944,0.0407844296362629),
 .UNSPECIFIED.);
#331=B_SPLINE_CURVE_WITH_KNOTS('',3,(#8261,#8262,#8263,#8264,#8265),
 .UNSPECIFIED.,.F.,.F.,(4,1,4),(0.,0.0212505070470352,0.0423500358642716),
 .UNSPECIFIED.);
#332=B_SPLINE_CURVE_WITH_KNOTS('',3,(#8268,#8269,#8270,#8271,#8272),
 .UNSPECIFIED.,.F.,.F.,(4,1,4),(0.,0.0212505070470352,0.0423500358642716),
 .UNSPECIFIED.);
#333=B_SPLINE_CURVE_WITH_KNOTS('',3,(#8284,#8285,#8286,#8287,#8288),
 .UNSPECIFIED.,.F.,.F.,(4,1,4),(0.,0.0207500701518529,0.0418715960589413),
 .UNSPECIFIED.);
#334=B_SPLINE_CURVE_WITH_KNOTS('',3,(#8291,#8292,#8293,#8294,#8295),
 .UNSPECIFIED.,.F.,.F.,(4,1,4),(0.,0.0207500701518529,0.0418715960589413),
 .UNSPECIFIED.);
#335=B_SPLINE_SURFACE_WITH_KNOTS('',3,1,((#6036,#6037),(#6038,#6039),(#6040,
#6041),(#6042,#6043),(#6044,#6045)),.UNSPECIFIED.,.F.,.F.,.F.,(4,1,4),(2,
2),(0.,0.0165935665743902,0.0388621569992368),(0.,0.0500000000000007),
 .UNSPECIFIED.);
#336=B_SPLINE_SURFACE_WITH_KNOTS('',3,1,((#6062,#6063),(#6064,#6065),(#6066,
#6067),(#6068,#6069),(#6070,#6071)),.UNSPECIFIED.,.F.,.F.,.F.,(4,1,4),(2,
2),(0.,0.0132659558405359,0.0267915326969121),(0.,0.0500000000000007),
 .UNSPECIFIED.);
#337=B_SPLINE_SURFACE_WITH_KNOTS('',3,1,((#6085,#6086),(#6087,#6088),(#6089,
#6090),(#6091,#6092),(#6093,#6094)),.UNSPECIFIED.,.F.,.F.,.F.,(4,1,4),(2,
2),(0.,0.0158865034951805,0.0298156208731238),(0.,0.0500000000000007),
 .UNSPECIFIED.);
#338=B_SPLINE_SURFACE_WITH_KNOTS('',3,1,((#6108,#6109),(#6110,#6111),(#6112,
#6113),(#6114,#6115),(#6116,#6117)),.UNSPECIFIED.,.F.,.F.,.F.,(4,1,4),(2,
2),(0.,0.0182934948210998,0.0356481676880902),(0.,0.0500000000000007),
 .UNSPECIFIED.);
#339=B_SPLINE_SURFACE_WITH_KNOTS('',3,1,((#6131,#6132),(#6133,#6134),(#6135,
#6136),(#6137,#6138),(#6139,#6140)),.UNSPECIFIED.,.F.,.F.,.F.,(4,1,4),(2,
2),(0.,0.0423723856837063,0.082926980230423),(0.,0.0500000000000007),
 .UNSPECIFIED.);
#340=B_SPLINE_SURFACE_WITH_KNOTS('',3,1,((#6184,#6185),(#6186,#6187),(#6188,
#6189),(#6190,#6191),(#6192,#6193)),.UNSPECIFIED.,.F.,.F.,.F.,(4,1,4),(2,
2),(0.,0.0195170484598815,0.0502324308235627),(0.,0.0500000000000007),
 .UNSPECIFIED.);
#341=B_SPLINE_SURFACE_WITH_KNOTS('',3,1,((#6207,#6208),(#6209,#6210),(#6211,
#6212),(#6213,#6214),(#6215,#6216)),.UNSPECIFIED.,.F.,.F.,.F.,(4,1,4),(2,
2),(0.,0.0138050952406502,0.0274993293937481),(0.,0.0500000000000007),
 .UNSPECIFIED.);
#342=B_SPLINE_SURFACE_WITH_KNOTS('',3,1,((#6230,#6231),(#6232,#6233),(#6234,
#6235),(#6236,#6237),(#6238,#6239)),.UNSPECIFIED.,.F.,.F.,.F.,(4,1,4),(2,
2),(0.,0.0143181100727275,0.0283668988017896),(0.,0.0500000000000007),
 .UNSPECIFIED.);
#343=B_SPLINE_SURFACE_WITH_KNOTS('',3,1,((#6253,#6254),(#6255,#6256),(#6257,
#6258),(#6259,#6260),(#6261,#6262)),.UNSPECIFIED.,.F.,.F.,.F.,(4,1,4),(2,
2),(0.,0.0100925313503835,0.0210073211943207),(0.,0.0500000000000007),
 .UNSPECIFIED.);
#344=B_SPLINE_SURFACE_WITH_KNOTS('',3,1,((#6276,#6277),(#6278,#6279),(#6280,
#6281),(#6282,#6283),(#6284,#6285)),.UNSPECIFIED.,.F.,.F.,.F.,(4,1,4),(2,
2),(0.,0.0103779639734129,0.0202917103155759),(0.,0.0500000000000007),
 .UNSPECIFIED.);
#345=B_SPLINE_SURFACE_WITH_KNOTS('',3,1,((#6299,#6300),(#6301,#6302),(#6303,
#6304),(#6305,#6306),(#6307,#6308)),.UNSPECIFIED.,.F.,.F.,.F.,(4,1,4),(2,
2),(0.,0.0289966662563629,0.0457757501020475),(0.,0.0500000000000007),
 .UNSPECIFIED.);
#346=B_SPLINE_SURFACE_WITH_KNOTS('',3,1,((#6338,#6339),(#6340,#6341),(#6342,
#6343),(#6344,#6345),(#6346,#6347)),.UNSPECIFIED.,.F.,.F.,.F.,(4,1,4),(2,
2),(0.,0.0400307561194657,0.0734026171156189),(0.,0.0500000000000007),
 .UNSPECIFIED.);
#347=B_SPLINE_SURFACE_WITH_KNOTS('',3,1,((#6364,#6365),(#6366,#6367),(#6368,
#6369),(#6370,#6371),(#6372,#6373)),.UNSPECIFIED.,.F.,.F.,.F.,(4,1,4),(2,
2),(0.,0.0348954818284724,0.0781532903429734),(0.,0.0500000000000007),
 .UNSPECIFIED.);
#348=B_SPLINE_SURFACE_WITH_KNOTS('',3,1,((#6387,#6388),(#6389,#6390),(#6391,
#6392),(#6393,#6394),(#6395,#6396)),.UNSPECIFIED.,.F.,.F.,.F.,(4,1,4),(2,
2),(0.,0.0284722446014655,0.0585858518306165),(0.,0.0500000000000007),
 .UNSPECIFIED.);
#349=B_SPLINE_SURFACE_WITH_KNOTS('',3,1,((#6410,#6411),(#6412,#6413),(#6414,
#6415),(#6416,#6417),(#6418,#6419)),.UNSPECIFIED.,.F.,.F.,.F.,(4,1,4),(2,
2),(0.,0.0227979276922905,0.0476127909270642),(0.,0.0500000000000007),
 .UNSPECIFIED.);
#350=B_SPLINE_SURFACE_WITH_KNOTS('',3,1,((#6433,#6434),(#6435,#6436),(#6437,
#6438),(#6439,#6440),(#6441,#6442)),.UNSPECIFIED.,.F.,.F.,.F.,(4,1,4),(2,
2),(0.,0.0407010688276695,0.0694645620472771),(0.,0.0500000000000007),
 .UNSPECIFIED.);
#351=B_SPLINE_SURFACE_WITH_KNOTS('',3,1,((#6456,#6457),(#6458,#6459),(#6460,
#6461),(#6462,#6463),(#6464,#6465)),.UNSPECIFIED.,.F.,.F.,.F.,(4,1,4),(2,
2),(0.,0.018643949108674,0.0562031679658641),(0.,0.0500000000000007),
 .UNSPECIFIED.);
#352=B_SPLINE_SURFACE_WITH_KNOTS('',3,1,((#6479,#6480),(#6481,#6482),(#6483,
#6484),(#6485,#6486),(#6487,#6488)),.UNSPECIFIED.,.F.,.F.,.F.,(4,1,4),(2,
2),(0.,0.00585664457125439,0.0122679440602772),(0.,0.0500000000000007),
 .UNSPECIFIED.);
#353=B_SPLINE_SURFACE_WITH_KNOTS('',3,1,((#6502,#6503),(#6504,#6505),(#6506,
#6507),(#6508,#6509),(#6510,#6511)),.UNSPECIFIED.,.F.,.F.,.F.,(4,1,4),(2,
2),(0.,0.00712873966494428,0.0138291074814686),(0.,0.0500000000000007),
 .UNSPECIFIED.);
#354=B_SPLINE_SURFACE_WITH_KNOTS('',3,1,((#6525,#6526),(#6527,#6528),(#6529,
#6530),(#6531,#6532),(#6533,#6534)),.UNSPECIFIED.,.F.,.F.,.F.,(4,1,4),(2,
2),(0.,0.0195560877431754,0.0334424124114565),(0.,0.0500000000000007),
 .UNSPECIFIED.);
#355=B_SPLINE_SURFACE_WITH_KNOTS('',3,1,((#6548,#6549),(#6550,#6551),(#6552,
#6553),(#6554,#6555),(#6556,#6557)),.UNSPECIFIED.,.F.,.F.,.F.,(4,1,4),(2,
2),(0.,0.0128338705701353,0.0288594188712697),(0.,0.0500000000000007),
 .UNSPECIFIED.);
#356=B_SPLINE_SURFACE_WITH_KNOTS('',3,1,((#6571,#6572),(#6573,#6574),(#6575,
#6576),(#6577,#6578),(#6579,#6580)),.UNSPECIFIED.,.F.,.F.,.F.,(4,1,4),(2,
2),(0.,0.0122850776348601,0.0238793816703381),(0.,0.0500000000000007),
 .UNSPECIFIED.);
#357=B_SPLINE_SURFACE_WITH_KNOTS('',3,1,((#6600,#6601),(#6602,#6603),(#6604,
#6605),(#6606,#6607),(#6608,#6609)),.UNSPECIFIED.,.F.,.F.,.F.,(4,1,4),(2,
2),(0.,0.0256853744995974,0.0531986011998985),(0.,0.0500000000000007),
 .UNSPECIFIED.);
#358=B_SPLINE_SURFACE_WITH_KNOTS('',3,1,((#6623,#6624),(#6625,#6626),(#6627,
#6628),(#6629,#6630),(#6631,#6632)),.UNSPECIFIED.,.F.,.F.,.F.,(4,1,4),(2,
2),(0.,0.0390505991042268,0.0685581104825036),(0.,0.0500000000000007),
 .UNSPECIFIED.);
#359=B_SPLINE_SURFACE_WITH_KNOTS('',3,1,((#6646,#6647),(#6648,#6649),(#6650,
#6651),(#6652,#6653),(#6654,#6655)),.UNSPECIFIED.,.F.,.F.,.F.,(4,1,4),(2,
2),(0.,0.031894224538949,0.0729000406955132),(0.,0.0500000000000007),
 .UNSPECIFIED.);
#360=B_SPLINE_SURFACE_WITH_KNOTS('',3,1,((#6669,#6670),(#6671,#6672),(#6673,
#6674),(#6675,#6676),(#6677,#6678)),.UNSPECIFIED.,.F.,.F.,.F.,(4,1,4),(2,
2),(0.,0.0265805744678504,0.0538123115211872),(0.,0.0500000000000007),
 .UNSPECIFIED.);
#361=B_SPLINE_SURFACE_WITH_KNOTS('',3,1,((#6692,#6693),(#6694,#6695),(#6696,
#6697),(#6698,#6699),(#6700,#6701)),.UNSPECIFIED.,.F.,.F.,.F.,(4,1,4),(2,
2),(0.,0.0285673927225521,0.0571847067344446),(0.,0.0500000000000007),
 .UNSPECIFIED.);
#362=B_SPLINE_SURFACE_WITH_KNOTS('',3,1,((#6715,#6716),(#6717,#6718),(#6719,
#6720),(#6721,#6722),(#6723,#6724)),.UNSPECIFIED.,.F.,.F.,.F.,(4,1,4),(2,
2),(0.,0.0587041150160029,0.0927894722869623),(0.,0.0500000000000007),
 .UNSPECIFIED.);
#363=B_SPLINE_SURFACE_WITH_KNOTS('',3,1,((#6738,#6739),(#6740,#6741),(#6742,
#6743),(#6744,#6745),(#6746,#6747)),.UNSPECIFIED.,.F.,.F.,.F.,(4,1,4),(2,
2),(0.,0.00799552441928122,0.0207996553427301),(0.,0.0500000000000007),
 .UNSPECIFIED.);
#364=B_SPLINE_SURFACE_WITH_KNOTS('',3,1,((#6761,#6762),(#6763,#6764),(#6765,
#6766),(#6767,#6768),(#6769,#6770)),.UNSPECIFIED.,.F.,.F.,.F.,(4,1,4),(2,
2),(0.,0.00607241782508351,0.0118209246259856),(0.,0.0500000000000007),
 .UNSPECIFIED.);
#365=B_SPLINE_SURFACE_WITH_KNOTS('',3,1,((#6784,#6785),(#6786,#6787),(#6788,
#6789),(#6790,#6791),(#6792,#6793)),.UNSPECIFIED.,.F.,.F.,.F.,(4,1,4),(2,
2),(0.,0.00878425817530929,0.017635084468347),(0.,0.0500000000000007),
 .UNSPECIFIED.);
#366=B_SPLINE_SURFACE_WITH_KNOTS('',3,1,((#6807,#6808),(#6809,#6810),(#6811,
#6812),(#6813,#6814),(#6815,#6816)),.UNSPECIFIED.,.F.,.F.,.F.,(4,1,4),(2,
2),(0.,0.0196497772449493,0.0349529979292196),(0.,0.0500000000000007),
 .UNSPECIFIED.);
#367=B_SPLINE_SURFACE_WITH_KNOTS('',3,1,((#6830,#6831),(#6832,#6833),(#6834,
#6835),(#6836,#6837),(#6838,#6839)),.UNSPECIFIED.,.F.,.F.,.F.,(4,1,4),(2,
2),(0.,0.0149987775575832,0.0331378056800217),(0.,0.0500000000000007),
 .UNSPECIFIED.);
#368=B_SPLINE_SURFACE_WITH_KNOTS('',3,1,((#6853,#6854),(#6855,#6856),(#6857,
#6858),(#6859,#6860),(#6861,#6862)),.UNSPECIFIED.,.F.,.F.,.F.,(4,1,4),(2,
2),(0.,0.0157778314034788,0.0300090100162944),(0.,0.0500000000000007),
 .UNSPECIFIED.);
#369=B_SPLINE_SURFACE_WITH_KNOTS('',3,1,((#6882,#6883),(#6884,#6885),(#6886,
#6887),(#6888,#6889),(#6890,#6891)),.UNSPECIFIED.,.F.,.F.,.F.,(4,1,4),(2,
2),(0.,0.0301522898284367,0.0605039864367817),(0.,0.0500000000000007),
 .UNSPECIFIED.);
#370=B_SPLINE_SURFACE_WITH_KNOTS('',3,1,((#7007,#7008),(#7009,#7010),(#7011,
#7012),(#7013,#7014),(#7015,#7016)),.UNSPECIFIED.,.F.,.F.,.F.,(4,1,4),(2,
2),(0.,0.0185800095064574,0.0398585585679854),(0.,0.0500000000000007),
 .UNSPECIFIED.);
#371=B_SPLINE_SURFACE_WITH_KNOTS('',3,1,((#7033,#7034),(#7035,#7036),(#7037,
#7038),(#7039,#7040),(#7041,#7042)),.UNSPECIFIED.,.F.,.F.,.F.,(4,1,4),(2,
2),(0.,0.0175284005364068,0.0348306807515009),(0.,0.0500000000000007),
 .UNSPECIFIED.);
#372=B_SPLINE_SURFACE_WITH_KNOTS('',3,1,((#7056,#7057),(#7058,#7059),(#7060,
#7061),(#7062,#7063),(#7064,#7065)),.UNSPECIFIED.,.F.,.F.,.F.,(4,1,4),(2,
2),(0.,0.0167383209958797,0.033328244985448),(0.,0.0500000000000007),
 .UNSPECIFIED.);
#373=B_SPLINE_SURFACE_WITH_KNOTS('',3,1,((#7079,#7080),(#7081,#7082),(#7083,
#7084),(#7085,#7086),(#7087,#7088)),.UNSPECIFIED.,.F.,.F.,.F.,(4,1,4),(2,
2),(0.,0.022254761710291,0.0407817154852409),(0.,0.0500000000000007),
 .UNSPECIFIED.);
#374=B_SPLINE_SURFACE_WITH_KNOTS('',3,1,((#7105,#7106),(#7107,#7108),(#7109,
#7110),(#7111,#7112),(#7113,#7114)),.UNSPECIFIED.,.F.,.F.,.F.,(4,1,4),(2,
2),(0.,0.0125673139909734,0.024241071856269),(0.,0.0500000000000007),
 .UNSPECIFIED.);
#375=B_SPLINE_SURFACE_WITH_KNOTS('',3,1,((#7131,#7132),(#7133,#7134),(#7135,
#7136),(#7137,#7138),(#7139,#7140)),.UNSPECIFIED.,.F.,.F.,.F.,(4,1,4),(2,
2),(0.,0.0183557490062601,0.0369123583210675),(0.,0.0500000000000007),
 .UNSPECIFIED.);
#376=B_SPLINE_SURFACE_WITH_KNOTS('',3,1,((#7154,#7155),(#7156,#7157),(#7158,
#7159),(#7160,#7161),(#7162,#7163)),.UNSPECIFIED.,.F.,.F.,.F.,(4,1,4),(2,
2),(0.,0.023053425441099,0.042895739155594),(0.,0.0500000000000007),
 .UNSPECIFIED.);
#377=B_SPLINE_SURFACE_WITH_KNOTS('',3,1,((#7183,#7184),(#7185,#7186),(#7187,
#7188),(#7189,#7190),(#7191,#7192)),.UNSPECIFIED.,.F.,.F.,.F.,(4,1,4),(2,
2),(0.,0.0455314996981298,0.103432709183781),(0.,0.0500000000000007),
 .UNSPECIFIED.);
#378=B_SPLINE_SURFACE_WITH_KNOTS('',3,1,((#7206,#7207),(#7208,#7209),(#7210,
#7211),(#7212,#7213),(#7214,#7215)),.UNSPECIFIED.,.F.,.F.,.F.,(4,1,4),(2,
2),(0.,0.0441157401403518,0.0850542309066106),(0.,0.0500000000000007),
 .UNSPECIFIED.);
#379=B_SPLINE_SURFACE_WITH_KNOTS('',3,1,((#7229,#7230),(#7231,#7232),(#7233,
#7234),(#7235,#7236),(#7237,#7238)),.UNSPECIFIED.,.F.,.F.,.F.,(4,1,4),(2,
2),(0.,0.0393555905762864,0.0795342414655737),(0.,0.0500000000000007),
 .UNSPECIFIED.);
#380=B_SPLINE_SURFACE_WITH_KNOTS('',3,1,((#7252,#7253),(#7254,#7255),(#7256,
#7257),(#7258,#7259),(#7260,#7261)),.UNSPECIFIED.,.F.,.F.,.F.,(4,1,4),(2,
2),(0.,0.0486814164185223,0.0908394410885537),(0.,0.0500000000000007),
 .UNSPECIFIED.);
#381=B_SPLINE_SURFACE_WITH_KNOTS('',3,1,((#7275,#7276),(#7277,#7278),(#7279,
#7280),(#7281,#7282),(#7283,#7284)),.UNSPECIFIED.,.F.,.F.,.F.,(4,1,4),(2,
2),(0.,0.0372295421077013,0.078913982598869),(0.,0.0500000000000007),
 .UNSPECIFIED.);
#382=B_SPLINE_SURFACE_WITH_KNOTS('',3,1,((#7298,#7299),(#7300,#7301),(#7302,
#7303),(#7304,#7305),(#7306,#7307)),.UNSPECIFIED.,.F.,.F.,.F.,(4,1,4),(2,
2),(0.,0.0501796102911892,0.0945391395781956),(0.,0.0500000000000007),
 .UNSPECIFIED.);
#383=B_SPLINE_SURFACE_WITH_KNOTS('',3,1,((#7321,#7322),(#7323,#7324),(#7325,
#7326),(#7327,#7328),(#7329,#7330)),.UNSPECIFIED.,.F.,.F.,.F.,(4,1,4),(2,
2),(0.,0.0295408395015626,0.0626170219154125),(0.,0.0500000000000007),
 .UNSPECIFIED.);
#384=B_SPLINE_SURFACE_WITH_KNOTS('',3,1,((#7344,#7345),(#7346,#7347),(#7348,
#7349),(#7350,#7351),(#7352,#7353)),.UNSPECIFIED.,.F.,.F.,.F.,(4,1,4),(2,
2),(0.,0.0311976089301807,0.0601030281901483),(0.,0.0500000000000007),
 .UNSPECIFIED.);
#385=B_SPLINE_SURFACE_WITH_KNOTS('',3,1,((#7373,#7374),(#7375,#7376),(#7377,
#7378),(#7379,#7380),(#7381,#7382)),.UNSPECIFIED.,.F.,.F.,.F.,(4,1,4),(2,
2),(0.,0.012563725987426,0.0278407092791917),(0.,0.0500000000000007),
 .UNSPECIFIED.);
#386=B_SPLINE_SURFACE_WITH_KNOTS('',3,1,((#7419,#7420),(#7421,#7422),(#7423,
#7424),(#7425,#7426),(#7427,#7428)),.UNSPECIFIED.,.F.,.F.,.F.,(4,1,4),(2,
2),(0.,0.018579774489066,0.039858323550594),(0.,0.0500000000000007),
 .UNSPECIFIED.);
#387=B_SPLINE_SURFACE_WITH_KNOTS('',3,1,((#7445,#7446),(#7447,#7448),(#7449,
#7450),(#7451,#7452),(#7453,#7454)),.UNSPECIFIED.,.F.,.F.,.F.,(4,1,4),(2,
2),(0.,0.0175279329057958,0.0348305966113125),(0.,0.0500000000000007),
 .UNSPECIFIED.);
#388=B_SPLINE_SURFACE_WITH_KNOTS('',3,1,((#7468,#7469),(#7470,#7471),(#7472,
#7473),(#7474,#7475),(#7476,#7477)),.UNSPECIFIED.,.F.,.F.,.F.,(4,1,4),(2,
2),(0.,0.0167383209958797,0.033328244985448),(0.,0.0500000000000007),
 .UNSPECIFIED.);
#389=B_SPLINE_SURFACE_WITH_KNOTS('',3,1,((#7491,#7492),(#7493,#7494),(#7495,
#7496),(#7497,#7498),(#7499,#7500)),.UNSPECIFIED.,.F.,.F.,.F.,(4,1,4),(2,
2),(0.,0.022254761710291,0.0407817154852409),(0.,0.0500000000000007),
 .UNSPECIFIED.);
#390=B_SPLINE_SURFACE_WITH_KNOTS('',3,1,((#7517,#7518),(#7519,#7520),(#7521,
#7522),(#7523,#7524),(#7525,#7526)),.UNSPECIFIED.,.F.,.F.,.F.,(4,1,4),(2,
2),(0.,0.0125677856797955,0.0242411234990979),(0.,0.0500000000000007),
 .UNSPECIFIED.);
#391=B_SPLINE_SURFACE_WITH_KNOTS('',3,1,((#7543,#7544),(#7545,#7546),(#7547,
#7548),(#7549,#7550),(#7551,#7552)),.UNSPECIFIED.,.F.,.F.,.F.,(4,1,4),(2,
2),(0.,0.0183557490062601,0.0369123583210675),(0.,0.0500000000000007),
 .UNSPECIFIED.);
#392=B_SPLINE_SURFACE_WITH_KNOTS('',3,1,((#7566,#7567),(#7568,#7569),(#7570,
#7571),(#7572,#7573),(#7574,#7575)),.UNSPECIFIED.,.F.,.F.,.F.,(4,1,4),(2,
2),(0.,0.023053464593088,0.0428956565908215),(0.,0.0500000000000007),
 .UNSPECIFIED.);
#393=B_SPLINE_SURFACE_WITH_KNOTS('',3,1,((#7595,#7596),(#7597,#7598),(#7599,
#7600),(#7601,#7602),(#7603,#7604)),.UNSPECIFIED.,.F.,.F.,.F.,(4,1,4),(2,
2),(0.,0.0455314996981298,0.10343268411478),(0.,0.0500000000000007),
 .UNSPECIFIED.);
#394=B_SPLINE_SURFACE_WITH_KNOTS('',3,1,((#7618,#7619),(#7620,#7621),(#7622,
#7623),(#7624,#7625),(#7626,#7627)),.UNSPECIFIED.,.F.,.F.,.F.,(4,1,4),(2,
2),(0.,0.0441159745995967,0.0850542722968445),(0.,0.0500000000000007),
 .UNSPECIFIED.);
#395=B_SPLINE_SURFACE_WITH_KNOTS('',3,1,((#7641,#7642),(#7643,#7644),(#7645,
#7646),(#7647,#7648),(#7649,#7650)),.UNSPECIFIED.,.F.,.F.,.F.,(4,1,4),(2,
2),(0.,0.0393555905762864,0.0795344755246085),(0.,0.0500000000000007),
 .UNSPECIFIED.);
#396=B_SPLINE_SURFACE_WITH_KNOTS('',3,1,((#7664,#7665),(#7666,#7667),(#7668,
#7669),(#7670,#7671),(#7672,#7673)),.UNSPECIFIED.,.F.,.F.,.F.,(4,1,4),(2,
2),(0.,0.0486813818422996,0.090839406512331),(0.,0.0500000000000007),
 .UNSPECIFIED.);
#397=B_SPLINE_SURFACE_WITH_KNOTS('',3,1,((#7687,#7688),(#7689,#7690),(#7691,
#7692),(#7693,#7694),(#7695,#7696)),.UNSPECIFIED.,.F.,.F.,.F.,(4,1,4),(2,
2),(0.,0.0372293357002279,0.0789138069153338),(0.,0.0500000000000007),
 .UNSPECIFIED.);
#398=B_SPLINE_SURFACE_WITH_KNOTS('',3,1,((#7710,#7711),(#7712,#7713),(#7714,
#7715),(#7716,#7717),(#7718,#7719)),.UNSPECIFIED.,.F.,.F.,.F.,(4,1,4),(2,
2),(0.,0.0501796102911892,0.0945391395781956),(0.,0.0500000000000007),
 .UNSPECIFIED.);
#399=B_SPLINE_SURFACE_WITH_KNOTS('',3,1,((#7733,#7734),(#7735,#7736),(#7737,
#7738),(#7739,#7740),(#7741,#7742)),.UNSPECIFIED.,.F.,.F.,.F.,(4,1,4),(2,
2),(0.,0.0295410560663082,0.062617238480158),(0.,0.0500000000000007),
 .UNSPECIFIED.);
#400=B_SPLINE_SURFACE_WITH_KNOTS('',3,1,((#7756,#7757),(#7758,#7759),(#7760,
#7761),(#7762,#7763),(#7764,#7765)),.UNSPECIFIED.,.F.,.F.,.F.,(4,1,4),(2,
2),(0.,0.0311976089301807,0.0601031984568645),(0.,0.0500000000000007),
 .UNSPECIFIED.);
#401=B_SPLINE_SURFACE_WITH_KNOTS('',3,1,((#7785,#7786),(#7787,#7788),(#7789,
#7790),(#7791,#7792),(#7793,#7794)),.UNSPECIFIED.,.F.,.F.,.F.,(4,1,4),(2,
2),(0.,0.0125635725932324,0.0278407379155153),(0.,0.0500000000000007),
 .UNSPECIFIED.);
#402=B_SPLINE_SURFACE_WITH_KNOTS('',3,1,((#7806,#7807),(#7808,#7809),(#7810,
#7811),(#7812,#7813),(#7814,#7815)),.UNSPECIFIED.,.F.,.F.,.F.,(4,1,4),(2,
2),(0.,0.0271505846735172,0.073107662051632),(0.,0.0500000000000007),
 .UNSPECIFIED.);
#403=B_SPLINE_SURFACE_WITH_KNOTS('',3,1,((#7832,#7833),(#7834,#7835),(#7836,
#7837),(#7838,#7839),(#7840,#7841)),.UNSPECIFIED.,.F.,.F.,.F.,(4,1,4),(2,
2),(0.,0.011972619749939,0.027748574344083),(0.,0.0500000000000007),
 .UNSPECIFIED.);
#404=B_SPLINE_SURFACE_WITH_KNOTS('',3,1,((#7855,#7856),(#7857,#7858),(#7859,
#7860),(#7861,#7862),(#7863,#7864)),.UNSPECIFIED.,.F.,.F.,.F.,(4,1,4),(2,
2),(0.,0.0112759914776425,0.0218387385261892),(0.,0.0500000000000007),
 .UNSPECIFIED.);
#405=B_SPLINE_SURFACE_WITH_KNOTS('',3,1,((#7878,#7879),(#7880,#7881),(#7882,
#7883),(#7884,#7885),(#7886,#7887)),.UNSPECIFIED.,.F.,.F.,.F.,(4,1,4),(2,
2),(0.,0.0156954964323389,0.0289016533793158),(0.,0.0500000000000007),
 .UNSPECIFIED.);
#406=B_SPLINE_SURFACE_WITH_KNOTS('',3,1,((#7907,#7908),(#7909,#7910),(#7911,
#7912),(#7913,#7914),(#7915,#7916)),.UNSPECIFIED.,.F.,.F.,.F.,(4,1,4),(2,
2),(0.,0.0194767646420696,0.039751039493063),(0.,0.0500000000000007),
 .UNSPECIFIED.);
#407=B_SPLINE_SURFACE_WITH_KNOTS('',3,1,((#7930,#7931),(#7932,#7933),(#7934,
#7935),(#7936,#7937),(#7938,#7939)),.UNSPECIFIED.,.F.,.F.,.F.,(4,1,4),(2,
2),(0.,0.0128015051684948,0.026089419482505),(0.,0.0500000000000007),
 .UNSPECIFIED.);
#408=B_SPLINE_SURFACE_WITH_KNOTS('',3,1,((#7953,#7954),(#7955,#7956),(#7957,
#7958),(#7959,#7960),(#7961,#7962)),.UNSPECIFIED.,.F.,.F.,.F.,(4,1,4),(2,
2),(0.,0.0223468010136951,0.038151372903174),(0.,0.0500000000000007),
 .UNSPECIFIED.);
#409=B_SPLINE_SURFACE_WITH_KNOTS('',3,1,((#8025,#8026),(#8027,#8028),(#8029,
#8030),(#8031,#8032),(#8033,#8034)),.UNSPECIFIED.,.F.,.F.,.F.,(4,1,4),(2,
2),(0.,0.0208929952290049,0.0588942240837194),(0.,0.0500000000000007),
 .UNSPECIFIED.);
#410=B_SPLINE_SURFACE_WITH_KNOTS('',3,1,((#8048,#8049),(#8050,#8051),(#8052,
#8053),(#8054,#8055),(#8056,#8057)),.UNSPECIFIED.,.F.,.F.,.F.,(4,1,4),(2,
2),(0.,0.0133596888277079,0.0259562318108156),(0.,0.0500000000000007),
 .UNSPECIFIED.);
#411=B_SPLINE_SURFACE_WITH_KNOTS('',3,1,((#8071,#8072),(#8073,#8074),(#8075,
#8076),(#8077,#8078),(#8079,#8080)),.UNSPECIFIED.,.F.,.F.,.F.,(4,1,4),(2,
2),(0.,0.0141119844190609,0.0279432945910028),(0.,0.0500000000000007),
 .UNSPECIFIED.);
#412=B_SPLINE_SURFACE_WITH_KNOTS('',3,1,((#8094,#8095),(#8096,#8097),(#8098,
#8099),(#8100,#8101),(#8102,#8103)),.UNSPECIFIED.,.F.,.F.,.F.,(4,1,4),(2,
2),(0.,0.0105377964563938,0.0224010943632909),(0.,0.0500000000000007),
 .UNSPECIFIED.);
#413=B_SPLINE_SURFACE_WITH_KNOTS('',3,1,((#8117,#8118),(#8119,#8120),(#8121,
#8122),(#8123,#8124),(#8125,#8126)),.UNSPECIFIED.,.F.,.F.,.F.,(4,1,4),(2,
2),(0.,0.0102850185619537,0.0203236555932007),(0.,0.0500000000000007),
 .UNSPECIFIED.);
#414=B_SPLINE_SURFACE_WITH_KNOTS('',3,1,((#8140,#8141),(#8142,#8143),(#8144,
#8145),(#8146,#8147),(#8148,#8149)),.UNSPECIFIED.,.F.,.F.,.F.,(4,1,4),(2,
2),(0.,0.0369713718763117,0.0563285681415113),(0.,0.0500000000000007),
 .UNSPECIFIED.);
#415=B_SPLINE_SURFACE_WITH_KNOTS('',3,1,((#8181,#8182),(#8183,#8184),(#8185,
#8186),(#8187,#8188),(#8189,#8190)),.UNSPECIFIED.,.F.,.F.,.F.,(4,1,4),(2,
2),(0.,0.0215248296276559,0.0489641181458146),(0.,0.0500000000000007),
 .UNSPECIFIED.);
#416=B_SPLINE_SURFACE_WITH_KNOTS('',3,1,((#8204,#8205),(#8206,#8207),(#8208,
#8209),(#8210,#8211),(#8212,#8213)),.UNSPECIFIED.,.F.,.F.,.F.,(4,1,4),(2,
2),(0.,0.0189306141007259,0.0374336310715923),(0.,0.0500000000000007),
 .UNSPECIFIED.);
#417=B_SPLINE_SURFACE_WITH_KNOTS('',3,1,((#8227,#8228),(#8229,#8230),(#8231,
#8232),(#8233,#8234),(#8235,#8236)),.UNSPECIFIED.,.F.,.F.,.F.,(4,1,4),(2,
2),(0.,0.0209094961330944,0.0407844296362629),(0.,0.0500000000000007),
 .UNSPECIFIED.);
#418=B_SPLINE_SURFACE_WITH_KNOTS('',3,1,((#8250,#8251),(#8252,#8253),(#8254,
#8255),(#8256,#8257),(#8258,#8259)),.UNSPECIFIED.,.F.,.F.,.F.,(4,1,4),(2,
2),(0.,0.0212505070470352,0.0423500358642716),(0.,0.0500000000000007),
 .UNSPECIFIED.);
#419=B_SPLINE_SURFACE_WITH_KNOTS('',3,1,((#8273,#8274),(#8275,#8276),(#8277,
#8278),(#8279,#8280),(#8281,#8282)),.UNSPECIFIED.,.F.,.F.,.F.,(4,1,4),(2,
2),(0.,0.0207500701518529,0.0418715960589413),(0.,0.0500000000000007),
 .UNSPECIFIED.);
#420=FACE_OUTER_BOUND('',#676,.T.);
#421=FACE_OUTER_BOUND('',#677,.T.);
#422=FACE_OUTER_BOUND('',#678,.T.);
#423=FACE_OUTER_BOUND('',#679,.T.);
#424=FACE_OUTER_BOUND('',#680,.T.);
#425=FACE_OUTER_BOUND('',#681,.T.);
#426=FACE_OUTER_BOUND('',#682,.T.);
#427=FACE_OUTER_BOUND('',#683,.T.);
#428=FACE_OUTER_BOUND('',#684,.T.);
#429=FACE_OUTER_BOUND('',#685,.T.);
#430=FACE_OUTER_BOUND('',#686,.T.);
#431=FACE_OUTER_BOUND('',#687,.T.);
#432=FACE_OUTER_BOUND('',#688,.T.);
#433=FACE_OUTER_BOUND('',#689,.T.);
#434=FACE_OUTER_BOUND('',#690,.T.);
#435=FACE_OUTER_BOUND('',#691,.T.);
#436=FACE_OUTER_BOUND('',#692,.T.);
#437=FACE_OUTER_BOUND('',#693,.T.);
#438=FACE_OUTER_BOUND('',#694,.T.);
#439=FACE_OUTER_BOUND('',#695,.T.);
#440=FACE_OUTER_BOUND('',#696,.T.);
#441=FACE_OUTER_BOUND('',#697,.T.);
#442=FACE_OUTER_BOUND('',#698,.T.);
#443=FACE_OUTER_BOUND('',#699,.T.);
#444=FACE_OUTER_BOUND('',#700,.T.);
#445=FACE_OUTER_BOUND('',#701,.T.);
#446=FACE_OUTER_BOUND('',#702,.T.);
#447=FACE_OUTER_BOUND('',#703,.T.);
#448=FACE_OUTER_BOUND('',#704,.T.);
#449=FACE_OUTER_BOUND('',#705,.T.);
#450=FACE_OUTER_BOUND('',#706,.T.);
#451=FACE_OUTER_BOUND('',#707,.T.);
#452=FACE_OUTER_BOUND('',#708,.T.);
#453=FACE_OUTER_BOUND('',#709,.T.);
#454=FACE_OUTER_BOUND('',#710,.T.);
#455=FACE_OUTER_BOUND('',#711,.T.);
#456=FACE_OUTER_BOUND('',#712,.T.);
#457=FACE_OUTER_BOUND('',#713,.T.);
#458=FACE_OUTER_BOUND('',#714,.T.);
#459=FACE_OUTER_BOUND('',#715,.T.);
#460=FACE_OUTER_BOUND('',#716,.T.);
#461=FACE_OUTER_BOUND('',#717,.T.);
#462=FACE_OUTER_BOUND('',#718,.T.);
#463=FACE_OUTER_BOUND('',#719,.T.);
#464=FACE_OUTER_BOUND('',#720,.T.);
#465=FACE_OUTER_BOUND('',#721,.T.);
#466=FACE_OUTER_BOUND('',#722,.T.);
#467=FACE_OUTER_BOUND('',#723,.T.);
#468=FACE_OUTER_BOUND('',#724,.T.);
#469=FACE_OUTER_BOUND('',#725,.T.);
#470=FACE_OUTER_BOUND('',#726,.T.);
#471=FACE_OUTER_BOUND('',#727,.T.);
#472=FACE_OUTER_BOUND('',#728,.T.);
#473=FACE_OUTER_BOUND('',#729,.T.);
#474=FACE_OUTER_BOUND('',#730,.T.);
#475=FACE_OUTER_BOUND('',#731,.T.);
#476=FACE_OUTER_BOUND('',#732,.T.);
#477=FACE_OUTER_BOUND('',#733,.T.);
#478=FACE_OUTER_BOUND('',#734,.T.);
#479=FACE_OUTER_BOUND('',#735,.T.);
#480=FACE_OUTER_BOUND('',#736,.T.);
#481=FACE_OUTER_BOUND('',#737,.T.);
#482=FACE_OUTER_BOUND('',#738,.T.);
#483=FACE_OUTER_BOUND('',#739,.T.);
#484=FACE_OUTER_BOUND('',#740,.T.);
#485=FACE_OUTER_BOUND('',#741,.T.);
#486=FACE_OUTER_BOUND('',#742,.T.);
#487=FACE_OUTER_BOUND('',#743,.T.);
#488=FACE_OUTER_BOUND('',#744,.T.);
#489=FACE_OUTER_BOUND('',#745,.T.);
#490=FACE_OUTER_BOUND('',#746,.T.);
#491=FACE_OUTER_BOUND('',#747,.T.);
#492=FACE_OUTER_BOUND('',#748,.T.);
#493=FACE_OUTER_BOUND('',#749,.T.);
#494=FACE_OUTER_BOUND('',#750,.T.);
#495=FACE_OUTER_BOUND('',#751,.T.);
#496=FACE_OUTER_BOUND('',#752,.T.);
#497=FACE_OUTER_BOUND('',#753,.T.);
#498=FACE_OUTER_BOUND('',#754,.T.);
#499=FACE_OUTER_BOUND('',#755,.T.);
#500=FACE_OUTER_BOUND('',#756,.T.);
#501=FACE_OUTER_BOUND('',#757,.T.);
#502=FACE_OUTER_BOUND('',#758,.T.);
#503=FACE_OUTER_BOUND('',#759,.T.);
#504=FACE_OUTER_BOUND('',#760,.T.);
#505=FACE_OUTER_BOUND('',#761,.T.);
#506=FACE_OUTER_BOUND('',#762,.T.);
#507=FACE_OUTER_BOUND('',#763,.T.);
#508=FACE_OUTER_BOUND('',#764,.T.);
#509=FACE_OUTER_BOUND('',#765,.T.);
#510=FACE_OUTER_BOUND('',#766,.T.);
#511=FACE_OUTER_BOUND('',#768,.T.);
#512=FACE_OUTER_BOUND('',#769,.T.);
#513=FACE_OUTER_BOUND('',#770,.T.);
#514=FACE_OUTER_BOUND('',#771,.T.);
#515=FACE_OUTER_BOUND('',#772,.T.);
#516=FACE_OUTER_BOUND('',#773,.T.);
#517=FACE_OUTER_BOUND('',#774,.T.);
#518=FACE_OUTER_BOUND('',#775,.T.);
#519=FACE_OUTER_BOUND('',#776,.T.);
#520=FACE_OUTER_BOUND('',#777,.T.);
#521=FACE_OUTER_BOUND('',#778,.T.);
#522=FACE_OUTER_BOUND('',#779,.T.);
#523=FACE_OUTER_BOUND('',#780,.T.);
#524=FACE_OUTER_BOUND('',#781,.T.);
#525=FACE_OUTER_BOUND('',#782,.T.);
#526=FACE_OUTER_BOUND('',#783,.T.);
#527=FACE_OUTER_BOUND('',#784,.T.);
#528=FACE_OUTER_BOUND('',#785,.T.);
#529=FACE_OUTER_BOUND('',#786,.T.);
#530=FACE_OUTER_BOUND('',#787,.T.);
#531=FACE_OUTER_BOUND('',#788,.T.);
#532=FACE_OUTER_BOUND('',#789,.T.);
#533=FACE_OUTER_BOUND('',#790,.T.);
#534=FACE_OUTER_BOUND('',#791,.T.);
#535=FACE_OUTER_BOUND('',#792,.T.);
#536=FACE_OUTER_BOUND('',#794,.T.);
#537=FACE_OUTER_BOUND('',#795,.T.);
#538=FACE_OUTER_BOUND('',#796,.T.);
#539=FACE_OUTER_BOUND('',#797,.T.);
#540=FACE_OUTER_BOUND('',#798,.T.);
#541=FACE_OUTER_BOUND('',#799,.T.);
#542=FACE_OUTER_BOUND('',#800,.T.);
#543=FACE_OUTER_BOUND('',#801,.T.);
#544=FACE_OUTER_BOUND('',#802,.T.);
#545=FACE_OUTER_BOUND('',#803,.T.);
#546=FACE_OUTER_BOUND('',#804,.T.);
#547=FACE_OUTER_BOUND('',#805,.T.);
#548=FACE_OUTER_BOUND('',#806,.T.);
#549=FACE_OUTER_BOUND('',#807,.T.);
#550=FACE_OUTER_BOUND('',#808,.T.);
#551=FACE_OUTER_BOUND('',#809,.T.);
#552=FACE_OUTER_BOUND('',#810,.T.);
#553=FACE_OUTER_BOUND('',#811,.T.);
#554=FACE_OUTER_BOUND('',#812,.T.);
#555=FACE_OUTER_BOUND('',#813,.T.);
#556=FACE_OUTER_BOUND('',#814,.T.);
#557=FACE_OUTER_BOUND('',#815,.T.);
#558=FACE_OUTER_BOUND('',#816,.T.);
#559=FACE_OUTER_BOUND('',#817,.T.);
#560=FACE_OUTER_BOUND('',#818,.T.);
#561=FACE_OUTER_BOUND('',#819,.T.);
#562=FACE_OUTER_BOUND('',#820,.T.);
#563=FACE_OUTER_BOUND('',#821,.T.);
#564=FACE_OUTER_BOUND('',#822,.T.);
#565=FACE_OUTER_BOUND('',#823,.T.);
#566=FACE_OUTER_BOUND('',#824,.T.);
#567=FACE_OUTER_BOUND('',#825,.T.);
#568=FACE_OUTER_BOUND('',#826,.T.);
#569=FACE_OUTER_BOUND('',#827,.T.);
#570=FACE_OUTER_BOUND('',#828,.T.);
#571=FACE_OUTER_BOUND('',#829,.T.);
#572=FACE_OUTER_BOUND('',#830,.T.);
#573=FACE_OUTER_BOUND('',#831,.T.);
#574=FACE_OUTER_BOUND('',#832,.T.);
#575=FACE_OUTER_BOUND('',#833,.T.);
#576=FACE_OUTER_BOUND('',#834,.T.);
#577=FACE_OUTER_BOUND('',#835,.T.);
#578=FACE_OUTER_BOUND('',#836,.T.);
#579=FACE_OUTER_BOUND('',#837,.T.);
#580=FACE_OUTER_BOUND('',#838,.T.);
#581=FACE_OUTER_BOUND('',#839,.T.);
#582=FACE_OUTER_BOUND('',#840,.T.);
#583=FACE_OUTER_BOUND('',#874,.T.);
#584=FACE_OUTER_BOUND('',#875,.T.);
#585=FACE_OUTER_BOUND('',#876,.T.);
#586=FACE_OUTER_BOUND('',#877,.T.);
#587=FACE_OUTER_BOUND('',#878,.T.);
#588=FACE_OUTER_BOUND('',#879,.T.);
#589=FACE_OUTER_BOUND('',#880,.T.);
#590=FACE_OUTER_BOUND('',#881,.T.);
#591=FACE_OUTER_BOUND('',#882,.T.);
#592=FACE_OUTER_BOUND('',#883,.T.);
#593=FACE_OUTER_BOUND('',#884,.T.);
#594=FACE_OUTER_BOUND('',#885,.T.);
#595=FACE_OUTER_BOUND('',#886,.T.);
#596=FACE_OUTER_BOUND('',#887,.T.);
#597=FACE_OUTER_BOUND('',#888,.T.);
#598=FACE_OUTER_BOUND('',#889,.T.);
#599=FACE_OUTER_BOUND('',#890,.T.);
#600=FACE_OUTER_BOUND('',#912,.T.);
#601=FACE_OUTER_BOUND('',#913,.T.);
#602=FACE_OUTER_BOUND('',#914,.T.);
#603=FACE_OUTER_BOUND('',#915,.T.);
#604=FACE_OUTER_BOUND('',#916,.T.);
#605=FACE_OUTER_BOUND('',#917,.T.);
#606=FACE_OUTER_BOUND('',#918,.T.);
#607=FACE_OUTER_BOUND('',#919,.T.);
#608=FACE_OUTER_BOUND('',#920,.T.);
#609=FACE_OUTER_BOUND('',#921,.T.);
#610=FACE_OUTER_BOUND('',#922,.T.);
#611=FACE_OUTER_BOUND('',#923,.T.);
#612=FACE_OUTER_BOUND('',#924,.T.);
#613=FACE_OUTER_BOUND('',#925,.T.);
#614=FACE_OUTER_BOUND('',#926,.T.);
#615=FACE_OUTER_BOUND('',#927,.T.);
#616=FACE_OUTER_BOUND('',#928,.T.);
#617=FACE_OUTER_BOUND('',#929,.T.);
#618=FACE_OUTER_BOUND('',#930,.T.);
#619=FACE_OUTER_BOUND('',#931,.T.);
#620=FACE_OUTER_BOUND('',#932,.T.);
#621=FACE_OUTER_BOUND('',#933,.T.);
#622=FACE_OUTER_BOUND('',#934,.T.);
#623=FACE_OUTER_BOUND('',#935,.T.);
#624=FACE_OUTER_BOUND('',#936,.T.);
#625=FACE_OUTER_BOUND('',#937,.T.);
#626=FACE_OUTER_BOUND('',#938,.T.);
#627=FACE_OUTER_BOUND('',#939,.T.);
#628=FACE_OUTER_BOUND('',#940,.T.);
#629=FACE_OUTER_BOUND('',#941,.T.);
#630=FACE_OUTER_BOUND('',#942,.T.);
#631=FACE_OUTER_BOUND('',#943,.T.);
#632=FACE_OUTER_BOUND('',#944,.T.);
#633=FACE_OUTER_BOUND('',#945,.T.);
#634=FACE_OUTER_BOUND('',#946,.T.);
#635=FACE_OUTER_BOUND('',#947,.T.);
#636=FACE_OUTER_BOUND('',#948,.T.);
#637=FACE_OUTER_BOUND('',#949,.T.);
#638=FACE_OUTER_BOUND('',#950,.T.);
#639=FACE_OUTER_BOUND('',#952,.T.);
#640=FACE_OUTER_BOUND('',#954,.T.);
#641=FACE_OUTER_BOUND('',#955,.T.);
#642=FACE_OUTER_BOUND('',#956,.T.);
#643=FACE_OUTER_BOUND('',#957,.T.);
#644=FACE_OUTER_BOUND('',#958,.T.);
#645=FACE_OUTER_BOUND('',#959,.T.);
#646=FACE_OUTER_BOUND('',#960,.T.);
#647=FACE_OUTER_BOUND('',#961,.T.);
#648=FACE_OUTER_BOUND('',#962,.T.);
#649=FACE_OUTER_BOUND('',#963,.T.);
#650=FACE_OUTER_BOUND('',#964,.T.);
#651=FACE_OUTER_BOUND('',#965,.T.);
#652=FACE_OUTER_BOUND('',#966,.T.);
#653=FACE_OUTER_BOUND('',#967,.T.);
#654=FACE_OUTER_BOUND('',#968,.T.);
#655=FACE_OUTER_BOUND('',#969,.T.);
#656=FACE_OUTER_BOUND('',#970,.T.);
#657=FACE_OUTER_BOUND('',#971,.T.);
#658=FACE_OUTER_BOUND('',#972,.T.);
#659=FACE_OUTER_BOUND('',#973,.T.);
#660=FACE_OUTER_BOUND('',#974,.T.);
#661=FACE_OUTER_BOUND('',#975,.T.);
#662=FACE_OUTER_BOUND('',#976,.T.);
#663=FACE_OUTER_BOUND('',#977,.T.);
#664=FACE_OUTER_BOUND('',#978,.T.);
#665=FACE_OUTER_BOUND('',#979,.T.);
#666=FACE_OUTER_BOUND('',#980,.T.);
#667=FACE_OUTER_BOUND('',#981,.T.);
#668=FACE_OUTER_BOUND('',#982,.T.);
#669=FACE_OUTER_BOUND('',#983,.T.);
#670=FACE_OUTER_BOUND('',#984,.T.);
#671=FACE_OUTER_BOUND('',#985,.T.);
#672=FACE_OUTER_BOUND('',#986,.T.);
#673=FACE_OUTER_BOUND('',#987,.T.);
#674=FACE_OUTER_BOUND('',#988,.T.);
#675=FACE_OUTER_BOUND('',#989,.T.);
#676=EDGE_LOOP('',(#3060,#3061,#3062,#3063));
#677=EDGE_LOOP('',(#3064,#3065,#3066,#3067));
#678=EDGE_LOOP('',(#3068,#3069,#3070,#3071));
#679=EDGE_LOOP('',(#3072,#3073,#3074,#3075));
#680=EDGE_LOOP('',(#3076,#3077,#3078,#3079));
#681=EDGE_LOOP('',(#3080,#3081,#3082,#3083));
#682=EDGE_LOOP('',(#3084,#3085,#3086,#3087));
#683=EDGE_LOOP('',(#3088,#3089,#3090,#3091));
#684=EDGE_LOOP('',(#3092,#3093,#3094,#3095));
#685=EDGE_LOOP('',(#3096,#3097,#3098,#3099));
#686=EDGE_LOOP('',(#3100,#3101,#3102,#3103));
#687=EDGE_LOOP('',(#3104,#3105,#3106,#3107));
#688=EDGE_LOOP('',(#3108,#3109,#3110,#3111));
#689=EDGE_LOOP('',(#3112,#3113,#3114,#3115));
#690=EDGE_LOOP('',(#3116,#3117,#3118,#3119));
#691=EDGE_LOOP('',(#3120,#3121,#3122,#3123));
#692=EDGE_LOOP('',(#3124,#3125,#3126,#3127));
#693=EDGE_LOOP('',(#3128,#3129,#3130,#3131));
#694=EDGE_LOOP('',(#3132,#3133,#3134,#3135));
#695=EDGE_LOOP('',(#3136,#3137,#3138,#3139));
#696=EDGE_LOOP('',(#3140,#3141,#3142,#3143));
#697=EDGE_LOOP('',(#3144,#3145,#3146,#3147));
#698=EDGE_LOOP('',(#3148,#3149,#3150,#3151));
#699=EDGE_LOOP('',(#3152,#3153,#3154,#3155));
#700=EDGE_LOOP('',(#3156,#3157,#3158,#3159,#3160,#3161,#3162,#3163,#3164,
#3165,#3166,#3167,#3168,#3169,#3170,#3171,#3172,#3173,#3174));
#701=EDGE_LOOP('',(#3175,#3176,#3177,#3178));
#702=EDGE_LOOP('',(#3179,#3180,#3181,#3182));
#703=EDGE_LOOP('',(#3183,#3184,#3185,#3186));
#704=EDGE_LOOP('',(#3187,#3188,#3189,#3190));
#705=EDGE_LOOP('',(#3191,#3192,#3193,#3194));
#706=EDGE_LOOP('',(#3195,#3196,#3197,#3198));
#707=EDGE_LOOP('',(#3199,#3200,#3201,#3202));
#708=EDGE_LOOP('',(#3203,#3204,#3205,#3206));
#709=EDGE_LOOP('',(#3207,#3208,#3209,#3210));
#710=EDGE_LOOP('',(#3211,#3212,#3213,#3214));
#711=EDGE_LOOP('',(#3215,#3216,#3217,#3218));
#712=EDGE_LOOP('',(#3219,#3220,#3221,#3222));
#713=EDGE_LOOP('',(#3223,#3224,#3225,#3226));
#714=EDGE_LOOP('',(#3227,#3228,#3229,#3230));
#715=EDGE_LOOP('',(#3231,#3232,#3233,#3234));
#716=EDGE_LOOP('',(#3235,#3236,#3237,#3238));
#717=EDGE_LOOP('',(#3239,#3240,#3241,#3242));
#718=EDGE_LOOP('',(#3243,#3244,#3245,#3246));
#719=EDGE_LOOP('',(#3247,#3248,#3249,#3250));
#720=EDGE_LOOP('',(#3251,#3252,#3253,#3254));
#721=EDGE_LOOP('',(#3255,#3256,#3257,#3258));
#722=EDGE_LOOP('',(#3259,#3260,#3261,#3262));
#723=EDGE_LOOP('',(#3263,#3264,#3265,#3266));
#724=EDGE_LOOP('',(#3267,#3268,#3269,#3270));
#725=EDGE_LOOP('',(#3271,#3272,#3273,#3274));
#726=EDGE_LOOP('',(#3275,#3276,#3277,#3278));
#727=EDGE_LOOP('',(#3279,#3280,#3281,#3282,#3283,#3284,#3285,#3286,#3287,
#3288,#3289,#3290,#3291,#3292,#3293,#3294,#3295,#3296,#3297,#3298,#3299,
#3300,#3301,#3302,#3303,#3304));
#728=EDGE_LOOP('',(#3305,#3306,#3307,#3308));
#729=EDGE_LOOP('',(#3309,#3310,#3311,#3312));
#730=EDGE_LOOP('',(#3313,#3314,#3315,#3316));
#731=EDGE_LOOP('',(#3317,#3318,#3319,#3320));
#732=EDGE_LOOP('',(#3321,#3322,#3323,#3324));
#733=EDGE_LOOP('',(#3325,#3326,#3327,#3328));
#734=EDGE_LOOP('',(#3329,#3330,#3331,#3332));
#735=EDGE_LOOP('',(#3333,#3334,#3335,#3336));
#736=EDGE_LOOP('',(#3337,#3338,#3339,#3340));
#737=EDGE_LOOP('',(#3341,#3342,#3343,#3344));
#738=EDGE_LOOP('',(#3345,#3346,#3347,#3348));
#739=EDGE_LOOP('',(#3349,#3350,#3351,#3352));
#740=EDGE_LOOP('',(#3353,#3354,#3355,#3356));
#741=EDGE_LOOP('',(#3357,#3358,#3359,#3360,#3361,#3362,#3363,#3364,#3365,
#3366,#3367,#3368,#3369));
#742=EDGE_LOOP('',(#3370,#3371,#3372,#3373));
#743=EDGE_LOOP('',(#3374,#3375,#3376,#3377));
#744=EDGE_LOOP('',(#3378,#3379,#3380,#3381));
#745=EDGE_LOOP('',(#3382,#3383,#3384,#3385));
#746=EDGE_LOOP('',(#3386,#3387,#3388,#3389));
#747=EDGE_LOOP('',(#3390,#3391,#3392,#3393));
#748=EDGE_LOOP('',(#3394,#3395,#3396,#3397));
#749=EDGE_LOOP('',(#3398,#3399,#3400,#3401));
#750=EDGE_LOOP('',(#3402,#3403,#3404,#3405));
#751=EDGE_LOOP('',(#3406,#3407,#3408,#3409));
#752=EDGE_LOOP('',(#3410,#3411,#3412,#3413));
#753=EDGE_LOOP('',(#3414,#3415,#3416,#3417));
#754=EDGE_LOOP('',(#3418,#3419,#3420,#3421));
#755=EDGE_LOOP('',(#3422,#3423,#3424,#3425));
#756=EDGE_LOOP('',(#3426,#3427,#3428,#3429));
#757=EDGE_LOOP('',(#3430,#3431,#3432,#3433));
#758=EDGE_LOOP('',(#3434,#3435,#3436,#3437));
#759=EDGE_LOOP('',(#3438,#3439,#3440,#3441));
#760=EDGE_LOOP('',(#3442,#3443,#3444,#3445));
#761=EDGE_LOOP('',(#3446,#3447,#3448,#3449));
#762=EDGE_LOOP('',(#3450,#3451,#3452,#3453));
#763=EDGE_LOOP('',(#3454,#3455,#3456,#3457));
#764=EDGE_LOOP('',(#3458,#3459,#3460,#3461));
#765=EDGE_LOOP('',(#3462,#3463,#3464,#3465));
#766=EDGE_LOOP('',(#3466,#3467,#3468,#3469,#3470,#3471,#3472,#3473,#3474,
#3475,#3476,#3477,#3478,#3479));
#767=EDGE_LOOP('',(#3480,#3481,#3482,#3483,#3484));
#768=EDGE_LOOP('',(#3485,#3486,#3487,#3488));
#769=EDGE_LOOP('',(#3489,#3490,#3491,#3492));
#770=EDGE_LOOP('',(#3493,#3494,#3495,#3496));
#771=EDGE_LOOP('',(#3497,#3498,#3499,#3500));
#772=EDGE_LOOP('',(#3501,#3502,#3503,#3504));
#773=EDGE_LOOP('',(#3505,#3506,#3507,#3508));
#774=EDGE_LOOP('',(#3509,#3510,#3511,#3512));
#775=EDGE_LOOP('',(#3513,#3514,#3515,#3516));
#776=EDGE_LOOP('',(#3517,#3518,#3519,#3520));
#777=EDGE_LOOP('',(#3521,#3522,#3523,#3524));
#778=EDGE_LOOP('',(#3525,#3526,#3527,#3528));
#779=EDGE_LOOP('',(#3529,#3530,#3531,#3532));
#780=EDGE_LOOP('',(#3533,#3534,#3535,#3536));
#781=EDGE_LOOP('',(#3537,#3538,#3539,#3540));
#782=EDGE_LOOP('',(#3541,#3542,#3543,#3544));
#783=EDGE_LOOP('',(#3545,#3546,#3547,#3548));
#784=EDGE_LOOP('',(#3549,#3550,#3551,#3552));
#785=EDGE_LOOP('',(#3553,#3554,#3555,#3556));
#786=EDGE_LOOP('',(#3557,#3558,#3559,#3560));
#787=EDGE_LOOP('',(#3561,#3562,#3563,#3564));
#788=EDGE_LOOP('',(#3565,#3566,#3567,#3568));
#789=EDGE_LOOP('',(#3569,#3570,#3571,#3572));
#790=EDGE_LOOP('',(#3573,#3574,#3575,#3576));
#791=EDGE_LOOP('',(#3577,#3578,#3579,#3580));
#792=EDGE_LOOP('',(#3581,#3582,#3583,#3584,#3585,#3586,#3587,#3588,#3589,
#3590,#3591,#3592,#3593,#3594));
#793=EDGE_LOOP('',(#3595,#3596,#3597,#3598,#3599));
#794=EDGE_LOOP('',(#3600,#3601,#3602,#3603));
#795=EDGE_LOOP('',(#3604,#3605,#3606,#3607));
#796=EDGE_LOOP('',(#3608,#3609,#3610,#3611));
#797=EDGE_LOOP('',(#3612,#3613,#3614,#3615));
#798=EDGE_LOOP('',(#3616,#3617,#3618,#3619));
#799=EDGE_LOOP('',(#3620,#3621,#3622,#3623));
#800=EDGE_LOOP('',(#3624,#3625,#3626,#3627));
#801=EDGE_LOOP('',(#3628,#3629,#3630,#3631));
#802=EDGE_LOOP('',(#3632,#3633,#3634,#3635));
#803=EDGE_LOOP('',(#3636,#3637,#3638,#3639));
#804=EDGE_LOOP('',(#3640,#3641,#3642,#3643));
#805=EDGE_LOOP('',(#3644,#3645,#3646,#3647));
#806=EDGE_LOOP('',(#3648,#3649,#3650,#3651));
#807=EDGE_LOOP('',(#3652,#3653,#3654,#3655,#3656,#3657,#3658,#3659,#3660,
#3661,#3662,#3663,#3664));
#808=EDGE_LOOP('',(#3665,#3666,#3667,#3668));
#809=EDGE_LOOP('',(#3669,#3670,#3671,#3672));
#810=EDGE_LOOP('',(#3673,#3674,#3675,#3676));
#811=EDGE_LOOP('',(#3677,#3678,#3679,#3680));
#812=EDGE_LOOP('',(#3681,#3682,#3683,#3684));
#813=EDGE_LOOP('',(#3685,#3686,#3687,#3688));
#814=EDGE_LOOP('',(#3689,#3690,#3691,#3692));
#815=EDGE_LOOP('',(#3693,#3694,#3695,#3696));
#816=EDGE_LOOP('',(#3697,#3698,#3699,#3700));
#817=EDGE_LOOP('',(#3701,#3702,#3703,#3704));
#818=EDGE_LOOP('',(#3705,#3706,#3707,#3708));
#819=EDGE_LOOP('',(#3709,#3710,#3711,#3712));
#820=EDGE_LOOP('',(#3713,#3714,#3715,#3716));
#821=EDGE_LOOP('',(#3717,#3718,#3719,#3720));
#822=EDGE_LOOP('',(#3721,#3722,#3723,#3724));
#823=EDGE_LOOP('',(#3725,#3726,#3727,#3728));
#824=EDGE_LOOP('',(#3729,#3730,#3731,#3732));
#825=EDGE_LOOP('',(#3733,#3734,#3735,#3736));
#826=EDGE_LOOP('',(#3737,#3738,#3739,#3740));
#827=EDGE_LOOP('',(#3741,#3742,#3743,#3744,#3745,#3746,#3747,#3748,#3749,
#3750,#3751,#3752,#3753,#3754,#3755,#3756,#3757,#3758,#3759));
#828=EDGE_LOOP('',(#3760,#3761,#3762,#3763));
#829=EDGE_LOOP('',(#3764,#3765,#3766,#3767));
#830=EDGE_LOOP('',(#3768,#3769,#3770,#3771));
#831=EDGE_LOOP('',(#3772,#3773,#3774,#3775));
#832=EDGE_LOOP('',(#3776,#3777,#3778,#3779));
#833=EDGE_LOOP('',(#3780,#3781,#3782,#3783));
#834=EDGE_LOOP('',(#3784,#3785,#3786,#3787));
#835=EDGE_LOOP('',(#3788,#3789,#3790,#3791));
#836=EDGE_LOOP('',(#3792,#3793,#3794,#3795));
#837=EDGE_LOOP('',(#3796,#3797,#3798,#3799));
#838=EDGE_LOOP('',(#3800,#3801,#3802,#3803));
#839=EDGE_LOOP('',(#3804,#3805,#3806,#3807,#3808,#3809));
#840=EDGE_LOOP('',(#3810,#3811,#3812,#3813,#3814,#3815,#3816,#3817,#3818,
#3819,#3820,#3821,#3822,#3823,#3824,#3825));
#841=EDGE_LOOP('',(#3826,#3827,#3828,#3829));
#842=EDGE_LOOP('',(#3830,#3831,#3832,#3833,#3834,#3835,#3836,#3837,#3838,
#3839,#3840,#3841,#3842,#3843,#3844,#3845,#3846,#3847,#3848));
#843=EDGE_LOOP('',(#3849,#3850,#3851,#3852,#3853,#3854,#3855,#3856,#3857,
#3858,#3859,#3860,#3861,#3862,#3863,#3864,#3865,#3866,#3867,#3868,#3869,
#3870,#3871,#3872,#3873,#3874));
#844=EDGE_LOOP('',(#3875,#3876,#3877,#3878,#3879,#3880,#3881,#3882,#3883,
#3884,#3885,#3886,#3887));
#845=EDGE_LOOP('',(#3888,#3889,#3890,#3891));
#846=EDGE_LOOP('',(#3892,#3893,#3894,#3895,#3896,#3897,#3898,#3899,#3900,
#3901,#3902,#3903,#3904,#3905));
#847=EDGE_LOOP('',(#3906,#3907,#3908,#3909));
#848=EDGE_LOOP('',(#3910,#3911,#3912,#3913,#3914,#3915,#3916,#3917,#3918,
#3919,#3920,#3921,#3922,#3923));
#849=EDGE_LOOP('',(#3924,#3925,#3926,#3927,#3928,#3929,#3930,#3931,#3932,
#3933,#3934,#3935,#3936));
#850=EDGE_LOOP('',(#3937,#3938,#3939,#3940,#3941,#3942,#3943,#3944,#3945,
#3946,#3947,#3948,#3949,#3950,#3951,#3952,#3953,#3954,#3955));
#851=EDGE_LOOP('',(#3956,#3957,#3958,#3959));
#852=EDGE_LOOP('',(#3960,#3961,#3962,#3963,#3964,#3965));
#853=EDGE_LOOP('',(#3966,#3967,#3968,#3969));
#854=EDGE_LOOP('',(#3970));
#855=EDGE_LOOP('',(#3971));
#856=EDGE_LOOP('',(#3972));
#857=EDGE_LOOP('',(#3973));
#858=EDGE_LOOP('',(#3974));
#859=EDGE_LOOP('',(#3975));
#860=EDGE_LOOP('',(#3976));
#861=EDGE_LOOP('',(#3977));
#862=EDGE_LOOP('',(#3978));
#863=EDGE_LOOP('',(#3979));
#864=EDGE_LOOP('',(#3980));
#865=EDGE_LOOP('',(#3981));
#866=EDGE_LOOP('',(#3982));
#867=EDGE_LOOP('',(#3983));
#868=EDGE_LOOP('',(#3984));
#869=EDGE_LOOP('',(#3985));
#870=EDGE_LOOP('',(#3986));
#871=EDGE_LOOP('',(#3987));
#872=EDGE_LOOP('',(#3988,#3989,#3990,#3991));
#873=EDGE_LOOP('',(#3992,#3993,#3994,#3995,#3996,#3997,#3998,#3999));
#874=EDGE_LOOP('',(#4000,#4001,#4002,#4003,#4004));
#875=EDGE_LOOP('',(#4005,#4006,#4007,#4008));
#876=EDGE_LOOP('',(#4009,#4010,#4011,#4012));
#877=EDGE_LOOP('',(#4013,#4014,#4015,#4016));
#878=EDGE_LOOP('',(#4017,#4018,#4019,#4020));
#879=EDGE_LOOP('',(#4021,#4022,#4023,#4024));
#880=EDGE_LOOP('',(#4025,#4026,#4027,#4028));
#881=EDGE_LOOP('',(#4029,#4030,#4031,#4032));
#882=EDGE_LOOP('',(#4033,#4034,#4035,#4036));
#883=EDGE_LOOP('',(#4037,#4038,#4039,#4040));
#884=EDGE_LOOP('',(#4041,#4042,#4043,#4044,#4045));
#885=EDGE_LOOP('',(#4046,#4047,#4048,#4049));
#886=EDGE_LOOP('',(#4050,#4051,#4052,#4053));
#887=EDGE_LOOP('',(#4054,#4055,#4056,#4057));
#888=EDGE_LOOP('',(#4058,#4059,#4060,#4061));
#889=EDGE_LOOP('',(#4062,#4063,#4064,#4065));
#890=EDGE_LOOP('',(#4066,#4067,#4068,#4069,#4070,#4071,#4072,#4073,#4074,
#4075,#4076,#4077,#4078,#4079,#4080,#4081));
#891=EDGE_LOOP('',(#4082));
#892=EDGE_LOOP('',(#4083));
#893=EDGE_LOOP('',(#4084,#4085,#4086,#4087,#4088,#4089,#4090,#4091));
#894=EDGE_LOOP('',(#4092));
#895=EDGE_LOOP('',(#4093));
#896=EDGE_LOOP('',(#4094));
#897=EDGE_LOOP('',(#4095));
#898=EDGE_LOOP('',(#4096));
#899=EDGE_LOOP('',(#4097));
#900=EDGE_LOOP('',(#4098));
#901=EDGE_LOOP('',(#4099));
#902=EDGE_LOOP('',(#4100));
#903=EDGE_LOOP('',(#4101));
#904=EDGE_LOOP('',(#4102));
#905=EDGE_LOOP('',(#4103));
#906=EDGE_LOOP('',(#4104));
#907=EDGE_LOOP('',(#4105));
#908=EDGE_LOOP('',(#4106));
#909=EDGE_LOOP('',(#4107));
#910=EDGE_LOOP('',(#4108));
#911=EDGE_LOOP('',(#4109));
#912=EDGE_LOOP('',(#4110,#4111,#4112,#4113));
#913=EDGE_LOOP('',(#4114,#4115,#4116,#4117));
#914=EDGE_LOOP('',(#4118,#4119,#4120,#4121));
#915=EDGE_LOOP('',(#4122,#4123,#4124,#4125));
#916=EDGE_LOOP('',(#4126,#4127,#4128,#4129));
#917=EDGE_LOOP('',(#4130,#4131,#4132,#4133));
#918=EDGE_LOOP('',(#4134,#4135,#4136,#4137));
#919=EDGE_LOOP('',(#4138,#4139,#4140,#4141));
#920=EDGE_LOOP('',(#4142,#4143,#4144,#4145));
#921=EDGE_LOOP('',(#4146,#4147,#4148,#4149,#4150,#4151,#4152,#4153,#4154,
#4155,#4156,#4157));
#922=EDGE_LOOP('',(#4158,#4159,#4160,#4161,#4162,#4163,#4164,#4165,#4166,
#4167,#4168,#4169));
#923=EDGE_LOOP('',(#4170,#4171,#4172,#4173));
#924=EDGE_LOOP('',(#4174,#4175,#4176,#4177));
#925=EDGE_LOOP('',(#4178,#4179,#4180,#4181));
#926=EDGE_LOOP('',(#4182,#4183,#4184,#4185));
#927=EDGE_LOOP('',(#4186,#4187,#4188,#4189));
#928=EDGE_LOOP('',(#4190,#4191,#4192,#4193));
#929=EDGE_LOOP('',(#4194,#4195,#4196,#4197));
#930=EDGE_LOOP('',(#4198,#4199,#4200,#4201));
#931=EDGE_LOOP('',(#4202,#4203,#4204,#4205));
#932=EDGE_LOOP('',(#4206,#4207,#4208,#4209));
#933=EDGE_LOOP('',(#4210,#4211,#4212,#4213));
#934=EDGE_LOOP('',(#4214,#4215,#4216,#4217,#4218,#4219,#4220,#4221));
#935=EDGE_LOOP('',(#4222,#4223,#4224,#4225));
#936=EDGE_LOOP('',(#4226,#4227,#4228,#4229));
#937=EDGE_LOOP('',(#4230,#4231,#4232,#4233));
#938=EDGE_LOOP('',(#4234,#4235,#4236,#4237));
#939=EDGE_LOOP('',(#4238,#4239,#4240,#4241));
#940=EDGE_LOOP('',(#4242,#4243,#4244,#4245));
#941=EDGE_LOOP('',(#4246,#4247,#4248,#4249));
#942=EDGE_LOOP('',(#4250,#4251,#4252,#4253));
#943=EDGE_LOOP('',(#4254,#4255,#4256,#4257));
#944=EDGE_LOOP('',(#4258,#4259,#4260,#4261));
#945=EDGE_LOOP('',(#4262,#4263,#4264,#4265));
#946=EDGE_LOOP('',(#4266,#4267,#4268,#4269));
#947=EDGE_LOOP('',(#4270,#4271,#4272,#4273));
#948=EDGE_LOOP('',(#4274,#4275,#4276,#4277));
#949=EDGE_LOOP('',(#4278,#4279,#4280,#4281));
#950=EDGE_LOOP('',(#4282,#4283,#4284,#4285));
#951=EDGE_LOOP('',(#4286));
#952=EDGE_LOOP('',(#4287,#4288,#4289,#4290));
#953=EDGE_LOOP('',(#4291));
#954=EDGE_LOOP('',(#4292,#4293,#4294,#4295));
#955=EDGE_LOOP('',(#4296,#4297,#4298,#4299));
#956=EDGE_LOOP('',(#4300,#4301,#4302,#4303));
#957=EDGE_LOOP('',(#4304,#4305,#4306,#4307));
#958=EDGE_LOOP('',(#4308,#4309,#4310,#4311));
#959=EDGE_LOOP('',(#4312,#4313,#4314,#4315));
#960=EDGE_LOOP('',(#4316,#4317,#4318,#4319));
#961=EDGE_LOOP('',(#4320,#4321,#4322,#4323));
#962=EDGE_LOOP('',(#4324,#4325,#4326,#4327,#4328,#4329,#4330,#4331));
#963=EDGE_LOOP('',(#4332,#4333,#4334,#4335));
#964=EDGE_LOOP('',(#4336,#4337,#4338,#4339));
#965=EDGE_LOOP('',(#4340,#4341,#4342,#4343));
#966=EDGE_LOOP('',(#4344,#4345,#4346,#4347));
#967=EDGE_LOOP('',(#4348,#4349,#4350,#4351));
#968=EDGE_LOOP('',(#4352,#4353,#4354,#4355,#4356));
#969=EDGE_LOOP('',(#4357,#4358,#4359,#4360));
#970=EDGE_LOOP('',(#4361,#4362,#4363,#4364));
#971=EDGE_LOOP('',(#4365,#4366,#4367,#4368));
#972=EDGE_LOOP('',(#4369,#4370,#4371,#4372));
#973=EDGE_LOOP('',(#4373,#4374,#4375,#4376));
#974=EDGE_LOOP('',(#4377,#4378,#4379,#4380));
#975=EDGE_LOOP('',(#4381,#4382,#4383,#4384));
#976=EDGE_LOOP('',(#4385,#4386,#4387,#4388));
#977=EDGE_LOOP('',(#4389,#4390,#4391,#4392));
#978=EDGE_LOOP('',(#4393,#4394,#4395,#4396));
#979=EDGE_LOOP('',(#4397,#4398,#4399,#4400));
#980=EDGE_LOOP('',(#4401,#4402,#4403,#4404));
#981=EDGE_LOOP('',(#4405,#4406,#4407,#4408));
#982=EDGE_LOOP('',(#4409,#4410,#4411,#4412));
#983=EDGE_LOOP('',(#4413,#4414,#4415,#4416,#4417));
#984=EDGE_LOOP('',(#4418,#4419,#4420,#4421));
#985=EDGE_LOOP('',(#4422,#4423,#4424,#4425));
#986=EDGE_LOOP('',(#4426,#4427,#4428,#4429));
#987=EDGE_LOOP('',(#4430,#4431,#4432,#4433,#4434));
#988=EDGE_LOOP('',(#4435,#4436,#4437,#4438));
#989=EDGE_LOOP('',(#4439,#4440,#4441,#4442,#4443));
#990=LINE('',#6014,#1452);
#991=LINE('',#6016,#1453);
#992=LINE('',#6018,#1454);
#993=LINE('',#6019,#1455);
#994=LINE('',#6022,#1456);
#995=LINE('',#6024,#1457);
#996=LINE('',#6025,#1458);
#997=LINE('',#6028,#1459);
#998=LINE('',#6030,#1460);
#999=LINE('',#6031,#1461);
#1000=LINE('',#6033,#1462);
#1001=LINE('',#6034,#1463);
#1002=LINE('',#6054,#1464);
#1003=LINE('',#6061,#1465);
#1004=LINE('',#6079,#1466);
#1005=LINE('',#6102,#1467);
#1006=LINE('',#6125,#1468);
#1007=LINE('',#6148,#1469);
#1008=LINE('',#6156,#1470);
#1009=LINE('',#6158,#1471);
#1010=LINE('',#6159,#1472);
#1011=LINE('',#6162,#1473);
#1012=LINE('',#6164,#1474);
#1013=LINE('',#6165,#1475);
#1014=LINE('',#6168,#1476);
#1015=LINE('',#6170,#1477);
#1016=LINE('',#6171,#1478);
#1017=LINE('',#6174,#1479);
#1018=LINE('',#6176,#1480);
#1019=LINE('',#6177,#1481);
#1020=LINE('',#6180,#1482);
#1021=LINE('',#6182,#1483);
#1022=LINE('',#6183,#1484);
#1023=LINE('',#6201,#1485);
#1024=LINE('',#6224,#1486);
#1025=LINE('',#6247,#1487);
#1026=LINE('',#6270,#1488);
#1027=LINE('',#6293,#1489);
#1028=LINE('',#6316,#1490);
#1029=LINE('',#6324,#1491);
#1030=LINE('',#6326,#1492);
#1031=LINE('',#6327,#1493);
#1032=LINE('',#6330,#1494);
#1033=LINE('',#6332,#1495);
#1034=LINE('',#6333,#1496);
#1035=LINE('',#6335,#1497);
#1036=LINE('',#6336,#1498);
#1037=LINE('',#6356,#1499);
#1038=LINE('',#6363,#1500);
#1039=LINE('',#6381,#1501);
#1040=LINE('',#6404,#1502);
#1041=LINE('',#6427,#1503);
#1042=LINE('',#6450,#1504);
#1043=LINE('',#6473,#1505);
#1044=LINE('',#6496,#1506);
#1045=LINE('',#6519,#1507);
#1046=LINE('',#6542,#1508);
#1047=LINE('',#6565,#1509);
#1048=LINE('',#6588,#1510);
#1049=LINE('',#6596,#1511);
#1050=LINE('',#6598,#1512);
#1051=LINE('',#6599,#1513);
#1052=LINE('',#6617,#1514);
#1053=LINE('',#6640,#1515);
#1054=LINE('',#6663,#1516);
#1055=LINE('',#6686,#1517);
#1056=LINE('',#6709,#1518);
#1057=LINE('',#6732,#1519);
#1058=LINE('',#6755,#1520);
#1059=LINE('',#6778,#1521);
#1060=LINE('',#6801,#1522);
#1061=LINE('',#6824,#1523);
#1062=LINE('',#6847,#1524);
#1063=LINE('',#6870,#1525);
#1064=LINE('',#6878,#1526);
#1065=LINE('',#6880,#1527);
#1066=LINE('',#6881,#1528);
#1067=LINE('',#6906,#1529);
#1068=LINE('',#6908,#1530);
#1069=LINE('',#6910,#1531);
#1070=LINE('',#6911,#1532);
#1071=LINE('',#6914,#1533);
#1072=LINE('',#6916,#1534);
#1073=LINE('',#6917,#1535);
#1074=LINE('',#6920,#1536);
#1075=LINE('',#6922,#1537);
#1076=LINE('',#6923,#1538);
#1077=LINE('',#6926,#1539);
#1078=LINE('',#6928,#1540);
#1079=LINE('',#6929,#1541);
#1080=LINE('',#6932,#1542);
#1081=LINE('',#6934,#1543);
#1082=LINE('',#6935,#1544);
#1083=LINE('',#6938,#1545);
#1084=LINE('',#6940,#1546);
#1085=LINE('',#6941,#1547);
#1086=LINE('',#6944,#1548);
#1087=LINE('',#6946,#1549);
#1088=LINE('',#6947,#1550);
#1089=LINE('',#6950,#1551);
#1090=LINE('',#6952,#1552);
#1091=LINE('',#6953,#1553);
#1092=LINE('',#6956,#1554);
#1093=LINE('',#6958,#1555);
#1094=LINE('',#6959,#1556);
#1095=LINE('',#6962,#1557);
#1096=LINE('',#6964,#1558);
#1097=LINE('',#6965,#1559);
#1098=LINE('',#6968,#1560);
#1099=LINE('',#6970,#1561);
#1100=LINE('',#6971,#1562);
#1101=LINE('',#6974,#1563);
#1102=LINE('',#6976,#1564);
#1103=LINE('',#6977,#1565);
#1104=LINE('',#6979,#1566);
#1105=LINE('',#6980,#1567);
#1106=LINE('',#6985,#1568);
#1107=LINE('',#6987,#1569);
#1108=LINE('',#6989,#1570);
#1109=LINE('',#6990,#1571);
#1110=LINE('',#6993,#1572);
#1111=LINE('',#6995,#1573);
#1112=LINE('',#6996,#1574);
#1113=LINE('',#6999,#1575);
#1114=LINE('',#7001,#1576);
#1115=LINE('',#7002,#1577);
#1116=LINE('',#7004,#1578);
#1117=LINE('',#7005,#1579);
#1118=LINE('',#7025,#1580);
#1119=LINE('',#7032,#1581);
#1120=LINE('',#7050,#1582);
#1121=LINE('',#7073,#1583);
#1122=LINE('',#7096,#1584);
#1123=LINE('',#7103,#1585);
#1124=LINE('',#7104,#1586);
#1125=LINE('',#7123,#1587);
#1126=LINE('',#7130,#1588);
#1127=LINE('',#7148,#1589);
#1128=LINE('',#7171,#1590);
#1129=LINE('',#7179,#1591);
#1130=LINE('',#7181,#1592);
#1131=LINE('',#7182,#1593);
#1132=LINE('',#7200,#1594);
#1133=LINE('',#7223,#1595);
#1134=LINE('',#7246,#1596);
#1135=LINE('',#7269,#1597);
#1136=LINE('',#7292,#1598);
#1137=LINE('',#7315,#1599);
#1138=LINE('',#7338,#1600);
#1139=LINE('',#7361,#1601);
#1140=LINE('',#7369,#1602);
#1141=LINE('',#7371,#1603);
#1142=LINE('',#7372,#1604);
#1143=LINE('',#7397,#1605);
#1144=LINE('',#7399,#1606);
#1145=LINE('',#7401,#1607);
#1146=LINE('',#7402,#1608);
#1147=LINE('',#7405,#1609);
#1148=LINE('',#7407,#1610);
#1149=LINE('',#7408,#1611);
#1150=LINE('',#7411,#1612);
#1151=LINE('',#7413,#1613);
#1152=LINE('',#7414,#1614);
#1153=LINE('',#7416,#1615);
#1154=LINE('',#7417,#1616);
#1155=LINE('',#7437,#1617);
#1156=LINE('',#7444,#1618);
#1157=LINE('',#7462,#1619);
#1158=LINE('',#7485,#1620);
#1159=LINE('',#7508,#1621);
#1160=LINE('',#7515,#1622);
#1161=LINE('',#7516,#1623);
#1162=LINE('',#7535,#1624);
#1163=LINE('',#7542,#1625);
#1164=LINE('',#7560,#1626);
#1165=LINE('',#7583,#1627);
#1166=LINE('',#7591,#1628);
#1167=LINE('',#7593,#1629);
#1168=LINE('',#7594,#1630);
#1169=LINE('',#7612,#1631);
#1170=LINE('',#7635,#1632);
#1171=LINE('',#7658,#1633);
#1172=LINE('',#7681,#1634);
#1173=LINE('',#7704,#1635);
#1174=LINE('',#7727,#1636);
#1175=LINE('',#7750,#1637);
#1176=LINE('',#7773,#1638);
#1177=LINE('',#7781,#1639);
#1178=LINE('',#7783,#1640);
#1179=LINE('',#7784,#1641);
#1180=LINE('',#7824,#1642);
#1181=LINE('',#7831,#1643);
#1182=LINE('',#7849,#1644);
#1183=LINE('',#7872,#1645);
#1184=LINE('',#7895,#1646);
#1185=LINE('',#7903,#1647);
#1186=LINE('',#7905,#1648);
#1187=LINE('',#7906,#1649);
#1188=LINE('',#7924,#1650);
#1189=LINE('',#7947,#1651);
#1190=LINE('',#7970,#1652);
#1191=LINE('',#7978,#1653);
#1192=LINE('',#7980,#1654);
#1193=LINE('',#7981,#1655);
#1194=LINE('',#7984,#1656);
#1195=LINE('',#7986,#1657);
#1196=LINE('',#7987,#1658);
#1197=LINE('',#7990,#1659);
#1198=LINE('',#7992,#1660);
#1199=LINE('',#7993,#1661);
#1200=LINE('',#7996,#1662);
#1201=LINE('',#7998,#1663);
#1202=LINE('',#7999,#1664);
#1203=LINE('',#8001,#1665);
#1204=LINE('',#8002,#1666);
#1205=LINE('',#8007,#1667);
#1206=LINE('',#8009,#1668);
#1207=LINE('',#8011,#1669);
#1208=LINE('',#8012,#1670);
#1209=LINE('',#8015,#1671);
#1210=LINE('',#8017,#1672);
#1211=LINE('',#8018,#1673);
#1212=LINE('',#8021,#1674);
#1213=LINE('',#8023,#1675);
#1214=LINE('',#8024,#1676);
#1215=LINE('',#8042,#1677);
#1216=LINE('',#8065,#1678);
#1217=LINE('',#8088,#1679);
#1218=LINE('',#8111,#1680);
#1219=LINE('',#8134,#1681);
#1220=LINE('',#8157,#1682);
#1221=LINE('',#8165,#1683);
#1222=LINE('',#8167,#1684);
#1223=LINE('',#8168,#1685);
#1224=LINE('',#8171,#1686);
#1225=LINE('',#8173,#1687);
#1226=LINE('',#8174,#1688);
#1227=LINE('',#8177,#1689);
#1228=LINE('',#8179,#1690);
#1229=LINE('',#8180,#1691);
#1230=LINE('',#8198,#1692);
#1231=LINE('',#8221,#1693);
#1232=LINE('',#8244,#1694);
#1233=LINE('',#8267,#1695);
#1234=LINE('',#8290,#1696);
#1235=LINE('',#8298,#1697);
#1236=LINE('',#8300,#1698);
#1237=LINE('',#8301,#1699);
#1238=LINE('',#8303,#1700);
#1239=LINE('',#8304,#1701);
#1240=LINE('',#8309,#1702);
#1241=LINE('',#8311,#1703);
#1242=LINE('',#8313,#1704);
#1243=LINE('',#8314,#1705);
#1244=LINE('',#8317,#1706);
#1245=LINE('',#8319,#1707);
#1246=LINE('',#8320,#1708);
#1247=LINE('',#8323,#1709);
#1248=LINE('',#8325,#1710);
#1249=LINE('',#8326,#1711);
#1250=LINE('',#8328,#1712);
#1251=LINE('',#8329,#1713);
#1252=LINE('',#8334,#1714);
#1253=LINE('',#8336,#1715);
#1254=LINE('',#8338,#1716);
#1255=LINE('',#8339,#1717);
#1256=LINE('',#8342,#1718);
#1257=LINE('',#8344,#1719);
#1258=LINE('',#8345,#1720);
#1259=LINE('',#8348,#1721);
#1260=LINE('',#8350,#1722);
#1261=LINE('',#8351,#1723);
#1262=LINE('',#8354,#1724);
#1263=LINE('',#8356,#1725);
#1264=LINE('',#8357,#1726);
#1265=LINE('',#8360,#1727);
#1266=LINE('',#8362,#1728);
#1267=LINE('',#8363,#1729);
#1268=LINE('',#8365,#1730);
#1269=LINE('',#8366,#1731);
#1270=LINE('',#8371,#1732);
#1271=LINE('',#8373,#1733);
#1272=LINE('',#8375,#1734);
#1273=LINE('',#8377,#1735);
#1274=LINE('',#8379,#1736);
#1275=LINE('',#8381,#1737);
#1276=LINE('',#8383,#1738);
#1277=LINE('',#8385,#1739);
#1278=LINE('',#8387,#1740);
#1279=LINE('',#8389,#1741);
#1280=LINE('',#8391,#1742);
#1281=LINE('',#8393,#1743);
#1282=LINE('',#8395,#1744);
#1283=LINE('',#8397,#1745);
#1284=LINE('',#8399,#1746);
#1285=LINE('',#8400,#1747);
#1286=LINE('',#8403,#1748);
#1287=LINE('',#8405,#1749);
#1288=LINE('',#8407,#1750);
#1289=LINE('',#8408,#1751);
#1290=LINE('',#8447,#1752);
#1291=LINE('',#8449,#1753);
#1292=LINE('',#8451,#1754);
#1293=LINE('',#8452,#1755);
#1294=LINE('',#8455,#1756);
#1295=LINE('',#8459,#1757);
#1296=LINE('',#8463,#1758);
#1297=LINE('',#8467,#1759);
#1298=LINE('',#8473,#1760);
#1299=LINE('',#8477,#1761);
#1300=LINE('',#8481,#1762);
#1301=LINE('',#8485,#1763);
#1302=LINE('',#8489,#1764);
#1303=LINE('',#8493,#1765);
#1304=LINE('',#8497,#1766);
#1305=LINE('',#8501,#1767);
#1306=LINE('',#8505,#1768);
#1307=LINE('',#8507,#1769);
#1308=LINE('',#8509,#1770);
#1309=LINE('',#8510,#1771);
#1310=LINE('',#8514,#1772);
#1311=LINE('',#8516,#1773);
#1312=LINE('',#8518,#1774);
#1313=LINE('',#8520,#1775);
#1314=LINE('',#8521,#1776);
#1315=LINE('',#8523,#1777);
#1316=LINE('',#8524,#1778);
#1317=LINE('',#8528,#1779);
#1318=LINE('',#8530,#1780);
#1319=LINE('',#8532,#1781);
#1320=LINE('',#8533,#1782);
#1321=LINE('',#8536,#1783);
#1322=LINE('',#8538,#1784);
#1323=LINE('',#8539,#1785);
#1324=LINE('',#8543,#1786);
#1325=LINE('',#8547,#1787);
#1326=LINE('',#8551,#1788);
#1327=LINE('',#8552,#1789);
#1328=LINE('',#8554,#1790);
#1329=LINE('',#8556,#1791);
#1330=LINE('',#8558,#1792);
#1331=LINE('',#8560,#1793);
#1332=LINE('',#8562,#1794);
#1333=LINE('',#8564,#1795);
#1334=LINE('',#8565,#1796);
#1335=LINE('',#8567,#1797);
#1336=LINE('',#8568,#1798);
#1337=LINE('',#8575,#1799);
#1338=LINE('',#8579,#1800);
#1339=LINE('',#8583,#1801);
#1340=LINE('',#8587,#1802);
#1341=LINE('',#8608,#1803);
#1342=LINE('',#8610,#1804);
#1343=LINE('',#8612,#1805);
#1344=LINE('',#8613,#1806);
#1345=LINE('',#8617,#1807);
#1346=LINE('',#8619,#1808);
#1347=LINE('',#8621,#1809);
#1348=LINE('',#8622,#1810);
#1349=LINE('',#8626,#1811);
#1350=LINE('',#8628,#1812);
#1351=LINE('',#8630,#1813);
#1352=LINE('',#8631,#1814);
#1353=LINE('',#8633,#1815);
#1354=LINE('',#8634,#1816);
#1355=LINE('',#8637,#1817);
#1356=LINE('',#8639,#1818);
#1357=LINE('',#8640,#1819);
#1358=LINE('',#8642,#1820);
#1359=LINE('',#8643,#1821);
#1360=LINE('',#8647,#1822);
#1361=LINE('',#8648,#1823);
#1362=LINE('',#8649,#1824);
#1363=LINE('',#8652,#1825);
#1364=LINE('',#8653,#1826);
#1365=LINE('',#8656,#1827);
#1366=LINE('',#8657,#1828);
#1367=LINE('',#8659,#1829);
#1368=LINE('',#8661,#1830);
#1369=LINE('',#8662,#1831);
#1370=LINE('',#8665,#1832);
#1371=LINE('',#8667,#1833);
#1372=LINE('',#8669,#1834);
#1373=LINE('',#8671,#1835);
#1374=LINE('',#8673,#1836);
#1375=LINE('',#8674,#1837);
#1376=LINE('',#8676,#1838);
#1377=LINE('',#8678,#1839);
#1378=LINE('',#8680,#1840);
#1379=LINE('',#8684,#1841);
#1380=LINE('',#8686,#1842);
#1381=LINE('',#8688,#1843);
#1382=LINE('',#8690,#1844);
#1383=LINE('',#8692,#1845);
#1384=LINE('',#8696,#1846);
#1385=LINE('',#8698,#1847);
#1386=LINE('',#8701,#1848);
#1387=LINE('',#8702,#1849);
#1388=LINE('',#8705,#1850);
#1389=LINE('',#8706,#1851);
#1390=LINE('',#8709,#1852);
#1391=LINE('',#8710,#1853);
#1392=LINE('',#8713,#1854);
#1393=LINE('',#8714,#1855);
#1394=LINE('',#8717,#1856);
#1395=LINE('',#8718,#1857);
#1396=LINE('',#8721,#1858);
#1397=LINE('',#8722,#1859);
#1398=LINE('',#8724,#1860);
#1399=LINE('',#8725,#1861);
#1400=LINE('',#8727,#1862);
#1401=LINE('',#8729,#1863);
#1402=LINE('',#8730,#1864);
#1403=LINE('',#8732,#1865);
#1404=LINE('',#8733,#1866);
#1405=LINE('',#8735,#1867);
#1406=LINE('',#8737,#1868);
#1407=LINE('',#8738,#1869);
#1408=LINE('',#8740,#1870);
#1409=LINE('',#8743,#1871);
#1410=LINE('',#8746,#1872);
#1411=LINE('',#8750,#1873);
#1412=LINE('',#8752,#1874);
#1413=LINE('',#8754,#1875);
#1414=LINE('',#8755,#1876);
#1415=LINE('',#8759,#1877);
#1416=LINE('',#8761,#1878);
#1417=LINE('',#8763,#1879);
#1418=LINE('',#8764,#1880);
#1419=LINE('',#8766,#1881);
#1420=LINE('',#8767,#1882);
#1421=LINE('',#8769,#1883);
#1422=LINE('',#8771,#1884);
#1423=LINE('',#8774,#1885);
#1424=LINE('',#8775,#1886);
#1425=LINE('',#8777,#1887);
#1426=LINE('',#8778,#1888);
#1427=LINE('',#8782,#1889);
#1428=LINE('',#8787,#1890);
#1429=LINE('',#8788,#1891);
#1430=LINE('',#8789,#1892);
#1431=LINE('',#8793,#1893);
#1432=LINE('',#8796,#1894);
#1433=LINE('',#8797,#1895);
#1434=LINE('',#8801,#1896);
#1435=LINE('',#8805,#1897);
#1436=LINE('',#8806,#1898);
#1437=LINE('',#8810,#1899);
#1438=LINE('',#8813,#1900);
#1439=LINE('',#8814,#1901);
#1440=LINE('',#8834,#1902);
#1441=LINE('',#8837,#1903);
#1442=LINE('',#8838,#1904);
#1443=LINE('',#8841,#1905);
#1444=LINE('',#8842,#1906);
#1445=LINE('',#8845,#1907);
#1446=LINE('',#8846,#1908);
#1447=LINE('',#8849,#1909);
#1448=LINE('',#8850,#1910);
#1449=LINE('',#8852,#1911);
#1450=LINE('',#8854,#1912);
#1451=LINE('',#8856,#1913);
#1452=VECTOR('',#5088,10.);
#1453=VECTOR('',#5089,10.);
#1454=VECTOR('',#5090,10.);
#1455=VECTOR('',#5091,10.);
#1456=VECTOR('',#5094,10.);
#1457=VECTOR('',#5095,10.);
#1458=VECTOR('',#5096,10.);
#1459=VECTOR('',#5099,10.);
#1460=VECTOR('',#5100,10.);
#1461=VECTOR('',#5101,10.);
#1462=VECTOR('',#5104,10.);
#1463=VECTOR('',#5105,10.);
#1464=VECTOR('',#5108,10.);
#1465=VECTOR('',#5109,10.);
#1466=VECTOR('',#5110,10.);
#1467=VECTOR('',#5111,10.);
#1468=VECTOR('',#5112,10.);
#1469=VECTOR('',#5113,10.);
#1470=VECTOR('',#5116,10.);
#1471=VECTOR('',#5117,10.);
#1472=VECTOR('',#5118,10.);
#1473=VECTOR('',#5121,10.);
#1474=VECTOR('',#5122,10.);
#1475=VECTOR('',#5123,10.);
#1476=VECTOR('',#5126,10.);
#1477=VECTOR('',#5127,10.);
#1478=VECTOR('',#5128,10.);
#1479=VECTOR('',#5131,10.);
#1480=VECTOR('',#5132,10.);
#1481=VECTOR('',#5133,10.);
#1482=VECTOR('',#5136,10.);
#1483=VECTOR('',#5137,10.);
#1484=VECTOR('',#5138,10.);
#1485=VECTOR('',#5139,10.);
#1486=VECTOR('',#5140,10.);
#1487=VECTOR('',#5141,10.);
#1488=VECTOR('',#5142,10.);
#1489=VECTOR('',#5143,10.);
#1490=VECTOR('',#5144,10.);
#1491=VECTOR('',#5147,10.);
#1492=VECTOR('',#5148,10.);
#1493=VECTOR('',#5149,10.);
#1494=VECTOR('',#5152,10.);
#1495=VECTOR('',#5153,10.);
#1496=VECTOR('',#5154,10.);
#1497=VECTOR('',#5157,10.);
#1498=VECTOR('',#5158,10.);
#1499=VECTOR('',#5161,10.);
#1500=VECTOR('',#5162,10.);
#1501=VECTOR('',#5163,10.);
#1502=VECTOR('',#5164,10.);
#1503=VECTOR('',#5165,10.);
#1504=VECTOR('',#5166,10.);
#1505=VECTOR('',#5167,10.);
#1506=VECTOR('',#5168,10.);
#1507=VECTOR('',#5169,10.);
#1508=VECTOR('',#5170,10.);
#1509=VECTOR('',#5171,10.);
#1510=VECTOR('',#5172,10.);
#1511=VECTOR('',#5175,10.);
#1512=VECTOR('',#5176,10.);
#1513=VECTOR('',#5177,10.);
#1514=VECTOR('',#5178,10.);
#1515=VECTOR('',#5179,10.);
#1516=VECTOR('',#5180,10.);
#1517=VECTOR('',#5181,10.);
#1518=VECTOR('',#5182,10.);
#1519=VECTOR('',#5183,10.);
#1520=VECTOR('',#5184,10.);
#1521=VECTOR('',#5185,10.);
#1522=VECTOR('',#5186,10.);
#1523=VECTOR('',#5187,10.);
#1524=VECTOR('',#5188,10.);
#1525=VECTOR('',#5189,10.);
#1526=VECTOR('',#5192,10.);
#1527=VECTOR('',#5193,10.);
#1528=VECTOR('',#5194,10.);
#1529=VECTOR('',#5199,10.);
#1530=VECTOR('',#5200,10.);
#1531=VECTOR('',#5201,10.);
#1532=VECTOR('',#5202,10.);
#1533=VECTOR('',#5205,10.);
#1534=VECTOR('',#5206,10.);
#1535=VECTOR('',#5207,10.);
#1536=VECTOR('',#5210,10.);
#1537=VECTOR('',#5211,10.);
#1538=VECTOR('',#5212,10.);
#1539=VECTOR('',#5215,10.);
#1540=VECTOR('',#5216,10.);
#1541=VECTOR('',#5217,10.);
#1542=VECTOR('',#5220,10.);
#1543=VECTOR('',#5221,10.);
#1544=VECTOR('',#5222,10.);
#1545=VECTOR('',#5225,10.);
#1546=VECTOR('',#5226,10.);
#1547=VECTOR('',#5227,10.);
#1548=VECTOR('',#5230,10.);
#1549=VECTOR('',#5231,10.);
#1550=VECTOR('',#5232,10.);
#1551=VECTOR('',#5235,10.);
#1552=VECTOR('',#5236,10.);
#1553=VECTOR('',#5237,10.);
#1554=VECTOR('',#5240,10.);
#1555=VECTOR('',#5241,10.);
#1556=VECTOR('',#5242,10.);
#1557=VECTOR('',#5245,10.);
#1558=VECTOR('',#5246,10.);
#1559=VECTOR('',#5247,10.);
#1560=VECTOR('',#5250,10.);
#1561=VECTOR('',#5251,10.);
#1562=VECTOR('',#5252,10.);
#1563=VECTOR('',#5255,10.);
#1564=VECTOR('',#5256,10.);
#1565=VECTOR('',#5257,10.);
#1566=VECTOR('',#5260,10.);
#1567=VECTOR('',#5261,10.);
#1568=VECTOR('',#5266,10.);
#1569=VECTOR('',#5267,10.);
#1570=VECTOR('',#5268,10.);
#1571=VECTOR('',#5269,10.);
#1572=VECTOR('',#5272,10.);
#1573=VECTOR('',#5273,10.);
#1574=VECTOR('',#5274,10.);
#1575=VECTOR('',#5277,10.);
#1576=VECTOR('',#5278,10.);
#1577=VECTOR('',#5279,10.);
#1578=VECTOR('',#5282,10.);
#1579=VECTOR('',#5283,10.);
#1580=VECTOR('',#5286,10.);
#1581=VECTOR('',#5287,10.);
#1582=VECTOR('',#5288,10.);
#1583=VECTOR('',#5289,10.);
#1584=VECTOR('',#5290,10.);
#1585=VECTOR('',#5293,10.);
#1586=VECTOR('',#5294,10.);
#1587=VECTOR('',#5295,10.);
#1588=VECTOR('',#5296,10.);
#1589=VECTOR('',#5297,10.);
#1590=VECTOR('',#5298,10.);
#1591=VECTOR('',#5301,10.);
#1592=VECTOR('',#5302,10.);
#1593=VECTOR('',#5303,10.);
#1594=VECTOR('',#5304,10.);
#1595=VECTOR('',#5305,10.);
#1596=VECTOR('',#5306,10.);
#1597=VECTOR('',#5307,10.);
#1598=VECTOR('',#5308,10.);
#1599=VECTOR('',#5309,10.);
#1600=VECTOR('',#5310,10.);
#1601=VECTOR('',#5311,10.);
#1602=VECTOR('',#5314,10.);
#1603=VECTOR('',#5315,10.);
#1604=VECTOR('',#5316,10.);
#1605=VECTOR('',#5321,10.);
#1606=VECTOR('',#5322,10.);
#1607=VECTOR('',#5323,10.);
#1608=VECTOR('',#5324,10.);
#1609=VECTOR('',#5327,10.);
#1610=VECTOR('',#5328,10.);
#1611=VECTOR('',#5329,10.);
#1612=VECTOR('',#5332,10.);
#1613=VECTOR('',#5333,10.);
#1614=VECTOR('',#5334,10.);
#1615=VECTOR('',#5337,10.);
#1616=VECTOR('',#5338,10.);
#1617=VECTOR('',#5341,10.);
#1618=VECTOR('',#5342,10.);
#1619=VECTOR('',#5343,10.);
#1620=VECTOR('',#5344,10.);
#1621=VECTOR('',#5345,10.);
#1622=VECTOR('',#5348,10.);
#1623=VECTOR('',#5349,10.);
#1624=VECTOR('',#5350,10.);
#1625=VECTOR('',#5351,10.);
#1626=VECTOR('',#5352,10.);
#1627=VECTOR('',#5353,10.);
#1628=VECTOR('',#5356,10.);
#1629=VECTOR('',#5357,10.);
#1630=VECTOR('',#5358,10.);
#1631=VECTOR('',#5359,10.);
#1632=VECTOR('',#5360,10.);
#1633=VECTOR('',#5361,10.);
#1634=VECTOR('',#5362,10.);
#1635=VECTOR('',#5363,10.);
#1636=VECTOR('',#5364,10.);
#1637=VECTOR('',#5365,10.);
#1638=VECTOR('',#5366,10.);
#1639=VECTOR('',#5369,10.);
#1640=VECTOR('',#5370,10.);
#1641=VECTOR('',#5371,10.);
#1642=VECTOR('',#5374,10.);
#1643=VECTOR('',#5375,10.);
#1644=VECTOR('',#5376,10.);
#1645=VECTOR('',#5377,10.);
#1646=VECTOR('',#5378,10.);
#1647=VECTOR('',#5381,10.);
#1648=VECTOR('',#5382,10.);
#1649=VECTOR('',#5383,10.);
#1650=VECTOR('',#5384,10.);
#1651=VECTOR('',#5385,10.);
#1652=VECTOR('',#5386,10.);
#1653=VECTOR('',#5389,10.);
#1654=VECTOR('',#5390,10.);
#1655=VECTOR('',#5391,10.);
#1656=VECTOR('',#5394,10.);
#1657=VECTOR('',#5395,10.);
#1658=VECTOR('',#5396,10.);
#1659=VECTOR('',#5399,10.);
#1660=VECTOR('',#5400,10.);
#1661=VECTOR('',#5401,10.);
#1662=VECTOR('',#5404,10.);
#1663=VECTOR('',#5405,10.);
#1664=VECTOR('',#5406,10.);
#1665=VECTOR('',#5409,10.);
#1666=VECTOR('',#5410,10.);
#1667=VECTOR('',#5415,10.);
#1668=VECTOR('',#5416,10.);
#1669=VECTOR('',#5417,10.);
#1670=VECTOR('',#5418,10.);
#1671=VECTOR('',#5421,10.);
#1672=VECTOR('',#5422,10.);
#1673=VECTOR('',#5423,10.);
#1674=VECTOR('',#5426,10.);
#1675=VECTOR('',#5427,10.);
#1676=VECTOR('',#5428,10.);
#1677=VECTOR('',#5429,10.);
#1678=VECTOR('',#5430,10.);
#1679=VECTOR('',#5431,10.);
#1680=VECTOR('',#5432,10.);
#1681=VECTOR('',#5433,10.);
#1682=VECTOR('',#5434,10.);
#1683=VECTOR('',#5437,10.);
#1684=VECTOR('',#5438,10.);
#1685=VECTOR('',#5439,10.);
#1686=VECTOR('',#5442,10.);
#1687=VECTOR('',#5443,10.);
#1688=VECTOR('',#5444,10.);
#1689=VECTOR('',#5447,10.);
#1690=VECTOR('',#5448,10.);
#1691=VECTOR('',#5449,10.);
#1692=VECTOR('',#5450,10.);
#1693=VECTOR('',#5451,10.);
#1694=VECTOR('',#5452,10.);
#1695=VECTOR('',#5453,10.);
#1696=VECTOR('',#5454,10.);
#1697=VECTOR('',#5457,10.);
#1698=VECTOR('',#5458,10.);
#1699=VECTOR('',#5459,10.);
#1700=VECTOR('',#5462,10.);
#1701=VECTOR('',#5463,10.);
#1702=VECTOR('',#5468,10.);
#1703=VECTOR('',#5469,10.);
#1704=VECTOR('',#5470,10.);
#1705=VECTOR('',#5471,10.);
#1706=VECTOR('',#5474,10.);
#1707=VECTOR('',#5475,10.);
#1708=VECTOR('',#5476,10.);
#1709=VECTOR('',#5479,10.);
#1710=VECTOR('',#5480,10.);
#1711=VECTOR('',#5481,10.);
#1712=VECTOR('',#5484,10.);
#1713=VECTOR('',#5485,10.);
#1714=VECTOR('',#5490,10.);
#1715=VECTOR('',#5491,10.);
#1716=VECTOR('',#5492,10.);
#1717=VECTOR('',#5493,10.);
#1718=VECTOR('',#5496,10.);
#1719=VECTOR('',#5497,10.);
#1720=VECTOR('',#5498,10.);
#1721=VECTOR('',#5501,10.);
#1722=VECTOR('',#5502,10.);
#1723=VECTOR('',#5503,10.);
#1724=VECTOR('',#5506,10.);
#1725=VECTOR('',#5507,10.);
#1726=VECTOR('',#5508,10.);
#1727=VECTOR('',#5511,10.);
#1728=VECTOR('',#5512,10.);
#1729=VECTOR('',#5513,10.);
#1730=VECTOR('',#5516,10.);
#1731=VECTOR('',#5517,10.);
#1732=VECTOR('',#5522,10.);
#1733=VECTOR('',#5523,10.);
#1734=VECTOR('',#5524,10.);
#1735=VECTOR('',#5525,10.);
#1736=VECTOR('',#5526,10.);
#1737=VECTOR('',#5527,10.);
#1738=VECTOR('',#5528,10.);
#1739=VECTOR('',#5529,10.);
#1740=VECTOR('',#5530,10.);
#1741=VECTOR('',#5531,10.);
#1742=VECTOR('',#5532,10.);
#1743=VECTOR('',#5533,10.);
#1744=VECTOR('',#5534,10.);
#1745=VECTOR('',#5535,10.);
#1746=VECTOR('',#5536,10.);
#1747=VECTOR('',#5537,10.);
#1748=VECTOR('',#5538,10.);
#1749=VECTOR('',#5539,10.);
#1750=VECTOR('',#5540,10.);
#1751=VECTOR('',#5541,10.);
#1752=VECTOR('',#5578,10.);
#1753=VECTOR('',#5579,10.);
#1754=VECTOR('',#5580,10.);
#1755=VECTOR('',#5581,10.);
#1756=VECTOR('',#5582,10.);
#1757=VECTOR('',#5585,10.);
#1758=VECTOR('',#5588,10.);
#1759=VECTOR('',#5591,10.);
#1760=VECTOR('',#5600,1.6);
#1761=VECTOR('',#5605,1.60000000000002);
#1762=VECTOR('',#5610,1.60000000000002);
#1763=VECTOR('',#5615,1.6);
#1764=VECTOR('',#5620,1.60000000000001);
#1765=VECTOR('',#5625,1.60000000000001);
#1766=VECTOR('',#5630,1.6);
#1767=VECTOR('',#5635,1.6);
#1768=VECTOR('',#5638,10.);
#1769=VECTOR('',#5639,10.);
#1770=VECTOR('',#5640,10.);
#1771=VECTOR('',#5641,10.);
#1772=VECTOR('',#5644,10.);
#1773=VECTOR('',#5645,10.);
#1774=VECTOR('',#5646,10.);
#1775=VECTOR('',#5647,10.);
#1776=VECTOR('',#5648,10.);
#1777=VECTOR('',#5651,10.);
#1778=VECTOR('',#5652,10.);
#1779=VECTOR('',#5655,10.);
#1780=VECTOR('',#5656,10.);
#1781=VECTOR('',#5657,10.);
#1782=VECTOR('',#5658,10.);
#1783=VECTOR('',#5661,10.);
#1784=VECTOR('',#5662,10.);
#1785=VECTOR('',#5663,10.);
#1786=VECTOR('',#5668,1.6);
#1787=VECTOR('',#5673,1.60000000000001);
#1788=VECTOR('',#5676,10.);
#1789=VECTOR('',#5677,10.);
#1790=VECTOR('',#5678,10.);
#1791=VECTOR('',#5679,10.);
#1792=VECTOR('',#5680,10.);
#1793=VECTOR('',#5681,10.);
#1794=VECTOR('',#5682,10.);
#1795=VECTOR('',#5683,10.);
#1796=VECTOR('',#5684,10.);
#1797=VECTOR('',#5685,10.);
#1798=VECTOR('',#5686,10.);
#1799=VECTOR('',#5691,10.);
#1800=VECTOR('',#5694,10.);
#1801=VECTOR('',#5697,10.);
#1802=VECTOR('',#5700,10.);
#1803=VECTOR('',#5721,10.);
#1804=VECTOR('',#5722,10.);
#1805=VECTOR('',#5723,10.);
#1806=VECTOR('',#5724,10.);
#1807=VECTOR('',#5727,10.);
#1808=VECTOR('',#5728,10.);
#1809=VECTOR('',#5729,10.);
#1810=VECTOR('',#5730,10.);
#1811=VECTOR('',#5733,10.);
#1812=VECTOR('',#5734,10.);
#1813=VECTOR('',#5735,10.);
#1814=VECTOR('',#5736,10.);
#1815=VECTOR('',#5739,10.);
#1816=VECTOR('',#5740,10.);
#1817=VECTOR('',#5743,10.);
#1818=VECTOR('',#5744,10.);
#1819=VECTOR('',#5745,10.);
#1820=VECTOR('',#5748,10.);
#1821=VECTOR('',#5749,10.);
#1822=VECTOR('',#5752,10.);
#1823=VECTOR('',#5753,10.);
#1824=VECTOR('',#5754,10.);
#1825=VECTOR('',#5757,10.);
#1826=VECTOR('',#5758,10.);
#1827=VECTOR('',#5761,10.);
#1828=VECTOR('',#5762,10.);
#1829=VECTOR('',#5765,10.);
#1830=VECTOR('',#5766,10.);
#1831=VECTOR('',#5767,10.);
#1832=VECTOR('',#5770,10.);
#1833=VECTOR('',#5771,10.);
#1834=VECTOR('',#5772,10.);
#1835=VECTOR('',#5773,10.);
#1836=VECTOR('',#5774,10.);
#1837=VECTOR('',#5775,10.);
#1838=VECTOR('',#5778,1.6);
#1839=VECTOR('',#5781,1.6);
#1840=VECTOR('',#5784,1.6);
#1841=VECTOR('',#5789,1.6);
#1842=VECTOR('',#5792,1.6);
#1843=VECTOR('',#5795,1.6);
#1844=VECTOR('',#5798,1.6);
#1845=VECTOR('',#5801,1.6);
#1846=VECTOR('',#5806,1.6);
#1847=VECTOR('',#5809,1.6);
#1848=VECTOR('',#5812,10.);
#1849=VECTOR('',#5813,10.);
#1850=VECTOR('',#5816,10.);
#1851=VECTOR('',#5817,10.);
#1852=VECTOR('',#5820,10.);
#1853=VECTOR('',#5821,10.);
#1854=VECTOR('',#5824,10.);
#1855=VECTOR('',#5825,10.);
#1856=VECTOR('',#5828,10.);
#1857=VECTOR('',#5829,10.);
#1858=VECTOR('',#5832,10.);
#1859=VECTOR('',#5833,10.);
#1860=VECTOR('',#5836,10.);
#1861=VECTOR('',#5837,10.);
#1862=VECTOR('',#5840,10.);
#1863=VECTOR('',#5843,10.);
#1864=VECTOR('',#5844,10.);
#1865=VECTOR('',#5847,10.);
#1866=VECTOR('',#5848,10.);
#1867=VECTOR('',#5851,10.);
#1868=VECTOR('',#5854,10.);
#1869=VECTOR('',#5855,10.);
#1870=VECTOR('',#5858,10.);
#1871=VECTOR('',#5863,10.);
#1872=VECTOR('',#5868,10.);
#1873=VECTOR('',#5871,10.);
#1874=VECTOR('',#5872,10.);
#1875=VECTOR('',#5873,10.);
#1876=VECTOR('',#5874,10.);
#1877=VECTOR('',#5877,10.);
#1878=VECTOR('',#5878,10.);
#1879=VECTOR('',#5879,10.);
#1880=VECTOR('',#5880,10.);
#1881=VECTOR('',#5883,10.);
#1882=VECTOR('',#5884,10.);
#1883=VECTOR('',#5887,10.);
#1884=VECTOR('',#5890,10.);
#1885=VECTOR('',#5895,10.);
#1886=VECTOR('',#5896,10.);
#1887=VECTOR('',#5899,10.);
#1888=VECTOR('',#5900,10.);
#1889=VECTOR('',#5907,10.);
#1890=VECTOR('',#5912,10.);
#1891=VECTOR('',#5913,10.);
#1892=VECTOR('',#5914,10.);
#1893=VECTOR('',#5919,10.);
#1894=VECTOR('',#5922,10.);
#1895=VECTOR('',#5923,10.);
#1896=VECTOR('',#5928,10.);
#1897=VECTOR('',#5933,10.);
#1898=VECTOR('',#5934,10.);
#1899=VECTOR('',#5939,10.);
#1900=VECTOR('',#5942,10.);
#1901=VECTOR('',#5943,10.);
#1902=VECTOR('',#5982,10.);
#1903=VECTOR('',#5985,10.);
#1904=VECTOR('',#5986,10.);
#1905=VECTOR('',#5989,10.);
#1906=VECTOR('',#5990,10.);
#1907=VECTOR('',#5993,10.);
#1908=VECTOR('',#5994,10.);
#1909=VECTOR('',#5997,10.);
#1910=VECTOR('',#5998,10.);
#1911=VECTOR('',#6001,10.);
#1912=VECTOR('',#6004,10.);
#1913=VECTOR('',#6007,10.);
#1914=VERTEX_POINT('',#6012);
#1915=VERTEX_POINT('',#6013);
#1916=VERTEX_POINT('',#6015);
#1917=VERTEX_POINT('',#6017);
#1918=VERTEX_POINT('',#6021);
#1919=VERTEX_POINT('',#6023);
#1920=VERTEX_POINT('',#6027);
#1921=VERTEX_POINT('',#6029);
#1922=VERTEX_POINT('',#6046);
#1923=VERTEX_POINT('',#6047);
#1924=VERTEX_POINT('',#6053);
#1925=VERTEX_POINT('',#6055);
#1926=VERTEX_POINT('',#6072);
#1927=VERTEX_POINT('',#6078);
#1928=VERTEX_POINT('',#6095);
#1929=VERTEX_POINT('',#6101);
#1930=VERTEX_POINT('',#6118);
#1931=VERTEX_POINT('',#6124);
#1932=VERTEX_POINT('',#6141);
#1933=VERTEX_POINT('',#6147);
#1934=VERTEX_POINT('',#6155);
#1935=VERTEX_POINT('',#6157);
#1936=VERTEX_POINT('',#6161);
#1937=VERTEX_POINT('',#6163);
#1938=VERTEX_POINT('',#6167);
#1939=VERTEX_POINT('',#6169);
#1940=VERTEX_POINT('',#6173);
#1941=VERTEX_POINT('',#6175);
#1942=VERTEX_POINT('',#6179);
#1943=VERTEX_POINT('',#6181);
#1944=VERTEX_POINT('',#6194);
#1945=VERTEX_POINT('',#6200);
#1946=VERTEX_POINT('',#6217);
#1947=VERTEX_POINT('',#6223);
#1948=VERTEX_POINT('',#6240);
#1949=VERTEX_POINT('',#6246);
#1950=VERTEX_POINT('',#6263);
#1951=VERTEX_POINT('',#6269);
#1952=VERTEX_POINT('',#6286);
#1953=VERTEX_POINT('',#6292);
#1954=VERTEX_POINT('',#6309);
#1955=VERTEX_POINT('',#6315);
#1956=VERTEX_POINT('',#6323);
#1957=VERTEX_POINT('',#6325);
#1958=VERTEX_POINT('',#6329);
#1959=VERTEX_POINT('',#6331);
#1960=VERTEX_POINT('',#6348);
#1961=VERTEX_POINT('',#6349);
#1962=VERTEX_POINT('',#6355);
#1963=VERTEX_POINT('',#6357);
#1964=VERTEX_POINT('',#6374);
#1965=VERTEX_POINT('',#6380);
#1966=VERTEX_POINT('',#6397);
#1967=VERTEX_POINT('',#6403);
#1968=VERTEX_POINT('',#6420);
#1969=VERTEX_POINT('',#6426);
#1970=VERTEX_POINT('',#6443);
#1971=VERTEX_POINT('',#6449);
#1972=VERTEX_POINT('',#6466);
#1973=VERTEX_POINT('',#6472);
#1974=VERTEX_POINT('',#6489);
#1975=VERTEX_POINT('',#6495);
#1976=VERTEX_POINT('',#6512);
#1977=VERTEX_POINT('',#6518);
#1978=VERTEX_POINT('',#6535);
#1979=VERTEX_POINT('',#6541);
#1980=VERTEX_POINT('',#6558);
#1981=VERTEX_POINT('',#6564);
#1982=VERTEX_POINT('',#6581);
#1983=VERTEX_POINT('',#6587);
#1984=VERTEX_POINT('',#6595);
#1985=VERTEX_POINT('',#6597);
#1986=VERTEX_POINT('',#6610);
#1987=VERTEX_POINT('',#6616);
#1988=VERTEX_POINT('',#6633);
#1989=VERTEX_POINT('',#6639);
#1990=VERTEX_POINT('',#6656);
#1991=VERTEX_POINT('',#6662);
#1992=VERTEX_POINT('',#6679);
#1993=VERTEX_POINT('',#6685);
#1994=VERTEX_POINT('',#6702);
#1995=VERTEX_POINT('',#6708);
#1996=VERTEX_POINT('',#6725);
#1997=VERTEX_POINT('',#6731);
#1998=VERTEX_POINT('',#6748);
#1999=VERTEX_POINT('',#6754);
#2000=VERTEX_POINT('',#6771);
#2001=VERTEX_POINT('',#6777);
#2002=VERTEX_POINT('',#6794);
#2003=VERTEX_POINT('',#6800);
#2004=VERTEX_POINT('',#6817);
#2005=VERTEX_POINT('',#6823);
#2006=VERTEX_POINT('',#6840);
#2007=VERTEX_POINT('',#6846);
#2008=VERTEX_POINT('',#6863);
#2009=VERTEX_POINT('',#6869);
#2010=VERTEX_POINT('',#6877);
#2011=VERTEX_POINT('',#6879);
#2012=VERTEX_POINT('',#6904);
#2013=VERTEX_POINT('',#6905);
#2014=VERTEX_POINT('',#6907);
#2015=VERTEX_POINT('',#6909);
#2016=VERTEX_POINT('',#6913);
#2017=VERTEX_POINT('',#6915);
#2018=VERTEX_POINT('',#6919);
#2019=VERTEX_POINT('',#6921);
#2020=VERTEX_POINT('',#6925);
#2021=VERTEX_POINT('',#6927);
#2022=VERTEX_POINT('',#6931);
#2023=VERTEX_POINT('',#6933);
#2024=VERTEX_POINT('',#6937);
#2025=VERTEX_POINT('',#6939);
#2026=VERTEX_POINT('',#6943);
#2027=VERTEX_POINT('',#6945);
#2028=VERTEX_POINT('',#6949);
#2029=VERTEX_POINT('',#6951);
#2030=VERTEX_POINT('',#6955);
#2031=VERTEX_POINT('',#6957);
#2032=VERTEX_POINT('',#6961);
#2033=VERTEX_POINT('',#6963);
#2034=VERTEX_POINT('',#6967);
#2035=VERTEX_POINT('',#6969);
#2036=VERTEX_POINT('',#6973);
#2037=VERTEX_POINT('',#6975);
#2038=VERTEX_POINT('',#6983);
#2039=VERTEX_POINT('',#6984);
#2040=VERTEX_POINT('',#6986);
#2041=VERTEX_POINT('',#6988);
#2042=VERTEX_POINT('',#6992);
#2043=VERTEX_POINT('',#6994);
#2044=VERTEX_POINT('',#6998);
#2045=VERTEX_POINT('',#7000);
#2046=VERTEX_POINT('',#7017);
#2047=VERTEX_POINT('',#7018);
#2048=VERTEX_POINT('',#7024);
#2049=VERTEX_POINT('',#7026);
#2050=VERTEX_POINT('',#7043);
#2051=VERTEX_POINT('',#7049);
#2052=VERTEX_POINT('',#7066);
#2053=VERTEX_POINT('',#7072);
#2054=VERTEX_POINT('',#7089);
#2055=VERTEX_POINT('',#7095);
#2056=VERTEX_POINT('',#7115);
#2057=VERTEX_POINT('',#7116);
#2058=VERTEX_POINT('',#7122);
#2059=VERTEX_POINT('',#7124);
#2060=VERTEX_POINT('',#7141);
#2061=VERTEX_POINT('',#7147);
#2062=VERTEX_POINT('',#7164);
#2063=VERTEX_POINT('',#7170);
#2064=VERTEX_POINT('',#7178);
#2065=VERTEX_POINT('',#7180);
#2066=VERTEX_POINT('',#7193);
#2067=VERTEX_POINT('',#7199);
#2068=VERTEX_POINT('',#7216);
#2069=VERTEX_POINT('',#7222);
#2070=VERTEX_POINT('',#7239);
#2071=VERTEX_POINT('',#7245);
#2072=VERTEX_POINT('',#7262);
#2073=VERTEX_POINT('',#7268);
#2074=VERTEX_POINT('',#7285);
#2075=VERTEX_POINT('',#7291);
#2076=VERTEX_POINT('',#7308);
#2077=VERTEX_POINT('',#7314);
#2078=VERTEX_POINT('',#7331);
#2079=VERTEX_POINT('',#7337);
#2080=VERTEX_POINT('',#7354);
#2081=VERTEX_POINT('',#7360);
#2082=VERTEX_POINT('',#7368);
#2083=VERTEX_POINT('',#7370);
#2084=VERTEX_POINT('',#7395);
#2085=VERTEX_POINT('',#7396);
#2086=VERTEX_POINT('',#7398);
#2087=VERTEX_POINT('',#7400);
#2088=VERTEX_POINT('',#7404);
#2089=VERTEX_POINT('',#7406);
#2090=VERTEX_POINT('',#7410);
#2091=VERTEX_POINT('',#7412);
#2092=VERTEX_POINT('',#7429);
#2093=VERTEX_POINT('',#7430);
#2094=VERTEX_POINT('',#7436);
#2095=VERTEX_POINT('',#7438);
#2096=VERTEX_POINT('',#7455);
#2097=VERTEX_POINT('',#7461);
#2098=VERTEX_POINT('',#7478);
#2099=VERTEX_POINT('',#7484);
#2100=VERTEX_POINT('',#7501);
#2101=VERTEX_POINT('',#7507);
#2102=VERTEX_POINT('',#7527);
#2103=VERTEX_POINT('',#7528);
#2104=VERTEX_POINT('',#7534);
#2105=VERTEX_POINT('',#7536);
#2106=VERTEX_POINT('',#7553);
#2107=VERTEX_POINT('',#7559);
#2108=VERTEX_POINT('',#7576);
#2109=VERTEX_POINT('',#7582);
#2110=VERTEX_POINT('',#7590);
#2111=VERTEX_POINT('',#7592);
#2112=VERTEX_POINT('',#7605);
#2113=VERTEX_POINT('',#7611);
#2114=VERTEX_POINT('',#7628);
#2115=VERTEX_POINT('',#7634);
#2116=VERTEX_POINT('',#7651);
#2117=VERTEX_POINT('',#7657);
#2118=VERTEX_POINT('',#7674);
#2119=VERTEX_POINT('',#7680);
#2120=VERTEX_POINT('',#7697);
#2121=VERTEX_POINT('',#7703);
#2122=VERTEX_POINT('',#7720);
#2123=VERTEX_POINT('',#7726);
#2124=VERTEX_POINT('',#7743);
#2125=VERTEX_POINT('',#7749);
#2126=VERTEX_POINT('',#7766);
#2127=VERTEX_POINT('',#7772);
#2128=VERTEX_POINT('',#7780);
#2129=VERTEX_POINT('',#7782);
#2130=VERTEX_POINT('',#7816);
#2131=VERTEX_POINT('',#7817);
#2132=VERTEX_POINT('',#7823);
#2133=VERTEX_POINT('',#7825);
#2134=VERTEX_POINT('',#7842);
#2135=VERTEX_POINT('',#7848);
#2136=VERTEX_POINT('',#7865);
#2137=VERTEX_POINT('',#7871);
#2138=VERTEX_POINT('',#7888);
#2139=VERTEX_POINT('',#7894);
#2140=VERTEX_POINT('',#7902);
#2141=VERTEX_POINT('',#7904);
#2142=VERTEX_POINT('',#7917);
#2143=VERTEX_POINT('',#7923);
#2144=VERTEX_POINT('',#7940);
#2145=VERTEX_POINT('',#7946);
#2146=VERTEX_POINT('',#7963);
#2147=VERTEX_POINT('',#7969);
#2148=VERTEX_POINT('',#7977);
#2149=VERTEX_POINT('',#7979);
#2150=VERTEX_POINT('',#7983);
#2151=VERTEX_POINT('',#7985);
#2152=VERTEX_POINT('',#7989);
#2153=VERTEX_POINT('',#7991);
#2154=VERTEX_POINT('',#7995);
#2155=VERTEX_POINT('',#7997);
#2156=VERTEX_POINT('',#8005);
#2157=VERTEX_POINT('',#8006);
#2158=VERTEX_POINT('',#8008);
#2159=VERTEX_POINT('',#8010);
#2160=VERTEX_POINT('',#8014);
#2161=VERTEX_POINT('',#8016);
#2162=VERTEX_POINT('',#8020);
#2163=VERTEX_POINT('',#8022);
#2164=VERTEX_POINT('',#8035);
#2165=VERTEX_POINT('',#8041);
#2166=VERTEX_POINT('',#8058);
#2167=VERTEX_POINT('',#8064);
#2168=VERTEX_POINT('',#8081);
#2169=VERTEX_POINT('',#8087);
#2170=VERTEX_POINT('',#8104);
#2171=VERTEX_POINT('',#8110);
#2172=VERTEX_POINT('',#8127);
#2173=VERTEX_POINT('',#8133);
#2174=VERTEX_POINT('',#8150);
#2175=VERTEX_POINT('',#8156);
#2176=VERTEX_POINT('',#8164);
#2177=VERTEX_POINT('',#8166);
#2178=VERTEX_POINT('',#8170);
#2179=VERTEX_POINT('',#8172);
#2180=VERTEX_POINT('',#8176);
#2181=VERTEX_POINT('',#8178);
#2182=VERTEX_POINT('',#8191);
#2183=VERTEX_POINT('',#8197);
#2184=VERTEX_POINT('',#8214);
#2185=VERTEX_POINT('',#8220);
#2186=VERTEX_POINT('',#8237);
#2187=VERTEX_POINT('',#8243);
#2188=VERTEX_POINT('',#8260);
#2189=VERTEX_POINT('',#8266);
#2190=VERTEX_POINT('',#8283);
#2191=VERTEX_POINT('',#8289);
#2192=VERTEX_POINT('',#8297);
#2193=VERTEX_POINT('',#8299);
#2194=VERTEX_POINT('',#8307);
#2195=VERTEX_POINT('',#8308);
#2196=VERTEX_POINT('',#8310);
#2197=VERTEX_POINT('',#8312);
#2198=VERTEX_POINT('',#8316);
#2199=VERTEX_POINT('',#8318);
#2200=VERTEX_POINT('',#8322);
#2201=VERTEX_POINT('',#8324);
#2202=VERTEX_POINT('',#8332);
#2203=VERTEX_POINT('',#8333);
#2204=VERTEX_POINT('',#8335);
#2205=VERTEX_POINT('',#8337);
#2206=VERTEX_POINT('',#8341);
#2207=VERTEX_POINT('',#8343);
#2208=VERTEX_POINT('',#8347);
#2209=VERTEX_POINT('',#8349);
#2210=VERTEX_POINT('',#8353);
#2211=VERTEX_POINT('',#8355);
#2212=VERTEX_POINT('',#8359);
#2213=VERTEX_POINT('',#8361);
#2214=VERTEX_POINT('',#8369);
#2215=VERTEX_POINT('',#8370);
#2216=VERTEX_POINT('',#8372);
#2217=VERTEX_POINT('',#8374);
#2218=VERTEX_POINT('',#8376);
#2219=VERTEX_POINT('',#8378);
#2220=VERTEX_POINT('',#8380);
#2221=VERTEX_POINT('',#8382);
#2222=VERTEX_POINT('',#8384);
#2223=VERTEX_POINT('',#8386);
#2224=VERTEX_POINT('',#8388);
#2225=VERTEX_POINT('',#8390);
#2226=VERTEX_POINT('',#8392);
#2227=VERTEX_POINT('',#8394);
#2228=VERTEX_POINT('',#8396);
#2229=VERTEX_POINT('',#8398);
#2230=VERTEX_POINT('',#8401);
#2231=VERTEX_POINT('',#8402);
#2232=VERTEX_POINT('',#8404);
#2233=VERTEX_POINT('',#8406);
#2234=VERTEX_POINT('',#8409);
#2235=VERTEX_POINT('',#8411);
#2236=VERTEX_POINT('',#8413);
#2237=VERTEX_POINT('',#8415);
#2238=VERTEX_POINT('',#8417);
#2239=VERTEX_POINT('',#8419);
#2240=VERTEX_POINT('',#8421);
#2241=VERTEX_POINT('',#8423);
#2242=VERTEX_POINT('',#8425);
#2243=VERTEX_POINT('',#8427);
#2244=VERTEX_POINT('',#8429);
#2245=VERTEX_POINT('',#8431);
#2246=VERTEX_POINT('',#8433);
#2247=VERTEX_POINT('',#8435);
#2248=VERTEX_POINT('',#8437);
#2249=VERTEX_POINT('',#8439);
#2250=VERTEX_POINT('',#8441);
#2251=VERTEX_POINT('',#8443);
#2252=VERTEX_POINT('',#8445);
#2253=VERTEX_POINT('',#8446);
#2254=VERTEX_POINT('',#8448);
#2255=VERTEX_POINT('',#8450);
#2256=VERTEX_POINT('',#8453);
#2257=VERTEX_POINT('',#8454);
#2258=VERTEX_POINT('',#8456);
#2259=VERTEX_POINT('',#8458);
#2260=VERTEX_POINT('',#8460);
#2261=VERTEX_POINT('',#8462);
#2262=VERTEX_POINT('',#8464);
#2263=VERTEX_POINT('',#8466);
#2264=VERTEX_POINT('',#8471);
#2265=VERTEX_POINT('',#8475);
#2266=VERTEX_POINT('',#8479);
#2267=VERTEX_POINT('',#8483);
#2268=VERTEX_POINT('',#8487);
#2269=VERTEX_POINT('',#8491);
#2270=VERTEX_POINT('',#8495);
#2271=VERTEX_POINT('',#8499);
#2272=VERTEX_POINT('',#8503);
#2273=VERTEX_POINT('',#8504);
#2274=VERTEX_POINT('',#8506);
#2275=VERTEX_POINT('',#8508);
#2276=VERTEX_POINT('',#8512);
#2277=VERTEX_POINT('',#8513);
#2278=VERTEX_POINT('',#8515);
#2279=VERTEX_POINT('',#8517);
#2280=VERTEX_POINT('',#8519);
#2281=VERTEX_POINT('',#8526);
#2282=VERTEX_POINT('',#8527);
#2283=VERTEX_POINT('',#8529);
#2284=VERTEX_POINT('',#8531);
#2285=VERTEX_POINT('',#8535);
#2286=VERTEX_POINT('',#8537);
#2287=VERTEX_POINT('',#8541);
#2288=VERTEX_POINT('',#8545);
#2289=VERTEX_POINT('',#8549);
#2290=VERTEX_POINT('',#8550);
#2291=VERTEX_POINT('',#8553);
#2292=VERTEX_POINT('',#8555);
#2293=VERTEX_POINT('',#8557);
#2294=VERTEX_POINT('',#8559);
#2295=VERTEX_POINT('',#8561);
#2296=VERTEX_POINT('',#8563);
#2297=VERTEX_POINT('',#8566);
#2298=VERTEX_POINT('',#8569);
#2299=VERTEX_POINT('',#8571);
#2300=VERTEX_POINT('',#8573);
#2301=VERTEX_POINT('',#8574);
#2302=VERTEX_POINT('',#8576);
#2303=VERTEX_POINT('',#8578);
#2304=VERTEX_POINT('',#8580);
#2305=VERTEX_POINT('',#8582);
#2306=VERTEX_POINT('',#8584);
#2307=VERTEX_POINT('',#8586);
#2308=VERTEX_POINT('',#8589);
#2309=VERTEX_POINT('',#8591);
#2310=VERTEX_POINT('',#8593);
#2311=VERTEX_POINT('',#8595);
#2312=VERTEX_POINT('',#8597);
#2313=VERTEX_POINT('',#8599);
#2314=VERTEX_POINT('',#8601);
#2315=VERTEX_POINT('',#8603);
#2316=VERTEX_POINT('',#8606);
#2317=VERTEX_POINT('',#8607);
#2318=VERTEX_POINT('',#8609);
#2319=VERTEX_POINT('',#8611);
#2320=VERTEX_POINT('',#8615);
#2321=VERTEX_POINT('',#8616);
#2322=VERTEX_POINT('',#8618);
#2323=VERTEX_POINT('',#8620);
#2324=VERTEX_POINT('',#8624);
#2325=VERTEX_POINT('',#8625);
#2326=VERTEX_POINT('',#8627);
#2327=VERTEX_POINT('',#8629);
#2328=VERTEX_POINT('',#8636);
#2329=VERTEX_POINT('',#8638);
#2330=VERTEX_POINT('',#8645);
#2331=VERTEX_POINT('',#8646);
#2332=VERTEX_POINT('',#8651);
#2333=VERTEX_POINT('',#8655);
#2334=VERTEX_POINT('',#8660);
#2335=VERTEX_POINT('',#8664);
#2336=VERTEX_POINT('',#8666);
#2337=VERTEX_POINT('',#8668);
#2338=VERTEX_POINT('',#8670);
#2339=VERTEX_POINT('',#8672);
#2340=VERTEX_POINT('',#8682);
#2341=VERTEX_POINT('',#8694);
#2342=VERTEX_POINT('',#8700);
#2343=VERTEX_POINT('',#8704);
#2344=VERTEX_POINT('',#8708);
#2345=VERTEX_POINT('',#8712);
#2346=VERTEX_POINT('',#8716);
#2347=VERTEX_POINT('',#8720);
#2348=VERTEX_POINT('',#8748);
#2349=VERTEX_POINT('',#8749);
#2350=VERTEX_POINT('',#8751);
#2351=VERTEX_POINT('',#8753);
#2352=VERTEX_POINT('',#8757);
#2353=VERTEX_POINT('',#8758);
#2354=VERTEX_POINT('',#8760);
#2355=VERTEX_POINT('',#8762);
#2356=VERTEX_POINT('',#8785);
#2357=VERTEX_POINT('',#8786);
#2358=VERTEX_POINT('',#8791);
#2359=VERTEX_POINT('',#8795);
#2360=VERTEX_POINT('',#8799);
#2361=VERTEX_POINT('',#8804);
#2362=VERTEX_POINT('',#8808);
#2363=VERTEX_POINT('',#8812);
#2364=VERTEX_POINT('',#8836);
#2365=VERTEX_POINT('',#8840);
#2366=VERTEX_POINT('',#8844);
#2367=VERTEX_POINT('',#8848);
#2368=EDGE_CURVE('',#1914,#1915,#990,.T.);
#2369=EDGE_CURVE('',#1914,#1916,#991,.T.);
#2370=EDGE_CURVE('',#1916,#1917,#992,.T.);
#2371=EDGE_CURVE('',#1915,#1917,#993,.T.);
#2372=EDGE_CURVE('',#1918,#1914,#994,.T.);
#2373=EDGE_CURVE('',#1918,#1919,#995,.T.);
#2374=EDGE_CURVE('',#1919,#1916,#996,.T.);
#2375=EDGE_CURVE('',#1920,#1918,#997,.T.);
#2376=EDGE_CURVE('',#1920,#1921,#998,.T.);
#2377=EDGE_CURVE('',#1921,#1919,#999,.T.);
#2378=EDGE_CURVE('',#1915,#1920,#1000,.T.);
#2379=EDGE_CURVE('',#1917,#1921,#1001,.T.);
#2380=EDGE_CURVE('',#1922,#1923,#165,.T.);
#2381=EDGE_CURVE('',#1922,#1924,#1002,.T.);
#2382=EDGE_CURVE('',#1924,#1925,#166,.T.);
#2383=EDGE_CURVE('',#1923,#1925,#1003,.T.);
#2384=EDGE_CURVE('',#1926,#1922,#167,.T.);
#2385=EDGE_CURVE('',#1926,#1927,#1004,.T.);
#2386=EDGE_CURVE('',#1927,#1924,#168,.T.);
#2387=EDGE_CURVE('',#1928,#1926,#169,.T.);
#2388=EDGE_CURVE('',#1928,#1929,#1005,.T.);
#2389=EDGE_CURVE('',#1929,#1927,#170,.T.);
#2390=EDGE_CURVE('',#1930,#1928,#171,.T.);
#2391=EDGE_CURVE('',#1930,#1931,#1006,.T.);
#2392=EDGE_CURVE('',#1931,#1929,#172,.T.);
#2393=EDGE_CURVE('',#1932,#1930,#173,.T.);
#2394=EDGE_CURVE('',#1932,#1933,#1007,.T.);
#2395=EDGE_CURVE('',#1933,#1931,#174,.T.);
#2396=EDGE_CURVE('',#1934,#1932,#1008,.T.);
#2397=EDGE_CURVE('',#1934,#1935,#1009,.T.);
#2398=EDGE_CURVE('',#1935,#1933,#1010,.T.);
#2399=EDGE_CURVE('',#1936,#1934,#1011,.T.);
#2400=EDGE_CURVE('',#1936,#1937,#1012,.T.);
#2401=EDGE_CURVE('',#1937,#1935,#1013,.T.);
#2402=EDGE_CURVE('',#1938,#1936,#1014,.T.);
#2403=EDGE_CURVE('',#1938,#1939,#1015,.T.);
#2404=EDGE_CURVE('',#1939,#1937,#1016,.T.);
#2405=EDGE_CURVE('',#1940,#1938,#1017,.T.);
#2406=EDGE_CURVE('',#1940,#1941,#1018,.T.);
#2407=EDGE_CURVE('',#1941,#1939,#1019,.T.);
#2408=EDGE_CURVE('',#1942,#1940,#1020,.T.);
#2409=EDGE_CURVE('',#1942,#1943,#1021,.T.);
#2410=EDGE_CURVE('',#1943,#1941,#1022,.T.);
#2411=EDGE_CURVE('',#1944,#1942,#175,.T.);
#2412=EDGE_CURVE('',#1944,#1945,#1023,.T.);
#2413=EDGE_CURVE('',#1945,#1943,#176,.T.);
#2414=EDGE_CURVE('',#1946,#1944,#177,.T.);
#2415=EDGE_CURVE('',#1946,#1947,#1024,.T.);
#2416=EDGE_CURVE('',#1947,#1945,#178,.T.);
#2417=EDGE_CURVE('',#1948,#1946,#179,.T.);
#2418=EDGE_CURVE('',#1948,#1949,#1025,.T.);
#2419=EDGE_CURVE('',#1949,#1947,#180,.T.);
#2420=EDGE_CURVE('',#1950,#1948,#181,.T.);
#2421=EDGE_CURVE('',#1950,#1951,#1026,.T.);
#2422=EDGE_CURVE('',#1951,#1949,#182,.T.);
#2423=EDGE_CURVE('',#1952,#1950,#183,.T.);
#2424=EDGE_CURVE('',#1952,#1953,#1027,.T.);
#2425=EDGE_CURVE('',#1953,#1951,#184,.T.);
#2426=EDGE_CURVE('',#1954,#1952,#185,.T.);
#2427=EDGE_CURVE('',#1954,#1955,#1028,.T.);
#2428=EDGE_CURVE('',#1955,#1953,#186,.T.);
#2429=EDGE_CURVE('',#1956,#1954,#1029,.T.);
#2430=EDGE_CURVE('',#1956,#1957,#1030,.T.);
#2431=EDGE_CURVE('',#1957,#1955,#1031,.T.);
#2432=EDGE_CURVE('',#1958,#1956,#1032,.T.);
#2433=EDGE_CURVE('',#1958,#1959,#1033,.T.);
#2434=EDGE_CURVE('',#1959,#1957,#1034,.T.);
#2435=EDGE_CURVE('',#1923,#1958,#1035,.T.);
#2436=EDGE_CURVE('',#1925,#1959,#1036,.T.);
#2437=EDGE_CURVE('',#1960,#1961,#187,.T.);
#2438=EDGE_CURVE('',#1960,#1962,#1037,.T.);
#2439=EDGE_CURVE('',#1962,#1963,#188,.T.);
#2440=EDGE_CURVE('',#1961,#1963,#1038,.T.);
#2441=EDGE_CURVE('',#1964,#1960,#189,.T.);
#2442=EDGE_CURVE('',#1964,#1965,#1039,.T.);
#2443=EDGE_CURVE('',#1965,#1962,#190,.T.);
#2444=EDGE_CURVE('',#1966,#1964,#191,.T.);
#2445=EDGE_CURVE('',#1966,#1967,#1040,.T.);
#2446=EDGE_CURVE('',#1967,#1965,#192,.T.);
#2447=EDGE_CURVE('',#1968,#1966,#193,.T.);
#2448=EDGE_CURVE('',#1968,#1969,#1041,.T.);
#2449=EDGE_CURVE('',#1969,#1967,#194,.T.);
#2450=EDGE_CURVE('',#1970,#1968,#195,.T.);
#2451=EDGE_CURVE('',#1970,#1971,#1042,.T.);
#2452=EDGE_CURVE('',#1971,#1969,#196,.T.);
#2453=EDGE_CURVE('',#1972,#1970,#197,.T.);
#2454=EDGE_CURVE('',#1972,#1973,#1043,.T.);
#2455=EDGE_CURVE('',#1973,#1971,#198,.T.);
#2456=EDGE_CURVE('',#1974,#1972,#199,.T.);
#2457=EDGE_CURVE('',#1974,#1975,#1044,.T.);
#2458=EDGE_CURVE('',#1975,#1973,#200,.T.);
#2459=EDGE_CURVE('',#1976,#1974,#201,.T.);
#2460=EDGE_CURVE('',#1976,#1977,#1045,.T.);
#2461=EDGE_CURVE('',#1977,#1975,#202,.T.);
#2462=EDGE_CURVE('',#1978,#1976,#203,.T.);
#2463=EDGE_CURVE('',#1978,#1979,#1046,.T.);
#2464=EDGE_CURVE('',#1979,#1977,#204,.T.);
#2465=EDGE_CURVE('',#1980,#1978,#205,.T.);
#2466=EDGE_CURVE('',#1980,#1981,#1047,.T.);
#2467=EDGE_CURVE('',#1981,#1979,#206,.T.);
#2468=EDGE_CURVE('',#1982,#1980,#207,.T.);
#2469=EDGE_CURVE('',#1982,#1983,#1048,.T.);
#2470=EDGE_CURVE('',#1983,#1981,#208,.T.);
#2471=EDGE_CURVE('',#1984,#1982,#1049,.T.);
#2472=EDGE_CURVE('',#1984,#1985,#1050,.T.);
#2473=EDGE_CURVE('',#1985,#1983,#1051,.T.);
#2474=EDGE_CURVE('',#1986,#1984,#209,.T.);
#2475=EDGE_CURVE('',#1986,#1987,#1052,.T.);
#2476=EDGE_CURVE('',#1987,#1985,#210,.T.);
#2477=EDGE_CURVE('',#1988,#1986,#211,.T.);
#2478=EDGE_CURVE('',#1988,#1989,#1053,.T.);
#2479=EDGE_CURVE('',#1989,#1987,#212,.T.);
#2480=EDGE_CURVE('',#1990,#1988,#213,.T.);
#2481=EDGE_CURVE('',#1990,#1991,#1054,.T.);
#2482=EDGE_CURVE('',#1991,#1989,#214,.T.);
#2483=EDGE_CURVE('',#1992,#1990,#215,.T.);
#2484=EDGE_CURVE('',#1992,#1993,#1055,.T.);
#2485=EDGE_CURVE('',#1993,#1991,#216,.T.);
#2486=EDGE_CURVE('',#1994,#1992,#217,.T.);
#2487=EDGE_CURVE('',#1994,#1995,#1056,.T.);
#2488=EDGE_CURVE('',#1995,#1993,#218,.T.);
#2489=EDGE_CURVE('',#1996,#1994,#219,.T.);
#2490=EDGE_CURVE('',#1996,#1997,#1057,.T.);
#2491=EDGE_CURVE('',#1997,#1995,#220,.T.);
#2492=EDGE_CURVE('',#1998,#1996,#221,.T.);
#2493=EDGE_CURVE('',#1998,#1999,#1058,.T.);
#2494=EDGE_CURVE('',#1999,#1997,#222,.T.);
#2495=EDGE_CURVE('',#2000,#1998,#223,.T.);
#2496=EDGE_CURVE('',#2000,#2001,#1059,.T.);
#2497=EDGE_CURVE('',#2001,#1999,#224,.T.);
#2498=EDGE_CURVE('',#2002,#2000,#225,.T.);
#2499=EDGE_CURVE('',#2002,#2003,#1060,.T.);
#2500=EDGE_CURVE('',#2003,#2001,#226,.T.);
#2501=EDGE_CURVE('',#2004,#2002,#227,.T.);
#2502=EDGE_CURVE('',#2004,#2005,#1061,.T.);
#2503=EDGE_CURVE('',#2005,#2003,#228,.T.);
#2504=EDGE_CURVE('',#2006,#2004,#229,.T.);
#2505=EDGE_CURVE('',#2006,#2007,#1062,.T.);
#2506=EDGE_CURVE('',#2007,#2005,#230,.T.);
#2507=EDGE_CURVE('',#2008,#2006,#231,.T.);
#2508=EDGE_CURVE('',#2008,#2009,#1063,.T.);
#2509=EDGE_CURVE('',#2009,#2007,#232,.T.);
#2510=EDGE_CURVE('',#2010,#2008,#1064,.T.);
#2511=EDGE_CURVE('',#2010,#2011,#1065,.T.);
#2512=EDGE_CURVE('',#2011,#2009,#1066,.T.);
#2513=EDGE_CURVE('',#1961,#2010,#233,.T.);
#2514=EDGE_CURVE('',#1963,#2011,#234,.T.);
#2515=EDGE_CURVE('',#2012,#2013,#1067,.T.);
#2516=EDGE_CURVE('',#2012,#2014,#1068,.T.);
#2517=EDGE_CURVE('',#2014,#2015,#1069,.T.);
#2518=EDGE_CURVE('',#2013,#2015,#1070,.T.);
#2519=EDGE_CURVE('',#2016,#2012,#1071,.T.);
#2520=EDGE_CURVE('',#2016,#2017,#1072,.T.);
#2521=EDGE_CURVE('',#2017,#2014,#1073,.T.);
#2522=EDGE_CURVE('',#2018,#2016,#1074,.T.);
#2523=EDGE_CURVE('',#2018,#2019,#1075,.T.);
#2524=EDGE_CURVE('',#2019,#2017,#1076,.T.);
#2525=EDGE_CURVE('',#2020,#2018,#1077,.T.);
#2526=EDGE_CURVE('',#2020,#2021,#1078,.T.);
#2527=EDGE_CURVE('',#2021,#2019,#1079,.T.);
#2528=EDGE_CURVE('',#2022,#2020,#1080,.T.);
#2529=EDGE_CURVE('',#2022,#2023,#1081,.T.);
#2530=EDGE_CURVE('',#2023,#2021,#1082,.T.);
#2531=EDGE_CURVE('',#2024,#2022,#1083,.T.);
#2532=EDGE_CURVE('',#2024,#2025,#1084,.T.);
#2533=EDGE_CURVE('',#2025,#2023,#1085,.T.);
#2534=EDGE_CURVE('',#2026,#2024,#1086,.T.);
#2535=EDGE_CURVE('',#2026,#2027,#1087,.T.);
#2536=EDGE_CURVE('',#2027,#2025,#1088,.T.);
#2537=EDGE_CURVE('',#2028,#2026,#1089,.T.);
#2538=EDGE_CURVE('',#2028,#2029,#1090,.T.);
#2539=EDGE_CURVE('',#2029,#2027,#1091,.T.);
#2540=EDGE_CURVE('',#2030,#2028,#1092,.T.);
#2541=EDGE_CURVE('',#2030,#2031,#1093,.T.);
#2542=EDGE_CURVE('',#2031,#2029,#1094,.T.);
#2543=EDGE_CURVE('',#2032,#2030,#1095,.T.);
#2544=EDGE_CURVE('',#2032,#2033,#1096,.T.);
#2545=EDGE_CURVE('',#2033,#2031,#1097,.T.);
#2546=EDGE_CURVE('',#2034,#2032,#1098,.T.);
#2547=EDGE_CURVE('',#2034,#2035,#1099,.T.);
#2548=EDGE_CURVE('',#2035,#2033,#1100,.T.);
#2549=EDGE_CURVE('',#2036,#2034,#1101,.T.);
#2550=EDGE_CURVE('',#2036,#2037,#1102,.T.);
#2551=EDGE_CURVE('',#2037,#2035,#1103,.T.);
#2552=EDGE_CURVE('',#2013,#2036,#1104,.T.);
#2553=EDGE_CURVE('',#2015,#2037,#1105,.T.);
#2554=EDGE_CURVE('',#2038,#2039,#1106,.T.);
#2555=EDGE_CURVE('',#2038,#2040,#1107,.T.);
#2556=EDGE_CURVE('',#2040,#2041,#1108,.T.);
#2557=EDGE_CURVE('',#2039,#2041,#1109,.T.);
#2558=EDGE_CURVE('',#2042,#2038,#1110,.T.);
#2559=EDGE_CURVE('',#2042,#2043,#1111,.T.);
#2560=EDGE_CURVE('',#2043,#2040,#1112,.T.);
#2561=EDGE_CURVE('',#2044,#2042,#1113,.T.);
#2562=EDGE_CURVE('',#2044,#2045,#1114,.T.);
#2563=EDGE_CURVE('',#2045,#2043,#1115,.T.);
#2564=EDGE_CURVE('',#2039,#2044,#1116,.T.);
#2565=EDGE_CURVE('',#2041,#2045,#1117,.T.);
#2566=EDGE_CURVE('',#2046,#2047,#235,.T.);
#2567=EDGE_CURVE('',#2046,#2048,#1118,.T.);
#2568=EDGE_CURVE('',#2048,#2049,#236,.T.);
#2569=EDGE_CURVE('',#2047,#2049,#1119,.T.);
#2570=EDGE_CURVE('',#2050,#2046,#237,.T.);
#2571=EDGE_CURVE('',#2050,#2051,#1120,.T.);
#2572=EDGE_CURVE('',#2051,#2048,#238,.T.);
#2573=EDGE_CURVE('',#2052,#2050,#239,.T.);
#2574=EDGE_CURVE('',#2052,#2053,#1121,.T.);
#2575=EDGE_CURVE('',#2053,#2051,#240,.T.);
#2576=EDGE_CURVE('',#2054,#2052,#241,.T.);
#2577=EDGE_CURVE('',#2054,#2055,#1122,.T.);
#2578=EDGE_CURVE('',#2055,#2053,#242,.T.);
#2579=EDGE_CURVE('',#2047,#2054,#1123,.T.);
#2580=EDGE_CURVE('',#2049,#2055,#1124,.T.);
#2581=EDGE_CURVE('',#2056,#2057,#243,.T.);
#2582=EDGE_CURVE('',#2056,#2058,#1125,.T.);
#2583=EDGE_CURVE('',#2058,#2059,#244,.T.);
#2584=EDGE_CURVE('',#2057,#2059,#1126,.T.);
#2585=EDGE_CURVE('',#2060,#2056,#245,.T.);
#2586=EDGE_CURVE('',#2060,#2061,#1127,.T.);
#2587=EDGE_CURVE('',#2061,#2058,#246,.T.);
#2588=EDGE_CURVE('',#2062,#2060,#247,.T.);
#2589=EDGE_CURVE('',#2062,#2063,#1128,.T.);
#2590=EDGE_CURVE('',#2063,#2061,#248,.T.);
#2591=EDGE_CURVE('',#2064,#2062,#1129,.T.);
#2592=EDGE_CURVE('',#2064,#2065,#1130,.T.);
#2593=EDGE_CURVE('',#2065,#2063,#1131,.T.);
#2594=EDGE_CURVE('',#2066,#2064,#249,.T.);
#2595=EDGE_CURVE('',#2066,#2067,#1132,.T.);
#2596=EDGE_CURVE('',#2067,#2065,#250,.T.);
#2597=EDGE_CURVE('',#2068,#2066,#251,.T.);
#2598=EDGE_CURVE('',#2068,#2069,#1133,.T.);
#2599=EDGE_CURVE('',#2069,#2067,#252,.T.);
#2600=EDGE_CURVE('',#2070,#2068,#253,.T.);
#2601=EDGE_CURVE('',#2070,#2071,#1134,.T.);
#2602=EDGE_CURVE('',#2071,#2069,#254,.T.);
#2603=EDGE_CURVE('',#2072,#2070,#255,.T.);
#2604=EDGE_CURVE('',#2072,#2073,#1135,.T.);
#2605=EDGE_CURVE('',#2073,#2071,#256,.T.);
#2606=EDGE_CURVE('',#2074,#2072,#257,.T.);
#2607=EDGE_CURVE('',#2074,#2075,#1136,.T.);
#2608=EDGE_CURVE('',#2075,#2073,#258,.T.);
#2609=EDGE_CURVE('',#2076,#2074,#259,.T.);
#2610=EDGE_CURVE('',#2076,#2077,#1137,.T.);
#2611=EDGE_CURVE('',#2077,#2075,#260,.T.);
#2612=EDGE_CURVE('',#2078,#2076,#261,.T.);
#2613=EDGE_CURVE('',#2078,#2079,#1138,.T.);
#2614=EDGE_CURVE('',#2079,#2077,#262,.T.);
#2615=EDGE_CURVE('',#2080,#2078,#263,.T.);
#2616=EDGE_CURVE('',#2080,#2081,#1139,.T.);
#2617=EDGE_CURVE('',#2081,#2079,#264,.T.);
#2618=EDGE_CURVE('',#2082,#2080,#1140,.T.);
#2619=EDGE_CURVE('',#2082,#2083,#1141,.T.);
#2620=EDGE_CURVE('',#2083,#2081,#1142,.T.);
#2621=EDGE_CURVE('',#2057,#2082,#265,.T.);
#2622=EDGE_CURVE('',#2059,#2083,#266,.T.);
#2623=EDGE_CURVE('',#2084,#2085,#1143,.T.);
#2624=EDGE_CURVE('',#2084,#2086,#1144,.T.);
#2625=EDGE_CURVE('',#2086,#2087,#1145,.T.);
#2626=EDGE_CURVE('',#2085,#2087,#1146,.T.);
#2627=EDGE_CURVE('',#2088,#2084,#1147,.T.);
#2628=EDGE_CURVE('',#2088,#2089,#1148,.T.);
#2629=EDGE_CURVE('',#2089,#2086,#1149,.T.);
#2630=EDGE_CURVE('',#2090,#2088,#1150,.T.);
#2631=EDGE_CURVE('',#2090,#2091,#1151,.T.);
#2632=EDGE_CURVE('',#2091,#2089,#1152,.T.);
#2633=EDGE_CURVE('',#2085,#2090,#1153,.T.);
#2634=EDGE_CURVE('',#2087,#2091,#1154,.T.);
#2635=EDGE_CURVE('',#2092,#2093,#267,.T.);
#2636=EDGE_CURVE('',#2092,#2094,#1155,.T.);
#2637=EDGE_CURVE('',#2094,#2095,#268,.T.);
#2638=EDGE_CURVE('',#2093,#2095,#1156,.T.);
#2639=EDGE_CURVE('',#2096,#2092,#269,.T.);
#2640=EDGE_CURVE('',#2096,#2097,#1157,.T.);
#2641=EDGE_CURVE('',#2097,#2094,#270,.T.);
#2642=EDGE_CURVE('',#2098,#2096,#271,.T.);
#2643=EDGE_CURVE('',#2098,#2099,#1158,.T.);
#2644=EDGE_CURVE('',#2099,#2097,#272,.T.);
#2645=EDGE_CURVE('',#2100,#2098,#273,.T.);
#2646=EDGE_CURVE('',#2100,#2101,#1159,.T.);
#2647=EDGE_CURVE('',#2101,#2099,#274,.T.);
#2648=EDGE_CURVE('',#2093,#2100,#1160,.T.);
#2649=EDGE_CURVE('',#2095,#2101,#1161,.T.);
#2650=EDGE_CURVE('',#2102,#2103,#275,.T.);
#2651=EDGE_CURVE('',#2102,#2104,#1162,.T.);
#2652=EDGE_CURVE('',#2104,#2105,#276,.T.);
#2653=EDGE_CURVE('',#2103,#2105,#1163,.T.);
#2654=EDGE_CURVE('',#2106,#2102,#277,.T.);
#2655=EDGE_CURVE('',#2106,#2107,#1164,.T.);
#2656=EDGE_CURVE('',#2107,#2104,#278,.T.);
#2657=EDGE_CURVE('',#2108,#2106,#279,.T.);
#2658=EDGE_CURVE('',#2108,#2109,#1165,.T.);
#2659=EDGE_CURVE('',#2109,#2107,#280,.T.);
#2660=EDGE_CURVE('',#2110,#2108,#1166,.T.);
#2661=EDGE_CURVE('',#2110,#2111,#1167,.T.);
#2662=EDGE_CURVE('',#2111,#2109,#1168,.T.);
#2663=EDGE_CURVE('',#2112,#2110,#281,.T.);
#2664=EDGE_CURVE('',#2112,#2113,#1169,.T.);
#2665=EDGE_CURVE('',#2113,#2111,#282,.T.);
#2666=EDGE_CURVE('',#2114,#2112,#283,.T.);
#2667=EDGE_CURVE('',#2114,#2115,#1170,.T.);
#2668=EDGE_CURVE('',#2115,#2113,#284,.T.);
#2669=EDGE_CURVE('',#2116,#2114,#285,.T.);
#2670=EDGE_CURVE('',#2116,#2117,#1171,.T.);
#2671=EDGE_CURVE('',#2117,#2115,#286,.T.);
#2672=EDGE_CURVE('',#2118,#2116,#287,.T.);
#2673=EDGE_CURVE('',#2118,#2119,#1172,.T.);
#2674=EDGE_CURVE('',#2119,#2117,#288,.T.);
#2675=EDGE_CURVE('',#2120,#2118,#289,.T.);
#2676=EDGE_CURVE('',#2120,#2121,#1173,.T.);
#2677=EDGE_CURVE('',#2121,#2119,#290,.T.);
#2678=EDGE_CURVE('',#2122,#2120,#291,.T.);
#2679=EDGE_CURVE('',#2122,#2123,#1174,.T.);
#2680=EDGE_CURVE('',#2123,#2121,#292,.T.);
#2681=EDGE_CURVE('',#2124,#2122,#293,.T.);
#2682=EDGE_CURVE('',#2124,#2125,#1175,.T.);
#2683=EDGE_CURVE('',#2125,#2123,#294,.T.);
#2684=EDGE_CURVE('',#2126,#2124,#295,.T.);
#2685=EDGE_CURVE('',#2126,#2127,#1176,.T.);
#2686=EDGE_CURVE('',#2127,#2125,#296,.T.);
#2687=EDGE_CURVE('',#2128,#2126,#1177,.T.);
#2688=EDGE_CURVE('',#2128,#2129,#1178,.T.);
#2689=EDGE_CURVE('',#2129,#2127,#1179,.T.);
#2690=EDGE_CURVE('',#2103,#2128,#297,.T.);
#2691=EDGE_CURVE('',#2105,#2129,#298,.T.);
#2692=EDGE_CURVE('',#2130,#2131,#299,.T.);
#2693=EDGE_CURVE('',#2130,#2132,#1180,.T.);
#2694=EDGE_CURVE('',#2132,#2133,#300,.T.);
#2695=EDGE_CURVE('',#2131,#2133,#1181,.T.);
#2696=EDGE_CURVE('',#2134,#2130,#301,.T.);
#2697=EDGE_CURVE('',#2134,#2135,#1182,.T.);
#2698=EDGE_CURVE('',#2135,#2132,#302,.T.);
#2699=EDGE_CURVE('',#2136,#2134,#303,.T.);
#2700=EDGE_CURVE('',#2136,#2137,#1183,.T.);
#2701=EDGE_CURVE('',#2137,#2135,#304,.T.);
#2702=EDGE_CURVE('',#2138,#2136,#305,.T.);
#2703=EDGE_CURVE('',#2138,#2139,#1184,.T.);
#2704=EDGE_CURVE('',#2139,#2137,#306,.T.);
#2705=EDGE_CURVE('',#2140,#2138,#1185,.T.);
#2706=EDGE_CURVE('',#2140,#2141,#1186,.T.);
#2707=EDGE_CURVE('',#2141,#2139,#1187,.T.);
#2708=EDGE_CURVE('',#2142,#2140,#307,.T.);
#2709=EDGE_CURVE('',#2142,#2143,#1188,.T.);
#2710=EDGE_CURVE('',#2143,#2141,#308,.T.);
#2711=EDGE_CURVE('',#2144,#2142,#309,.T.);
#2712=EDGE_CURVE('',#2144,#2145,#1189,.T.);
#2713=EDGE_CURVE('',#2145,#2143,#310,.T.);
#2714=EDGE_CURVE('',#2146,#2144,#311,.T.);
#2715=EDGE_CURVE('',#2146,#2147,#1190,.T.);
#2716=EDGE_CURVE('',#2147,#2145,#312,.T.);
#2717=EDGE_CURVE('',#2148,#2146,#1191,.T.);
#2718=EDGE_CURVE('',#2148,#2149,#1192,.T.);
#2719=EDGE_CURVE('',#2149,#2147,#1193,.T.);
#2720=EDGE_CURVE('',#2150,#2148,#1194,.T.);
#2721=EDGE_CURVE('',#2150,#2151,#1195,.T.);
#2722=EDGE_CURVE('',#2151,#2149,#1196,.T.);
#2723=EDGE_CURVE('',#2152,#2150,#1197,.T.);
#2724=EDGE_CURVE('',#2152,#2153,#1198,.T.);
#2725=EDGE_CURVE('',#2153,#2151,#1199,.T.);
#2726=EDGE_CURVE('',#2154,#2152,#1200,.T.);
#2727=EDGE_CURVE('',#2154,#2155,#1201,.T.);
#2728=EDGE_CURVE('',#2155,#2153,#1202,.T.);
#2729=EDGE_CURVE('',#2131,#2154,#1203,.T.);
#2730=EDGE_CURVE('',#2133,#2155,#1204,.T.);
#2731=EDGE_CURVE('',#2156,#2157,#1205,.T.);
#2732=EDGE_CURVE('',#2156,#2158,#1206,.T.);
#2733=EDGE_CURVE('',#2158,#2159,#1207,.T.);
#2734=EDGE_CURVE('',#2157,#2159,#1208,.T.);
#2735=EDGE_CURVE('',#2160,#2156,#1209,.T.);
#2736=EDGE_CURVE('',#2160,#2161,#1210,.T.);
#2737=EDGE_CURVE('',#2161,#2158,#1211,.T.);
#2738=EDGE_CURVE('',#2162,#2160,#1212,.T.);
#2739=EDGE_CURVE('',#2162,#2163,#1213,.T.);
#2740=EDGE_CURVE('',#2163,#2161,#1214,.T.);
#2741=EDGE_CURVE('',#2164,#2162,#313,.T.);
#2742=EDGE_CURVE('',#2164,#2165,#1215,.T.);
#2743=EDGE_CURVE('',#2165,#2163,#314,.T.);
#2744=EDGE_CURVE('',#2166,#2164,#315,.T.);
#2745=EDGE_CURVE('',#2166,#2167,#1216,.T.);
#2746=EDGE_CURVE('',#2167,#2165,#316,.T.);
#2747=EDGE_CURVE('',#2168,#2166,#317,.T.);
#2748=EDGE_CURVE('',#2168,#2169,#1217,.T.);
#2749=EDGE_CURVE('',#2169,#2167,#318,.T.);
#2750=EDGE_CURVE('',#2170,#2168,#319,.T.);
#2751=EDGE_CURVE('',#2170,#2171,#1218,.T.);
#2752=EDGE_CURVE('',#2171,#2169,#320,.T.);
#2753=EDGE_CURVE('',#2172,#2170,#321,.T.);
#2754=EDGE_CURVE('',#2172,#2173,#1219,.T.);
#2755=EDGE_CURVE('',#2173,#2171,#322,.T.);
#2756=EDGE_CURVE('',#2174,#2172,#323,.T.);
#2757=EDGE_CURVE('',#2174,#2175,#1220,.T.);
#2758=EDGE_CURVE('',#2175,#2173,#324,.T.);
#2759=EDGE_CURVE('',#2176,#2174,#1221,.T.);
#2760=EDGE_CURVE('',#2176,#2177,#1222,.T.);
#2761=EDGE_CURVE('',#2177,#2175,#1223,.T.);
#2762=EDGE_CURVE('',#2178,#2176,#1224,.T.);
#2763=EDGE_CURVE('',#2178,#2179,#1225,.T.);
#2764=EDGE_CURVE('',#2179,#2177,#1226,.T.);
#2765=EDGE_CURVE('',#2180,#2178,#1227,.T.);
#2766=EDGE_CURVE('',#2180,#2181,#1228,.T.);
#2767=EDGE_CURVE('',#2181,#2179,#1229,.T.);
#2768=EDGE_CURVE('',#2182,#2180,#325,.T.);
#2769=EDGE_CURVE('',#2182,#2183,#1230,.T.);
#2770=EDGE_CURVE('',#2183,#2181,#326,.T.);
#2771=EDGE_CURVE('',#2184,#2182,#327,.T.);
#2772=EDGE_CURVE('',#2184,#2185,#1231,.T.);
#2773=EDGE_CURVE('',#2185,#2183,#328,.T.);
#2774=EDGE_CURVE('',#2186,#2184,#329,.T.);
#2775=EDGE_CURVE('',#2186,#2187,#1232,.T.);
#2776=EDGE_CURVE('',#2187,#2185,#330,.T.);
#2777=EDGE_CURVE('',#2188,#2186,#331,.T.);
#2778=EDGE_CURVE('',#2188,#2189,#1233,.T.);
#2779=EDGE_CURVE('',#2189,#2187,#332,.T.);
#2780=EDGE_CURVE('',#2190,#2188,#333,.T.);
#2781=EDGE_CURVE('',#2190,#2191,#1234,.T.);
#2782=EDGE_CURVE('',#2191,#2189,#334,.T.);
#2783=EDGE_CURVE('',#2192,#2190,#1235,.T.);
#2784=EDGE_CURVE('',#2192,#2193,#1236,.T.);
#2785=EDGE_CURVE('',#2193,#2191,#1237,.T.);
#2786=EDGE_CURVE('',#2157,#2192,#1238,.T.);
#2787=EDGE_CURVE('',#2159,#2193,#1239,.T.);
#2788=EDGE_CURVE('',#2194,#2195,#1240,.T.);
#2789=EDGE_CURVE('',#2194,#2196,#1241,.T.);
#2790=EDGE_CURVE('',#2196,#2197,#1242,.T.);
#2791=EDGE_CURVE('',#2195,#2197,#1243,.T.);
#2792=EDGE_CURVE('',#2198,#2194,#1244,.T.);
#2793=EDGE_CURVE('',#2198,#2199,#1245,.T.);
#2794=EDGE_CURVE('',#2199,#2196,#1246,.T.);
#2795=EDGE_CURVE('',#2200,#2198,#1247,.T.);
#2796=EDGE_CURVE('',#2200,#2201,#1248,.T.);
#2797=EDGE_CURVE('',#2201,#2199,#1249,.T.);
#2798=EDGE_CURVE('',#2195,#2200,#1250,.T.);
#2799=EDGE_CURVE('',#2197,#2201,#1251,.T.);
#2800=EDGE_CURVE('',#2202,#2203,#1252,.T.);
#2801=EDGE_CURVE('',#2202,#2204,#1253,.T.);
#2802=EDGE_CURVE('',#2204,#2205,#1254,.T.);
#2803=EDGE_CURVE('',#2203,#2205,#1255,.T.);
#2804=EDGE_CURVE('',#2206,#2202,#1256,.T.);
#2805=EDGE_CURVE('',#2206,#2207,#1257,.T.);
#2806=EDGE_CURVE('',#2207,#2204,#1258,.T.);
#2807=EDGE_CURVE('',#2208,#2206,#1259,.T.);
#2808=EDGE_CURVE('',#2208,#2209,#1260,.T.);
#2809=EDGE_CURVE('',#2209,#2207,#1261,.T.);
#2810=EDGE_CURVE('',#2210,#2208,#1262,.T.);
#2811=EDGE_CURVE('',#2210,#2211,#1263,.T.);
#2812=EDGE_CURVE('',#2211,#2209,#1264,.T.);
#2813=EDGE_CURVE('',#2212,#2210,#1265,.T.);
#2814=EDGE_CURVE('',#2212,#2213,#1266,.T.);
#2815=EDGE_CURVE('',#2213,#2211,#1267,.T.);
#2816=EDGE_CURVE('',#2203,#2212,#1268,.T.);
#2817=EDGE_CURVE('',#2205,#2213,#1269,.T.);
#2818=EDGE_CURVE('',#2214,#2215,#1270,.T.);
#2819=EDGE_CURVE('',#2216,#2214,#1271,.T.);
#2820=EDGE_CURVE('',#2217,#2216,#1272,.T.);
#2821=EDGE_CURVE('',#2218,#2217,#1273,.T.);
#2822=EDGE_CURVE('',#2219,#2218,#1274,.T.);
#2823=EDGE_CURVE('',#2220,#2219,#1275,.T.);
#2824=EDGE_CURVE('',#2221,#2220,#1276,.T.);
#2825=EDGE_CURVE('',#2222,#2221,#1277,.T.);
#2826=EDGE_CURVE('',#2223,#2222,#1278,.T.);
#2827=EDGE_CURVE('',#2224,#2223,#1279,.T.);
#2828=EDGE_CURVE('',#2225,#2224,#1280,.T.);
#2829=EDGE_CURVE('',#2226,#2225,#1281,.T.);
#2830=EDGE_CURVE('',#2227,#2226,#1282,.T.);
#2831=EDGE_CURVE('',#2228,#2227,#1283,.T.);
#2832=EDGE_CURVE('',#2229,#2228,#1284,.T.);
#2833=EDGE_CURVE('',#2215,#2229,#1285,.T.);
#2834=EDGE_CURVE('',#2230,#2231,#1286,.T.);
#2835=EDGE_CURVE('',#2232,#2230,#1287,.T.);
#2836=EDGE_CURVE('',#2233,#2232,#1288,.T.);
#2837=EDGE_CURVE('',#2231,#2233,#1289,.T.);
#2838=EDGE_CURVE('',#2234,#2234,#47,.T.);
#2839=EDGE_CURVE('',#2235,#2235,#48,.T.);
#2840=EDGE_CURVE('',#2236,#2236,#49,.T.);
#2841=EDGE_CURVE('',#2237,#2237,#50,.T.);
#2842=EDGE_CURVE('',#2238,#2238,#51,.T.);
#2843=EDGE_CURVE('',#2239,#2239,#52,.T.);
#2844=EDGE_CURVE('',#2240,#2240,#53,.T.);
#2845=EDGE_CURVE('',#2241,#2241,#54,.T.);
#2846=EDGE_CURVE('',#2242,#2242,#55,.T.);
#2847=EDGE_CURVE('',#2243,#2243,#56,.T.);
#2848=EDGE_CURVE('',#2244,#2244,#57,.T.);
#2849=EDGE_CURVE('',#2245,#2245,#58,.T.);
#2850=EDGE_CURVE('',#2246,#2246,#59,.T.);
#2851=EDGE_CURVE('',#2247,#2247,#60,.T.);
#2852=EDGE_CURVE('',#2248,#2248,#61,.T.);
#2853=EDGE_CURVE('',#2249,#2249,#62,.T.);
#2854=EDGE_CURVE('',#2250,#2250,#63,.T.);
#2855=EDGE_CURVE('',#2251,#2251,#64,.T.);
#2856=EDGE_CURVE('',#2252,#2253,#1290,.T.);
#2857=EDGE_CURVE('',#2254,#2252,#1291,.T.);
#2858=EDGE_CURVE('',#2255,#2254,#1292,.T.);
#2859=EDGE_CURVE('',#2253,#2255,#1293,.T.);
#2860=EDGE_CURVE('',#2256,#2257,#1294,.T.);
#2861=EDGE_CURVE('',#2258,#2256,#65,.T.);
#2862=EDGE_CURVE('',#2259,#2258,#1295,.T.);
#2863=EDGE_CURVE('',#2260,#2259,#66,.T.);
#2864=EDGE_CURVE('',#2261,#2260,#1296,.T.);
#2865=EDGE_CURVE('',#2262,#2261,#67,.T.);
#2866=EDGE_CURVE('',#2263,#2262,#1297,.T.);
#2867=EDGE_CURVE('',#2257,#2263,#68,.T.);
#2868=EDGE_CURVE('',#2264,#2264,#69,.T.);
#2869=EDGE_CURVE('',#2264,#2251,#1298,.T.);
#2870=EDGE_CURVE('',#2265,#2265,#70,.T.);
#2871=EDGE_CURVE('',#2265,#2245,#1299,.T.);
#2872=EDGE_CURVE('',#2266,#2266,#71,.T.);
#2873=EDGE_CURVE('',#2266,#2244,#1300,.T.);
#2874=EDGE_CURVE('',#2267,#2267,#72,.T.);
#2875=EDGE_CURVE('',#2267,#2248,#1301,.T.);
#2876=EDGE_CURVE('',#2268,#2268,#73,.T.);
#2877=EDGE_CURVE('',#2268,#2247,#1302,.T.);
#2878=EDGE_CURVE('',#2269,#2269,#74,.T.);
#2879=EDGE_CURVE('',#2269,#2246,#1303,.T.);
#2880=EDGE_CURVE('',#2270,#2270,#75,.T.);
#2881=EDGE_CURVE('',#2270,#2249,#1304,.T.);
#2882=EDGE_CURVE('',#2271,#2271,#76,.T.);
#2883=EDGE_CURVE('',#2271,#2250,#1305,.T.);
#2884=EDGE_CURVE('',#2272,#2273,#1306,.T.);
#2885=EDGE_CURVE('',#2274,#2272,#1307,.T.);
#2886=EDGE_CURVE('',#2275,#2274,#1308,.T.);
#2887=EDGE_CURVE('',#2275,#2273,#1309,.T.);
#2888=EDGE_CURVE('',#2276,#2277,#1310,.T.);
#2889=EDGE_CURVE('',#2278,#2276,#1311,.T.);
#2890=EDGE_CURVE('',#2279,#2278,#1312,.T.);
#2891=EDGE_CURVE('',#2280,#2279,#1313,.T.);
#2892=EDGE_CURVE('',#2277,#2280,#1314,.T.);
#2893=EDGE_CURVE('',#2280,#2272,#1315,.T.);
#2894=EDGE_CURVE('',#2274,#2279,#1316,.T.);
#2895=EDGE_CURVE('',#2281,#2282,#1317,.T.);
#2896=EDGE_CURVE('',#2283,#2281,#1318,.T.);
#2897=EDGE_CURVE('',#2284,#2283,#1319,.T.);
#2898=EDGE_CURVE('',#2282,#2284,#1320,.T.);
#2899=EDGE_CURVE('',#2285,#2281,#1321,.T.);
#2900=EDGE_CURVE('',#2286,#2285,#1322,.T.);
#2901=EDGE_CURVE('',#2283,#2286,#1323,.T.);
#2902=EDGE_CURVE('',#2287,#2287,#77,.T.);
#2903=EDGE_CURVE('',#2287,#2243,#1324,.T.);
#2904=EDGE_CURVE('',#2288,#2288,#78,.T.);
#2905=EDGE_CURVE('',#2288,#2242,#1325,.T.);
#2906=EDGE_CURVE('',#2289,#2290,#1326,.T.);
#2907=EDGE_CURVE('',#2289,#2284,#1327,.T.);
#2908=EDGE_CURVE('',#2286,#2291,#1328,.T.);
#2909=EDGE_CURVE('',#2291,#2292,#1329,.T.);
#2910=EDGE_CURVE('',#2293,#2292,#1330,.T.);
#2911=EDGE_CURVE('',#2293,#2294,#1331,.T.);
#2912=EDGE_CURVE('',#2295,#2294,#1332,.T.);
#2913=EDGE_CURVE('',#2295,#2296,#1333,.T.);
#2914=EDGE_CURVE('',#2296,#2275,#1334,.T.);
#2915=EDGE_CURVE('',#2297,#2278,#1335,.T.);
#2916=EDGE_CURVE('',#2290,#2297,#1336,.T.);
#2917=EDGE_CURVE('',#2298,#2298,#79,.T.);
#2918=EDGE_CURVE('',#2299,#2299,#80,.T.);
#2919=EDGE_CURVE('',#2300,#2301,#1337,.T.);
#2920=EDGE_CURVE('',#2301,#2302,#81,.T.);
#2921=EDGE_CURVE('',#2302,#2303,#1338,.T.);
#2922=EDGE_CURVE('',#2303,#2304,#82,.T.);
#2923=EDGE_CURVE('',#2304,#2305,#1339,.T.);
#2924=EDGE_CURVE('',#2305,#2306,#83,.T.);
#2925=EDGE_CURVE('',#2306,#2307,#1340,.T.);
#2926=EDGE_CURVE('',#2307,#2300,#84,.T.);
#2927=EDGE_CURVE('',#2308,#2308,#85,.T.);
#2928=EDGE_CURVE('',#2309,#2309,#86,.T.);
#2929=EDGE_CURVE('',#2310,#2310,#87,.T.);
#2930=EDGE_CURVE('',#2311,#2311,#88,.T.);
#2931=EDGE_CURVE('',#2312,#2312,#89,.T.);
#2932=EDGE_CURVE('',#2313,#2313,#90,.T.);
#2933=EDGE_CURVE('',#2314,#2314,#91,.T.);
#2934=EDGE_CURVE('',#2315,#2315,#92,.T.);
#2935=EDGE_CURVE('',#2316,#2317,#1341,.T.);
#2936=EDGE_CURVE('',#2316,#2318,#1342,.T.);
#2937=EDGE_CURVE('',#2319,#2318,#1343,.T.);
#2938=EDGE_CURVE('',#2319,#2317,#1344,.T.);
#2939=EDGE_CURVE('',#2320,#2321,#1345,.T.);
#2940=EDGE_CURVE('',#2320,#2322,#1346,.T.);
#2941=EDGE_CURVE('',#2322,#2323,#1347,.T.);
#2942=EDGE_CURVE('',#2323,#2321,#1348,.T.);
#2943=EDGE_CURVE('',#2324,#2325,#1349,.T.);
#2944=EDGE_CURVE('',#2325,#2326,#1350,.T.);
#2945=EDGE_CURVE('',#2326,#2327,#1351,.T.);
#2946=EDGE_CURVE('',#2327,#2324,#1352,.T.);
#2947=EDGE_CURVE('',#2317,#2325,#1353,.T.);
#2948=EDGE_CURVE('',#2324,#2316,#1354,.T.);
#2949=EDGE_CURVE('',#2326,#2328,#1355,.T.);
#2950=EDGE_CURVE('',#2329,#2328,#1356,.T.);
#2951=EDGE_CURVE('',#2329,#2327,#1357,.T.);
#2952=EDGE_CURVE('',#2328,#2320,#1358,.T.);
#2953=EDGE_CURVE('',#2321,#2329,#1359,.T.);
#2954=EDGE_CURVE('',#2330,#2331,#1360,.T.);
#2955=EDGE_CURVE('',#2331,#2295,#1361,.T.);
#2956=EDGE_CURVE('',#2294,#2330,#1362,.T.);
#2957=EDGE_CURVE('',#2332,#2330,#1363,.T.);
#2958=EDGE_CURVE('',#2332,#2293,#1364,.T.);
#2959=EDGE_CURVE('',#2333,#2332,#1365,.T.);
#2960=EDGE_CURVE('',#2292,#2333,#1366,.T.);
#2961=EDGE_CURVE('',#2331,#2319,#1367,.T.);
#2962=EDGE_CURVE('',#2334,#2333,#1368,.T.);
#2963=EDGE_CURVE('',#2334,#2322,#1369,.T.);
#2964=EDGE_CURVE('',#2323,#2335,#1370,.T.);
#2965=EDGE_CURVE('',#2336,#2335,#1371,.T.);
#2966=EDGE_CURVE('',#2337,#2336,#1372,.T.);
#2967=EDGE_CURVE('',#2338,#2337,#1373,.T.);
#2968=EDGE_CURVE('',#2339,#2338,#1374,.T.);
#2969=EDGE_CURVE('',#2318,#2339,#1375,.T.);
#2970=EDGE_CURVE('',#2241,#2315,#1376,.T.);
#2971=EDGE_CURVE('',#2240,#2314,#1377,.T.);
#2972=EDGE_CURVE('',#2239,#2313,#1378,.T.);
#2973=EDGE_CURVE('',#2340,#2340,#93,.T.);
#2974=EDGE_CURVE('',#2340,#2312,#1379,.T.);
#2975=EDGE_CURVE('',#2238,#2298,#1380,.T.);
#2976=EDGE_CURVE('',#2237,#2311,#1381,.T.);
#2977=EDGE_CURVE('',#2236,#2310,#1382,.T.);
#2978=EDGE_CURVE('',#2235,#2309,#1383,.T.);
#2979=EDGE_CURVE('',#2341,#2341,#94,.T.);
#2980=EDGE_CURVE('',#2341,#2308,#1384,.T.);
#2981=EDGE_CURVE('',#2234,#2299,#1385,.T.);
#2982=EDGE_CURVE('',#2273,#2342,#1386,.T.);
#2983=EDGE_CURVE('',#2296,#2342,#1387,.T.);
#2984=EDGE_CURVE('',#2342,#2343,#1388,.T.);
#2985=EDGE_CURVE('',#2343,#2339,#1389,.T.);
#2986=EDGE_CURVE('',#2343,#2344,#1390,.T.);
#2987=EDGE_CURVE('',#2338,#2344,#1391,.T.);
#2988=EDGE_CURVE('',#2344,#2345,#1392,.T.);
#2989=EDGE_CURVE('',#2345,#2337,#1393,.T.);
#2990=EDGE_CURVE('',#2345,#2346,#1394,.T.);
#2991=EDGE_CURVE('',#2336,#2346,#1395,.T.);
#2992=EDGE_CURVE('',#2347,#2285,#1396,.T.);
#2993=EDGE_CURVE('',#2291,#2347,#1397,.T.);
#2994=EDGE_CURVE('',#2285,#2225,#1398,.T.);
#2995=EDGE_CURVE('',#2226,#2281,#1399,.T.);
#2996=EDGE_CURVE('',#2347,#2224,#1400,.T.);
#2997=EDGE_CURVE('',#2346,#2223,#1401,.T.);
#2998=EDGE_CURVE('',#2346,#2347,#1402,.T.);
#2999=EDGE_CURVE('',#2217,#2272,#1403,.T.);
#3000=EDGE_CURVE('',#2216,#2280,#1404,.T.);
#3001=EDGE_CURVE('',#2218,#2273,#1405,.T.);
#3002=EDGE_CURVE('',#2343,#2220,#1406,.T.);
#3003=EDGE_CURVE('',#2221,#2344,#1407,.T.);
#3004=EDGE_CURVE('',#2342,#2219,#1408,.T.);
#3005=EDGE_CURVE('',#2222,#2345,#1409,.T.);
#3006=EDGE_CURVE('',#2227,#2282,#1410,.T.);
#3007=EDGE_CURVE('',#2348,#2349,#1411,.T.);
#3008=EDGE_CURVE('',#2349,#2350,#1412,.T.);
#3009=EDGE_CURVE('',#2350,#2351,#1413,.T.);
#3010=EDGE_CURVE('',#2351,#2348,#1414,.T.);
#3011=EDGE_CURVE('',#2352,#2353,#1415,.T.);
#3012=EDGE_CURVE('',#2353,#2354,#1416,.T.);
#3013=EDGE_CURVE('',#2354,#2355,#1417,.T.);
#3014=EDGE_CURVE('',#2355,#2352,#1418,.T.);
#3015=EDGE_CURVE('',#2349,#2255,#1419,.T.);
#3016=EDGE_CURVE('',#2253,#2348,#1420,.T.);
#3017=EDGE_CURVE('',#2350,#2254,#1421,.T.);
#3018=EDGE_CURVE('',#2351,#2252,#1422,.T.);
#3019=EDGE_CURVE('',#2355,#2233,#1423,.T.);
#3020=EDGE_CURVE('',#2354,#2231,#1424,.T.);
#3021=EDGE_CURVE('',#2353,#2230,#1425,.T.);
#3022=EDGE_CURVE('',#2232,#2352,#1426,.T.);
#3023=EDGE_CURVE('',#2335,#2334,#1427,.T.);
#3024=EDGE_CURVE('',#2356,#2357,#1428,.T.);
#3025=EDGE_CURVE('',#2356,#2303,#1429,.T.);
#3026=EDGE_CURVE('',#2357,#2302,#1430,.T.);
#3027=EDGE_CURVE('',#2357,#2358,#95,.T.);
#3028=EDGE_CURVE('',#2358,#2301,#1431,.T.);
#3029=EDGE_CURVE('',#2358,#2359,#1432,.T.);
#3030=EDGE_CURVE('',#2359,#2300,#1433,.T.);
#3031=EDGE_CURVE('',#2359,#2360,#96,.T.);
#3032=EDGE_CURVE('',#2360,#2307,#1434,.T.);
#3033=EDGE_CURVE('',#2360,#2361,#1435,.T.);
#3034=EDGE_CURVE('',#2361,#2306,#1436,.T.);
#3035=EDGE_CURVE('',#2361,#2362,#97,.T.);
#3036=EDGE_CURVE('',#2362,#2305,#1437,.T.);
#3037=EDGE_CURVE('',#2362,#2363,#1438,.T.);
#3038=EDGE_CURVE('',#2363,#2304,#1439,.T.);
#3039=EDGE_CURVE('',#2363,#2356,#98,.T.);
#3040=EDGE_CURVE('',#2257,#2360,#99,.T.);
#3041=EDGE_CURVE('',#2359,#2263,#100,.T.);
#3042=EDGE_CURVE('',#2358,#2262,#101,.T.);
#3043=EDGE_CURVE('',#2357,#2261,#102,.T.);
#3044=EDGE_CURVE('',#2356,#2260,#103,.T.);
#3045=EDGE_CURVE('',#2363,#2259,#104,.T.);
#3046=EDGE_CURVE('',#2362,#2258,#105,.T.);
#3047=EDGE_CURVE('',#2361,#2256,#106,.T.);
#3048=EDGE_CURVE('',#2277,#2214,#1440,.T.);
#3049=EDGE_CURVE('',#2228,#2364,#1441,.T.);
#3050=EDGE_CURVE('',#2282,#2364,#1442,.T.);
#3051=EDGE_CURVE('',#2364,#2365,#1443,.T.);
#3052=EDGE_CURVE('',#2289,#2365,#1444,.T.);
#3053=EDGE_CURVE('',#2365,#2366,#1445,.T.);
#3054=EDGE_CURVE('',#2290,#2366,#1446,.T.);
#3055=EDGE_CURVE('',#2366,#2367,#1447,.T.);
#3056=EDGE_CURVE('',#2297,#2367,#1448,.T.);
#3057=EDGE_CURVE('',#2367,#2276,#1449,.T.);
#3058=EDGE_CURVE('',#2229,#2366,#1450,.T.);
#3059=EDGE_CURVE('',#2215,#2367,#1451,.T.);
#3060=ORIENTED_EDGE('',*,*,#2368,.F.);
#3061=ORIENTED_EDGE('',*,*,#2369,.T.);
#3062=ORIENTED_EDGE('',*,*,#2370,.T.);
#3063=ORIENTED_EDGE('',*,*,#2371,.F.);
#3064=ORIENTED_EDGE('',*,*,#2372,.F.);
#3065=ORIENTED_EDGE('',*,*,#2373,.T.);
#3066=ORIENTED_EDGE('',*,*,#2374,.T.);
#3067=ORIENTED_EDGE('',*,*,#2369,.F.);
#3068=ORIENTED_EDGE('',*,*,#2375,.F.);
#3069=ORIENTED_EDGE('',*,*,#2376,.T.);
#3070=ORIENTED_EDGE('',*,*,#2377,.T.);
#3071=ORIENTED_EDGE('',*,*,#2373,.F.);
#3072=ORIENTED_EDGE('',*,*,#2378,.F.);
#3073=ORIENTED_EDGE('',*,*,#2371,.T.);
#3074=ORIENTED_EDGE('',*,*,#2379,.T.);
#3075=ORIENTED_EDGE('',*,*,#2376,.F.);
#3076=ORIENTED_EDGE('',*,*,#2379,.F.);
#3077=ORIENTED_EDGE('',*,*,#2370,.F.);
#3078=ORIENTED_EDGE('',*,*,#2374,.F.);
#3079=ORIENTED_EDGE('',*,*,#2377,.F.);
#3080=ORIENTED_EDGE('',*,*,#2380,.F.);
#3081=ORIENTED_EDGE('',*,*,#2381,.T.);
#3082=ORIENTED_EDGE('',*,*,#2382,.T.);
#3083=ORIENTED_EDGE('',*,*,#2383,.F.);
#3084=ORIENTED_EDGE('',*,*,#2384,.F.);
#3085=ORIENTED_EDGE('',*,*,#2385,.T.);
#3086=ORIENTED_EDGE('',*,*,#2386,.T.);
#3087=ORIENTED_EDGE('',*,*,#2381,.F.);
#3088=ORIENTED_EDGE('',*,*,#2387,.F.);
#3089=ORIENTED_EDGE('',*,*,#2388,.T.);
#3090=ORIENTED_EDGE('',*,*,#2389,.T.);
#3091=ORIENTED_EDGE('',*,*,#2385,.F.);
#3092=ORIENTED_EDGE('',*,*,#2390,.F.);
#3093=ORIENTED_EDGE('',*,*,#2391,.T.);
#3094=ORIENTED_EDGE('',*,*,#2392,.T.);
#3095=ORIENTED_EDGE('',*,*,#2388,.F.);
#3096=ORIENTED_EDGE('',*,*,#2393,.F.);
#3097=ORIENTED_EDGE('',*,*,#2394,.T.);
#3098=ORIENTED_EDGE('',*,*,#2395,.T.);
#3099=ORIENTED_EDGE('',*,*,#2391,.F.);
#3100=ORIENTED_EDGE('',*,*,#2396,.F.);
#3101=ORIENTED_EDGE('',*,*,#2397,.T.);
#3102=ORIENTED_EDGE('',*,*,#2398,.T.);
#3103=ORIENTED_EDGE('',*,*,#2394,.F.);
#3104=ORIENTED_EDGE('',*,*,#2399,.F.);
#3105=ORIENTED_EDGE('',*,*,#2400,.T.);
#3106=ORIENTED_EDGE('',*,*,#2401,.T.);
#3107=ORIENTED_EDGE('',*,*,#2397,.F.);
#3108=ORIENTED_EDGE('',*,*,#2402,.F.);
#3109=ORIENTED_EDGE('',*,*,#2403,.T.);
#3110=ORIENTED_EDGE('',*,*,#2404,.T.);
#3111=ORIENTED_EDGE('',*,*,#2400,.F.);
#3112=ORIENTED_EDGE('',*,*,#2405,.F.);
#3113=ORIENTED_EDGE('',*,*,#2406,.T.);
#3114=ORIENTED_EDGE('',*,*,#2407,.T.);
#3115=ORIENTED_EDGE('',*,*,#2403,.F.);
#3116=ORIENTED_EDGE('',*,*,#2408,.F.);
#3117=ORIENTED_EDGE('',*,*,#2409,.T.);
#3118=ORIENTED_EDGE('',*,*,#2410,.T.);
#3119=ORIENTED_EDGE('',*,*,#2406,.F.);
#3120=ORIENTED_EDGE('',*,*,#2411,.F.);
#3121=ORIENTED_EDGE('',*,*,#2412,.T.);
#3122=ORIENTED_EDGE('',*,*,#2413,.T.);
#3123=ORIENTED_EDGE('',*,*,#2409,.F.);
#3124=ORIENTED_EDGE('',*,*,#2414,.F.);
#3125=ORIENTED_EDGE('',*,*,#2415,.T.);
#3126=ORIENTED_EDGE('',*,*,#2416,.T.);
#3127=ORIENTED_EDGE('',*,*,#2412,.F.);
#3128=ORIENTED_EDGE('',*,*,#2417,.F.);
#3129=ORIENTED_EDGE('',*,*,#2418,.T.);
#3130=ORIENTED_EDGE('',*,*,#2419,.T.);
#3131=ORIENTED_EDGE('',*,*,#2415,.F.);
#3132=ORIENTED_EDGE('',*,*,#2420,.F.);
#3133=ORIENTED_EDGE('',*,*,#2421,.T.);
#3134=ORIENTED_EDGE('',*,*,#2422,.T.);
#3135=ORIENTED_EDGE('',*,*,#2418,.F.);
#3136=ORIENTED_EDGE('',*,*,#2423,.F.);
#3137=ORIENTED_EDGE('',*,*,#2424,.T.);
#3138=ORIENTED_EDGE('',*,*,#2425,.T.);
#3139=ORIENTED_EDGE('',*,*,#2421,.F.);
#3140=ORIENTED_EDGE('',*,*,#2426,.F.);
#3141=ORIENTED_EDGE('',*,*,#2427,.T.);
#3142=ORIENTED_EDGE('',*,*,#2428,.T.);
#3143=ORIENTED_EDGE('',*,*,#2424,.F.);
#3144=ORIENTED_EDGE('',*,*,#2429,.F.);
#3145=ORIENTED_EDGE('',*,*,#2430,.T.);
#3146=ORIENTED_EDGE('',*,*,#2431,.T.);
#3147=ORIENTED_EDGE('',*,*,#2427,.F.);
#3148=ORIENTED_EDGE('',*,*,#2432,.F.);
#3149=ORIENTED_EDGE('',*,*,#2433,.T.);
#3150=ORIENTED_EDGE('',*,*,#2434,.T.);
#3151=ORIENTED_EDGE('',*,*,#2430,.F.);
#3152=ORIENTED_EDGE('',*,*,#2435,.F.);
#3153=ORIENTED_EDGE('',*,*,#2383,.T.);
#3154=ORIENTED_EDGE('',*,*,#2436,.T.);
#3155=ORIENTED_EDGE('',*,*,#2433,.F.);
#3156=ORIENTED_EDGE('',*,*,#2436,.F.);
#3157=ORIENTED_EDGE('',*,*,#2382,.F.);
#3158=ORIENTED_EDGE('',*,*,#2386,.F.);
#3159=ORIENTED_EDGE('',*,*,#2389,.F.);
#3160=ORIENTED_EDGE('',*,*,#2392,.F.);
#3161=ORIENTED_EDGE('',*,*,#2395,.F.);
#3162=ORIENTED_EDGE('',*,*,#2398,.F.);
#3163=ORIENTED_EDGE('',*,*,#2401,.F.);
#3164=ORIENTED_EDGE('',*,*,#2404,.F.);
#3165=ORIENTED_EDGE('',*,*,#2407,.F.);
#3166=ORIENTED_EDGE('',*,*,#2410,.F.);
#3167=ORIENTED_EDGE('',*,*,#2413,.F.);
#3168=ORIENTED_EDGE('',*,*,#2416,.F.);
#3169=ORIENTED_EDGE('',*,*,#2419,.F.);
#3170=ORIENTED_EDGE('',*,*,#2422,.F.);
#3171=ORIENTED_EDGE('',*,*,#2425,.F.);
#3172=ORIENTED_EDGE('',*,*,#2428,.F.);
#3173=ORIENTED_EDGE('',*,*,#2431,.F.);
#3174=ORIENTED_EDGE('',*,*,#2434,.F.);
#3175=ORIENTED_EDGE('',*,*,#2437,.F.);
#3176=ORIENTED_EDGE('',*,*,#2438,.T.);
#3177=ORIENTED_EDGE('',*,*,#2439,.T.);
#3178=ORIENTED_EDGE('',*,*,#2440,.F.);
#3179=ORIENTED_EDGE('',*,*,#2441,.F.);
#3180=ORIENTED_EDGE('',*,*,#2442,.T.);
#3181=ORIENTED_EDGE('',*,*,#2443,.T.);
#3182=ORIENTED_EDGE('',*,*,#2438,.F.);
#3183=ORIENTED_EDGE('',*,*,#2444,.F.);
#3184=ORIENTED_EDGE('',*,*,#2445,.T.);
#3185=ORIENTED_EDGE('',*,*,#2446,.T.);
#3186=ORIENTED_EDGE('',*,*,#2442,.F.);
#3187=ORIENTED_EDGE('',*,*,#2447,.F.);
#3188=ORIENTED_EDGE('',*,*,#2448,.T.);
#3189=ORIENTED_EDGE('',*,*,#2449,.T.);
#3190=ORIENTED_EDGE('',*,*,#2445,.F.);
#3191=ORIENTED_EDGE('',*,*,#2450,.F.);
#3192=ORIENTED_EDGE('',*,*,#2451,.T.);
#3193=ORIENTED_EDGE('',*,*,#2452,.T.);
#3194=ORIENTED_EDGE('',*,*,#2448,.F.);
#3195=ORIENTED_EDGE('',*,*,#2453,.F.);
#3196=ORIENTED_EDGE('',*,*,#2454,.T.);
#3197=ORIENTED_EDGE('',*,*,#2455,.T.);
#3198=ORIENTED_EDGE('',*,*,#2451,.F.);
#3199=ORIENTED_EDGE('',*,*,#2456,.F.);
#3200=ORIENTED_EDGE('',*,*,#2457,.T.);
#3201=ORIENTED_EDGE('',*,*,#2458,.T.);
#3202=ORIENTED_EDGE('',*,*,#2454,.F.);
#3203=ORIENTED_EDGE('',*,*,#2459,.F.);
#3204=ORIENTED_EDGE('',*,*,#2460,.T.);
#3205=ORIENTED_EDGE('',*,*,#2461,.T.);
#3206=ORIENTED_EDGE('',*,*,#2457,.F.);
#3207=ORIENTED_EDGE('',*,*,#2462,.F.);
#3208=ORIENTED_EDGE('',*,*,#2463,.T.);
#3209=ORIENTED_EDGE('',*,*,#2464,.T.);
#3210=ORIENTED_EDGE('',*,*,#2460,.F.);
#3211=ORIENTED_EDGE('',*,*,#2465,.F.);
#3212=ORIENTED_EDGE('',*,*,#2466,.T.);
#3213=ORIENTED_EDGE('',*,*,#2467,.T.);
#3214=ORIENTED_EDGE('',*,*,#2463,.F.);
#3215=ORIENTED_EDGE('',*,*,#2468,.F.);
#3216=ORIENTED_EDGE('',*,*,#2469,.T.);
#3217=ORIENTED_EDGE('',*,*,#2470,.T.);
#3218=ORIENTED_EDGE('',*,*,#2466,.F.);
#3219=ORIENTED_EDGE('',*,*,#2471,.F.);
#3220=ORIENTED_EDGE('',*,*,#2472,.T.);
#3221=ORIENTED_EDGE('',*,*,#2473,.T.);
#3222=ORIENTED_EDGE('',*,*,#2469,.F.);
#3223=ORIENTED_EDGE('',*,*,#2474,.F.);
#3224=ORIENTED_EDGE('',*,*,#2475,.T.);
#3225=ORIENTED_EDGE('',*,*,#2476,.T.);
#3226=ORIENTED_EDGE('',*,*,#2472,.F.);
#3227=ORIENTED_EDGE('',*,*,#2477,.F.);
#3228=ORIENTED_EDGE('',*,*,#2478,.T.);
#3229=ORIENTED_EDGE('',*,*,#2479,.T.);
#3230=ORIENTED_EDGE('',*,*,#2475,.F.);
#3231=ORIENTED_EDGE('',*,*,#2480,.F.);
#3232=ORIENTED_EDGE('',*,*,#2481,.T.);
#3233=ORIENTED_EDGE('',*,*,#2482,.T.);
#3234=ORIENTED_EDGE('',*,*,#2478,.F.);
#3235=ORIENTED_EDGE('',*,*,#2483,.F.);
#3236=ORIENTED_EDGE('',*,*,#2484,.T.);
#3237=ORIENTED_EDGE('',*,*,#2485,.T.);
#3238=ORIENTED_EDGE('',*,*,#2481,.F.);
#3239=ORIENTED_EDGE('',*,*,#2486,.F.);
#3240=ORIENTED_EDGE('',*,*,#2487,.T.);
#3241=ORIENTED_EDGE('',*,*,#2488,.T.);
#3242=ORIENTED_EDGE('',*,*,#2484,.F.);
#3243=ORIENTED_EDGE('',*,*,#2489,.F.);
#3244=ORIENTED_EDGE('',*,*,#2490,.T.);
#3245=ORIENTED_EDGE('',*,*,#2491,.T.);
#3246=ORIENTED_EDGE('',*,*,#2487,.F.);
#3247=ORIENTED_EDGE('',*,*,#2492,.F.);
#3248=ORIENTED_EDGE('',*,*,#2493,.T.);
#3249=ORIENTED_EDGE('',*,*,#2494,.T.);
#3250=ORIENTED_EDGE('',*,*,#2490,.F.);
#3251=ORIENTED_EDGE('',*,*,#2495,.F.);
#3252=ORIENTED_EDGE('',*,*,#2496,.T.);
#3253=ORIENTED_EDGE('',*,*,#2497,.T.);
#3254=ORIENTED_EDGE('',*,*,#2493,.F.);
#3255=ORIENTED_EDGE('',*,*,#2498,.F.);
#3256=ORIENTED_EDGE('',*,*,#2499,.T.);
#3257=ORIENTED_EDGE('',*,*,#2500,.T.);
#3258=ORIENTED_EDGE('',*,*,#2496,.F.);
#3259=ORIENTED_EDGE('',*,*,#2501,.F.);
#3260=ORIENTED_EDGE('',*,*,#2502,.T.);
#3261=ORIENTED_EDGE('',*,*,#2503,.T.);
#3262=ORIENTED_EDGE('',*,*,#2499,.F.);
#3263=ORIENTED_EDGE('',*,*,#2504,.F.);
#3264=ORIENTED_EDGE('',*,*,#2505,.T.);
#3265=ORIENTED_EDGE('',*,*,#2506,.T.);
#3266=ORIENTED_EDGE('',*,*,#2502,.F.);
#3267=ORIENTED_EDGE('',*,*,#2507,.F.);
#3268=ORIENTED_EDGE('',*,*,#2508,.T.);
#3269=ORIENTED_EDGE('',*,*,#2509,.T.);
#3270=ORIENTED_EDGE('',*,*,#2505,.F.);
#3271=ORIENTED_EDGE('',*,*,#2510,.F.);
#3272=ORIENTED_EDGE('',*,*,#2511,.T.);
#3273=ORIENTED_EDGE('',*,*,#2512,.T.);
#3274=ORIENTED_EDGE('',*,*,#2508,.F.);
#3275=ORIENTED_EDGE('',*,*,#2513,.F.);
#3276=ORIENTED_EDGE('',*,*,#2440,.T.);
#3277=ORIENTED_EDGE('',*,*,#2514,.T.);
#3278=ORIENTED_EDGE('',*,*,#2511,.F.);
#3279=ORIENTED_EDGE('',*,*,#2514,.F.);
#3280=ORIENTED_EDGE('',*,*,#2439,.F.);
#3281=ORIENTED_EDGE('',*,*,#2443,.F.);
#3282=ORIENTED_EDGE('',*,*,#2446,.F.);
#3283=ORIENTED_EDGE('',*,*,#2449,.F.);
#3284=ORIENTED_EDGE('',*,*,#2452,.F.);
#3285=ORIENTED_EDGE('',*,*,#2455,.F.);
#3286=ORIENTED_EDGE('',*,*,#2458,.F.);
#3287=ORIENTED_EDGE('',*,*,#2461,.F.);
#3288=ORIENTED_EDGE('',*,*,#2464,.F.);
#3289=ORIENTED_EDGE('',*,*,#2467,.F.);
#3290=ORIENTED_EDGE('',*,*,#2470,.F.);
#3291=ORIENTED_EDGE('',*,*,#2473,.F.);
#3292=ORIENTED_EDGE('',*,*,#2476,.F.);
#3293=ORIENTED_EDGE('',*,*,#2479,.F.);
#3294=ORIENTED_EDGE('',*,*,#2482,.F.);
#3295=ORIENTED_EDGE('',*,*,#2485,.F.);
#3296=ORIENTED_EDGE('',*,*,#2488,.F.);
#3297=ORIENTED_EDGE('',*,*,#2491,.F.);
#3298=ORIENTED_EDGE('',*,*,#2494,.F.);
#3299=ORIENTED_EDGE('',*,*,#2497,.F.);
#3300=ORIENTED_EDGE('',*,*,#2500,.F.);
#3301=ORIENTED_EDGE('',*,*,#2503,.F.);
#3302=ORIENTED_EDGE('',*,*,#2506,.F.);
#3303=ORIENTED_EDGE('',*,*,#2509,.F.);
#3304=ORIENTED_EDGE('',*,*,#2512,.F.);
#3305=ORIENTED_EDGE('',*,*,#2515,.F.);
#3306=ORIENTED_EDGE('',*,*,#2516,.T.);
#3307=ORIENTED_EDGE('',*,*,#2517,.T.);
#3308=ORIENTED_EDGE('',*,*,#2518,.F.);
#3309=ORIENTED_EDGE('',*,*,#2519,.F.);
#3310=ORIENTED_EDGE('',*,*,#2520,.T.);
#3311=ORIENTED_EDGE('',*,*,#2521,.T.);
#3312=ORIENTED_EDGE('',*,*,#2516,.F.);
#3313=ORIENTED_EDGE('',*,*,#2522,.F.);
#3314=ORIENTED_EDGE('',*,*,#2523,.T.);
#3315=ORIENTED_EDGE('',*,*,#2524,.T.);
#3316=ORIENTED_EDGE('',*,*,#2520,.F.);
#3317=ORIENTED_EDGE('',*,*,#2525,.F.);
#3318=ORIENTED_EDGE('',*,*,#2526,.T.);
#3319=ORIENTED_EDGE('',*,*,#2527,.T.);
#3320=ORIENTED_EDGE('',*,*,#2523,.F.);
#3321=ORIENTED_EDGE('',*,*,#2528,.F.);
#3322=ORIENTED_EDGE('',*,*,#2529,.T.);
#3323=ORIENTED_EDGE('',*,*,#2530,.T.);
#3324=ORIENTED_EDGE('',*,*,#2526,.F.);
#3325=ORIENTED_EDGE('',*,*,#2531,.F.);
#3326=ORIENTED_EDGE('',*,*,#2532,.T.);
#3327=ORIENTED_EDGE('',*,*,#2533,.T.);
#3328=ORIENTED_EDGE('',*,*,#2529,.F.);
#3329=ORIENTED_EDGE('',*,*,#2534,.F.);
#3330=ORIENTED_EDGE('',*,*,#2535,.T.);
#3331=ORIENTED_EDGE('',*,*,#2536,.T.);
#3332=ORIENTED_EDGE('',*,*,#2532,.F.);
#3333=ORIENTED_EDGE('',*,*,#2537,.F.);
#3334=ORIENTED_EDGE('',*,*,#2538,.T.);
#3335=ORIENTED_EDGE('',*,*,#2539,.T.);
#3336=ORIENTED_EDGE('',*,*,#2535,.F.);
#3337=ORIENTED_EDGE('',*,*,#2540,.F.);
#3338=ORIENTED_EDGE('',*,*,#2541,.T.);
#3339=ORIENTED_EDGE('',*,*,#2542,.T.);
#3340=ORIENTED_EDGE('',*,*,#2538,.F.);
#3341=ORIENTED_EDGE('',*,*,#2543,.F.);
#3342=ORIENTED_EDGE('',*,*,#2544,.T.);
#3343=ORIENTED_EDGE('',*,*,#2545,.T.);
#3344=ORIENTED_EDGE('',*,*,#2541,.F.);
#3345=ORIENTED_EDGE('',*,*,#2546,.F.);
#3346=ORIENTED_EDGE('',*,*,#2547,.T.);
#3347=ORIENTED_EDGE('',*,*,#2548,.T.);
#3348=ORIENTED_EDGE('',*,*,#2544,.F.);
#3349=ORIENTED_EDGE('',*,*,#2549,.F.);
#3350=ORIENTED_EDGE('',*,*,#2550,.T.);
#3351=ORIENTED_EDGE('',*,*,#2551,.T.);
#3352=ORIENTED_EDGE('',*,*,#2547,.F.);
#3353=ORIENTED_EDGE('',*,*,#2552,.F.);
#3354=ORIENTED_EDGE('',*,*,#2518,.T.);
#3355=ORIENTED_EDGE('',*,*,#2553,.T.);
#3356=ORIENTED_EDGE('',*,*,#2550,.F.);
#3357=ORIENTED_EDGE('',*,*,#2553,.F.);
#3358=ORIENTED_EDGE('',*,*,#2517,.F.);
#3359=ORIENTED_EDGE('',*,*,#2521,.F.);
#3360=ORIENTED_EDGE('',*,*,#2524,.F.);
#3361=ORIENTED_EDGE('',*,*,#2527,.F.);
#3362=ORIENTED_EDGE('',*,*,#2530,.F.);
#3363=ORIENTED_EDGE('',*,*,#2533,.F.);
#3364=ORIENTED_EDGE('',*,*,#2536,.F.);
#3365=ORIENTED_EDGE('',*,*,#2539,.F.);
#3366=ORIENTED_EDGE('',*,*,#2542,.F.);
#3367=ORIENTED_EDGE('',*,*,#2545,.F.);
#3368=ORIENTED_EDGE('',*,*,#2548,.F.);
#3369=ORIENTED_EDGE('',*,*,#2551,.F.);
#3370=ORIENTED_EDGE('',*,*,#2554,.F.);
#3371=ORIENTED_EDGE('',*,*,#2555,.T.);
#3372=ORIENTED_EDGE('',*,*,#2556,.T.);
#3373=ORIENTED_EDGE('',*,*,#2557,.F.);
#3374=ORIENTED_EDGE('',*,*,#2558,.F.);
#3375=ORIENTED_EDGE('',*,*,#2559,.T.);
#3376=ORIENTED_EDGE('',*,*,#2560,.T.);
#3377=ORIENTED_EDGE('',*,*,#2555,.F.);
#3378=ORIENTED_EDGE('',*,*,#2561,.F.);
#3379=ORIENTED_EDGE('',*,*,#2562,.T.);
#3380=ORIENTED_EDGE('',*,*,#2563,.T.);
#3381=ORIENTED_EDGE('',*,*,#2559,.F.);
#3382=ORIENTED_EDGE('',*,*,#2564,.F.);
#3383=ORIENTED_EDGE('',*,*,#2557,.T.);
#3384=ORIENTED_EDGE('',*,*,#2565,.T.);
#3385=ORIENTED_EDGE('',*,*,#2562,.F.);
#3386=ORIENTED_EDGE('',*,*,#2565,.F.);
#3387=ORIENTED_EDGE('',*,*,#2556,.F.);
#3388=ORIENTED_EDGE('',*,*,#2560,.F.);
#3389=ORIENTED_EDGE('',*,*,#2563,.F.);
#3390=ORIENTED_EDGE('',*,*,#2566,.F.);
#3391=ORIENTED_EDGE('',*,*,#2567,.T.);
#3392=ORIENTED_EDGE('',*,*,#2568,.T.);
#3393=ORIENTED_EDGE('',*,*,#2569,.F.);
#3394=ORIENTED_EDGE('',*,*,#2570,.F.);
#3395=ORIENTED_EDGE('',*,*,#2571,.T.);
#3396=ORIENTED_EDGE('',*,*,#2572,.T.);
#3397=ORIENTED_EDGE('',*,*,#2567,.F.);
#3398=ORIENTED_EDGE('',*,*,#2573,.F.);
#3399=ORIENTED_EDGE('',*,*,#2574,.T.);
#3400=ORIENTED_EDGE('',*,*,#2575,.T.);
#3401=ORIENTED_EDGE('',*,*,#2571,.F.);
#3402=ORIENTED_EDGE('',*,*,#2576,.F.);
#3403=ORIENTED_EDGE('',*,*,#2577,.T.);
#3404=ORIENTED_EDGE('',*,*,#2578,.T.);
#3405=ORIENTED_EDGE('',*,*,#2574,.F.);
#3406=ORIENTED_EDGE('',*,*,#2579,.F.);
#3407=ORIENTED_EDGE('',*,*,#2569,.T.);
#3408=ORIENTED_EDGE('',*,*,#2580,.T.);
#3409=ORIENTED_EDGE('',*,*,#2577,.F.);
#3410=ORIENTED_EDGE('',*,*,#2581,.F.);
#3411=ORIENTED_EDGE('',*,*,#2582,.T.);
#3412=ORIENTED_EDGE('',*,*,#2583,.T.);
#3413=ORIENTED_EDGE('',*,*,#2584,.F.);
#3414=ORIENTED_EDGE('',*,*,#2585,.F.);
#3415=ORIENTED_EDGE('',*,*,#2586,.T.);
#3416=ORIENTED_EDGE('',*,*,#2587,.T.);
#3417=ORIENTED_EDGE('',*,*,#2582,.F.);
#3418=ORIENTED_EDGE('',*,*,#2588,.F.);
#3419=ORIENTED_EDGE('',*,*,#2589,.T.);
#3420=ORIENTED_EDGE('',*,*,#2590,.T.);
#3421=ORIENTED_EDGE('',*,*,#2586,.F.);
#3422=ORIENTED_EDGE('',*,*,#2591,.F.);
#3423=ORIENTED_EDGE('',*,*,#2592,.T.);
#3424=ORIENTED_EDGE('',*,*,#2593,.T.);
#3425=ORIENTED_EDGE('',*,*,#2589,.F.);
#3426=ORIENTED_EDGE('',*,*,#2594,.F.);
#3427=ORIENTED_EDGE('',*,*,#2595,.T.);
#3428=ORIENTED_EDGE('',*,*,#2596,.T.);
#3429=ORIENTED_EDGE('',*,*,#2592,.F.);
#3430=ORIENTED_EDGE('',*,*,#2597,.F.);
#3431=ORIENTED_EDGE('',*,*,#2598,.T.);
#3432=ORIENTED_EDGE('',*,*,#2599,.T.);
#3433=ORIENTED_EDGE('',*,*,#2595,.F.);
#3434=ORIENTED_EDGE('',*,*,#2600,.F.);
#3435=ORIENTED_EDGE('',*,*,#2601,.T.);
#3436=ORIENTED_EDGE('',*,*,#2602,.T.);
#3437=ORIENTED_EDGE('',*,*,#2598,.F.);
#3438=ORIENTED_EDGE('',*,*,#2603,.F.);
#3439=ORIENTED_EDGE('',*,*,#2604,.T.);
#3440=ORIENTED_EDGE('',*,*,#2605,.T.);
#3441=ORIENTED_EDGE('',*,*,#2601,.F.);
#3442=ORIENTED_EDGE('',*,*,#2606,.F.);
#3443=ORIENTED_EDGE('',*,*,#2607,.T.);
#3444=ORIENTED_EDGE('',*,*,#2608,.T.);
#3445=ORIENTED_EDGE('',*,*,#2604,.F.);
#3446=ORIENTED_EDGE('',*,*,#2609,.F.);
#3447=ORIENTED_EDGE('',*,*,#2610,.T.);
#3448=ORIENTED_EDGE('',*,*,#2611,.T.);
#3449=ORIENTED_EDGE('',*,*,#2607,.F.);
#3450=ORIENTED_EDGE('',*,*,#2612,.F.);
#3451=ORIENTED_EDGE('',*,*,#2613,.T.);
#3452=ORIENTED_EDGE('',*,*,#2614,.T.);
#3453=ORIENTED_EDGE('',*,*,#2610,.F.);
#3454=ORIENTED_EDGE('',*,*,#2615,.F.);
#3455=ORIENTED_EDGE('',*,*,#2616,.T.);
#3456=ORIENTED_EDGE('',*,*,#2617,.T.);
#3457=ORIENTED_EDGE('',*,*,#2613,.F.);
#3458=ORIENTED_EDGE('',*,*,#2618,.F.);
#3459=ORIENTED_EDGE('',*,*,#2619,.T.);
#3460=ORIENTED_EDGE('',*,*,#2620,.T.);
#3461=ORIENTED_EDGE('',*,*,#2616,.F.);
#3462=ORIENTED_EDGE('',*,*,#2621,.F.);
#3463=ORIENTED_EDGE('',*,*,#2584,.T.);
#3464=ORIENTED_EDGE('',*,*,#2622,.T.);
#3465=ORIENTED_EDGE('',*,*,#2619,.F.);
#3466=ORIENTED_EDGE('',*,*,#2622,.F.);
#3467=ORIENTED_EDGE('',*,*,#2583,.F.);
#3468=ORIENTED_EDGE('',*,*,#2587,.F.);
#3469=ORIENTED_EDGE('',*,*,#2590,.F.);
#3470=ORIENTED_EDGE('',*,*,#2593,.F.);
#3471=ORIENTED_EDGE('',*,*,#2596,.F.);
#3472=ORIENTED_EDGE('',*,*,#2599,.F.);
#3473=ORIENTED_EDGE('',*,*,#2602,.F.);
#3474=ORIENTED_EDGE('',*,*,#2605,.F.);
#3475=ORIENTED_EDGE('',*,*,#2608,.F.);
#3476=ORIENTED_EDGE('',*,*,#2611,.F.);
#3477=ORIENTED_EDGE('',*,*,#2614,.F.);
#3478=ORIENTED_EDGE('',*,*,#2617,.F.);
#3479=ORIENTED_EDGE('',*,*,#2620,.F.);
#3480=ORIENTED_EDGE('',*,*,#2580,.F.);
#3481=ORIENTED_EDGE('',*,*,#2568,.F.);
#3482=ORIENTED_EDGE('',*,*,#2572,.F.);
#3483=ORIENTED_EDGE('',*,*,#2575,.F.);
#3484=ORIENTED_EDGE('',*,*,#2578,.F.);
#3485=ORIENTED_EDGE('',*,*,#2623,.F.);
#3486=ORIENTED_EDGE('',*,*,#2624,.T.);
#3487=ORIENTED_EDGE('',*,*,#2625,.T.);
#3488=ORIENTED_EDGE('',*,*,#2626,.F.);
#3489=ORIENTED_EDGE('',*,*,#2627,.F.);
#3490=ORIENTED_EDGE('',*,*,#2628,.T.);
#3491=ORIENTED_EDGE('',*,*,#2629,.T.);
#3492=ORIENTED_EDGE('',*,*,#2624,.F.);
#3493=ORIENTED_EDGE('',*,*,#2630,.F.);
#3494=ORIENTED_EDGE('',*,*,#2631,.T.);
#3495=ORIENTED_EDGE('',*,*,#2632,.T.);
#3496=ORIENTED_EDGE('',*,*,#2628,.F.);
#3497=ORIENTED_EDGE('',*,*,#2633,.F.);
#3498=ORIENTED_EDGE('',*,*,#2626,.T.);
#3499=ORIENTED_EDGE('',*,*,#2634,.T.);
#3500=ORIENTED_EDGE('',*,*,#2631,.F.);
#3501=ORIENTED_EDGE('',*,*,#2634,.F.);
#3502=ORIENTED_EDGE('',*,*,#2625,.F.);
#3503=ORIENTED_EDGE('',*,*,#2629,.F.);
#3504=ORIENTED_EDGE('',*,*,#2632,.F.);
#3505=ORIENTED_EDGE('',*,*,#2635,.F.);
#3506=ORIENTED_EDGE('',*,*,#2636,.T.);
#3507=ORIENTED_EDGE('',*,*,#2637,.T.);
#3508=ORIENTED_EDGE('',*,*,#2638,.F.);
#3509=ORIENTED_EDGE('',*,*,#2639,.F.);
#3510=ORIENTED_EDGE('',*,*,#2640,.T.);
#3511=ORIENTED_EDGE('',*,*,#2641,.T.);
#3512=ORIENTED_EDGE('',*,*,#2636,.F.);
#3513=ORIENTED_EDGE('',*,*,#2642,.F.);
#3514=ORIENTED_EDGE('',*,*,#2643,.T.);
#3515=ORIENTED_EDGE('',*,*,#2644,.T.);
#3516=ORIENTED_EDGE('',*,*,#2640,.F.);
#3517=ORIENTED_EDGE('',*,*,#2645,.F.);
#3518=ORIENTED_EDGE('',*,*,#2646,.T.);
#3519=ORIENTED_EDGE('',*,*,#2647,.T.);
#3520=ORIENTED_EDGE('',*,*,#2643,.F.);
#3521=ORIENTED_EDGE('',*,*,#2648,.F.);
#3522=ORIENTED_EDGE('',*,*,#2638,.T.);
#3523=ORIENTED_EDGE('',*,*,#2649,.T.);
#3524=ORIENTED_EDGE('',*,*,#2646,.F.);
#3525=ORIENTED_EDGE('',*,*,#2650,.F.);
#3526=ORIENTED_EDGE('',*,*,#2651,.T.);
#3527=ORIENTED_EDGE('',*,*,#2652,.T.);
#3528=ORIENTED_EDGE('',*,*,#2653,.F.);
#3529=ORIENTED_EDGE('',*,*,#2654,.F.);
#3530=ORIENTED_EDGE('',*,*,#2655,.T.);
#3531=ORIENTED_EDGE('',*,*,#2656,.T.);
#3532=ORIENTED_EDGE('',*,*,#2651,.F.);
#3533=ORIENTED_EDGE('',*,*,#2657,.F.);
#3534=ORIENTED_EDGE('',*,*,#2658,.T.);
#3535=ORIENTED_EDGE('',*,*,#2659,.T.);
#3536=ORIENTED_EDGE('',*,*,#2655,.F.);
#3537=ORIENTED_EDGE('',*,*,#2660,.F.);
#3538=ORIENTED_EDGE('',*,*,#2661,.T.);
#3539=ORIENTED_EDGE('',*,*,#2662,.T.);
#3540=ORIENTED_EDGE('',*,*,#2658,.F.);
#3541=ORIENTED_EDGE('',*,*,#2663,.F.);
#3542=ORIENTED_EDGE('',*,*,#2664,.T.);
#3543=ORIENTED_EDGE('',*,*,#2665,.T.);
#3544=ORIENTED_EDGE('',*,*,#2661,.F.);
#3545=ORIENTED_EDGE('',*,*,#2666,.F.);
#3546=ORIENTED_EDGE('',*,*,#2667,.T.);
#3547=ORIENTED_EDGE('',*,*,#2668,.T.);
#3548=ORIENTED_EDGE('',*,*,#2664,.F.);
#3549=ORIENTED_EDGE('',*,*,#2669,.F.);
#3550=ORIENTED_EDGE('',*,*,#2670,.T.);
#3551=ORIENTED_EDGE('',*,*,#2671,.T.);
#3552=ORIENTED_EDGE('',*,*,#2667,.F.);
#3553=ORIENTED_EDGE('',*,*,#2672,.F.);
#3554=ORIENTED_EDGE('',*,*,#2673,.T.);
#3555=ORIENTED_EDGE('',*,*,#2674,.T.);
#3556=ORIENTED_EDGE('',*,*,#2670,.F.);
#3557=ORIENTED_EDGE('',*,*,#2675,.F.);
#3558=ORIENTED_EDGE('',*,*,#2676,.T.);
#3559=ORIENTED_EDGE('',*,*,#2677,.T.);
#3560=ORIENTED_EDGE('',*,*,#2673,.F.);
#3561=ORIENTED_EDGE('',*,*,#2678,.F.);
#3562=ORIENTED_EDGE('',*,*,#2679,.T.);
#3563=ORIENTED_EDGE('',*,*,#2680,.T.);
#3564=ORIENTED_EDGE('',*,*,#2676,.F.);
#3565=ORIENTED_EDGE('',*,*,#2681,.F.);
#3566=ORIENTED_EDGE('',*,*,#2682,.T.);
#3567=ORIENTED_EDGE('',*,*,#2683,.T.);
#3568=ORIENTED_EDGE('',*,*,#2679,.F.);
#3569=ORIENTED_EDGE('',*,*,#2684,.F.);
#3570=ORIENTED_EDGE('',*,*,#2685,.T.);
#3571=ORIENTED_EDGE('',*,*,#2686,.T.);
#3572=ORIENTED_EDGE('',*,*,#2682,.F.);
#3573=ORIENTED_EDGE('',*,*,#2687,.F.);
#3574=ORIENTED_EDGE('',*,*,#2688,.T.);
#3575=ORIENTED_EDGE('',*,*,#2689,.T.);
#3576=ORIENTED_EDGE('',*,*,#2685,.F.);
#3577=ORIENTED_EDGE('',*,*,#2690,.F.);
#3578=ORIENTED_EDGE('',*,*,#2653,.T.);
#3579=ORIENTED_EDGE('',*,*,#2691,.T.);
#3580=ORIENTED_EDGE('',*,*,#2688,.F.);
#3581=ORIENTED_EDGE('',*,*,#2691,.F.);
#3582=ORIENTED_EDGE('',*,*,#2652,.F.);
#3583=ORIENTED_EDGE('',*,*,#2656,.F.);
#3584=ORIENTED_EDGE('',*,*,#2659,.F.);
#3585=ORIENTED_EDGE('',*,*,#2662,.F.);
#3586=ORIENTED_EDGE('',*,*,#2665,.F.);
#3587=ORIENTED_EDGE('',*,*,#2668,.F.);
#3588=ORIENTED_EDGE('',*,*,#2671,.F.);
#3589=ORIENTED_EDGE('',*,*,#2674,.F.);
#3590=ORIENTED_EDGE('',*,*,#2677,.F.);
#3591=ORIENTED_EDGE('',*,*,#2680,.F.);
#3592=ORIENTED_EDGE('',*,*,#2683,.F.);
#3593=ORIENTED_EDGE('',*,*,#2686,.F.);
#3594=ORIENTED_EDGE('',*,*,#2689,.F.);
#3595=ORIENTED_EDGE('',*,*,#2649,.F.);
#3596=ORIENTED_EDGE('',*,*,#2637,.F.);
#3597=ORIENTED_EDGE('',*,*,#2641,.F.);
#3598=ORIENTED_EDGE('',*,*,#2644,.F.);
#3599=ORIENTED_EDGE('',*,*,#2647,.F.);
#3600=ORIENTED_EDGE('',*,*,#2692,.F.);
#3601=ORIENTED_EDGE('',*,*,#2693,.T.);
#3602=ORIENTED_EDGE('',*,*,#2694,.T.);
#3603=ORIENTED_EDGE('',*,*,#2695,.F.);
#3604=ORIENTED_EDGE('',*,*,#2696,.F.);
#3605=ORIENTED_EDGE('',*,*,#2697,.T.);
#3606=ORIENTED_EDGE('',*,*,#2698,.T.);
#3607=ORIENTED_EDGE('',*,*,#2693,.F.);
#3608=ORIENTED_EDGE('',*,*,#2699,.F.);
#3609=ORIENTED_EDGE('',*,*,#2700,.T.);
#3610=ORIENTED_EDGE('',*,*,#2701,.T.);
#3611=ORIENTED_EDGE('',*,*,#2697,.F.);
#3612=ORIENTED_EDGE('',*,*,#2702,.F.);
#3613=ORIENTED_EDGE('',*,*,#2703,.T.);
#3614=ORIENTED_EDGE('',*,*,#2704,.T.);
#3615=ORIENTED_EDGE('',*,*,#2700,.F.);
#3616=ORIENTED_EDGE('',*,*,#2705,.F.);
#3617=ORIENTED_EDGE('',*,*,#2706,.T.);
#3618=ORIENTED_EDGE('',*,*,#2707,.T.);
#3619=ORIENTED_EDGE('',*,*,#2703,.F.);
#3620=ORIENTED_EDGE('',*,*,#2708,.F.);
#3621=ORIENTED_EDGE('',*,*,#2709,.T.);
#3622=ORIENTED_EDGE('',*,*,#2710,.T.);
#3623=ORIENTED_EDGE('',*,*,#2706,.F.);
#3624=ORIENTED_EDGE('',*,*,#2711,.F.);
#3625=ORIENTED_EDGE('',*,*,#2712,.T.);
#3626=ORIENTED_EDGE('',*,*,#2713,.T.);
#3627=ORIENTED_EDGE('',*,*,#2709,.F.);
#3628=ORIENTED_EDGE('',*,*,#2714,.F.);
#3629=ORIENTED_EDGE('',*,*,#2715,.T.);
#3630=ORIENTED_EDGE('',*,*,#2716,.T.);
#3631=ORIENTED_EDGE('',*,*,#2712,.F.);
#3632=ORIENTED_EDGE('',*,*,#2717,.F.);
#3633=ORIENTED_EDGE('',*,*,#2718,.T.);
#3634=ORIENTED_EDGE('',*,*,#2719,.T.);
#3635=ORIENTED_EDGE('',*,*,#2715,.F.);
#3636=ORIENTED_EDGE('',*,*,#2720,.F.);
#3637=ORIENTED_EDGE('',*,*,#2721,.T.);
#3638=ORIENTED_EDGE('',*,*,#2722,.T.);
#3639=ORIENTED_EDGE('',*,*,#2718,.F.);
#3640=ORIENTED_EDGE('',*,*,#2723,.F.);
#3641=ORIENTED_EDGE('',*,*,#2724,.T.);
#3642=ORIENTED_EDGE('',*,*,#2725,.T.);
#3643=ORIENTED_EDGE('',*,*,#2721,.F.);
#3644=ORIENTED_EDGE('',*,*,#2726,.F.);
#3645=ORIENTED_EDGE('',*,*,#2727,.T.);
#3646=ORIENTED_EDGE('',*,*,#2728,.T.);
#3647=ORIENTED_EDGE('',*,*,#2724,.F.);
#3648=ORIENTED_EDGE('',*,*,#2729,.F.);
#3649=ORIENTED_EDGE('',*,*,#2695,.T.);
#3650=ORIENTED_EDGE('',*,*,#2730,.T.);
#3651=ORIENTED_EDGE('',*,*,#2727,.F.);
#3652=ORIENTED_EDGE('',*,*,#2730,.F.);
#3653=ORIENTED_EDGE('',*,*,#2694,.F.);
#3654=ORIENTED_EDGE('',*,*,#2698,.F.);
#3655=ORIENTED_EDGE('',*,*,#2701,.F.);
#3656=ORIENTED_EDGE('',*,*,#2704,.F.);
#3657=ORIENTED_EDGE('',*,*,#2707,.F.);
#3658=ORIENTED_EDGE('',*,*,#2710,.F.);
#3659=ORIENTED_EDGE('',*,*,#2713,.F.);
#3660=ORIENTED_EDGE('',*,*,#2716,.F.);
#3661=ORIENTED_EDGE('',*,*,#2719,.F.);
#3662=ORIENTED_EDGE('',*,*,#2722,.F.);
#3663=ORIENTED_EDGE('',*,*,#2725,.F.);
#3664=ORIENTED_EDGE('',*,*,#2728,.F.);
#3665=ORIENTED_EDGE('',*,*,#2731,.F.);
#3666=ORIENTED_EDGE('',*,*,#2732,.T.);
#3667=ORIENTED_EDGE('',*,*,#2733,.T.);
#3668=ORIENTED_EDGE('',*,*,#2734,.F.);
#3669=ORIENTED_EDGE('',*,*,#2735,.F.);
#3670=ORIENTED_EDGE('',*,*,#2736,.T.);
#3671=ORIENTED_EDGE('',*,*,#2737,.T.);
#3672=ORIENTED_EDGE('',*,*,#2732,.F.);
#3673=ORIENTED_EDGE('',*,*,#2738,.F.);
#3674=ORIENTED_EDGE('',*,*,#2739,.T.);
#3675=ORIENTED_EDGE('',*,*,#2740,.T.);
#3676=ORIENTED_EDGE('',*,*,#2736,.F.);
#3677=ORIENTED_EDGE('',*,*,#2741,.F.);
#3678=ORIENTED_EDGE('',*,*,#2742,.T.);
#3679=ORIENTED_EDGE('',*,*,#2743,.T.);
#3680=ORIENTED_EDGE('',*,*,#2739,.F.);
#3681=ORIENTED_EDGE('',*,*,#2744,.F.);
#3682=ORIENTED_EDGE('',*,*,#2745,.T.);
#3683=ORIENTED_EDGE('',*,*,#2746,.T.);
#3684=ORIENTED_EDGE('',*,*,#2742,.F.);
#3685=ORIENTED_EDGE('',*,*,#2747,.F.);
#3686=ORIENTED_EDGE('',*,*,#2748,.T.);
#3687=ORIENTED_EDGE('',*,*,#2749,.T.);
#3688=ORIENTED_EDGE('',*,*,#2745,.F.);
#3689=ORIENTED_EDGE('',*,*,#2750,.F.);
#3690=ORIENTED_EDGE('',*,*,#2751,.T.);
#3691=ORIENTED_EDGE('',*,*,#2752,.T.);
#3692=ORIENTED_EDGE('',*,*,#2748,.F.);
#3693=ORIENTED_EDGE('',*,*,#2753,.F.);
#3694=ORIENTED_EDGE('',*,*,#2754,.T.);
#3695=ORIENTED_EDGE('',*,*,#2755,.T.);
#3696=ORIENTED_EDGE('',*,*,#2751,.F.);
#3697=ORIENTED_EDGE('',*,*,#2756,.F.);
#3698=ORIENTED_EDGE('',*,*,#2757,.T.);
#3699=ORIENTED_EDGE('',*,*,#2758,.T.);
#3700=ORIENTED_EDGE('',*,*,#2754,.F.);
#3701=ORIENTED_EDGE('',*,*,#2759,.F.);
#3702=ORIENTED_EDGE('',*,*,#2760,.T.);
#3703=ORIENTED_EDGE('',*,*,#2761,.T.);
#3704=ORIENTED_EDGE('',*,*,#2757,.F.);
#3705=ORIENTED_EDGE('',*,*,#2762,.F.);
#3706=ORIENTED_EDGE('',*,*,#2763,.T.);
#3707=ORIENTED_EDGE('',*,*,#2764,.T.);
#3708=ORIENTED_EDGE('',*,*,#2760,.F.);
#3709=ORIENTED_EDGE('',*,*,#2765,.F.);
#3710=ORIENTED_EDGE('',*,*,#2766,.T.);
#3711=ORIENTED_EDGE('',*,*,#2767,.T.);
#3712=ORIENTED_EDGE('',*,*,#2763,.F.);
#3713=ORIENTED_EDGE('',*,*,#2768,.F.);
#3714=ORIENTED_EDGE('',*,*,#2769,.T.);
#3715=ORIENTED_EDGE('',*,*,#2770,.T.);
#3716=ORIENTED_EDGE('',*,*,#2766,.F.);
#3717=ORIENTED_EDGE('',*,*,#2771,.F.);
#3718=ORIENTED_EDGE('',*,*,#2772,.T.);
#3719=ORIENTED_EDGE('',*,*,#2773,.T.);
#3720=ORIENTED_EDGE('',*,*,#2769,.F.);
#3721=ORIENTED_EDGE('',*,*,#2774,.F.);
#3722=ORIENTED_EDGE('',*,*,#2775,.T.);
#3723=ORIENTED_EDGE('',*,*,#2776,.T.);
#3724=ORIENTED_EDGE('',*,*,#2772,.F.);
#3725=ORIENTED_EDGE('',*,*,#2777,.F.);
#3726=ORIENTED_EDGE('',*,*,#2778,.T.);
#3727=ORIENTED_EDGE('',*,*,#2779,.T.);
#3728=ORIENTED_EDGE('',*,*,#2775,.F.);
#3729=ORIENTED_EDGE('',*,*,#2780,.F.);
#3730=ORIENTED_EDGE('',*,*,#2781,.T.);
#3731=ORIENTED_EDGE('',*,*,#2782,.T.);
#3732=ORIENTED_EDGE('',*,*,#2778,.F.);
#3733=ORIENTED_EDGE('',*,*,#2783,.F.);
#3734=ORIENTED_EDGE('',*,*,#2784,.T.);
#3735=ORIENTED_EDGE('',*,*,#2785,.T.);
#3736=ORIENTED_EDGE('',*,*,#2781,.F.);
#3737=ORIENTED_EDGE('',*,*,#2786,.F.);
#3738=ORIENTED_EDGE('',*,*,#2734,.T.);
#3739=ORIENTED_EDGE('',*,*,#2787,.T.);
#3740=ORIENTED_EDGE('',*,*,#2784,.F.);
#3741=ORIENTED_EDGE('',*,*,#2787,.F.);
#3742=ORIENTED_EDGE('',*,*,#2733,.F.);
#3743=ORIENTED_EDGE('',*,*,#2737,.F.);
#3744=ORIENTED_EDGE('',*,*,#2740,.F.);
#3745=ORIENTED_EDGE('',*,*,#2743,.F.);
#3746=ORIENTED_EDGE('',*,*,#2746,.F.);
#3747=ORIENTED_EDGE('',*,*,#2749,.F.);
#3748=ORIENTED_EDGE('',*,*,#2752,.F.);
#3749=ORIENTED_EDGE('',*,*,#2755,.F.);
#3750=ORIENTED_EDGE('',*,*,#2758,.F.);
#3751=ORIENTED_EDGE('',*,*,#2761,.F.);
#3752=ORIENTED_EDGE('',*,*,#2764,.F.);
#3753=ORIENTED_EDGE('',*,*,#2767,.F.);
#3754=ORIENTED_EDGE('',*,*,#2770,.F.);
#3755=ORIENTED_EDGE('',*,*,#2773,.F.);
#3756=ORIENTED_EDGE('',*,*,#2776,.F.);
#3757=ORIENTED_EDGE('',*,*,#2779,.F.);
#3758=ORIENTED_EDGE('',*,*,#2782,.F.);
#3759=ORIENTED_EDGE('',*,*,#2785,.F.);
#3760=ORIENTED_EDGE('',*,*,#2788,.F.);
#3761=ORIENTED_EDGE('',*,*,#2789,.T.);
#3762=ORIENTED_EDGE('',*,*,#2790,.T.);
#3763=ORIENTED_EDGE('',*,*,#2791,.F.);
#3764=ORIENTED_EDGE('',*,*,#2792,.F.);
#3765=ORIENTED_EDGE('',*,*,#2793,.T.);
#3766=ORIENTED_EDGE('',*,*,#2794,.T.);
#3767=ORIENTED_EDGE('',*,*,#2789,.F.);
#3768=ORIENTED_EDGE('',*,*,#2795,.F.);
#3769=ORIENTED_EDGE('',*,*,#2796,.T.);
#3770=ORIENTED_EDGE('',*,*,#2797,.T.);
#3771=ORIENTED_EDGE('',*,*,#2793,.F.);
#3772=ORIENTED_EDGE('',*,*,#2798,.F.);
#3773=ORIENTED_EDGE('',*,*,#2791,.T.);
#3774=ORIENTED_EDGE('',*,*,#2799,.T.);
#3775=ORIENTED_EDGE('',*,*,#2796,.F.);
#3776=ORIENTED_EDGE('',*,*,#2799,.F.);
#3777=ORIENTED_EDGE('',*,*,#2790,.F.);
#3778=ORIENTED_EDGE('',*,*,#2794,.F.);
#3779=ORIENTED_EDGE('',*,*,#2797,.F.);
#3780=ORIENTED_EDGE('',*,*,#2800,.F.);
#3781=ORIENTED_EDGE('',*,*,#2801,.T.);
#3782=ORIENTED_EDGE('',*,*,#2802,.T.);
#3783=ORIENTED_EDGE('',*,*,#2803,.F.);
#3784=ORIENTED_EDGE('',*,*,#2804,.F.);
#3785=ORIENTED_EDGE('',*,*,#2805,.T.);
#3786=ORIENTED_EDGE('',*,*,#2806,.T.);
#3787=ORIENTED_EDGE('',*,*,#2801,.F.);
#3788=ORIENTED_EDGE('',*,*,#2807,.F.);
#3789=ORIENTED_EDGE('',*,*,#2808,.T.);
#3790=ORIENTED_EDGE('',*,*,#2809,.T.);
#3791=ORIENTED_EDGE('',*,*,#2805,.F.);
#3792=ORIENTED_EDGE('',*,*,#2810,.F.);
#3793=ORIENTED_EDGE('',*,*,#2811,.T.);
#3794=ORIENTED_EDGE('',*,*,#2812,.T.);
#3795=ORIENTED_EDGE('',*,*,#2808,.F.);
#3796=ORIENTED_EDGE('',*,*,#2813,.F.);
#3797=ORIENTED_EDGE('',*,*,#2814,.T.);
#3798=ORIENTED_EDGE('',*,*,#2815,.T.);
#3799=ORIENTED_EDGE('',*,*,#2811,.F.);
#3800=ORIENTED_EDGE('',*,*,#2816,.F.);
#3801=ORIENTED_EDGE('',*,*,#2803,.T.);
#3802=ORIENTED_EDGE('',*,*,#2817,.T.);
#3803=ORIENTED_EDGE('',*,*,#2814,.F.);
#3804=ORIENTED_EDGE('',*,*,#2817,.F.);
#3805=ORIENTED_EDGE('',*,*,#2802,.F.);
#3806=ORIENTED_EDGE('',*,*,#2806,.F.);
#3807=ORIENTED_EDGE('',*,*,#2809,.F.);
#3808=ORIENTED_EDGE('',*,*,#2812,.F.);
#3809=ORIENTED_EDGE('',*,*,#2815,.F.);
#3810=ORIENTED_EDGE('',*,*,#2818,.F.);
#3811=ORIENTED_EDGE('',*,*,#2819,.F.);
#3812=ORIENTED_EDGE('',*,*,#2820,.F.);
#3813=ORIENTED_EDGE('',*,*,#2821,.F.);
#3814=ORIENTED_EDGE('',*,*,#2822,.F.);
#3815=ORIENTED_EDGE('',*,*,#2823,.F.);
#3816=ORIENTED_EDGE('',*,*,#2824,.F.);
#3817=ORIENTED_EDGE('',*,*,#2825,.F.);
#3818=ORIENTED_EDGE('',*,*,#2826,.F.);
#3819=ORIENTED_EDGE('',*,*,#2827,.F.);
#3820=ORIENTED_EDGE('',*,*,#2828,.F.);
#3821=ORIENTED_EDGE('',*,*,#2829,.F.);
#3822=ORIENTED_EDGE('',*,*,#2830,.F.);
#3823=ORIENTED_EDGE('',*,*,#2831,.F.);
#3824=ORIENTED_EDGE('',*,*,#2832,.F.);
#3825=ORIENTED_EDGE('',*,*,#2833,.F.);
#3826=ORIENTED_EDGE('',*,*,#2368,.T.);
#3827=ORIENTED_EDGE('',*,*,#2378,.T.);
#3828=ORIENTED_EDGE('',*,*,#2375,.T.);
#3829=ORIENTED_EDGE('',*,*,#2372,.T.);
#3830=ORIENTED_EDGE('',*,*,#2380,.T.);
#3831=ORIENTED_EDGE('',*,*,#2435,.T.);
#3832=ORIENTED_EDGE('',*,*,#2432,.T.);
#3833=ORIENTED_EDGE('',*,*,#2429,.T.);
#3834=ORIENTED_EDGE('',*,*,#2426,.T.);
#3835=ORIENTED_EDGE('',*,*,#2423,.T.);
#3836=ORIENTED_EDGE('',*,*,#2420,.T.);
#3837=ORIENTED_EDGE('',*,*,#2417,.T.);
#3838=ORIENTED_EDGE('',*,*,#2414,.T.);
#3839=ORIENTED_EDGE('',*,*,#2411,.T.);
#3840=ORIENTED_EDGE('',*,*,#2408,.T.);
#3841=ORIENTED_EDGE('',*,*,#2405,.T.);
#3842=ORIENTED_EDGE('',*,*,#2402,.T.);
#3843=ORIENTED_EDGE('',*,*,#2399,.T.);
#3844=ORIENTED_EDGE('',*,*,#2396,.T.);
#3845=ORIENTED_EDGE('',*,*,#2393,.T.);
#3846=ORIENTED_EDGE('',*,*,#2390,.T.);
#3847=ORIENTED_EDGE('',*,*,#2387,.T.);
#3848=ORIENTED_EDGE('',*,*,#2384,.T.);
#3849=ORIENTED_EDGE('',*,*,#2437,.T.);
#3850=ORIENTED_EDGE('',*,*,#2513,.T.);
#3851=ORIENTED_EDGE('',*,*,#2510,.T.);
#3852=ORIENTED_EDGE('',*,*,#2507,.T.);
#3853=ORIENTED_EDGE('',*,*,#2504,.T.);
#3854=ORIENTED_EDGE('',*,*,#2501,.T.);
#3855=ORIENTED_EDGE('',*,*,#2498,.T.);
#3856=ORIENTED_EDGE('',*,*,#2495,.T.);
#3857=ORIENTED_EDGE('',*,*,#2492,.T.);
#3858=ORIENTED_EDGE('',*,*,#2489,.T.);
#3859=ORIENTED_EDGE('',*,*,#2486,.T.);
#3860=ORIENTED_EDGE('',*,*,#2483,.T.);
#3861=ORIENTED_EDGE('',*,*,#2480,.T.);
#3862=ORIENTED_EDGE('',*,*,#2477,.T.);
#3863=ORIENTED_EDGE('',*,*,#2474,.T.);
#3864=ORIENTED_EDGE('',*,*,#2471,.T.);
#3865=ORIENTED_EDGE('',*,*,#2468,.T.);
#3866=ORIENTED_EDGE('',*,*,#2465,.T.);
#3867=ORIENTED_EDGE('',*,*,#2462,.T.);
#3868=ORIENTED_EDGE('',*,*,#2459,.T.);
#3869=ORIENTED_EDGE('',*,*,#2456,.T.);
#3870=ORIENTED_EDGE('',*,*,#2453,.T.);
#3871=ORIENTED_EDGE('',*,*,#2450,.T.);
#3872=ORIENTED_EDGE('',*,*,#2447,.T.);
#3873=ORIENTED_EDGE('',*,*,#2444,.T.);
#3874=ORIENTED_EDGE('',*,*,#2441,.T.);
#3875=ORIENTED_EDGE('',*,*,#2515,.T.);
#3876=ORIENTED_EDGE('',*,*,#2552,.T.);
#3877=ORIENTED_EDGE('',*,*,#2549,.T.);
#3878=ORIENTED_EDGE('',*,*,#2546,.T.);
#3879=ORIENTED_EDGE('',*,*,#2543,.T.);
#3880=ORIENTED_EDGE('',*,*,#2540,.T.);
#3881=ORIENTED_EDGE('',*,*,#2537,.T.);
#3882=ORIENTED_EDGE('',*,*,#2534,.T.);
#3883=ORIENTED_EDGE('',*,*,#2531,.T.);
#3884=ORIENTED_EDGE('',*,*,#2528,.T.);
#3885=ORIENTED_EDGE('',*,*,#2525,.T.);
#3886=ORIENTED_EDGE('',*,*,#2522,.T.);
#3887=ORIENTED_EDGE('',*,*,#2519,.T.);
#3888=ORIENTED_EDGE('',*,*,#2554,.T.);
#3889=ORIENTED_EDGE('',*,*,#2564,.T.);
#3890=ORIENTED_EDGE('',*,*,#2561,.T.);
#3891=ORIENTED_EDGE('',*,*,#2558,.T.);
#3892=ORIENTED_EDGE('',*,*,#2581,.T.);
#3893=ORIENTED_EDGE('',*,*,#2621,.T.);
#3894=ORIENTED_EDGE('',*,*,#2618,.T.);
#3895=ORIENTED_EDGE('',*,*,#2615,.T.);
#3896=ORIENTED_EDGE('',*,*,#2612,.T.);
#3897=ORIENTED_EDGE('',*,*,#2609,.T.);
#3898=ORIENTED_EDGE('',*,*,#2606,.T.);
#3899=ORIENTED_EDGE('',*,*,#2603,.T.);
#3900=ORIENTED_EDGE('',*,*,#2600,.T.);
#3901=ORIENTED_EDGE('',*,*,#2597,.T.);
#3902=ORIENTED_EDGE('',*,*,#2594,.T.);
#3903=ORIENTED_EDGE('',*,*,#2591,.T.);
#3904=ORIENTED_EDGE('',*,*,#2588,.T.);
#3905=ORIENTED_EDGE('',*,*,#2585,.T.);
#3906=ORIENTED_EDGE('',*,*,#2623,.T.);
#3907=ORIENTED_EDGE('',*,*,#2633,.T.);
#3908=ORIENTED_EDGE('',*,*,#2630,.T.);
#3909=ORIENTED_EDGE('',*,*,#2627,.T.);
#3910=ORIENTED_EDGE('',*,*,#2650,.T.);
#3911=ORIENTED_EDGE('',*,*,#2690,.T.);
#3912=ORIENTED_EDGE('',*,*,#2687,.T.);
#3913=ORIENTED_EDGE('',*,*,#2684,.T.);
#3914=ORIENTED_EDGE('',*,*,#2681,.T.);
#3915=ORIENTED_EDGE('',*,*,#2678,.T.);
#3916=ORIENTED_EDGE('',*,*,#2675,.T.);
#3917=ORIENTED_EDGE('',*,*,#2672,.T.);
#3918=ORIENTED_EDGE('',*,*,#2669,.T.);
#3919=ORIENTED_EDGE('',*,*,#2666,.T.);
#3920=ORIENTED_EDGE('',*,*,#2663,.T.);
#3921=ORIENTED_EDGE('',*,*,#2660,.T.);
#3922=ORIENTED_EDGE('',*,*,#2657,.T.);
#3923=ORIENTED_EDGE('',*,*,#2654,.T.);
#3924=ORIENTED_EDGE('',*,*,#2692,.T.);
#3925=ORIENTED_EDGE('',*,*,#2729,.T.);
#3926=ORIENTED_EDGE('',*,*,#2726,.T.);
#3927=ORIENTED_EDGE('',*,*,#2723,.T.);
#3928=ORIENTED_EDGE('',*,*,#2720,.T.);
#3929=ORIENTED_EDGE('',*,*,#2717,.T.);
#3930=ORIENTED_EDGE('',*,*,#2714,.T.);
#3931=ORIENTED_EDGE('',*,*,#2711,.T.);
#3932=ORIENTED_EDGE('',*,*,#2708,.T.);
#3933=ORIENTED_EDGE('',*,*,#2705,.T.);
#3934=ORIENTED_EDGE('',*,*,#2702,.T.);
#3935=ORIENTED_EDGE('',*,*,#2699,.T.);
#3936=ORIENTED_EDGE('',*,*,#2696,.T.);
#3937=ORIENTED_EDGE('',*,*,#2731,.T.);
#3938=ORIENTED_EDGE('',*,*,#2786,.T.);
#3939=ORIENTED_EDGE('',*,*,#2783,.T.);
#3940=ORIENTED_EDGE('',*,*,#2780,.T.);
#3941=ORIENTED_EDGE('',*,*,#2777,.T.);
#3942=ORIENTED_EDGE('',*,*,#2774,.T.);
#3943=ORIENTED_EDGE('',*,*,#2771,.T.);
#3944=ORIENTED_EDGE('',*,*,#2768,.T.);
#3945=ORIENTED_EDGE('',*,*,#2765,.T.);
#3946=ORIENTED_EDGE('',*,*,#2762,.T.);
#3947=ORIENTED_EDGE('',*,*,#2759,.T.);
#3948=ORIENTED_EDGE('',*,*,#2756,.T.);
#3949=ORIENTED_EDGE('',*,*,#2753,.T.);
#3950=ORIENTED_EDGE('',*,*,#2750,.T.);
#3951=ORIENTED_EDGE('',*,*,#2747,.T.);
#3952=ORIENTED_EDGE('',*,*,#2744,.T.);
#3953=ORIENTED_EDGE('',*,*,#2741,.T.);
#3954=ORIENTED_EDGE('',*,*,#2738,.T.);
#3955=ORIENTED_EDGE('',*,*,#2735,.T.);
#3956=ORIENTED_EDGE('',*,*,#2788,.T.);
#3957=ORIENTED_EDGE('',*,*,#2798,.T.);
#3958=ORIENTED_EDGE('',*,*,#2795,.T.);
#3959=ORIENTED_EDGE('',*,*,#2792,.T.);
#3960=ORIENTED_EDGE('',*,*,#2800,.T.);
#3961=ORIENTED_EDGE('',*,*,#2816,.T.);
#3962=ORIENTED_EDGE('',*,*,#2813,.T.);
#3963=ORIENTED_EDGE('',*,*,#2810,.T.);
#3964=ORIENTED_EDGE('',*,*,#2807,.T.);
#3965=ORIENTED_EDGE('',*,*,#2804,.T.);
#3966=ORIENTED_EDGE('',*,*,#2834,.F.);
#3967=ORIENTED_EDGE('',*,*,#2835,.F.);
#3968=ORIENTED_EDGE('',*,*,#2836,.F.);
#3969=ORIENTED_EDGE('',*,*,#2837,.F.);
#3970=ORIENTED_EDGE('',*,*,#2838,.T.);
#3971=ORIENTED_EDGE('',*,*,#2839,.T.);
#3972=ORIENTED_EDGE('',*,*,#2840,.T.);
#3973=ORIENTED_EDGE('',*,*,#2841,.T.);
#3974=ORIENTED_EDGE('',*,*,#2842,.T.);
#3975=ORIENTED_EDGE('',*,*,#2843,.T.);
#3976=ORIENTED_EDGE('',*,*,#2844,.T.);
#3977=ORIENTED_EDGE('',*,*,#2845,.T.);
#3978=ORIENTED_EDGE('',*,*,#2846,.T.);
#3979=ORIENTED_EDGE('',*,*,#2847,.T.);
#3980=ORIENTED_EDGE('',*,*,#2848,.T.);
#3981=ORIENTED_EDGE('',*,*,#2849,.T.);
#3982=ORIENTED_EDGE('',*,*,#2850,.T.);
#3983=ORIENTED_EDGE('',*,*,#2851,.T.);
#3984=ORIENTED_EDGE('',*,*,#2852,.T.);
#3985=ORIENTED_EDGE('',*,*,#2853,.T.);
#3986=ORIENTED_EDGE('',*,*,#2854,.T.);
#3987=ORIENTED_EDGE('',*,*,#2855,.T.);
#3988=ORIENTED_EDGE('',*,*,#2856,.F.);
#3989=ORIENTED_EDGE('',*,*,#2857,.F.);
#3990=ORIENTED_EDGE('',*,*,#2858,.F.);
#3991=ORIENTED_EDGE('',*,*,#2859,.F.);
#3992=ORIENTED_EDGE('',*,*,#2860,.F.);
#3993=ORIENTED_EDGE('',*,*,#2861,.F.);
#3994=ORIENTED_EDGE('',*,*,#2862,.F.);
#3995=ORIENTED_EDGE('',*,*,#2863,.F.);
#3996=ORIENTED_EDGE('',*,*,#2864,.F.);
#3997=ORIENTED_EDGE('',*,*,#2865,.F.);
#3998=ORIENTED_EDGE('',*,*,#2866,.F.);
#3999=ORIENTED_EDGE('',*,*,#2867,.F.);
#4000=ORIENTED_EDGE('',*,*,#2635,.T.);
#4001=ORIENTED_EDGE('',*,*,#2648,.T.);
#4002=ORIENTED_EDGE('',*,*,#2645,.T.);
#4003=ORIENTED_EDGE('',*,*,#2642,.T.);
#4004=ORIENTED_EDGE('',*,*,#2639,.T.);
#4005=ORIENTED_EDGE('',*,*,#2868,.F.);
#4006=ORIENTED_EDGE('',*,*,#2869,.T.);
#4007=ORIENTED_EDGE('',*,*,#2855,.F.);
#4008=ORIENTED_EDGE('',*,*,#2869,.F.);
#4009=ORIENTED_EDGE('',*,*,#2870,.F.);
#4010=ORIENTED_EDGE('',*,*,#2871,.T.);
#4011=ORIENTED_EDGE('',*,*,#2849,.F.);
#4012=ORIENTED_EDGE('',*,*,#2871,.F.);
#4013=ORIENTED_EDGE('',*,*,#2872,.F.);
#4014=ORIENTED_EDGE('',*,*,#2873,.T.);
#4015=ORIENTED_EDGE('',*,*,#2848,.F.);
#4016=ORIENTED_EDGE('',*,*,#2873,.F.);
#4017=ORIENTED_EDGE('',*,*,#2874,.F.);
#4018=ORIENTED_EDGE('',*,*,#2875,.T.);
#4019=ORIENTED_EDGE('',*,*,#2852,.F.);
#4020=ORIENTED_EDGE('',*,*,#2875,.F.);
#4021=ORIENTED_EDGE('',*,*,#2876,.F.);
#4022=ORIENTED_EDGE('',*,*,#2877,.T.);
#4023=ORIENTED_EDGE('',*,*,#2851,.F.);
#4024=ORIENTED_EDGE('',*,*,#2877,.F.);
#4025=ORIENTED_EDGE('',*,*,#2878,.F.);
#4026=ORIENTED_EDGE('',*,*,#2879,.T.);
#4027=ORIENTED_EDGE('',*,*,#2850,.F.);
#4028=ORIENTED_EDGE('',*,*,#2879,.F.);
#4029=ORIENTED_EDGE('',*,*,#2880,.F.);
#4030=ORIENTED_EDGE('',*,*,#2881,.T.);
#4031=ORIENTED_EDGE('',*,*,#2853,.F.);
#4032=ORIENTED_EDGE('',*,*,#2881,.F.);
#4033=ORIENTED_EDGE('',*,*,#2882,.F.);
#4034=ORIENTED_EDGE('',*,*,#2883,.T.);
#4035=ORIENTED_EDGE('',*,*,#2854,.F.);
#4036=ORIENTED_EDGE('',*,*,#2883,.F.);
#4037=ORIENTED_EDGE('',*,*,#2884,.F.);
#4038=ORIENTED_EDGE('',*,*,#2885,.F.);
#4039=ORIENTED_EDGE('',*,*,#2886,.F.);
#4040=ORIENTED_EDGE('',*,*,#2887,.T.);
#4041=ORIENTED_EDGE('',*,*,#2888,.F.);
#4042=ORIENTED_EDGE('',*,*,#2889,.F.);
#4043=ORIENTED_EDGE('',*,*,#2890,.F.);
#4044=ORIENTED_EDGE('',*,*,#2891,.F.);
#4045=ORIENTED_EDGE('',*,*,#2892,.F.);
#4046=ORIENTED_EDGE('',*,*,#2893,.F.);
#4047=ORIENTED_EDGE('',*,*,#2891,.T.);
#4048=ORIENTED_EDGE('',*,*,#2894,.F.);
#4049=ORIENTED_EDGE('',*,*,#2885,.T.);
#4050=ORIENTED_EDGE('',*,*,#2895,.F.);
#4051=ORIENTED_EDGE('',*,*,#2896,.F.);
#4052=ORIENTED_EDGE('',*,*,#2897,.F.);
#4053=ORIENTED_EDGE('',*,*,#2898,.F.);
#4054=ORIENTED_EDGE('',*,*,#2899,.F.);
#4055=ORIENTED_EDGE('',*,*,#2900,.F.);
#4056=ORIENTED_EDGE('',*,*,#2901,.F.);
#4057=ORIENTED_EDGE('',*,*,#2896,.T.);
#4058=ORIENTED_EDGE('',*,*,#2902,.F.);
#4059=ORIENTED_EDGE('',*,*,#2903,.T.);
#4060=ORIENTED_EDGE('',*,*,#2847,.F.);
#4061=ORIENTED_EDGE('',*,*,#2903,.F.);
#4062=ORIENTED_EDGE('',*,*,#2904,.F.);
#4063=ORIENTED_EDGE('',*,*,#2905,.T.);
#4064=ORIENTED_EDGE('',*,*,#2846,.F.);
#4065=ORIENTED_EDGE('',*,*,#2905,.F.);
#4066=ORIENTED_EDGE('',*,*,#2906,.F.);
#4067=ORIENTED_EDGE('',*,*,#2907,.T.);
#4068=ORIENTED_EDGE('',*,*,#2897,.T.);
#4069=ORIENTED_EDGE('',*,*,#2901,.T.);
#4070=ORIENTED_EDGE('',*,*,#2908,.T.);
#4071=ORIENTED_EDGE('',*,*,#2909,.T.);
#4072=ORIENTED_EDGE('',*,*,#2910,.F.);
#4073=ORIENTED_EDGE('',*,*,#2911,.T.);
#4074=ORIENTED_EDGE('',*,*,#2912,.F.);
#4075=ORIENTED_EDGE('',*,*,#2913,.T.);
#4076=ORIENTED_EDGE('',*,*,#2914,.T.);
#4077=ORIENTED_EDGE('',*,*,#2886,.T.);
#4078=ORIENTED_EDGE('',*,*,#2894,.T.);
#4079=ORIENTED_EDGE('',*,*,#2890,.T.);
#4080=ORIENTED_EDGE('',*,*,#2915,.F.);
#4081=ORIENTED_EDGE('',*,*,#2916,.F.);
#4082=ORIENTED_EDGE('',*,*,#2917,.T.);
#4083=ORIENTED_EDGE('',*,*,#2918,.T.);
#4084=ORIENTED_EDGE('',*,*,#2919,.T.);
#4085=ORIENTED_EDGE('',*,*,#2920,.T.);
#4086=ORIENTED_EDGE('',*,*,#2921,.T.);
#4087=ORIENTED_EDGE('',*,*,#2922,.T.);
#4088=ORIENTED_EDGE('',*,*,#2923,.T.);
#4089=ORIENTED_EDGE('',*,*,#2924,.T.);
#4090=ORIENTED_EDGE('',*,*,#2925,.T.);
#4091=ORIENTED_EDGE('',*,*,#2926,.T.);
#4092=ORIENTED_EDGE('',*,*,#2927,.T.);
#4093=ORIENTED_EDGE('',*,*,#2928,.T.);
#4094=ORIENTED_EDGE('',*,*,#2929,.T.);
#4095=ORIENTED_EDGE('',*,*,#2930,.T.);
#4096=ORIENTED_EDGE('',*,*,#2931,.T.);
#4097=ORIENTED_EDGE('',*,*,#2932,.T.);
#4098=ORIENTED_EDGE('',*,*,#2933,.T.);
#4099=ORIENTED_EDGE('',*,*,#2934,.T.);
#4100=ORIENTED_EDGE('',*,*,#2874,.T.);
#4101=ORIENTED_EDGE('',*,*,#2872,.T.);
#4102=ORIENTED_EDGE('',*,*,#2876,.T.);
#4103=ORIENTED_EDGE('',*,*,#2870,.T.);
#4104=ORIENTED_EDGE('',*,*,#2878,.T.);
#4105=ORIENTED_EDGE('',*,*,#2882,.T.);
#4106=ORIENTED_EDGE('',*,*,#2880,.T.);
#4107=ORIENTED_EDGE('',*,*,#2868,.T.);
#4108=ORIENTED_EDGE('',*,*,#2902,.T.);
#4109=ORIENTED_EDGE('',*,*,#2904,.T.);
#4110=ORIENTED_EDGE('',*,*,#2935,.F.);
#4111=ORIENTED_EDGE('',*,*,#2936,.T.);
#4112=ORIENTED_EDGE('',*,*,#2937,.F.);
#4113=ORIENTED_EDGE('',*,*,#2938,.T.);
#4114=ORIENTED_EDGE('',*,*,#2939,.F.);
#4115=ORIENTED_EDGE('',*,*,#2940,.T.);
#4116=ORIENTED_EDGE('',*,*,#2941,.T.);
#4117=ORIENTED_EDGE('',*,*,#2942,.T.);
#4118=ORIENTED_EDGE('',*,*,#2943,.T.);
#4119=ORIENTED_EDGE('',*,*,#2944,.T.);
#4120=ORIENTED_EDGE('',*,*,#2945,.T.);
#4121=ORIENTED_EDGE('',*,*,#2946,.T.);
#4122=ORIENTED_EDGE('',*,*,#2935,.T.);
#4123=ORIENTED_EDGE('',*,*,#2947,.T.);
#4124=ORIENTED_EDGE('',*,*,#2943,.F.);
#4125=ORIENTED_EDGE('',*,*,#2948,.T.);
#4126=ORIENTED_EDGE('',*,*,#2945,.F.);
#4127=ORIENTED_EDGE('',*,*,#2949,.T.);
#4128=ORIENTED_EDGE('',*,*,#2950,.F.);
#4129=ORIENTED_EDGE('',*,*,#2951,.T.);
#4130=ORIENTED_EDGE('',*,*,#2950,.T.);
#4131=ORIENTED_EDGE('',*,*,#2952,.T.);
#4132=ORIENTED_EDGE('',*,*,#2939,.T.);
#4133=ORIENTED_EDGE('',*,*,#2953,.T.);
#4134=ORIENTED_EDGE('',*,*,#2954,.T.);
#4135=ORIENTED_EDGE('',*,*,#2955,.T.);
#4136=ORIENTED_EDGE('',*,*,#2912,.T.);
#4137=ORIENTED_EDGE('',*,*,#2956,.T.);
#4138=ORIENTED_EDGE('',*,*,#2957,.T.);
#4139=ORIENTED_EDGE('',*,*,#2956,.F.);
#4140=ORIENTED_EDGE('',*,*,#2911,.F.);
#4141=ORIENTED_EDGE('',*,*,#2958,.F.);
#4142=ORIENTED_EDGE('',*,*,#2959,.T.);
#4143=ORIENTED_EDGE('',*,*,#2958,.T.);
#4144=ORIENTED_EDGE('',*,*,#2910,.T.);
#4145=ORIENTED_EDGE('',*,*,#2960,.T.);
#4146=ORIENTED_EDGE('',*,*,#2947,.F.);
#4147=ORIENTED_EDGE('',*,*,#2938,.F.);
#4148=ORIENTED_EDGE('',*,*,#2961,.F.);
#4149=ORIENTED_EDGE('',*,*,#2954,.F.);
#4150=ORIENTED_EDGE('',*,*,#2957,.F.);
#4151=ORIENTED_EDGE('',*,*,#2959,.F.);
#4152=ORIENTED_EDGE('',*,*,#2962,.F.);
#4153=ORIENTED_EDGE('',*,*,#2963,.T.);
#4154=ORIENTED_EDGE('',*,*,#2940,.F.);
#4155=ORIENTED_EDGE('',*,*,#2952,.F.);
#4156=ORIENTED_EDGE('',*,*,#2949,.F.);
#4157=ORIENTED_EDGE('',*,*,#2944,.F.);
#4158=ORIENTED_EDGE('',*,*,#2948,.F.);
#4159=ORIENTED_EDGE('',*,*,#2946,.F.);
#4160=ORIENTED_EDGE('',*,*,#2951,.F.);
#4161=ORIENTED_EDGE('',*,*,#2953,.F.);
#4162=ORIENTED_EDGE('',*,*,#2942,.F.);
#4163=ORIENTED_EDGE('',*,*,#2964,.T.);
#4164=ORIENTED_EDGE('',*,*,#2965,.F.);
#4165=ORIENTED_EDGE('',*,*,#2966,.F.);
#4166=ORIENTED_EDGE('',*,*,#2967,.F.);
#4167=ORIENTED_EDGE('',*,*,#2968,.F.);
#4168=ORIENTED_EDGE('',*,*,#2969,.F.);
#4169=ORIENTED_EDGE('',*,*,#2936,.F.);
#4170=ORIENTED_EDGE('',*,*,#2845,.F.);
#4171=ORIENTED_EDGE('',*,*,#2970,.T.);
#4172=ORIENTED_EDGE('',*,*,#2934,.F.);
#4173=ORIENTED_EDGE('',*,*,#2970,.F.);
#4174=ORIENTED_EDGE('',*,*,#2844,.F.);
#4175=ORIENTED_EDGE('',*,*,#2971,.T.);
#4176=ORIENTED_EDGE('',*,*,#2933,.F.);
#4177=ORIENTED_EDGE('',*,*,#2971,.F.);
#4178=ORIENTED_EDGE('',*,*,#2843,.F.);
#4179=ORIENTED_EDGE('',*,*,#2972,.T.);
#4180=ORIENTED_EDGE('',*,*,#2932,.F.);
#4181=ORIENTED_EDGE('',*,*,#2972,.F.);
#4182=ORIENTED_EDGE('',*,*,#2973,.F.);
#4183=ORIENTED_EDGE('',*,*,#2974,.T.);
#4184=ORIENTED_EDGE('',*,*,#2931,.F.);
#4185=ORIENTED_EDGE('',*,*,#2974,.F.);
#4186=ORIENTED_EDGE('',*,*,#2842,.F.);
#4187=ORIENTED_EDGE('',*,*,#2975,.T.);
#4188=ORIENTED_EDGE('',*,*,#2917,.F.);
#4189=ORIENTED_EDGE('',*,*,#2975,.F.);
#4190=ORIENTED_EDGE('',*,*,#2841,.F.);
#4191=ORIENTED_EDGE('',*,*,#2976,.T.);
#4192=ORIENTED_EDGE('',*,*,#2930,.F.);
#4193=ORIENTED_EDGE('',*,*,#2976,.F.);
#4194=ORIENTED_EDGE('',*,*,#2840,.F.);
#4195=ORIENTED_EDGE('',*,*,#2977,.T.);
#4196=ORIENTED_EDGE('',*,*,#2929,.F.);
#4197=ORIENTED_EDGE('',*,*,#2977,.F.);
#4198=ORIENTED_EDGE('',*,*,#2839,.F.);
#4199=ORIENTED_EDGE('',*,*,#2978,.T.);
#4200=ORIENTED_EDGE('',*,*,#2928,.F.);
#4201=ORIENTED_EDGE('',*,*,#2978,.F.);
#4202=ORIENTED_EDGE('',*,*,#2979,.F.);
#4203=ORIENTED_EDGE('',*,*,#2980,.T.);
#4204=ORIENTED_EDGE('',*,*,#2927,.F.);
#4205=ORIENTED_EDGE('',*,*,#2980,.F.);
#4206=ORIENTED_EDGE('',*,*,#2838,.F.);
#4207=ORIENTED_EDGE('',*,*,#2981,.T.);
#4208=ORIENTED_EDGE('',*,*,#2918,.F.);
#4209=ORIENTED_EDGE('',*,*,#2981,.F.);
#4210=ORIENTED_EDGE('',*,*,#2982,.F.);
#4211=ORIENTED_EDGE('',*,*,#2887,.F.);
#4212=ORIENTED_EDGE('',*,*,#2914,.F.);
#4213=ORIENTED_EDGE('',*,*,#2983,.T.);
#4214=ORIENTED_EDGE('',*,*,#2984,.F.);
#4215=ORIENTED_EDGE('',*,*,#2983,.F.);
#4216=ORIENTED_EDGE('',*,*,#2913,.F.);
#4217=ORIENTED_EDGE('',*,*,#2955,.F.);
#4218=ORIENTED_EDGE('',*,*,#2961,.T.);
#4219=ORIENTED_EDGE('',*,*,#2937,.T.);
#4220=ORIENTED_EDGE('',*,*,#2969,.T.);
#4221=ORIENTED_EDGE('',*,*,#2985,.F.);
#4222=ORIENTED_EDGE('',*,*,#2986,.F.);
#4223=ORIENTED_EDGE('',*,*,#2985,.T.);
#4224=ORIENTED_EDGE('',*,*,#2968,.T.);
#4225=ORIENTED_EDGE('',*,*,#2987,.T.);
#4226=ORIENTED_EDGE('',*,*,#2988,.F.);
#4227=ORIENTED_EDGE('',*,*,#2987,.F.);
#4228=ORIENTED_EDGE('',*,*,#2967,.T.);
#4229=ORIENTED_EDGE('',*,*,#2989,.F.);
#4230=ORIENTED_EDGE('',*,*,#2990,.F.);
#4231=ORIENTED_EDGE('',*,*,#2989,.T.);
#4232=ORIENTED_EDGE('',*,*,#2966,.T.);
#4233=ORIENTED_EDGE('',*,*,#2991,.T.);
#4234=ORIENTED_EDGE('',*,*,#2992,.F.);
#4235=ORIENTED_EDGE('',*,*,#2993,.F.);
#4236=ORIENTED_EDGE('',*,*,#2908,.F.);
#4237=ORIENTED_EDGE('',*,*,#2900,.T.);
#4238=ORIENTED_EDGE('',*,*,#2829,.T.);
#4239=ORIENTED_EDGE('',*,*,#2994,.F.);
#4240=ORIENTED_EDGE('',*,*,#2899,.T.);
#4241=ORIENTED_EDGE('',*,*,#2995,.F.);
#4242=ORIENTED_EDGE('',*,*,#2828,.T.);
#4243=ORIENTED_EDGE('',*,*,#2996,.F.);
#4244=ORIENTED_EDGE('',*,*,#2992,.T.);
#4245=ORIENTED_EDGE('',*,*,#2994,.T.);
#4246=ORIENTED_EDGE('',*,*,#2827,.T.);
#4247=ORIENTED_EDGE('',*,*,#2997,.F.);
#4248=ORIENTED_EDGE('',*,*,#2998,.T.);
#4249=ORIENTED_EDGE('',*,*,#2996,.T.);
#4250=ORIENTED_EDGE('',*,*,#2893,.T.);
#4251=ORIENTED_EDGE('',*,*,#2999,.F.);
#4252=ORIENTED_EDGE('',*,*,#2820,.T.);
#4253=ORIENTED_EDGE('',*,*,#3000,.T.);
#4254=ORIENTED_EDGE('',*,*,#2884,.T.);
#4255=ORIENTED_EDGE('',*,*,#3001,.F.);
#4256=ORIENTED_EDGE('',*,*,#2821,.T.);
#4257=ORIENTED_EDGE('',*,*,#2999,.T.);
#4258=ORIENTED_EDGE('',*,*,#2824,.T.);
#4259=ORIENTED_EDGE('',*,*,#3002,.F.);
#4260=ORIENTED_EDGE('',*,*,#2986,.T.);
#4261=ORIENTED_EDGE('',*,*,#3003,.F.);
#4262=ORIENTED_EDGE('',*,*,#2984,.T.);
#4263=ORIENTED_EDGE('',*,*,#3002,.T.);
#4264=ORIENTED_EDGE('',*,*,#2823,.T.);
#4265=ORIENTED_EDGE('',*,*,#3004,.F.);
#4266=ORIENTED_EDGE('',*,*,#2982,.T.);
#4267=ORIENTED_EDGE('',*,*,#3004,.T.);
#4268=ORIENTED_EDGE('',*,*,#2822,.T.);
#4269=ORIENTED_EDGE('',*,*,#3001,.T.);
#4270=ORIENTED_EDGE('',*,*,#2825,.T.);
#4271=ORIENTED_EDGE('',*,*,#3003,.T.);
#4272=ORIENTED_EDGE('',*,*,#2988,.T.);
#4273=ORIENTED_EDGE('',*,*,#3005,.F.);
#4274=ORIENTED_EDGE('',*,*,#2826,.T.);
#4275=ORIENTED_EDGE('',*,*,#3005,.T.);
#4276=ORIENTED_EDGE('',*,*,#2990,.T.);
#4277=ORIENTED_EDGE('',*,*,#2997,.T.);
#4278=ORIENTED_EDGE('',*,*,#2830,.T.);
#4279=ORIENTED_EDGE('',*,*,#2995,.T.);
#4280=ORIENTED_EDGE('',*,*,#2895,.T.);
#4281=ORIENTED_EDGE('',*,*,#3006,.F.);
#4282=ORIENTED_EDGE('',*,*,#3007,.T.);
#4283=ORIENTED_EDGE('',*,*,#3008,.T.);
#4284=ORIENTED_EDGE('',*,*,#3009,.T.);
#4285=ORIENTED_EDGE('',*,*,#3010,.T.);
#4286=ORIENTED_EDGE('',*,*,#2979,.T.);
#4287=ORIENTED_EDGE('',*,*,#3011,.T.);
#4288=ORIENTED_EDGE('',*,*,#3012,.T.);
#4289=ORIENTED_EDGE('',*,*,#3013,.T.);
#4290=ORIENTED_EDGE('',*,*,#3014,.T.);
#4291=ORIENTED_EDGE('',*,*,#2973,.T.);
#4292=ORIENTED_EDGE('',*,*,#2859,.T.);
#4293=ORIENTED_EDGE('',*,*,#3015,.F.);
#4294=ORIENTED_EDGE('',*,*,#3007,.F.);
#4295=ORIENTED_EDGE('',*,*,#3016,.F.);
#4296=ORIENTED_EDGE('',*,*,#2858,.T.);
#4297=ORIENTED_EDGE('',*,*,#3017,.F.);
#4298=ORIENTED_EDGE('',*,*,#3008,.F.);
#4299=ORIENTED_EDGE('',*,*,#3015,.T.);
#4300=ORIENTED_EDGE('',*,*,#2857,.T.);
#4301=ORIENTED_EDGE('',*,*,#3018,.F.);
#4302=ORIENTED_EDGE('',*,*,#3009,.F.);
#4303=ORIENTED_EDGE('',*,*,#3017,.T.);
#4304=ORIENTED_EDGE('',*,*,#3010,.F.);
#4305=ORIENTED_EDGE('',*,*,#3018,.T.);
#4306=ORIENTED_EDGE('',*,*,#2856,.T.);
#4307=ORIENTED_EDGE('',*,*,#3016,.T.);
#4308=ORIENTED_EDGE('',*,*,#2837,.T.);
#4309=ORIENTED_EDGE('',*,*,#3019,.F.);
#4310=ORIENTED_EDGE('',*,*,#3013,.F.);
#4311=ORIENTED_EDGE('',*,*,#3020,.T.);
#4312=ORIENTED_EDGE('',*,*,#2835,.T.);
#4313=ORIENTED_EDGE('',*,*,#3021,.F.);
#4314=ORIENTED_EDGE('',*,*,#3011,.F.);
#4315=ORIENTED_EDGE('',*,*,#3022,.F.);
#4316=ORIENTED_EDGE('',*,*,#3012,.F.);
#4317=ORIENTED_EDGE('',*,*,#3021,.T.);
#4318=ORIENTED_EDGE('',*,*,#2834,.T.);
#4319=ORIENTED_EDGE('',*,*,#3020,.F.);
#4320=ORIENTED_EDGE('',*,*,#2836,.T.);
#4321=ORIENTED_EDGE('',*,*,#3022,.T.);
#4322=ORIENTED_EDGE('',*,*,#3014,.F.);
#4323=ORIENTED_EDGE('',*,*,#3019,.T.);
#4324=ORIENTED_EDGE('',*,*,#2965,.T.);
#4325=ORIENTED_EDGE('',*,*,#3023,.T.);
#4326=ORIENTED_EDGE('',*,*,#2962,.T.);
#4327=ORIENTED_EDGE('',*,*,#2960,.F.);
#4328=ORIENTED_EDGE('',*,*,#2909,.F.);
#4329=ORIENTED_EDGE('',*,*,#2993,.T.);
#4330=ORIENTED_EDGE('',*,*,#2998,.F.);
#4331=ORIENTED_EDGE('',*,*,#2991,.F.);
#4332=ORIENTED_EDGE('',*,*,#2941,.F.);
#4333=ORIENTED_EDGE('',*,*,#2963,.F.);
#4334=ORIENTED_EDGE('',*,*,#3023,.F.);
#4335=ORIENTED_EDGE('',*,*,#2964,.F.);
#4336=ORIENTED_EDGE('',*,*,#3024,.F.);
#4337=ORIENTED_EDGE('',*,*,#3025,.T.);
#4338=ORIENTED_EDGE('',*,*,#2921,.F.);
#4339=ORIENTED_EDGE('',*,*,#3026,.F.);
#4340=ORIENTED_EDGE('',*,*,#3027,.F.);
#4341=ORIENTED_EDGE('',*,*,#3026,.T.);
#4342=ORIENTED_EDGE('',*,*,#2920,.F.);
#4343=ORIENTED_EDGE('',*,*,#3028,.F.);
#4344=ORIENTED_EDGE('',*,*,#3029,.F.);
#4345=ORIENTED_EDGE('',*,*,#3028,.T.);
#4346=ORIENTED_EDGE('',*,*,#2919,.F.);
#4347=ORIENTED_EDGE('',*,*,#3030,.F.);
#4348=ORIENTED_EDGE('',*,*,#3031,.F.);
#4349=ORIENTED_EDGE('',*,*,#3030,.T.);
#4350=ORIENTED_EDGE('',*,*,#2926,.F.);
#4351=ORIENTED_EDGE('',*,*,#3032,.F.);
#4352=ORIENTED_EDGE('',*,*,#2566,.T.);
#4353=ORIENTED_EDGE('',*,*,#2579,.T.);
#4354=ORIENTED_EDGE('',*,*,#2576,.T.);
#4355=ORIENTED_EDGE('',*,*,#2573,.T.);
#4356=ORIENTED_EDGE('',*,*,#2570,.T.);
#4357=ORIENTED_EDGE('',*,*,#3033,.F.);
#4358=ORIENTED_EDGE('',*,*,#3032,.T.);
#4359=ORIENTED_EDGE('',*,*,#2925,.F.);
#4360=ORIENTED_EDGE('',*,*,#3034,.F.);
#4361=ORIENTED_EDGE('',*,*,#3035,.F.);
#4362=ORIENTED_EDGE('',*,*,#3034,.T.);
#4363=ORIENTED_EDGE('',*,*,#2924,.F.);
#4364=ORIENTED_EDGE('',*,*,#3036,.F.);
#4365=ORIENTED_EDGE('',*,*,#3037,.F.);
#4366=ORIENTED_EDGE('',*,*,#3036,.T.);
#4367=ORIENTED_EDGE('',*,*,#2923,.F.);
#4368=ORIENTED_EDGE('',*,*,#3038,.F.);
#4369=ORIENTED_EDGE('',*,*,#3039,.F.);
#4370=ORIENTED_EDGE('',*,*,#3038,.T.);
#4371=ORIENTED_EDGE('',*,*,#2922,.F.);
#4372=ORIENTED_EDGE('',*,*,#3025,.F.);
#4373=ORIENTED_EDGE('',*,*,#3040,.F.);
#4374=ORIENTED_EDGE('',*,*,#2867,.T.);
#4375=ORIENTED_EDGE('',*,*,#3041,.F.);
#4376=ORIENTED_EDGE('',*,*,#3031,.T.);
#4377=ORIENTED_EDGE('',*,*,#3041,.T.);
#4378=ORIENTED_EDGE('',*,*,#2866,.T.);
#4379=ORIENTED_EDGE('',*,*,#3042,.F.);
#4380=ORIENTED_EDGE('',*,*,#3029,.T.);
#4381=ORIENTED_EDGE('',*,*,#3042,.T.);
#4382=ORIENTED_EDGE('',*,*,#2865,.T.);
#4383=ORIENTED_EDGE('',*,*,#3043,.F.);
#4384=ORIENTED_EDGE('',*,*,#3027,.T.);
#4385=ORIENTED_EDGE('',*,*,#3043,.T.);
#4386=ORIENTED_EDGE('',*,*,#2864,.T.);
#4387=ORIENTED_EDGE('',*,*,#3044,.F.);
#4388=ORIENTED_EDGE('',*,*,#3024,.T.);
#4389=ORIENTED_EDGE('',*,*,#3044,.T.);
#4390=ORIENTED_EDGE('',*,*,#2863,.T.);
#4391=ORIENTED_EDGE('',*,*,#3045,.F.);
#4392=ORIENTED_EDGE('',*,*,#3039,.T.);
#4393=ORIENTED_EDGE('',*,*,#3045,.T.);
#4394=ORIENTED_EDGE('',*,*,#2862,.T.);
#4395=ORIENTED_EDGE('',*,*,#3046,.F.);
#4396=ORIENTED_EDGE('',*,*,#3037,.T.);
#4397=ORIENTED_EDGE('',*,*,#3046,.T.);
#4398=ORIENTED_EDGE('',*,*,#2861,.T.);
#4399=ORIENTED_EDGE('',*,*,#3047,.F.);
#4400=ORIENTED_EDGE('',*,*,#3035,.T.);
#4401=ORIENTED_EDGE('',*,*,#3040,.T.);
#4402=ORIENTED_EDGE('',*,*,#3033,.T.);
#4403=ORIENTED_EDGE('',*,*,#3047,.T.);
#4404=ORIENTED_EDGE('',*,*,#2860,.T.);
#4405=ORIENTED_EDGE('',*,*,#3048,.F.);
#4406=ORIENTED_EDGE('',*,*,#2892,.T.);
#4407=ORIENTED_EDGE('',*,*,#3000,.F.);
#4408=ORIENTED_EDGE('',*,*,#2819,.T.);
#4409=ORIENTED_EDGE('',*,*,#3049,.F.);
#4410=ORIENTED_EDGE('',*,*,#2831,.T.);
#4411=ORIENTED_EDGE('',*,*,#3006,.T.);
#4412=ORIENTED_EDGE('',*,*,#3050,.T.);
#4413=ORIENTED_EDGE('',*,*,#3051,.F.);
#4414=ORIENTED_EDGE('',*,*,#3050,.F.);
#4415=ORIENTED_EDGE('',*,*,#2898,.T.);
#4416=ORIENTED_EDGE('',*,*,#2907,.F.);
#4417=ORIENTED_EDGE('',*,*,#3052,.T.);
#4418=ORIENTED_EDGE('',*,*,#3053,.F.);
#4419=ORIENTED_EDGE('',*,*,#3052,.F.);
#4420=ORIENTED_EDGE('',*,*,#2906,.T.);
#4421=ORIENTED_EDGE('',*,*,#3054,.T.);
#4422=ORIENTED_EDGE('',*,*,#3055,.F.);
#4423=ORIENTED_EDGE('',*,*,#3054,.F.);
#4424=ORIENTED_EDGE('',*,*,#2916,.T.);
#4425=ORIENTED_EDGE('',*,*,#3056,.T.);
#4426=ORIENTED_EDGE('',*,*,#3057,.F.);
#4427=ORIENTED_EDGE('',*,*,#3056,.F.);
#4428=ORIENTED_EDGE('',*,*,#2915,.T.);
#4429=ORIENTED_EDGE('',*,*,#2889,.T.);
#4430=ORIENTED_EDGE('',*,*,#2832,.T.);
#4431=ORIENTED_EDGE('',*,*,#3049,.T.);
#4432=ORIENTED_EDGE('',*,*,#3051,.T.);
#4433=ORIENTED_EDGE('',*,*,#3053,.T.);
#4434=ORIENTED_EDGE('',*,*,#3058,.F.);
#4435=ORIENTED_EDGE('',*,*,#2833,.T.);
#4436=ORIENTED_EDGE('',*,*,#3058,.T.);
#4437=ORIENTED_EDGE('',*,*,#3055,.T.);
#4438=ORIENTED_EDGE('',*,*,#3059,.F.);
#4439=ORIENTED_EDGE('',*,*,#3057,.T.);
#4440=ORIENTED_EDGE('',*,*,#2888,.T.);
#4441=ORIENTED_EDGE('',*,*,#3048,.T.);
#4442=ORIENTED_EDGE('',*,*,#2818,.T.);
#4443=ORIENTED_EDGE('',*,*,#3059,.T.);
#4444=PLANE('',#4853);
#4445=PLANE('',#4854);
#4446=PLANE('',#4855);
#4447=PLANE('',#4856);
#4448=PLANE('',#4857);
#4449=PLANE('',#4858);
#4450=PLANE('',#4859);
#4451=PLANE('',#4860);
#4452=PLANE('',#4861);
#4453=PLANE('',#4862);
#4454=PLANE('',#4863);
#4455=PLANE('',#4864);
#4456=PLANE('',#4865);
#4457=PLANE('',#4866);
#4458=PLANE('',#4867);
#4459=PLANE('',#4868);
#4460=PLANE('',#4869);
#4461=PLANE('',#4870);
#4462=PLANE('',#4871);
#4463=PLANE('',#4872);
#4464=PLANE('',#4873);
#4465=PLANE('',#4874);
#4466=PLANE('',#4875);
#4467=PLANE('',#4876);
#4468=PLANE('',#4877);
#4469=PLANE('',#4878);
#4470=PLANE('',#4879);
#4471=PLANE('',#4880);
#4472=PLANE('',#4881);
#4473=PLANE('',#4882);
#4474=PLANE('',#4883);
#4475=PLANE('',#4884);
#4476=PLANE('',#4885);
#4477=PLANE('',#4886);
#4478=PLANE('',#4887);
#4479=PLANE('',#4888);
#4480=PLANE('',#4889);
#4481=PLANE('',#4890);
#4482=PLANE('',#4891);
#4483=PLANE('',#4892);
#4484=PLANE('',#4893);
#4485=PLANE('',#4894);
#4486=PLANE('',#4895);
#4487=PLANE('',#4896);
#4488=PLANE('',#4897);
#4489=PLANE('',#4898);
#4490=PLANE('',#4899);
#4491=PLANE('',#4900);
#4492=PLANE('',#4901);
#4493=PLANE('',#4902);
#4494=PLANE('',#4903);
#4495=PLANE('',#4904);
#4496=PLANE('',#4905);
#4497=PLANE('',#4906);
#4498=PLANE('',#4907);
#4499=PLANE('',#4908);
#4500=PLANE('',#4909);
#4501=PLANE('',#4910);
#4502=PLANE('',#4911);
#4503=PLANE('',#4912);
#4504=PLANE('',#4913);
#4505=PLANE('',#4914);
#4506=PLANE('',#4915);
#4507=PLANE('',#4916);
#4508=PLANE('',#4917);
#4509=PLANE('',#4918);
#4510=PLANE('',#4919);
#4511=PLANE('',#4920);
#4512=PLANE('',#4921);
#4513=PLANE('',#4922);
#4514=PLANE('',#4923);
#4515=PLANE('',#4924);
#4516=PLANE('',#4925);
#4517=PLANE('',#4926);
#4518=PLANE('',#4927);
#4519=PLANE('',#4928);
#4520=PLANE('',#4929);
#4521=PLANE('',#4930);
#4522=PLANE('',#4953);
#4523=PLANE('',#4970);
#4524=PLANE('',#4971);
#4525=PLANE('',#4972);
#4526=PLANE('',#4973);
#4527=PLANE('',#4974);
#4528=PLANE('',#4979);
#4529=PLANE('',#4994);
#4530=PLANE('',#4995);
#4531=PLANE('',#4996);
#4532=PLANE('',#4997);
#4533=PLANE('',#4998);
#4534=PLANE('',#4999);
#4535=PLANE('',#5000);
#4536=PLANE('',#5001);
#4537=PLANE('',#5002);
#4538=PLANE('',#5003);
#4539=PLANE('',#5004);
#4540=PLANE('',#5017);
#4541=PLANE('',#5018);
#4542=PLANE('',#5019);
#4543=PLANE('',#5020);
#4544=PLANE('',#5021);
#4545=PLANE('',#5022);
#4546=PLANE('',#5023);
#4547=PLANE('',#5024);
#4548=PLANE('',#5025);
#4549=PLANE('',#5026);
#4550=PLANE('',#5027);
#4551=PLANE('',#5028);
#4552=PLANE('',#5029);
#4553=PLANE('',#5030);
#4554=PLANE('',#5031);
#4555=PLANE('',#5032);
#4556=PLANE('',#5033);
#4557=PLANE('',#5034);
#4558=PLANE('',#5035);
#4559=PLANE('',#5036);
#4560=PLANE('',#5037);
#4561=PLANE('',#5038);
#4562=PLANE('',#5039);
#4563=PLANE('',#5040);
#4564=PLANE('',#5041);
#4565=PLANE('',#5042);
#4566=PLANE('',#5043);
#4567=PLANE('',#5044);
#4568=PLANE('',#5045);
#4569=PLANE('',#5046);
#4570=PLANE('',#5049);
#4571=PLANE('',#5052);
#4572=PLANE('',#5053);
#4573=PLANE('',#5056);
#4574=PLANE('',#5075);
#4575=PLANE('',#5076);
#4576=PLANE('',#5077);
#4577=PLANE('',#5078);
#4578=PLANE('',#5079);
#4579=PLANE('',#5080);
#4580=PLANE('',#5081);
#4581=PLANE('',#5082);
#4582=PLANE('',#5083);
#4583=ADVANCED_FACE('',(#420),#4444,.F.);
#4584=ADVANCED_FACE('',(#421),#4445,.F.);
#4585=ADVANCED_FACE('',(#422),#4446,.F.);
#4586=ADVANCED_FACE('',(#423),#4447,.F.);
#4587=ADVANCED_FACE('',(#424),#4448,.F.);
#4588=ADVANCED_FACE('',(#425),#335,.F.);
#4589=ADVANCED_FACE('',(#426),#336,.F.);
#4590=ADVANCED_FACE('',(#427),#337,.F.);
#4591=ADVANCED_FACE('',(#428),#338,.F.);
#4592=ADVANCED_FACE('',(#429),#339,.F.);
#4593=ADVANCED_FACE('',(#430),#4449,.F.);
#4594=ADVANCED_FACE('',(#431),#4450,.F.);
#4595=ADVANCED_FACE('',(#432),#4451,.F.);
#4596=ADVANCED_FACE('',(#433),#4452,.F.);
#4597=ADVANCED_FACE('',(#434),#4453,.F.);
#4598=ADVANCED_FACE('',(#435),#340,.F.);
#4599=ADVANCED_FACE('',(#436),#341,.F.);
#4600=ADVANCED_FACE('',(#437),#342,.F.);
#4601=ADVANCED_FACE('',(#438),#343,.F.);
#4602=ADVANCED_FACE('',(#439),#344,.F.);
#4603=ADVANCED_FACE('',(#440),#345,.F.);
#4604=ADVANCED_FACE('',(#441),#4454,.F.);
#4605=ADVANCED_FACE('',(#442),#4455,.F.);
#4606=ADVANCED_FACE('',(#443),#4456,.F.);
#4607=ADVANCED_FACE('',(#444),#4457,.T.);
#4608=ADVANCED_FACE('',(#445),#346,.F.);
#4609=ADVANCED_FACE('',(#446),#347,.F.);
#4610=ADVANCED_FACE('',(#447),#348,.F.);
#4611=ADVANCED_FACE('',(#448),#349,.F.);
#4612=ADVANCED_FACE('',(#449),#350,.F.);
#4613=ADVANCED_FACE('',(#450),#351,.F.);
#4614=ADVANCED_FACE('',(#451),#352,.F.);
#4615=ADVANCED_FACE('',(#452),#353,.F.);
#4616=ADVANCED_FACE('',(#453),#354,.F.);
#4617=ADVANCED_FACE('',(#454),#355,.F.);
#4618=ADVANCED_FACE('',(#455),#356,.F.);
#4619=ADVANCED_FACE('',(#456),#4458,.F.);
#4620=ADVANCED_FACE('',(#457),#357,.F.);
#4621=ADVANCED_FACE('',(#458),#358,.F.);
#4622=ADVANCED_FACE('',(#459),#359,.F.);
#4623=ADVANCED_FACE('',(#460),#360,.F.);
#4624=ADVANCED_FACE('',(#461),#361,.F.);
#4625=ADVANCED_FACE('',(#462),#362,.F.);
#4626=ADVANCED_FACE('',(#463),#363,.F.);
#4627=ADVANCED_FACE('',(#464),#364,.F.);
#4628=ADVANCED_FACE('',(#465),#365,.F.);
#4629=ADVANCED_FACE('',(#466),#366,.F.);
#4630=ADVANCED_FACE('',(#467),#367,.F.);
#4631=ADVANCED_FACE('',(#468),#368,.F.);
#4632=ADVANCED_FACE('',(#469),#4459,.F.);
#4633=ADVANCED_FACE('',(#470),#369,.F.);
#4634=ADVANCED_FACE('',(#471),#4460,.T.);
#4635=ADVANCED_FACE('',(#472),#4461,.F.);
#4636=ADVANCED_FACE('',(#473),#4462,.F.);
#4637=ADVANCED_FACE('',(#474),#4463,.F.);
#4638=ADVANCED_FACE('',(#475),#4464,.F.);
#4639=ADVANCED_FACE('',(#476),#4465,.F.);
#4640=ADVANCED_FACE('',(#477),#4466,.F.);
#4641=ADVANCED_FACE('',(#478),#4467,.F.);
#4642=ADVANCED_FACE('',(#479),#4468,.F.);
#4643=ADVANCED_FACE('',(#480),#4469,.F.);
#4644=ADVANCED_FACE('',(#481),#4470,.F.);
#4645=ADVANCED_FACE('',(#482),#4471,.F.);
#4646=ADVANCED_FACE('',(#483),#4472,.F.);
#4647=ADVANCED_FACE('',(#484),#4473,.F.);
#4648=ADVANCED_FACE('',(#485),#4474,.F.);
#4649=ADVANCED_FACE('',(#486),#4475,.F.);
#4650=ADVANCED_FACE('',(#487),#4476,.F.);
#4651=ADVANCED_FACE('',(#488),#4477,.F.);
#4652=ADVANCED_FACE('',(#489),#4478,.F.);
#4653=ADVANCED_FACE('',(#490),#4479,.F.);
#4654=ADVANCED_FACE('',(#491),#370,.F.);
#4655=ADVANCED_FACE('',(#492),#371,.F.);
#4656=ADVANCED_FACE('',(#493),#372,.F.);
#4657=ADVANCED_FACE('',(#494),#373,.F.);
#4658=ADVANCED_FACE('',(#495),#4480,.F.);
#4659=ADVANCED_FACE('',(#496),#374,.F.);
#4660=ADVANCED_FACE('',(#497),#375,.F.);
#4661=ADVANCED_FACE('',(#498),#376,.F.);
#4662=ADVANCED_FACE('',(#499),#4481,.F.);
#4663=ADVANCED_FACE('',(#500),#377,.F.);
#4664=ADVANCED_FACE('',(#501),#378,.F.);
#4665=ADVANCED_FACE('',(#502),#379,.F.);
#4666=ADVANCED_FACE('',(#503),#380,.F.);
#4667=ADVANCED_FACE('',(#504),#381,.F.);
#4668=ADVANCED_FACE('',(#505),#382,.F.);
#4669=ADVANCED_FACE('',(#506),#383,.F.);
#4670=ADVANCED_FACE('',(#507),#384,.F.);
#4671=ADVANCED_FACE('',(#508),#4482,.F.);
#4672=ADVANCED_FACE('',(#509),#385,.F.);
#4673=ADVANCED_FACE('',(#510,#107),#4483,.T.);
#4674=ADVANCED_FACE('',(#511),#4484,.F.);
#4675=ADVANCED_FACE('',(#512),#4485,.F.);
#4676=ADVANCED_FACE('',(#513),#4486,.F.);
#4677=ADVANCED_FACE('',(#514),#4487,.F.);
#4678=ADVANCED_FACE('',(#515),#4488,.F.);
#4679=ADVANCED_FACE('',(#516),#386,.F.);
#4680=ADVANCED_FACE('',(#517),#387,.F.);
#4681=ADVANCED_FACE('',(#518),#388,.F.);
#4682=ADVANCED_FACE('',(#519),#389,.F.);
#4683=ADVANCED_FACE('',(#520),#4489,.F.);
#4684=ADVANCED_FACE('',(#521),#390,.F.);
#4685=ADVANCED_FACE('',(#522),#391,.F.);
#4686=ADVANCED_FACE('',(#523),#392,.F.);
#4687=ADVANCED_FACE('',(#524),#4490,.F.);
#4688=ADVANCED_FACE('',(#525),#393,.F.);
#4689=ADVANCED_FACE('',(#526),#394,.F.);
#4690=ADVANCED_FACE('',(#527),#395,.F.);
#4691=ADVANCED_FACE('',(#528),#396,.F.);
#4692=ADVANCED_FACE('',(#529),#397,.F.);
#4693=ADVANCED_FACE('',(#530),#398,.F.);
#4694=ADVANCED_FACE('',(#531),#399,.F.);
#4695=ADVANCED_FACE('',(#532),#400,.F.);
#4696=ADVANCED_FACE('',(#533),#4491,.F.);
#4697=ADVANCED_FACE('',(#534),#401,.F.);
#4698=ADVANCED_FACE('',(#535,#108),#4492,.T.);
#4699=ADVANCED_FACE('',(#536),#402,.F.);
#4700=ADVANCED_FACE('',(#537),#403,.F.);
#4701=ADVANCED_FACE('',(#538),#404,.F.);
#4702=ADVANCED_FACE('',(#539),#405,.F.);
#4703=ADVANCED_FACE('',(#540),#4493,.F.);
#4704=ADVANCED_FACE('',(#541),#406,.F.);
#4705=ADVANCED_FACE('',(#542),#407,.F.);
#4706=ADVANCED_FACE('',(#543),#408,.F.);
#4707=ADVANCED_FACE('',(#544),#4494,.F.);
#4708=ADVANCED_FACE('',(#545),#4495,.F.);
#4709=ADVANCED_FACE('',(#546),#4496,.F.);
#4710=ADVANCED_FACE('',(#547),#4497,.F.);
#4711=ADVANCED_FACE('',(#548),#4498,.F.);
#4712=ADVANCED_FACE('',(#549),#4499,.T.);
#4713=ADVANCED_FACE('',(#550),#4500,.F.);
#4714=ADVANCED_FACE('',(#551),#4501,.F.);
#4715=ADVANCED_FACE('',(#552),#4502,.F.);
#4716=ADVANCED_FACE('',(#553),#409,.F.);
#4717=ADVANCED_FACE('',(#554),#410,.F.);
#4718=ADVANCED_FACE('',(#555),#411,.F.);
#4719=ADVANCED_FACE('',(#556),#412,.F.);
#4720=ADVANCED_FACE('',(#557),#413,.F.);
#4721=ADVANCED_FACE('',(#558),#414,.F.);
#4722=ADVANCED_FACE('',(#559),#4503,.F.);
#4723=ADVANCED_FACE('',(#560),#4504,.F.);
#4724=ADVANCED_FACE('',(#561),#4505,.F.);
#4725=ADVANCED_FACE('',(#562),#415,.F.);
#4726=ADVANCED_FACE('',(#563),#416,.F.);
#4727=ADVANCED_FACE('',(#564),#417,.F.);
#4728=ADVANCED_FACE('',(#565),#418,.F.);
#4729=ADVANCED_FACE('',(#566),#419,.F.);
#4730=ADVANCED_FACE('',(#567),#4506,.F.);
#4731=ADVANCED_FACE('',(#568),#4507,.F.);
#4732=ADVANCED_FACE('',(#569),#4508,.T.);
#4733=ADVANCED_FACE('',(#570),#4509,.F.);
#4734=ADVANCED_FACE('',(#571),#4510,.F.);
#4735=ADVANCED_FACE('',(#572),#4511,.F.);
#4736=ADVANCED_FACE('',(#573),#4512,.F.);
#4737=ADVANCED_FACE('',(#574),#4513,.F.);
#4738=ADVANCED_FACE('',(#575),#4514,.F.);
#4739=ADVANCED_FACE('',(#576),#4515,.F.);
#4740=ADVANCED_FACE('',(#577),#4516,.F.);
#4741=ADVANCED_FACE('',(#578),#4517,.F.);
#4742=ADVANCED_FACE('',(#579),#4518,.F.);
#4743=ADVANCED_FACE('',(#580),#4519,.F.);
#4744=ADVANCED_FACE('',(#581),#4520,.F.);
#4745=ADVANCED_FACE('',(#582,#109,#110,#111,#112,#113,#114,#115,#116,#117,
#118,#119,#120,#121,#122,#123,#124,#125,#126,#127,#128,#129,#130,#131,#132,
#133,#134,#135,#136,#137,#138,#139,#140,#141),#4521,.T.);
#4746=ADVANCED_FACE('',(#583),#4522,.T.);
#4747=ADVANCED_FACE('',(#584),#19,.F.);
#4748=ADVANCED_FACE('',(#585),#20,.F.);
#4749=ADVANCED_FACE('',(#586),#21,.F.);
#4750=ADVANCED_FACE('',(#587),#22,.F.);
#4751=ADVANCED_FACE('',(#588),#23,.F.);
#4752=ADVANCED_FACE('',(#589),#24,.F.);
#4753=ADVANCED_FACE('',(#590),#25,.F.);
#4754=ADVANCED_FACE('',(#591),#26,.F.);
#4755=ADVANCED_FACE('',(#592),#4523,.T.);
#4756=ADVANCED_FACE('',(#593),#4524,.T.);
#4757=ADVANCED_FACE('',(#594),#4525,.T.);
#4758=ADVANCED_FACE('',(#595),#4526,.F.);
#4759=ADVANCED_FACE('',(#596),#4527,.F.);
#4760=ADVANCED_FACE('',(#597),#27,.F.);
#4761=ADVANCED_FACE('',(#598),#28,.F.);
#4762=ADVANCED_FACE('',(#599,#142,#143,#144,#145,#146,#147,#148,#149,#150,
#151,#152,#153,#154,#155,#156,#157,#158,#159,#160,#161,#162),#4528,.F.);
#4763=ADVANCED_FACE('',(#600),#4529,.T.);
#4764=ADVANCED_FACE('',(#601),#4530,.F.);
#4765=ADVANCED_FACE('',(#602),#4531,.T.);
#4766=ADVANCED_FACE('',(#603),#4532,.F.);
#4767=ADVANCED_FACE('',(#604),#4533,.F.);
#4768=ADVANCED_FACE('',(#605),#4534,.T.);
#4769=ADVANCED_FACE('',(#606),#4535,.T.);
#4770=ADVANCED_FACE('',(#607),#4536,.F.);
#4771=ADVANCED_FACE('',(#608),#4537,.T.);
#4772=ADVANCED_FACE('',(#609),#4538,.F.);
#4773=ADVANCED_FACE('',(#610),#4539,.F.);
#4774=ADVANCED_FACE('',(#611),#29,.F.);
#4775=ADVANCED_FACE('',(#612),#30,.F.);
#4776=ADVANCED_FACE('',(#613),#31,.F.);
#4777=ADVANCED_FACE('',(#614),#32,.F.);
#4778=ADVANCED_FACE('',(#615),#33,.F.);
#4779=ADVANCED_FACE('',(#616),#34,.F.);
#4780=ADVANCED_FACE('',(#617),#35,.F.);
#4781=ADVANCED_FACE('',(#618),#36,.F.);
#4782=ADVANCED_FACE('',(#619),#37,.F.);
#4783=ADVANCED_FACE('',(#620),#38,.F.);
#4784=ADVANCED_FACE('',(#621),#4540,.F.);
#4785=ADVANCED_FACE('',(#622),#4541,.F.);
#4786=ADVANCED_FACE('',(#623),#4542,.T.);
#4787=ADVANCED_FACE('',(#624),#4543,.F.);
#4788=ADVANCED_FACE('',(#625),#4544,.T.);
#4789=ADVANCED_FACE('',(#626),#4545,.F.);
#4790=ADVANCED_FACE('',(#627),#4546,.T.);
#4791=ADVANCED_FACE('',(#628),#4547,.T.);
#4792=ADVANCED_FACE('',(#629),#4548,.T.);
#4793=ADVANCED_FACE('',(#630),#4549,.T.);
#4794=ADVANCED_FACE('',(#631),#4550,.T.);
#4795=ADVANCED_FACE('',(#632),#4551,.T.);
#4796=ADVANCED_FACE('',(#633),#4552,.T.);
#4797=ADVANCED_FACE('',(#634),#4553,.T.);
#4798=ADVANCED_FACE('',(#635),#4554,.T.);
#4799=ADVANCED_FACE('',(#636),#4555,.T.);
#4800=ADVANCED_FACE('',(#637),#4556,.T.);
#4801=ADVANCED_FACE('',(#638,#163),#4557,.T.);
#4802=ADVANCED_FACE('',(#639,#164),#4558,.T.);
#4803=ADVANCED_FACE('',(#640),#4559,.T.);
#4804=ADVANCED_FACE('',(#641),#4560,.T.);
#4805=ADVANCED_FACE('',(#642),#4561,.T.);
#4806=ADVANCED_FACE('',(#643),#4562,.T.);
#4807=ADVANCED_FACE('',(#644),#4563,.T.);
#4808=ADVANCED_FACE('',(#645),#4564,.T.);
#4809=ADVANCED_FACE('',(#646),#4565,.T.);
#4810=ADVANCED_FACE('',(#647),#4566,.T.);
#4811=ADVANCED_FACE('',(#648),#4567,.F.);
#4812=ADVANCED_FACE('',(#649),#4568,.F.);
#4813=ADVANCED_FACE('',(#650),#4569,.F.);
#4814=ADVANCED_FACE('',(#651),#39,.F.);
#4815=ADVANCED_FACE('',(#652),#4570,.F.);
#4816=ADVANCED_FACE('',(#653),#40,.F.);
#4817=ADVANCED_FACE('',(#654),#4571,.T.);
#4818=ADVANCED_FACE('',(#655),#4572,.F.);
#4819=ADVANCED_FACE('',(#656),#41,.F.);
#4820=ADVANCED_FACE('',(#657),#4573,.F.);
#4821=ADVANCED_FACE('',(#658),#42,.F.);
#4822=ADVANCED_FACE('',(#659),#15,.T.);
#4823=ADVANCED_FACE('',(#660),#43,.T.);
#4824=ADVANCED_FACE('',(#661),#16,.T.);
#4825=ADVANCED_FACE('',(#662),#44,.T.);
#4826=ADVANCED_FACE('',(#663),#17,.T.);
#4827=ADVANCED_FACE('',(#664),#45,.T.);
#4828=ADVANCED_FACE('',(#665),#18,.T.);
#4829=ADVANCED_FACE('',(#666),#46,.T.);
#4830=ADVANCED_FACE('',(#667),#4574,.T.);
#4831=ADVANCED_FACE('',(#668),#4575,.T.);
#4832=ADVANCED_FACE('',(#669),#4576,.F.);
#4833=ADVANCED_FACE('',(#670),#4577,.T.);
#4834=ADVANCED_FACE('',(#671),#4578,.T.);
#4835=ADVANCED_FACE('',(#672),#4579,.T.);
#4836=ADVANCED_FACE('',(#673),#4580,.T.);
#4837=ADVANCED_FACE('',(#674),#4581,.T.);
#4838=ADVANCED_FACE('',(#675),#4582,.T.);
#4839=CLOSED_SHELL('',(#4583,#4584,#4585,#4586,#4587,#4588,#4589,#4590,
#4591,#4592,#4593,#4594,#4595,#4596,#4597,#4598,#4599,#4600,#4601,#4602,
#4603,#4604,#4605,#4606,#4607,#4608,#4609,#4610,#4611,#4612,#4613,#4614,
#4615,#4616,#4617,#4618,#4619,#4620,#4621,#4622,#4623,#4624,#4625,#4626,
#4627,#4628,#4629,#4630,#4631,#4632,#4633,#4634,#4635,#4636,#4637,#4638,
#4639,#4640,#4641,#4642,#4643,#4644,#4645,#4646,#4647,#4648,#4649,#4650,
#4651,#4652,#4653,#4654,#4655,#4656,#4657,#4658,#4659,#4660,#4661,#4662,
#4663,#4664,#4665,#4666,#4667,#4668,#4669,#4670,#4671,#4672,#4673,#4674,
#4675,#4676,#4677,#4678,#4679,#4680,#4681,#4682,#4683,#4684,#4685,#4686,
#4687,#4688,#4689,#4690,#4691,#4692,#4693,#4694,#4695,#4696,#4697,#4698,
#4699,#4700,#4701,#4702,#4703,#4704,#4705,#4706,#4707,#4708,#4709,#4710,
#4711,#4712,#4713,#4714,#4715,#4716,#4717,#4718,#4719,#4720,#4721,#4722,
#4723,#4724,#4725,#4726,#4727,#4728,#4729,#4730,#4731,#4732,#4733,#4734,
#4735,#4736,#4737,#4738,#4739,#4740,#4741,#4742,#4743,#4744,#4745,#4746,
#4747,#4748,#4749,#4750,#4751,#4752,#4753,#4754,#4755,#4756,#4757,#4758,
#4759,#4760,#4761,#4762,#4763,#4764,#4765,#4766,#4767,#4768,#4769,#4770,
#4771,#4772,#4773,#4774,#4775,#4776,#4777,#4778,#4779,#4780,#4781,#4782,
#4783,#4784,#4785,#4786,#4787,#4788,#4789,#4790,#4791,#4792,#4793,#4794,
#4795,#4796,#4797,#4798,#4799,#4800,#4801,#4802,#4803,#4804,#4805,#4806,
#4807,#4808,#4809,#4810,#4811,#4812,#4813,#4814,#4815,#4816,#4817,#4818,
#4819,#4820,#4821,#4822,#4823,#4824,#4825,#4826,#4827,#4828,#4829,#4830,
#4831,#4832,#4833,#4834,#4835,#4836,#4837,#4838));
#4840=DERIVED_UNIT_ELEMENT(#4842,1.);
#4841=DERIVED_UNIT_ELEMENT(#8863,-3.);
#4842=(
MASS_UNIT()
NAMED_UNIT(*)
SI_UNIT(.KILO.,.GRAM.)
);
#4843=DERIVED_UNIT((#4840,#4841));
#4844=MEASURE_REPRESENTATION_ITEM('density measure',
POSITIVE_RATIO_MEASURE(7850.),#4843);
#4845=PROPERTY_DEFINITION_REPRESENTATION(#4850,#4847);
#4846=PROPERTY_DEFINITION_REPRESENTATION(#4851,#4848);
#4847=REPRESENTATION('material name',(#4849),#8860);
#4848=REPRESENTATION('density',(#4844),#8860);
#4849=DESCRIPTIVE_REPRESENTATION_ITEM('Steel','Steel');
#4850=PROPERTY_DEFINITION('material property','material name',#8870);
#4851=PROPERTY_DEFINITION('material property','density of part',#8870);
#4852=AXIS2_PLACEMENT_3D('',#6010,#5084,#5085);
#4853=AXIS2_PLACEMENT_3D('',#6011,#5086,#5087);
#4854=AXIS2_PLACEMENT_3D('',#6020,#5092,#5093);
#4855=AXIS2_PLACEMENT_3D('',#6026,#5097,#5098);
#4856=AXIS2_PLACEMENT_3D('',#6032,#5102,#5103);
#4857=AXIS2_PLACEMENT_3D('',#6035,#5106,#5107);
#4858=AXIS2_PLACEMENT_3D('',#6154,#5114,#5115);
#4859=AXIS2_PLACEMENT_3D('',#6160,#5119,#5120);
#4860=AXIS2_PLACEMENT_3D('',#6166,#5124,#5125);
#4861=AXIS2_PLACEMENT_3D('',#6172,#5129,#5130);
#4862=AXIS2_PLACEMENT_3D('',#6178,#5134,#5135);
#4863=AXIS2_PLACEMENT_3D('',#6322,#5145,#5146);
#4864=AXIS2_PLACEMENT_3D('',#6328,#5150,#5151);
#4865=AXIS2_PLACEMENT_3D('',#6334,#5155,#5156);
#4866=AXIS2_PLACEMENT_3D('',#6337,#5159,#5160);
#4867=AXIS2_PLACEMENT_3D('',#6594,#5173,#5174);
#4868=AXIS2_PLACEMENT_3D('',#6876,#5190,#5191);
#4869=AXIS2_PLACEMENT_3D('',#6902,#5195,#5196);
#4870=AXIS2_PLACEMENT_3D('',#6903,#5197,#5198);
#4871=AXIS2_PLACEMENT_3D('',#6912,#5203,#5204);
#4872=AXIS2_PLACEMENT_3D('',#6918,#5208,#5209);
#4873=AXIS2_PLACEMENT_3D('',#6924,#5213,#5214);
#4874=AXIS2_PLACEMENT_3D('',#6930,#5218,#5219);
#4875=AXIS2_PLACEMENT_3D('',#6936,#5223,#5224);
#4876=AXIS2_PLACEMENT_3D('',#6942,#5228,#5229);
#4877=AXIS2_PLACEMENT_3D('',#6948,#5233,#5234);
#4878=AXIS2_PLACEMENT_3D('',#6954,#5238,#5239);
#4879=AXIS2_PLACEMENT_3D('',#6960,#5243,#5244);
#4880=AXIS2_PLACEMENT_3D('',#6966,#5248,#5249);
#4881=AXIS2_PLACEMENT_3D('',#6972,#5253,#5254);
#4882=AXIS2_PLACEMENT_3D('',#6978,#5258,#5259);
#4883=AXIS2_PLACEMENT_3D('',#6981,#5262,#5263);
#4884=AXIS2_PLACEMENT_3D('',#6982,#5264,#5265);
#4885=AXIS2_PLACEMENT_3D('',#6991,#5270,#5271);
#4886=AXIS2_PLACEMENT_3D('',#6997,#5275,#5276);
#4887=AXIS2_PLACEMENT_3D('',#7003,#5280,#5281);
#4888=AXIS2_PLACEMENT_3D('',#7006,#5284,#5285);
#4889=AXIS2_PLACEMENT_3D('',#7102,#5291,#5292);
#4890=AXIS2_PLACEMENT_3D('',#7177,#5299,#5300);
#4891=AXIS2_PLACEMENT_3D('',#7367,#5312,#5313);
#4892=AXIS2_PLACEMENT_3D('',#7393,#5317,#5318);
#4893=AXIS2_PLACEMENT_3D('',#7394,#5319,#5320);
#4894=AXIS2_PLACEMENT_3D('',#7403,#5325,#5326);
#4895=AXIS2_PLACEMENT_3D('',#7409,#5330,#5331);
#4896=AXIS2_PLACEMENT_3D('',#7415,#5335,#5336);
#4897=AXIS2_PLACEMENT_3D('',#7418,#5339,#5340);
#4898=AXIS2_PLACEMENT_3D('',#7514,#5346,#5347);
#4899=AXIS2_PLACEMENT_3D('',#7589,#5354,#5355);
#4900=AXIS2_PLACEMENT_3D('',#7779,#5367,#5368);
#4901=AXIS2_PLACEMENT_3D('',#7805,#5372,#5373);
#4902=AXIS2_PLACEMENT_3D('',#7901,#5379,#5380);
#4903=AXIS2_PLACEMENT_3D('',#7976,#5387,#5388);
#4904=AXIS2_PLACEMENT_3D('',#7982,#5392,#5393);
#4905=AXIS2_PLACEMENT_3D('',#7988,#5397,#5398);
#4906=AXIS2_PLACEMENT_3D('',#7994,#5402,#5403);
#4907=AXIS2_PLACEMENT_3D('',#8000,#5407,#5408);
#4908=AXIS2_PLACEMENT_3D('',#8003,#5411,#5412);
#4909=AXIS2_PLACEMENT_3D('',#8004,#5413,#5414);
#4910=AXIS2_PLACEMENT_3D('',#8013,#5419,#5420);
#4911=AXIS2_PLACEMENT_3D('',#8019,#5424,#5425);
#4912=AXIS2_PLACEMENT_3D('',#8163,#5435,#5436);
#4913=AXIS2_PLACEMENT_3D('',#8169,#5440,#5441);
#4914=AXIS2_PLACEMENT_3D('',#8175,#5445,#5446);
#4915=AXIS2_PLACEMENT_3D('',#8296,#5455,#5456);
#4916=AXIS2_PLACEMENT_3D('',#8302,#5460,#5461);
#4917=AXIS2_PLACEMENT_3D('',#8305,#5464,#5465);
#4918=AXIS2_PLACEMENT_3D('',#8306,#5466,#5467);
#4919=AXIS2_PLACEMENT_3D('',#8315,#5472,#5473);
#4920=AXIS2_PLACEMENT_3D('',#8321,#5477,#5478);
#4921=AXIS2_PLACEMENT_3D('',#8327,#5482,#5483);
#4922=AXIS2_PLACEMENT_3D('',#8330,#5486,#5487);
#4923=AXIS2_PLACEMENT_3D('',#8331,#5488,#5489);
#4924=AXIS2_PLACEMENT_3D('',#8340,#5494,#5495);
#4925=AXIS2_PLACEMENT_3D('',#8346,#5499,#5500);
#4926=AXIS2_PLACEMENT_3D('',#8352,#5504,#5505);
#4927=AXIS2_PLACEMENT_3D('',#8358,#5509,#5510);
#4928=AXIS2_PLACEMENT_3D('',#8364,#5514,#5515);
#4929=AXIS2_PLACEMENT_3D('',#8367,#5518,#5519);
#4930=AXIS2_PLACEMENT_3D('',#8368,#5520,#5521);
#4931=AXIS2_PLACEMENT_3D('',#8410,#5542,#5543);
#4932=AXIS2_PLACEMENT_3D('',#8412,#5544,#5545);
#4933=AXIS2_PLACEMENT_3D('',#8414,#5546,#5547);
#4934=AXIS2_PLACEMENT_3D('',#8416,#5548,#5549);
#4935=AXIS2_PLACEMENT_3D('',#8418,#5550,#5551);
#4936=AXIS2_PLACEMENT_3D('',#8420,#5552,#5553);
#4937=AXIS2_PLACEMENT_3D('',#8422,#5554,#5555);
#4938=AXIS2_PLACEMENT_3D('',#8424,#5556,#5557);
#4939=AXIS2_PLACEMENT_3D('',#8426,#5558,#5559);
#4940=AXIS2_PLACEMENT_3D('',#8428,#5560,#5561);
#4941=AXIS2_PLACEMENT_3D('',#8430,#5562,#5563);
#4942=AXIS2_PLACEMENT_3D('',#8432,#5564,#5565);
#4943=AXIS2_PLACEMENT_3D('',#8434,#5566,#5567);
#4944=AXIS2_PLACEMENT_3D('',#8436,#5568,#5569);
#4945=AXIS2_PLACEMENT_3D('',#8438,#5570,#5571);
#4946=AXIS2_PLACEMENT_3D('',#8440,#5572,#5573);
#4947=AXIS2_PLACEMENT_3D('',#8442,#5574,#5575);
#4948=AXIS2_PLACEMENT_3D('',#8444,#5576,#5577);
#4949=AXIS2_PLACEMENT_3D('',#8457,#5583,#5584);
#4950=AXIS2_PLACEMENT_3D('',#8461,#5586,#5587);
#4951=AXIS2_PLACEMENT_3D('',#8465,#5589,#5590);
#4952=AXIS2_PLACEMENT_3D('',#8468,#5592,#5593);
#4953=AXIS2_PLACEMENT_3D('',#8469,#5594,#5595);
#4954=AXIS2_PLACEMENT_3D('',#8470,#5596,#5597);
#4955=AXIS2_PLACEMENT_3D('',#8472,#5598,#5599);
#4956=AXIS2_PLACEMENT_3D('',#8474,#5601,#5602);
#4957=AXIS2_PLACEMENT_3D('',#8476,#5603,#5604);
#4958=AXIS2_PLACEMENT_3D('',#8478,#5606,#5607);
#4959=AXIS2_PLACEMENT_3D('',#8480,#5608,#5609);
#4960=AXIS2_PLACEMENT_3D('',#8482,#5611,#5612);
#4961=AXIS2_PLACEMENT_3D('',#8484,#5613,#5614);
#4962=AXIS2_PLACEMENT_3D('',#8486,#5616,#5617);
#4963=AXIS2_PLACEMENT_3D('',#8488,#5618,#5619);
#4964=AXIS2_PLACEMENT_3D('',#8490,#5621,#5622);
#4965=AXIS2_PLACEMENT_3D('',#8492,#5623,#5624);
#4966=AXIS2_PLACEMENT_3D('',#8494,#5626,#5627);
#4967=AXIS2_PLACEMENT_3D('',#8496,#5628,#5629);
#4968=AXIS2_PLACEMENT_3D('',#8498,#5631,#5632);
#4969=AXIS2_PLACEMENT_3D('',#8500,#5633,#5634);
#4970=AXIS2_PLACEMENT_3D('',#8502,#5636,#5637);
#4971=AXIS2_PLACEMENT_3D('',#8511,#5642,#5643);
#4972=AXIS2_PLACEMENT_3D('',#8522,#5649,#5650);
#4973=AXIS2_PLACEMENT_3D('',#8525,#5653,#5654);
#4974=AXIS2_PLACEMENT_3D('',#8534,#5659,#5660);
#4975=AXIS2_PLACEMENT_3D('',#8540,#5664,#5665);
#4976=AXIS2_PLACEMENT_3D('',#8542,#5666,#5667);
#4977=AXIS2_PLACEMENT_3D('',#8544,#5669,#5670);
#4978=AXIS2_PLACEMENT_3D('',#8546,#5671,#5672);
#4979=AXIS2_PLACEMENT_3D('',#8548,#5674,#5675);
#4980=AXIS2_PLACEMENT_3D('',#8570,#5687,#5688);
#4981=AXIS2_PLACEMENT_3D('',#8572,#5689,#5690);
#4982=AXIS2_PLACEMENT_3D('',#8577,#5692,#5693);
#4983=AXIS2_PLACEMENT_3D('',#8581,#5695,#5696);
#4984=AXIS2_PLACEMENT_3D('',#8585,#5698,#5699);
#4985=AXIS2_PLACEMENT_3D('',#8588,#5701,#5702);
#4986=AXIS2_PLACEMENT_3D('',#8590,#5703,#5704);
#4987=AXIS2_PLACEMENT_3D('',#8592,#5705,#5706);
#4988=AXIS2_PLACEMENT_3D('',#8594,#5707,#5708);
#4989=AXIS2_PLACEMENT_3D('',#8596,#5709,#5710);
#4990=AXIS2_PLACEMENT_3D('',#8598,#5711,#5712);
#4991=AXIS2_PLACEMENT_3D('',#8600,#5713,#5714);
#4992=AXIS2_PLACEMENT_3D('',#8602,#5715,#5716);
#4993=AXIS2_PLACEMENT_3D('',#8604,#5717,#5718);
#4994=AXIS2_PLACEMENT_3D('',#8605,#5719,#5720);
#4995=AXIS2_PLACEMENT_3D('',#8614,#5725,#5726);
#4996=AXIS2_PLACEMENT_3D('',#8623,#5731,#5732);
#4997=AXIS2_PLACEMENT_3D('',#8632,#5737,#5738);
#4998=AXIS2_PLACEMENT_3D('',#8635,#5741,#5742);
#4999=AXIS2_PLACEMENT_3D('',#8641,#5746,#5747);
#5000=AXIS2_PLACEMENT_3D('',#8644,#5750,#5751);
#5001=AXIS2_PLACEMENT_3D('',#8650,#5755,#5756);
#5002=AXIS2_PLACEMENT_3D('',#8654,#5759,#5760);
#5003=AXIS2_PLACEMENT_3D('',#8658,#5763,#5764);
#5004=AXIS2_PLACEMENT_3D('',#8663,#5768,#5769);
#5005=AXIS2_PLACEMENT_3D('',#8675,#5776,#5777);
#5006=AXIS2_PLACEMENT_3D('',#8677,#5779,#5780);
#5007=AXIS2_PLACEMENT_3D('',#8679,#5782,#5783);
#5008=AXIS2_PLACEMENT_3D('',#8681,#5785,#5786);
#5009=AXIS2_PLACEMENT_3D('',#8683,#5787,#5788);
#5010=AXIS2_PLACEMENT_3D('',#8685,#5790,#5791);
#5011=AXIS2_PLACEMENT_3D('',#8687,#5793,#5794);
#5012=AXIS2_PLACEMENT_3D('',#8689,#5796,#5797);
#5013=AXIS2_PLACEMENT_3D('',#8691,#5799,#5800);
#5014=AXIS2_PLACEMENT_3D('',#8693,#5802,#5803);
#5015=AXIS2_PLACEMENT_3D('',#8695,#5804,#5805);
#5016=AXIS2_PLACEMENT_3D('',#8697,#5807,#5808);
#5017=AXIS2_PLACEMENT_3D('',#8699,#5810,#5811);
#5018=AXIS2_PLACEMENT_3D('',#8703,#5814,#5815);
#5019=AXIS2_PLACEMENT_3D('',#8707,#5818,#5819);
#5020=AXIS2_PLACEMENT_3D('',#8711,#5822,#5823);
#5021=AXIS2_PLACEMENT_3D('',#8715,#5826,#5827);
#5022=AXIS2_PLACEMENT_3D('',#8719,#5830,#5831);
#5023=AXIS2_PLACEMENT_3D('',#8723,#5834,#5835);
#5024=AXIS2_PLACEMENT_3D('',#8726,#5838,#5839);
#5025=AXIS2_PLACEMENT_3D('',#8728,#5841,#5842);
#5026=AXIS2_PLACEMENT_3D('',#8731,#5845,#5846);
#5027=AXIS2_PLACEMENT_3D('',#8734,#5849,#5850);
#5028=AXIS2_PLACEMENT_3D('',#8736,#5852,#5853);
#5029=AXIS2_PLACEMENT_3D('',#8739,#5856,#5857);
#5030=AXIS2_PLACEMENT_3D('',#8741,#5859,#5860);
#5031=AXIS2_PLACEMENT_3D('',#8742,#5861,#5862);
#5032=AXIS2_PLACEMENT_3D('',#8744,#5864,#5865);
#5033=AXIS2_PLACEMENT_3D('',#8745,#5866,#5867);
#5034=AXIS2_PLACEMENT_3D('',#8747,#5869,#5870);
#5035=AXIS2_PLACEMENT_3D('',#8756,#5875,#5876);
#5036=AXIS2_PLACEMENT_3D('',#8765,#5881,#5882);
#5037=AXIS2_PLACEMENT_3D('',#8768,#5885,#5886);
#5038=AXIS2_PLACEMENT_3D('',#8770,#5888,#5889);
#5039=AXIS2_PLACEMENT_3D('',#8772,#5891,#5892);
#5040=AXIS2_PLACEMENT_3D('',#8773,#5893,#5894);
#5041=AXIS2_PLACEMENT_3D('',#8776,#5897,#5898);
#5042=AXIS2_PLACEMENT_3D('',#8779,#5901,#5902);
#5043=AXIS2_PLACEMENT_3D('',#8780,#5903,#5904);
#5044=AXIS2_PLACEMENT_3D('',#8781,#5905,#5906);
#5045=AXIS2_PLACEMENT_3D('',#8783,#5908,#5909);
#5046=AXIS2_PLACEMENT_3D('',#8784,#5910,#5911);
#5047=AXIS2_PLACEMENT_3D('',#8790,#5915,#5916);
#5048=AXIS2_PLACEMENT_3D('',#8792,#5917,#5918);
#5049=AXIS2_PLACEMENT_3D('',#8794,#5920,#5921);
#5050=AXIS2_PLACEMENT_3D('',#8798,#5924,#5925);
#5051=AXIS2_PLACEMENT_3D('',#8800,#5926,#5927);
#5052=AXIS2_PLACEMENT_3D('',#8802,#5929,#5930);
#5053=AXIS2_PLACEMENT_3D('',#8803,#5931,#5932);
#5054=AXIS2_PLACEMENT_3D('',#8807,#5935,#5936);
#5055=AXIS2_PLACEMENT_3D('',#8809,#5937,#5938);
#5056=AXIS2_PLACEMENT_3D('',#8811,#5940,#5941);
#5057=AXIS2_PLACEMENT_3D('',#8815,#5944,#5945);
#5058=AXIS2_PLACEMENT_3D('',#8816,#5946,#5947);
#5059=AXIS2_PLACEMENT_3D('',#8817,#5948,#5949);
#5060=AXIS2_PLACEMENT_3D('',#8818,#5950,#5951);
#5061=AXIS2_PLACEMENT_3D('',#8819,#5952,#5953);
#5062=AXIS2_PLACEMENT_3D('',#8820,#5954,#5955);
#5063=AXIS2_PLACEMENT_3D('',#8821,#5956,#5957);
#5064=AXIS2_PLACEMENT_3D('',#8822,#5958,#5959);
#5065=AXIS2_PLACEMENT_3D('',#8823,#5960,#5961);
#5066=AXIS2_PLACEMENT_3D('',#8824,#5962,#5963);
#5067=AXIS2_PLACEMENT_3D('',#8825,#5964,#5965);
#5068=AXIS2_PLACEMENT_3D('',#8826,#5966,#5967);
#5069=AXIS2_PLACEMENT_3D('',#8827,#5968,#5969);
#5070=AXIS2_PLACEMENT_3D('',#8828,#5970,#5971);
#5071=AXIS2_PLACEMENT_3D('',#8829,#5972,#5973);
#5072=AXIS2_PLACEMENT_3D('',#8830,#5974,#5975);
#5073=AXIS2_PLACEMENT_3D('',#8831,#5976,#5977);
#5074=AXIS2_PLACEMENT_3D('',#8832,#5978,#5979);
#5075=AXIS2_PLACEMENT_3D('',#8833,#5980,#5981);
#5076=AXIS2_PLACEMENT_3D('',#8835,#5983,#5984);
#5077=AXIS2_PLACEMENT_3D('',#8839,#5987,#5988);
#5078=AXIS2_PLACEMENT_3D('',#8843,#5991,#5992);
#5079=AXIS2_PLACEMENT_3D('',#8847,#5995,#5996);
#5080=AXIS2_PLACEMENT_3D('',#8851,#5999,#6000);
#5081=AXIS2_PLACEMENT_3D('',#8853,#6002,#6003);
#5082=AXIS2_PLACEMENT_3D('',#8855,#6005,#6006);
#5083=AXIS2_PLACEMENT_3D('',#8857,#6008,#6009);
#5084=DIRECTION('axis',(0.,0.,1.));
#5085=DIRECTION('refdir',(1.,0.,0.));
#5086=DIRECTION('center_axis',(0.,1.,0.));
#5087=DIRECTION('ref_axis',(1.,0.,0.));
#5088=DIRECTION('',(1.,0.,0.));
#5089=DIRECTION('',(0.,0.,-1.));
#5090=DIRECTION('',(1.,0.,0.));
#5091=DIRECTION('',(0.,0.,-1.));
#5092=DIRECTION('center_axis',(-1.,0.,0.));
#5093=DIRECTION('ref_axis',(0.,1.,0.));
#5094=DIRECTION('',(0.,1.,0.));
#5095=DIRECTION('',(0.,0.,-1.));
#5096=DIRECTION('',(0.,1.,0.));
#5097=DIRECTION('center_axis',(0.,-1.,0.));
#5098=DIRECTION('ref_axis',(-1.,0.,0.));
#5099=DIRECTION('',(-1.,0.,0.));
#5100=DIRECTION('',(0.,0.,-1.));
#5101=DIRECTION('',(-1.,0.,0.));
#5102=DIRECTION('center_axis',(1.,0.,0.));
#5103=DIRECTION('ref_axis',(0.,-1.,0.));
#5104=DIRECTION('',(0.,-1.,0.));
#5105=DIRECTION('',(0.,-1.,0.));
#5106=DIRECTION('center_axis',(0.,0.,-1.));
#5107=DIRECTION('ref_axis',(-1.,0.,0.));
#5108=DIRECTION('',(0.,0.,-1.));
#5109=DIRECTION('',(0.,0.,-1.));
#5110=DIRECTION('',(0.,0.,-1.));
#5111=DIRECTION('',(0.,0.,-1.));
#5112=DIRECTION('',(0.,0.,-1.));
#5113=DIRECTION('',(0.,0.,-1.));
#5114=DIRECTION('center_axis',(0.,1.,0.));
#5115=DIRECTION('ref_axis',(1.,0.,0.));
#5116=DIRECTION('',(1.,0.,0.));
#5117=DIRECTION('',(0.,0.,-1.));
#5118=DIRECTION('',(1.,0.,0.));
#5119=DIRECTION('center_axis',(-1.,0.,0.));
#5120=DIRECTION('ref_axis',(0.,1.,0.));
#5121=DIRECTION('',(0.,1.,0.));
#5122=DIRECTION('',(0.,0.,-1.));
#5123=DIRECTION('',(0.,1.,0.));
#5124=DIRECTION('center_axis',(0.,-1.,0.));
#5125=DIRECTION('ref_axis',(-1.,0.,0.));
#5126=DIRECTION('',(-1.,0.,0.));
#5127=DIRECTION('',(0.,0.,-1.));
#5128=DIRECTION('',(-1.,0.,0.));
#5129=DIRECTION('center_axis',(1.,0.,0.));
#5130=DIRECTION('ref_axis',(0.,-1.,0.));
#5131=DIRECTION('',(0.,-1.,0.));
#5132=DIRECTION('',(0.,0.,-1.));
#5133=DIRECTION('',(0.,-1.,0.));
#5134=DIRECTION('center_axis',(0.,1.,0.));
#5135=DIRECTION('ref_axis',(1.,0.,0.));
#5136=DIRECTION('',(1.,0.,0.));
#5137=DIRECTION('',(0.,0.,-1.));
#5138=DIRECTION('',(1.,0.,0.));
#5139=DIRECTION('',(0.,0.,-1.));
#5140=DIRECTION('',(0.,0.,-1.));
#5141=DIRECTION('',(0.,0.,-1.));
#5142=DIRECTION('',(0.,0.,-1.));
#5143=DIRECTION('',(0.,0.,-1.));
#5144=DIRECTION('',(0.,0.,-1.));
#5145=DIRECTION('center_axis',(0.,-1.,0.));
#5146=DIRECTION('ref_axis',(-1.,0.,0.));
#5147=DIRECTION('',(-1.,0.,0.));
#5148=DIRECTION('',(0.,0.,-1.));
#5149=DIRECTION('',(-1.,0.,0.));
#5150=DIRECTION('center_axis',(1.,0.,0.));
#5151=DIRECTION('ref_axis',(0.,-1.,0.));
#5152=DIRECTION('',(0.,-1.,0.));
#5153=DIRECTION('',(0.,0.,-1.));
#5154=DIRECTION('',(0.,-1.,0.));
#5155=DIRECTION('center_axis',(0.,1.,0.));
#5156=DIRECTION('ref_axis',(1.,0.,0.));
#5157=DIRECTION('',(1.,0.,0.));
#5158=DIRECTION('',(1.,0.,0.));
#5159=DIRECTION('center_axis',(0.,0.,1.));
#5160=DIRECTION('ref_axis',(-1.,0.,0.));
#5161=DIRECTION('',(0.,0.,-1.));
#5162=DIRECTION('',(0.,0.,-1.));
#5163=DIRECTION('',(0.,0.,-1.));
#5164=DIRECTION('',(0.,0.,-1.));
#5165=DIRECTION('',(0.,0.,-1.));
#5166=DIRECTION('',(0.,0.,-1.));
#5167=DIRECTION('',(0.,0.,-1.));
#5168=DIRECTION('',(0.,0.,-1.));
#5169=DIRECTION('',(0.,0.,-1.));
#5170=DIRECTION('',(0.,0.,-1.));
#5171=DIRECTION('',(0.,0.,-1.));
#5172=DIRECTION('',(0.,0.,-1.));
#5173=DIRECTION('center_axis',(0.983331064251735,0.181824140524712,0.));
#5174=DIRECTION('ref_axis',(0.181824140524712,-0.983331064251735,0.));
#5175=DIRECTION('',(0.181824140524712,-0.983331064251735,0.));
#5176=DIRECTION('',(0.,0.,-1.));
#5177=DIRECTION('',(0.181824140524712,-0.983331064251735,0.));
#5178=DIRECTION('',(0.,0.,-1.));
#5179=DIRECTION('',(0.,0.,-1.));
#5180=DIRECTION('',(0.,0.,-1.));
#5181=DIRECTION('',(0.,0.,-1.));
#5182=DIRECTION('',(0.,0.,-1.));
#5183=DIRECTION('',(0.,0.,-1.));
#5184=DIRECTION('',(0.,0.,-1.));
#5185=DIRECTION('',(0.,0.,-1.));
#5186=DIRECTION('',(0.,0.,-1.));
#5187=DIRECTION('',(0.,0.,-1.));
#5188=DIRECTION('',(0.,0.,-1.));
#5189=DIRECTION('',(0.,0.,-1.));
#5190=DIRECTION('center_axis',(-0.988573193546848,-0.150741636585871,0.));
#5191=DIRECTION('ref_axis',(-0.150741636585871,0.988573193546848,0.));
#5192=DIRECTION('',(-0.150741636585871,0.988573193546848,0.));
#5193=DIRECTION('',(0.,0.,-1.));
#5194=DIRECTION('',(-0.150741636585871,0.988573193546848,0.));
#5195=DIRECTION('center_axis',(0.,0.,1.));
#5196=DIRECTION('ref_axis',(-1.,0.,0.));
#5197=DIRECTION('center_axis',(0.,1.,0.));
#5198=DIRECTION('ref_axis',(1.,0.,0.));
#5199=DIRECTION('',(1.,0.,0.));
#5200=DIRECTION('',(0.,0.,-1.));
#5201=DIRECTION('',(1.,0.,0.));
#5202=DIRECTION('',(0.,0.,-1.));
#5203=DIRECTION('center_axis',(0.24372228904377,-0.969845062792643,0.));
#5204=DIRECTION('ref_axis',(-0.969845062792643,-0.24372228904377,0.));
#5205=DIRECTION('',(-0.969845062792643,-0.24372228904377,0.));
#5206=DIRECTION('',(0.,0.,-1.));
#5207=DIRECTION('',(-0.969845062792643,-0.24372228904377,0.));
#5208=DIRECTION('center_axis',(1.,0.,0.));
#5209=DIRECTION('ref_axis',(0.,-1.,0.));
#5210=DIRECTION('',(0.,-1.,0.));
#5211=DIRECTION('',(0.,0.,-1.));
#5212=DIRECTION('',(0.,-1.,0.));
#5213=DIRECTION('center_axis',(0.244512254147628,0.969646202267428,0.));
#5214=DIRECTION('ref_axis',(0.969646202267428,-0.244512254147627,0.));
#5215=DIRECTION('',(0.969646202267428,-0.244512254147627,0.));
#5216=DIRECTION('',(0.,0.,-1.));
#5217=DIRECTION('',(0.969646202267428,-0.244512254147627,0.));
#5218=DIRECTION('center_axis',(0.,-1.,0.));
#5219=DIRECTION('ref_axis',(-1.,0.,0.));
#5220=DIRECTION('',(-1.,0.,0.));
#5221=DIRECTION('',(0.,0.,-1.));
#5222=DIRECTION('',(-1.,0.,0.));
#5223=DIRECTION('center_axis',(1.,0.,0.));
#5224=DIRECTION('ref_axis',(0.,-1.,0.));
#5225=DIRECTION('',(0.,-1.,0.));
#5226=DIRECTION('',(0.,0.,-1.));
#5227=DIRECTION('',(0.,-1.,0.));
#5228=DIRECTION('center_axis',(0.,1.,0.));
#5229=DIRECTION('ref_axis',(1.,0.,0.));
#5230=DIRECTION('',(1.,0.,0.));
#5231=DIRECTION('',(0.,0.,-1.));
#5232=DIRECTION('',(1.,0.,0.));
#5233=DIRECTION('center_axis',(-1.,0.,0.));
#5234=DIRECTION('ref_axis',(0.,1.,0.));
#5235=DIRECTION('',(0.,1.,0.));
#5236=DIRECTION('',(0.,0.,-1.));
#5237=DIRECTION('',(0.,1.,0.));
#5238=DIRECTION('center_axis',(-0.254349316934647,-0.96711241589325,0.));
#5239=DIRECTION('ref_axis',(-0.96711241589325,0.254349316934647,0.));
#5240=DIRECTION('',(-0.96711241589325,0.254349316934647,0.));
#5241=DIRECTION('',(0.,0.,-1.));
#5242=DIRECTION('',(-0.96711241589325,0.254349316934647,0.));
#5243=DIRECTION('center_axis',(-0.257061050993543,0.966395165582949,0.));
#5244=DIRECTION('ref_axis',(0.966395165582949,0.257061050993543,0.));
#5245=DIRECTION('',(0.966395165582949,0.257061050993543,0.));
#5246=DIRECTION('',(0.,0.,-1.));
#5247=DIRECTION('',(0.966395165582949,0.257061050993543,0.));
#5248=DIRECTION('center_axis',(-1.,0.,0.));
#5249=DIRECTION('ref_axis',(0.,1.,0.));
#5250=DIRECTION('',(0.,1.,0.));
#5251=DIRECTION('',(0.,0.,-1.));
#5252=DIRECTION('',(0.,1.,0.));
#5253=DIRECTION('center_axis',(0.,-1.,0.));
#5254=DIRECTION('ref_axis',(-1.,0.,0.));
#5255=DIRECTION('',(-1.,0.,0.));
#5256=DIRECTION('',(0.,0.,-1.));
#5257=DIRECTION('',(-1.,0.,0.));
#5258=DIRECTION('center_axis',(1.,0.,0.));
#5259=DIRECTION('ref_axis',(0.,-1.,0.));
#5260=DIRECTION('',(0.,-1.,0.));
#5261=DIRECTION('',(0.,-1.,0.));
#5262=DIRECTION('center_axis',(0.,0.,-1.));
#5263=DIRECTION('ref_axis',(-1.,0.,0.));
#5264=DIRECTION('center_axis',(0.,1.,0.));
#5265=DIRECTION('ref_axis',(1.,0.,0.));
#5266=DIRECTION('',(1.,0.,0.));
#5267=DIRECTION('',(0.,0.,-1.));
#5268=DIRECTION('',(1.,0.,0.));
#5269=DIRECTION('',(0.,0.,-1.));
#5270=DIRECTION('center_axis',(-1.,0.,0.));
#5271=DIRECTION('ref_axis',(0.,1.,0.));
#5272=DIRECTION('',(0.,1.,0.));
#5273=DIRECTION('',(0.,0.,-1.));
#5274=DIRECTION('',(0.,1.,0.));
#5275=DIRECTION('center_axis',(0.,-1.,0.));
#5276=DIRECTION('ref_axis',(-1.,0.,0.));
#5277=DIRECTION('',(-1.,0.,0.));
#5278=DIRECTION('',(0.,0.,-1.));
#5279=DIRECTION('',(-1.,0.,0.));
#5280=DIRECTION('center_axis',(1.,0.,0.));
#5281=DIRECTION('ref_axis',(0.,-1.,0.));
#5282=DIRECTION('',(0.,-1.,0.));
#5283=DIRECTION('',(0.,-1.,0.));
#5284=DIRECTION('center_axis',(0.,0.,-1.));
#5285=DIRECTION('ref_axis',(-1.,0.,0.));
#5286=DIRECTION('',(0.,0.,-1.));
#5287=DIRECTION('',(0.,0.,-1.));
#5288=DIRECTION('',(0.,0.,-1.));
#5289=DIRECTION('',(0.,0.,-1.));
#5290=DIRECTION('',(0.,0.,-1.));
#5291=DIRECTION('center_axis',(-1.,0.,0.));
#5292=DIRECTION('ref_axis',(0.,1.,0.));
#5293=DIRECTION('',(0.,1.,0.));
#5294=DIRECTION('',(0.,1.,0.));
#5295=DIRECTION('',(0.,0.,-1.));
#5296=DIRECTION('',(0.,0.,-1.));
#5297=DIRECTION('',(0.,0.,-1.));
#5298=DIRECTION('',(0.,0.,-1.));
#5299=DIRECTION('center_axis',(1.,0.,0.));
#5300=DIRECTION('ref_axis',(0.,-1.,0.));
#5301=DIRECTION('',(0.,-1.,0.));
#5302=DIRECTION('',(0.,0.,-1.));
#5303=DIRECTION('',(0.,-1.,0.));
#5304=DIRECTION('',(0.,0.,-1.));
#5305=DIRECTION('',(0.,0.,-1.));
#5306=DIRECTION('',(0.,0.,-1.));
#5307=DIRECTION('',(0.,0.,-1.));
#5308=DIRECTION('',(0.,0.,-1.));
#5309=DIRECTION('',(0.,0.,-1.));
#5310=DIRECTION('',(0.,0.,-1.));
#5311=DIRECTION('',(0.,0.,-1.));
#5312=DIRECTION('center_axis',(-0.986202722600306,0.165542109252434,0.));
#5313=DIRECTION('ref_axis',(0.165542109252434,0.986202722600306,0.));
#5314=DIRECTION('',(0.165542109252434,0.986202722600306,0.));
#5315=DIRECTION('',(0.,0.,-1.));
#5316=DIRECTION('',(0.165542109252434,0.986202722600306,0.));
#5317=DIRECTION('center_axis',(0.,0.,1.));
#5318=DIRECTION('ref_axis',(-1.,0.,0.));
#5319=DIRECTION('center_axis',(0.,1.,0.));
#5320=DIRECTION('ref_axis',(1.,0.,0.));
#5321=DIRECTION('',(1.,0.,0.));
#5322=DIRECTION('',(0.,0.,-1.));
#5323=DIRECTION('',(1.,0.,0.));
#5324=DIRECTION('',(0.,0.,-1.));
#5325=DIRECTION('center_axis',(-1.,0.,0.));
#5326=DIRECTION('ref_axis',(0.,1.,0.));
#5327=DIRECTION('',(0.,1.,0.));
#5328=DIRECTION('',(0.,0.,-1.));
#5329=DIRECTION('',(0.,1.,0.));
#5330=DIRECTION('center_axis',(0.,-1.,0.));
#5331=DIRECTION('ref_axis',(-1.,0.,0.));
#5332=DIRECTION('',(-1.,0.,0.));
#5333=DIRECTION('',(0.,0.,-1.));
#5334=DIRECTION('',(-1.,0.,0.));
#5335=DIRECTION('center_axis',(1.,0.,0.));
#5336=DIRECTION('ref_axis',(0.,-1.,0.));
#5337=DIRECTION('',(0.,-1.,0.));
#5338=DIRECTION('',(0.,-1.,0.));
#5339=DIRECTION('center_axis',(0.,0.,-1.));
#5340=DIRECTION('ref_axis',(-1.,0.,0.));
#5341=DIRECTION('',(0.,0.,-1.));
#5342=DIRECTION('',(0.,0.,-1.));
#5343=DIRECTION('',(0.,0.,-1.));
#5344=DIRECTION('',(0.,0.,-1.));
#5345=DIRECTION('',(0.,0.,-1.));
#5346=DIRECTION('center_axis',(-1.,0.,0.));
#5347=DIRECTION('ref_axis',(0.,1.,0.));
#5348=DIRECTION('',(0.,1.,0.));
#5349=DIRECTION('',(0.,1.,0.));
#5350=DIRECTION('',(0.,0.,-1.));
#5351=DIRECTION('',(0.,0.,-1.));
#5352=DIRECTION('',(0.,0.,-1.));
#5353=DIRECTION('',(0.,0.,-1.));
#5354=DIRECTION('center_axis',(1.,0.,0.));
#5355=DIRECTION('ref_axis',(0.,-1.,0.));
#5356=DIRECTION('',(0.,-1.,0.));
#5357=DIRECTION('',(0.,0.,-1.));
#5358=DIRECTION('',(0.,-1.,0.));
#5359=DIRECTION('',(0.,0.,-1.));
#5360=DIRECTION('',(0.,0.,-1.));
#5361=DIRECTION('',(0.,0.,-1.));
#5362=DIRECTION('',(0.,0.,-1.));
#5363=DIRECTION('',(0.,0.,-1.));
#5364=DIRECTION('',(0.,0.,-1.));
#5365=DIRECTION('',(0.,0.,-1.));
#5366=DIRECTION('',(0.,0.,-1.));
#5367=DIRECTION('center_axis',(-0.986202835054629,0.165541439314185,0.));
#5368=DIRECTION('ref_axis',(0.165541439314185,0.986202835054629,0.));
#5369=DIRECTION('',(0.165541439314185,0.986202835054629,0.));
#5370=DIRECTION('',(0.,0.,-1.));
#5371=DIRECTION('',(0.165541439314185,0.986202835054629,0.));
#5372=DIRECTION('center_axis',(0.,0.,1.));
#5373=DIRECTION('ref_axis',(-1.,0.,0.));
#5374=DIRECTION('',(0.,0.,-1.));
#5375=DIRECTION('',(0.,0.,-1.));
#5376=DIRECTION('',(0.,0.,-1.));
#5377=DIRECTION('',(0.,0.,-1.));
#5378=DIRECTION('',(0.,0.,-1.));
#5379=DIRECTION('center_axis',(0.334624184996861,0.942351661968708,0.));
#5380=DIRECTION('ref_axis',(0.942351661968708,-0.334624184996861,0.));
#5381=DIRECTION('',(0.942351661968708,-0.334624184996861,0.));
#5382=DIRECTION('',(0.,0.,-1.));
#5383=DIRECTION('',(0.942351661968708,-0.334624184996861,0.));
#5384=DIRECTION('',(0.,0.,-1.));
#5385=DIRECTION('',(0.,0.,-1.));
#5386=DIRECTION('',(0.,0.,-1.));
#5387=DIRECTION('center_axis',(0.,1.,0.));
#5388=DIRECTION('ref_axis',(1.,0.,0.));
#5389=DIRECTION('',(1.,0.,0.));
#5390=DIRECTION('',(0.,0.,-1.));
#5391=DIRECTION('',(1.,0.,0.));
#5392=DIRECTION('center_axis',(-1.,0.,0.));
#5393=DIRECTION('ref_axis',(0.,1.,0.));
#5394=DIRECTION('',(0.,1.,0.));
#5395=DIRECTION('',(0.,0.,-1.));
#5396=DIRECTION('',(0.,1.,0.));
#5397=DIRECTION('center_axis',(0.,-1.,0.));
#5398=DIRECTION('ref_axis',(-1.,0.,0.));
#5399=DIRECTION('',(-1.,0.,0.));
#5400=DIRECTION('',(0.,0.,-1.));
#5401=DIRECTION('',(-1.,0.,0.));
#5402=DIRECTION('center_axis',(1.,0.,0.));
#5403=DIRECTION('ref_axis',(0.,-1.,0.));
#5404=DIRECTION('',(0.,-1.,0.));
#5405=DIRECTION('',(0.,0.,-1.));
#5406=DIRECTION('',(0.,-1.,0.));
#5407=DIRECTION('center_axis',(0.,1.,0.));
#5408=DIRECTION('ref_axis',(1.,0.,0.));
#5409=DIRECTION('',(1.,0.,0.));
#5410=DIRECTION('',(1.,0.,0.));
#5411=DIRECTION('center_axis',(0.,0.,1.));
#5412=DIRECTION('ref_axis',(-1.,0.,0.));
#5413=DIRECTION('center_axis',(0.,1.,0.));
#5414=DIRECTION('ref_axis',(1.,0.,0.));
#5415=DIRECTION('',(1.,0.,0.));
#5416=DIRECTION('',(0.,0.,-1.));
#5417=DIRECTION('',(1.,0.,0.));
#5418=DIRECTION('',(0.,0.,-1.));
#5419=DIRECTION('center_axis',(-1.,0.,0.));
#5420=DIRECTION('ref_axis',(0.,1.,0.));
#5421=DIRECTION('',(0.,1.,0.));
#5422=DIRECTION('',(0.,0.,-1.));
#5423=DIRECTION('',(0.,1.,0.));
#5424=DIRECTION('center_axis',(0.,-1.,0.));
#5425=DIRECTION('ref_axis',(-1.,0.,0.));
#5426=DIRECTION('',(-1.,0.,0.));
#5427=DIRECTION('',(0.,0.,-1.));
#5428=DIRECTION('',(-1.,0.,0.));
#5429=DIRECTION('',(0.,0.,-1.));
#5430=DIRECTION('',(0.,0.,-1.));
#5431=DIRECTION('',(0.,0.,-1.));
#5432=DIRECTION('',(0.,0.,-1.));
#5433=DIRECTION('',(0.,0.,-1.));
#5434=DIRECTION('',(0.,0.,-1.));
#5435=DIRECTION('center_axis',(0.,1.,0.));
#5436=DIRECTION('ref_axis',(1.,0.,0.));
#5437=DIRECTION('',(1.,0.,0.));
#5438=DIRECTION('',(0.,0.,-1.));
#5439=DIRECTION('',(1.,0.,0.));
#5440=DIRECTION('center_axis',(-1.,0.,0.));
#5441=DIRECTION('ref_axis',(0.,1.,0.));
#5442=DIRECTION('',(0.,1.,0.));
#5443=DIRECTION('',(0.,0.,-1.));
#5444=DIRECTION('',(0.,1.,0.));
#5445=DIRECTION('center_axis',(0.,-1.,0.));
#5446=DIRECTION('ref_axis',(-1.,0.,0.));
#5447=DIRECTION('',(-1.,0.,0.));
#5448=DIRECTION('',(0.,0.,-1.));
#5449=DIRECTION('',(-1.,0.,0.));
#5450=DIRECTION('',(0.,0.,-1.));
#5451=DIRECTION('',(0.,0.,-1.));
#5452=DIRECTION('',(0.,0.,-1.));
#5453=DIRECTION('',(0.,0.,-1.));
#5454=DIRECTION('',(0.,0.,-1.));
#5455=DIRECTION('center_axis',(0.,-1.,0.));
#5456=DIRECTION('ref_axis',(-1.,0.,0.));
#5457=DIRECTION('',(-1.,0.,0.));
#5458=DIRECTION('',(0.,0.,-1.));
#5459=DIRECTION('',(-1.,0.,0.));
#5460=DIRECTION('center_axis',(1.,0.,0.));
#5461=DIRECTION('ref_axis',(0.,-1.,0.));
#5462=DIRECTION('',(0.,-1.,0.));
#5463=DIRECTION('',(0.,-1.,0.));
#5464=DIRECTION('center_axis',(0.,0.,1.));
#5465=DIRECTION('ref_axis',(-1.,0.,0.));
#5466=DIRECTION('center_axis',(0.,1.,0.));
#5467=DIRECTION('ref_axis',(1.,0.,0.));
#5468=DIRECTION('',(1.,0.,0.));
#5469=DIRECTION('',(0.,0.,-1.));
#5470=DIRECTION('',(1.,0.,0.));
#5471=DIRECTION('',(0.,0.,-1.));
#5472=DIRECTION('center_axis',(-1.,0.,0.));
#5473=DIRECTION('ref_axis',(0.,1.,0.));
#5474=DIRECTION('',(0.,1.,0.));
#5475=DIRECTION('',(0.,0.,-1.));
#5476=DIRECTION('',(0.,1.,0.));
#5477=DIRECTION('center_axis',(0.,-1.,0.));
#5478=DIRECTION('ref_axis',(-1.,0.,0.));
#5479=DIRECTION('',(-1.,0.,0.));
#5480=DIRECTION('',(0.,0.,-1.));
#5481=DIRECTION('',(-1.,0.,0.));
#5482=DIRECTION('center_axis',(1.,0.,0.));
#5483=DIRECTION('ref_axis',(0.,-1.,0.));
#5484=DIRECTION('',(0.,-1.,0.));
#5485=DIRECTION('',(0.,-1.,0.));
#5486=DIRECTION('center_axis',(0.,0.,-1.));
#5487=DIRECTION('ref_axis',(-1.,0.,0.));
#5488=DIRECTION('center_axis',(0.,1.,0.));
#5489=DIRECTION('ref_axis',(1.,0.,0.));
#5490=DIRECTION('',(1.,0.,0.));
#5491=DIRECTION('',(0.,0.,-1.));
#5492=DIRECTION('',(1.,0.,0.));
#5493=DIRECTION('',(0.,0.,-1.));
#5494=DIRECTION('center_axis',(-1.,0.,0.));
#5495=DIRECTION('ref_axis',(0.,1.,0.));
#5496=DIRECTION('',(0.,1.,0.));
#5497=DIRECTION('',(0.,0.,-1.));
#5498=DIRECTION('',(0.,1.,0.));
#5499=DIRECTION('center_axis',(0.,1.,0.));
#5500=DIRECTION('ref_axis',(1.,0.,0.));
#5501=DIRECTION('',(1.,0.,0.));
#5502=DIRECTION('',(0.,0.,-1.));
#5503=DIRECTION('',(1.,0.,0.));
#5504=DIRECTION('center_axis',(-1.,0.,0.));
#5505=DIRECTION('ref_axis',(0.,1.,0.));
#5506=DIRECTION('',(0.,1.,0.));
#5507=DIRECTION('',(0.,0.,-1.));
#5508=DIRECTION('',(0.,1.,0.));
#5509=DIRECTION('center_axis',(0.,-1.,0.));
#5510=DIRECTION('ref_axis',(-1.,0.,0.));
#5511=DIRECTION('',(-1.,0.,0.));
#5512=DIRECTION('',(0.,0.,-1.));
#5513=DIRECTION('',(-1.,0.,0.));
#5514=DIRECTION('center_axis',(1.,0.,0.));
#5515=DIRECTION('ref_axis',(0.,-1.,0.));
#5516=DIRECTION('',(0.,-1.,0.));
#5517=DIRECTION('',(0.,-1.,0.));
#5518=DIRECTION('center_axis',(0.,0.,-1.));
#5519=DIRECTION('ref_axis',(-1.,0.,0.));
#5520=DIRECTION('center_axis',(0.,0.,1.));
#5521=DIRECTION('ref_axis',(1.,0.,0.));
#5522=DIRECTION('',(0.707106781186544,-0.707106781186551,0.));
#5523=DIRECTION('',(0.707106781186544,0.707106781186551,0.));
#5524=DIRECTION('',(0.707106781186551,-0.707106781186544,0.));
#5525=DIRECTION('',(-0.707106781186544,-0.707106781186551,0.));
#5526=DIRECTION('',(0.969143211527755,-0.246498347965394,0.));
#5527=DIRECTION('',(0.,1.,0.));
#5528=DIRECTION('',(-0.707106781186551,0.707106781186544,0.));
#5529=DIRECTION('',(0.,1.,0.));
#5530=DIRECTION('',(0.707106781186551,0.707106781186544,0.));
#5531=DIRECTION('',(0.,1.,0.));
#5532=DIRECTION('',(-0.969143211527754,-0.2464983479654,0.));
#5533=DIRECTION('',(0.707106781186548,-0.707106781186547,0.));
#5534=DIRECTION('',(-0.707106781186547,-0.707106781186548,0.));
#5535=DIRECTION('',(-0.707106781186548,0.707106781186547,0.));
#5536=DIRECTION('',(-0.707106781186545,-0.70710678118655,0.));
#5537=DIRECTION('',(3.5527136788005E-15,-1.,0.));
#5538=DIRECTION('',(0.,1.,0.));
#5539=DIRECTION('',(1.,0.,0.));
#5540=DIRECTION('',(0.,-1.,0.));
#5541=DIRECTION('',(-1.,0.,0.));
#5542=DIRECTION('center_axis',(0.,0.,-1.));
#5543=DIRECTION('ref_axis',(-1.,0.,0.));
#5544=DIRECTION('center_axis',(0.,0.,-1.));
#5545=DIRECTION('ref_axis',(-1.,0.,0.));
#5546=DIRECTION('center_axis',(0.,0.,-1.));
#5547=DIRECTION('ref_axis',(-1.,0.,0.));
#5548=DIRECTION('center_axis',(0.,0.,-1.));
#5549=DIRECTION('ref_axis',(-1.,0.,0.));
#5550=DIRECTION('center_axis',(0.,0.,-1.));
#5551=DIRECTION('ref_axis',(-1.,0.,0.));
#5552=DIRECTION('center_axis',(0.,0.,-1.));
#5553=DIRECTION('ref_axis',(-1.,0.,0.));
#5554=DIRECTION('center_axis',(0.,0.,-1.));
#5555=DIRECTION('ref_axis',(-1.,0.,0.));
#5556=DIRECTION('center_axis',(0.,0.,-1.));
#5557=DIRECTION('ref_axis',(-1.,0.,0.));
#5558=DIRECTION('center_axis',(0.,0.,-1.));
#5559=DIRECTION('ref_axis',(1.,0.,0.));
#5560=DIRECTION('center_axis',(0.,0.,-1.));
#5561=DIRECTION('ref_axis',(1.,0.,0.));
#5562=DIRECTION('center_axis',(0.,0.,-1.));
#5563=DIRECTION('ref_axis',(-1.,0.,0.));
#5564=DIRECTION('center_axis',(0.,0.,-1.));
#5565=DIRECTION('ref_axis',(-1.,0.,0.));
#5566=DIRECTION('center_axis',(0.,0.,-1.));
#5567=DIRECTION('ref_axis',(-1.,0.,0.));
#5568=DIRECTION('center_axis',(0.,0.,-1.));
#5569=DIRECTION('ref_axis',(-1.,0.,0.));
#5570=DIRECTION('center_axis',(0.,0.,-1.));
#5571=DIRECTION('ref_axis',(-1.,0.,0.));
#5572=DIRECTION('center_axis',(0.,0.,-1.));
#5573=DIRECTION('ref_axis',(-1.,0.,0.));
#5574=DIRECTION('center_axis',(0.,0.,-1.));
#5575=DIRECTION('ref_axis',(-1.,0.,0.));
#5576=DIRECTION('center_axis',(0.,0.,-1.));
#5577=DIRECTION('ref_axis',(-1.,0.,0.));
#5578=DIRECTION('',(0.,-1.,0.));
#5579=DIRECTION('',(-1.,0.,0.));
#5580=DIRECTION('',(0.,1.,0.));
#5581=DIRECTION('',(1.,0.,0.));
#5582=DIRECTION('',(1.,0.,0.));
#5583=DIRECTION('center_axis',(0.,0.,1.));
#5584=DIRECTION('ref_axis',(-0.707106781186552,-0.707106781186543,0.));
#5585=DIRECTION('',(4.03717463500058E-16,-1.,0.));
#5586=DIRECTION('center_axis',(0.,0.,1.));
#5587=DIRECTION('ref_axis',(-0.707106781186551,0.707106781186544,0.));
#5588=DIRECTION('',(-1.,0.,0.));
#5589=DIRECTION('center_axis',(0.,0.,1.));
#5590=DIRECTION('ref_axis',(0.707106781186543,0.707106781186552,0.));
#5591=DIRECTION('',(0.,1.,0.));
#5592=DIRECTION('center_axis',(0.,0.,1.));
#5593=DIRECTION('ref_axis',(0.707106781186549,-0.707106781186546,0.));
#5594=DIRECTION('center_axis',(0.,0.,1.));
#5595=DIRECTION('ref_axis',(1.,0.,0.));
#5596=DIRECTION('center_axis',(0.,0.,1.));
#5597=DIRECTION('ref_axis',(-1.,0.,0.));
#5598=DIRECTION('center_axis',(0.,0.,1.));
#5599=DIRECTION('ref_axis',(-1.,0.,0.));
#5600=DIRECTION('',(0.,0.,1.));
#5601=DIRECTION('center_axis',(0.,0.,1.));
#5602=DIRECTION('ref_axis',(-1.,0.,0.));
#5603=DIRECTION('center_axis',(0.,0.,1.));
#5604=DIRECTION('ref_axis',(-1.,0.,0.));
#5605=DIRECTION('',(0.,0.,1.));
#5606=DIRECTION('center_axis',(0.,0.,1.));
#5607=DIRECTION('ref_axis',(-1.,0.,0.));
#5608=DIRECTION('center_axis',(0.,0.,1.));
#5609=DIRECTION('ref_axis',(-1.,0.,0.));
#5610=DIRECTION('',(0.,0.,1.));
#5611=DIRECTION('center_axis',(0.,0.,1.));
#5612=DIRECTION('ref_axis',(-1.,0.,0.));
#5613=DIRECTION('center_axis',(0.,0.,1.));
#5614=DIRECTION('ref_axis',(-1.,0.,0.));
#5615=DIRECTION('',(0.,0.,1.));
#5616=DIRECTION('center_axis',(0.,0.,1.));
#5617=DIRECTION('ref_axis',(-1.,0.,0.));
#5618=DIRECTION('center_axis',(0.,0.,1.));
#5619=DIRECTION('ref_axis',(-1.,0.,0.));
#5620=DIRECTION('',(0.,0.,1.));
#5621=DIRECTION('center_axis',(0.,0.,1.));
#5622=DIRECTION('ref_axis',(-1.,0.,0.));
#5623=DIRECTION('center_axis',(0.,0.,1.));
#5624=DIRECTION('ref_axis',(-1.,0.,0.));
#5625=DIRECTION('',(0.,0.,1.));
#5626=DIRECTION('center_axis',(0.,0.,1.));
#5627=DIRECTION('ref_axis',(-1.,0.,0.));
#5628=DIRECTION('center_axis',(0.,0.,1.));
#5629=DIRECTION('ref_axis',(-1.,0.,0.));
#5630=DIRECTION('',(0.,0.,1.));
#5631=DIRECTION('center_axis',(0.,0.,1.));
#5632=DIRECTION('ref_axis',(-1.,0.,0.));
#5633=DIRECTION('center_axis',(0.,0.,1.));
#5634=DIRECTION('ref_axis',(-1.,0.,0.));
#5635=DIRECTION('',(0.,0.,1.));
#5636=DIRECTION('center_axis',(0.707106781186551,-0.707106781186544,-8.25328376527417E-30));
#5637=DIRECTION('ref_axis',(-2.99663430107291E-44,1.16719058349644E-29,
-1.));
#5638=DIRECTION('',(0.707106781186544,0.707106781186551,0.));
#5639=DIRECTION('',(2.99663430107291E-44,-1.16719058349644E-29,1.));
#5640=DIRECTION('',(-0.707106781186544,-0.707106781186551,0.));
#5641=DIRECTION('',(0.,0.,1.));
#5642=DIRECTION('center_axis',(-0.707106781186551,0.707106781186544,8.25328376527417E-30));
#5643=DIRECTION('ref_axis',(2.99663430107291E-44,-1.16719058349644E-29,
1.));
#5644=DIRECTION('',(-0.677285461478593,-0.6772854614786,0.287347885566346));
#5645=DIRECTION('',(0.,0.,1.));
#5646=DIRECTION('',(0.707106781186544,0.707106781186551,0.));
#5647=DIRECTION('',(-2.99663430107291E-44,1.16719058349644E-29,-1.));
#5648=DIRECTION('',(-0.707106781186544,-0.707106781186551,0.));
#5649=DIRECTION('center_axis',(0.707106781186544,0.707106781186551,8.25328376527421E-30));
#5650=DIRECTION('ref_axis',(2.99663430107291E-44,-1.16719058349644E-29,
1.));
#5651=DIRECTION('',(-0.707106781186551,0.707106781186544,0.));
#5652=DIRECTION('',(0.707106781186551,-0.707106781186544,0.));
#5653=DIRECTION('center_axis',(-0.707106781186548,0.707106781186547,0.));
#5654=DIRECTION('ref_axis',(0.,0.,1.));
#5655=DIRECTION('',(0.707106781186547,0.707106781186548,0.));
#5656=DIRECTION('',(0.,0.,1.));
#5657=DIRECTION('',(-0.707106781186547,-0.707106781186548,0.));
#5658=DIRECTION('',(0.,0.,-1.));
#5659=DIRECTION('center_axis',(-0.707106781186547,-0.707106781186548,0.));
#5660=DIRECTION('ref_axis',(0.,0.,-1.));
#5661=DIRECTION('',(-0.707106781186548,0.707106781186547,0.));
#5662=DIRECTION('',(0.,0.,1.));
#5663=DIRECTION('',(0.707106781186548,-0.707106781186547,0.));
#5664=DIRECTION('center_axis',(0.,0.,1.));
#5665=DIRECTION('ref_axis',(1.,0.,0.));
#5666=DIRECTION('center_axis',(0.,0.,1.));
#5667=DIRECTION('ref_axis',(1.,0.,0.));
#5668=DIRECTION('',(0.,0.,1.));
#5669=DIRECTION('center_axis',(0.,0.,1.));
#5670=DIRECTION('ref_axis',(1.,0.,0.));
#5671=DIRECTION('center_axis',(0.,0.,1.));
#5672=DIRECTION('ref_axis',(1.,0.,0.));
#5673=DIRECTION('',(0.,0.,1.));
#5674=DIRECTION('center_axis',(0.,0.,1.));
#5675=DIRECTION('ref_axis',(-1.,0.,0.));
#5676=DIRECTION('',(0.707106781186545,0.70710678118655,0.));
#5677=DIRECTION('',(-0.707106781186548,0.707106781186547,0.));
#5678=DIRECTION('',(-0.969143211527754,-0.2464983479654,0.));
#5679=DIRECTION('',(-5.13478148889134E-15,1.,0.));
#5680=DIRECTION('',(-0.707106781186547,-0.707106781186548,0.));
#5681=DIRECTION('',(0.,1.,0.));
#5682=DIRECTION('',(0.707106781186551,-0.707106781186544,0.));
#5683=DIRECTION('',(-5.13478148889134E-15,1.,0.));
#5684=DIRECTION('',(0.969143211527755,-0.246498347965394,0.));
#5685=DIRECTION('',(-0.707106781186544,0.707106781186551,0.));
#5686=DIRECTION('',(-2.67268546913389E-15,1.,0.));
#5687=DIRECTION('center_axis',(0.,0.,1.));
#5688=DIRECTION('ref_axis',(-1.,0.,0.));
#5689=DIRECTION('center_axis',(0.,0.,1.));
#5690=DIRECTION('ref_axis',(-1.,0.,0.));
#5691=DIRECTION('',(0.,1.,0.));
#5692=DIRECTION('center_axis',(0.,0.,1.));
#5693=DIRECTION('ref_axis',(1.,0.,0.));
#5694=DIRECTION('',(-1.,0.,0.));
#5695=DIRECTION('center_axis',(0.,0.,1.));
#5696=DIRECTION('ref_axis',(0.,1.,0.));
#5697=DIRECTION('',(4.03717463500058E-16,-1.,0.));
#5698=DIRECTION('center_axis',(0.,0.,1.));
#5699=DIRECTION('ref_axis',(-1.,2.368475785867E-14,0.));
#5700=DIRECTION('',(1.,0.,0.));
#5701=DIRECTION('center_axis',(0.,0.,1.));
#5702=DIRECTION('ref_axis',(-1.48029736616687E-15,-1.,0.));
#5703=DIRECTION('center_axis',(0.,0.,1.));
#5704=DIRECTION('ref_axis',(-1.,0.,0.));
#5705=DIRECTION('center_axis',(0.,0.,1.));
#5706=DIRECTION('ref_axis',(-1.,0.,0.));
#5707=DIRECTION('center_axis',(0.,0.,1.));
#5708=DIRECTION('ref_axis',(-1.,0.,0.));
#5709=DIRECTION('center_axis',(0.,0.,1.));
#5710=DIRECTION('ref_axis',(-1.,0.,0.));
#5711=DIRECTION('center_axis',(0.,0.,1.));
#5712=DIRECTION('ref_axis',(-1.,0.,0.));
#5713=DIRECTION('center_axis',(0.,0.,1.));
#5714=DIRECTION('ref_axis',(-1.,0.,0.));
#5715=DIRECTION('center_axis',(0.,0.,1.));
#5716=DIRECTION('ref_axis',(-1.,0.,0.));
#5717=DIRECTION('center_axis',(0.,0.,1.));
#5718=DIRECTION('ref_axis',(-1.,0.,0.));
#5719=DIRECTION('center_axis',(0.,-1.,0.));
#5720=DIRECTION('ref_axis',(0.,0.,-1.));
#5721=DIRECTION('',(0.,0.,-1.));
#5722=DIRECTION('',(-1.,0.,0.));
#5723=DIRECTION('',(0.,0.,1.));
#5724=DIRECTION('',(1.,0.,0.));
#5725=DIRECTION('center_axis',(1.,0.,0.));
#5726=DIRECTION('ref_axis',(0.,0.,1.));
#5727=DIRECTION('',(0.,0.,1.));
#5728=DIRECTION('',(0.,-1.,0.));
#5729=DIRECTION('',(0.,0.,1.));
#5730=DIRECTION('',(0.,1.,0.));
#5731=DIRECTION('center_axis',(-0.707106781186544,-0.707106781186551,0.));
#5732=DIRECTION('ref_axis',(0.,0.,1.));
#5733=DIRECTION('',(0.,0.,-1.));
#5734=DIRECTION('',(0.707106781186551,-0.707106781186544,0.));
#5735=DIRECTION('',(0.,0.,1.));
#5736=DIRECTION('',(-0.707106781186551,0.707106781186544,0.));
#5737=DIRECTION('center_axis',(1.,0.,0.));
#5738=DIRECTION('ref_axis',(0.,0.,1.));
#5739=DIRECTION('',(0.,-1.,0.));
#5740=DIRECTION('',(0.,1.,0.));
#5741=DIRECTION('center_axis',(1.,0.,0.));
#5742=DIRECTION('ref_axis',(0.,1.,0.));
#5743=DIRECTION('',(0.,-1.,0.));
#5744=DIRECTION('',(0.,0.,-1.));
#5745=DIRECTION('',(0.,1.,0.));
#5746=DIRECTION('center_axis',(-0.707106781186544,0.707106781186551,0.));
#5747=DIRECTION('ref_axis',(0.,0.,1.));
#5748=DIRECTION('',(-0.707106781186551,-0.707106781186544,0.));
#5749=DIRECTION('',(0.707106781186551,0.707106781186544,0.));
#5750=DIRECTION('center_axis',(-0.707106781186544,-0.707106781186551,0.));
#5751=DIRECTION('ref_axis',(0.,0.,1.));
#5752=DIRECTION('',(-0.707106781186551,0.707106781186544,0.));
#5753=DIRECTION('',(0.,0.,-1.));
#5754=DIRECTION('',(0.,0.,1.));
#5755=DIRECTION('center_axis',(1.,0.,0.));
#5756=DIRECTION('ref_axis',(0.,1.,0.));
#5757=DIRECTION('',(0.,1.,0.));
#5758=DIRECTION('',(0.,0.,-1.));
#5759=DIRECTION('center_axis',(-0.707106781186544,0.707106781186551,0.));
#5760=DIRECTION('ref_axis',(0.,0.,1.));
#5761=DIRECTION('',(0.707106781186551,0.707106781186544,0.));
#5762=DIRECTION('',(0.,0.,1.));
#5763=DIRECTION('center_axis',(0.,0.,-1.));
#5764=DIRECTION('ref_axis',(-1.,0.,0.));
#5765=DIRECTION('',(0.,1.,0.));
#5766=DIRECTION('',(0.,1.,0.));
#5767=DIRECTION('',(1.,0.,0.));
#5768=DIRECTION('center_axis',(0.,0.,1.));
#5769=DIRECTION('ref_axis',(1.,0.,0.));
#5770=DIRECTION('',(-1.,0.,0.));
#5771=DIRECTION('',(0.,-1.,0.));
#5772=DIRECTION('',(-0.707106781186551,-0.707106781186544,0.));
#5773=DIRECTION('',(0.,-1.,0.));
#5774=DIRECTION('',(0.707106781186551,-0.707106781186544,0.));
#5775=DIRECTION('',(0.,-1.,0.));
#5776=DIRECTION('center_axis',(0.,0.,-1.));
#5777=DIRECTION('ref_axis',(-1.,0.,0.));
#5778=DIRECTION('',(0.,0.,-1.));
#5779=DIRECTION('center_axis',(0.,0.,-1.));
#5780=DIRECTION('ref_axis',(-1.,0.,0.));
#5781=DIRECTION('',(0.,0.,-1.));
#5782=DIRECTION('center_axis',(0.,0.,-1.));
#5783=DIRECTION('ref_axis',(-1.,0.,0.));
#5784=DIRECTION('',(0.,0.,-1.));
#5785=DIRECTION('center_axis',(0.,0.,-1.));
#5786=DIRECTION('ref_axis',(-1.,0.,0.));
#5787=DIRECTION('center_axis',(0.,0.,-1.));
#5788=DIRECTION('ref_axis',(-1.,0.,0.));
#5789=DIRECTION('',(0.,0.,-1.));
#5790=DIRECTION('center_axis',(0.,0.,-1.));
#5791=DIRECTION('ref_axis',(-1.,0.,0.));
#5792=DIRECTION('',(0.,0.,-1.));
#5793=DIRECTION('center_axis',(0.,0.,-1.));
#5794=DIRECTION('ref_axis',(-1.,0.,0.));
#5795=DIRECTION('',(0.,0.,-1.));
#5796=DIRECTION('center_axis',(0.,0.,-1.));
#5797=DIRECTION('ref_axis',(-1.,0.,0.));
#5798=DIRECTION('',(0.,0.,-1.));
#5799=DIRECTION('center_axis',(0.,0.,-1.));
#5800=DIRECTION('ref_axis',(-1.,0.,0.));
#5801=DIRECTION('',(0.,0.,-1.));
#5802=DIRECTION('center_axis',(0.,0.,-1.));
#5803=DIRECTION('ref_axis',(-1.,0.,0.));
#5804=DIRECTION('center_axis',(0.,0.,-1.));
#5805=DIRECTION('ref_axis',(-1.,0.,0.));
#5806=DIRECTION('',(0.,0.,-1.));
#5807=DIRECTION('center_axis',(0.,0.,-1.));
#5808=DIRECTION('ref_axis',(-1.,0.,0.));
#5809=DIRECTION('',(0.,0.,-1.));
#5810=DIRECTION('center_axis',(-0.246498347965394,-0.969143211527755,0.));
#5811=DIRECTION('ref_axis',(0.969143211527755,-0.246498347965394,0.));
#5812=DIRECTION('',(-0.969143211527755,0.246498347965394,0.));
#5813=DIRECTION('',(0.,0.,1.));
#5814=DIRECTION('center_axis',(1.,0.,0.));
#5815=DIRECTION('ref_axis',(0.,0.,1.));
#5816=DIRECTION('',(0.,-1.,0.));
#5817=DIRECTION('',(0.,0.,-1.));
#5818=DIRECTION('center_axis',(-0.707106781186544,-0.707106781186551,0.));
#5819=DIRECTION('ref_axis',(0.,0.,1.));
#5820=DIRECTION('',(0.707106781186551,-0.707106781186544,0.));
#5821=DIRECTION('',(0.,0.,1.));
#5822=DIRECTION('center_axis',(1.,0.,0.));
#5823=DIRECTION('ref_axis',(0.,1.,0.));
#5824=DIRECTION('',(0.,-1.,0.));
#5825=DIRECTION('',(0.,0.,-1.));
#5826=DIRECTION('center_axis',(-0.707106781186544,0.707106781186551,0.));
#5827=DIRECTION('ref_axis',(0.,0.,1.));
#5828=DIRECTION('',(-0.707106781186551,-0.707106781186544,0.));
#5829=DIRECTION('',(0.,0.,1.));
#5830=DIRECTION('center_axis',(-0.2464983479654,0.969143211527754,0.));
#5831=DIRECTION('ref_axis',(-0.969143211527754,-0.2464983479654,0.));
#5832=DIRECTION('',(0.969143211527754,0.2464983479654,0.));
#5833=DIRECTION('',(0.,0.,1.));
#5834=DIRECTION('center_axis',(0.500000000000005,0.500000000000005,0.707106781186541));
#5835=DIRECTION('ref_axis',(0.816496580927721,0.,-0.577350269189633));
#5836=DIRECTION('',(-0.864360352397655,0.23751330015618,0.443247801406755));
#5837=DIRECTION('',(0.816496580927713,-2.05116019880917E-14,-0.577350269189644));
#5838=DIRECTION('center_axis',(0.174300653397618,-0.685287736812195,0.707106781186536));
#5839=DIRECTION('ref_axis',(0.97093719566976,0.,-0.239334414710762));
#5840=DIRECTION('',(0.523117722687048,0.672826646634504,0.52311772268705));
#5841=DIRECTION('center_axis',(-0.707106781186549,0.,0.707106781186546));
#5842=DIRECTION('ref_axis',(0.707106781186546,0.,0.707106781186549));
#5843=DIRECTION('',(0.678598344545858,-0.281084637714762,0.678598344545861));
#5844=DIRECTION('',(0.,-1.,0.));
#5845=DIRECTION('center_axis',(0.49999999999999,0.499999999999995,0.707106781186559));
#5846=DIRECTION('ref_axis',(0.816496580927736,0.,-0.577350269189612));
#5847=DIRECTION('',(0.816496580927716,1.23069611928549E-13,-0.57735026918964));
#5848=DIRECTION('',(5.12790049702265E-14,0.816496580927735,-0.577350269189613));
#5849=DIRECTION('center_axis',(0.500000000000016,-0.500000000000011,0.707106781186528));
#5850=DIRECTION('ref_axis',(0.81649658092771,0.,-0.577350269189649));
#5851=DIRECTION('',(0.864360352397645,0.237513300156201,-0.443247801406764));
#5852=DIRECTION('center_axis',(-0.499999999999988,-0.499999999999993,0.707106781186562));
#5853=DIRECTION('ref_axis',(0.816496580927738,0.,0.577350269189609));
#5854=DIRECTION('',(0.678598344545823,0.281084637714898,0.678598344545839));
#5855=DIRECTION('',(-0.678598344545821,-0.281084637714898,-0.67859834454584));
#5856=DIRECTION('center_axis',(-0.707106781186549,0.,0.707106781186546));
#5857=DIRECTION('ref_axis',(0.707106781186546,0.,0.707106781186549));
#5858=DIRECTION('',(0.523117722687245,-0.672826646634443,0.523117722686931));
#5859=DIRECTION('center_axis',(0.174300653397614,0.685287736812195,0.707106781186536));
#5860=DIRECTION('ref_axis',(0.970937195669761,0.,-0.239334414710757));
#5861=DIRECTION('center_axis',(-0.707106781186552,0.,0.707106781186543));
#5862=DIRECTION('ref_axis',(0.707106781186543,0.,0.707106781186552));
#5863=DIRECTION('',(-0.67859834454585,0.281084637714785,-0.678598344545859));
#5864=DIRECTION('center_axis',(-0.500000000000016,0.500000000000021,0.707106781186521));
#5865=DIRECTION('ref_axis',(0.816496580927707,0.,0.577350269189652));
#5866=DIRECTION('center_axis',(0.500000000000005,-0.500000000000005,0.707106781186541));
#5867=DIRECTION('ref_axis',(0.816496580927721,0.,-0.577350269189633));
#5868=DIRECTION('',(-1.02558009940456E-14,-0.816496580927722,-0.577350269189632));
#5869=DIRECTION('center_axis',(0.,0.,1.));
#5870=DIRECTION('ref_axis',(-1.,0.,0.));
#5871=DIRECTION('',(1.,0.,0.));
#5872=DIRECTION('',(0.,1.,0.));
#5873=DIRECTION('',(-1.,0.,0.));
#5874=DIRECTION('',(0.,-1.,0.));
#5875=DIRECTION('center_axis',(0.,0.,1.));
#5876=DIRECTION('ref_axis',(-1.,0.,0.));
#5877=DIRECTION('',(1.,0.,0.));
#5878=DIRECTION('',(0.,1.,0.));
#5879=DIRECTION('',(-1.,0.,0.));
#5880=DIRECTION('',(0.,-1.,0.));
#5881=DIRECTION('center_axis',(0.,-0.707106781186548,0.707106781186548));
#5882=DIRECTION('ref_axis',(1.,0.,0.));
#5883=DIRECTION('',(0.577350269189623,-0.577350269189627,-0.577350269189627));
#5884=DIRECTION('',(0.577350269189625,0.577350269189626,0.577350269189626));
#5885=DIRECTION('center_axis',(0.707106781186549,0.,0.707106781186546));
#5886=DIRECTION('ref_axis',(0.707106781186546,0.,-0.707106781186549));
#5887=DIRECTION('',(0.577350269189624,0.577350269189627,-0.577350269189627));
#5888=DIRECTION('center_axis',(0.,0.707106781186548,0.707106781186548));
#5889=DIRECTION('ref_axis',(1.,0.,0.));
#5890=DIRECTION('',(-0.577350269189625,0.577350269189626,-0.577350269189626));
#5891=DIRECTION('center_axis',(-0.707106781186548,0.,0.707106781186547));
#5892=DIRECTION('ref_axis',(0.707106781186547,0.,0.707106781186548));
#5893=DIRECTION('center_axis',(0.,0.707106781186555,0.70710678118654));
#5894=DIRECTION('ref_axis',(1.,0.,0.));
#5895=DIRECTION('',(-0.577350269189628,0.577350269189619,-0.577350269189631));
#5896=DIRECTION('',(0.577350269189628,0.577350269189619,-0.577350269189631));
#5897=DIRECTION('center_axis',(0.,-0.70710678118654,0.707106781186555));
#5898=DIRECTION('ref_axis',(1.,0.,0.));
#5899=DIRECTION('',(0.57735026918962,-0.577350269189635,-0.577350269189623));
#5900=DIRECTION('',(0.57735026918962,0.577350269189635,0.577350269189623));
#5901=DIRECTION('center_axis',(0.707106781186549,0.,0.707106781186546));
#5902=DIRECTION('ref_axis',(0.707106781186546,0.,-0.707106781186549));
#5903=DIRECTION('center_axis',(-0.707106781186549,0.,0.707106781186546));
#5904=DIRECTION('ref_axis',(0.707106781186546,0.,0.707106781186549));
#5905=DIRECTION('center_axis',(1.,0.,0.));
#5906=DIRECTION('ref_axis',(0.,0.,1.));
#5907=DIRECTION('',(0.,0.,-1.));
#5908=DIRECTION('center_axis',(0.,-1.,0.));
#5909=DIRECTION('ref_axis',(0.,0.,-1.));
#5910=DIRECTION('center_axis',(0.,1.,0.));
#5911=DIRECTION('ref_axis',(1.,0.,0.));
#5912=DIRECTION('',(1.,0.,0.));
#5913=DIRECTION('',(0.,0.,-1.));
#5914=DIRECTION('',(0.,0.,-1.));
#5915=DIRECTION('center_axis',(0.,0.,-1.));
#5916=DIRECTION('ref_axis',(1.,0.,0.));
#5917=DIRECTION('center_axis',(0.,0.,-1.));
#5918=DIRECTION('ref_axis',(0.707106781186543,0.707106781186552,0.));
#5919=DIRECTION('',(0.,0.,-1.));
#5920=DIRECTION('center_axis',(1.,0.,0.));
#5921=DIRECTION('ref_axis',(0.,-1.,0.));
#5922=DIRECTION('',(0.,-1.,0.));
#5923=DIRECTION('',(0.,0.,-1.));
#5924=DIRECTION('center_axis',(0.,0.,-1.));
#5925=DIRECTION('ref_axis',(-1.48029736616687E-15,-1.,0.));
#5926=DIRECTION('center_axis',(0.,0.,-1.));
#5927=DIRECTION('ref_axis',(0.707106781186549,-0.707106781186546,0.));
#5928=DIRECTION('',(0.,0.,-1.));
#5929=DIRECTION('center_axis',(0.,0.,1.));
#5930=DIRECTION('ref_axis',(1.,0.,0.));
#5931=DIRECTION('center_axis',(0.,-1.,0.));
#5932=DIRECTION('ref_axis',(-1.,0.,0.));
#5933=DIRECTION('',(-1.,0.,0.));
#5934=DIRECTION('',(0.,0.,-1.));
#5935=DIRECTION('center_axis',(0.,0.,-1.));
#5936=DIRECTION('ref_axis',(-1.,2.368475785867E-14,0.));
#5937=DIRECTION('center_axis',(0.,0.,-1.));
#5938=DIRECTION('ref_axis',(-0.707106781186552,-0.707106781186543,0.));
#5939=DIRECTION('',(0.,0.,-1.));
#5940=DIRECTION('center_axis',(-1.,-4.03717463500058E-16,0.));
#5941=DIRECTION('ref_axis',(-4.03717463500058E-16,1.,0.));
#5942=DIRECTION('',(-4.03717463500058E-16,1.,0.));
#5943=DIRECTION('',(0.,0.,-1.));
#5944=DIRECTION('center_axis',(0.,0.,-1.));
#5945=DIRECTION('ref_axis',(0.,1.,0.));
#5946=DIRECTION('center_axis',(0.,0.,-1.));
#5947=DIRECTION('ref_axis',(-0.707106781186551,0.707106781186544,0.));
#5948=DIRECTION('center_axis',(0.,0.,-1.));
#5949=DIRECTION('ref_axis',(-1.,0.,0.));
#5950=DIRECTION('center_axis',(-1.,4.44089209850056E-15,0.));
#5951=DIRECTION('ref_axis',(0.,0.,1.));
#5952=DIRECTION('center_axis',(0.,1.,0.));
#5953=DIRECTION('ref_axis',(-1.,0.,0.));
#5954=DIRECTION('center_axis',(0.,-1.,0.));
#5955=DIRECTION('ref_axis',(-0.707106781186541,0.,0.707106781186554));
#5956=DIRECTION('center_axis',(0.,1.,0.));
#5957=DIRECTION('ref_axis',(-1.,0.,0.));
#5958=DIRECTION('center_axis',(0.,0.,-1.));
#5959=DIRECTION('ref_axis',(-1.,0.,0.));
#5960=DIRECTION('center_axis',(-1.,0.,0.));
#5961=DIRECTION('ref_axis',(0.,-1.,0.));
#5962=DIRECTION('center_axis',(1.,0.,0.));
#5963=DIRECTION('ref_axis',(0.,-0.707106781186573,0.707106781186523));
#5964=DIRECTION('center_axis',(-1.,0.,0.));
#5965=DIRECTION('ref_axis',(0.,-1.,0.));
#5966=DIRECTION('center_axis',(0.,0.,-1.));
#5967=DIRECTION('ref_axis',(-1.,0.,0.));
#5968=DIRECTION('center_axis',(0.,-1.,0.));
#5969=DIRECTION('ref_axis',(1.,0.,0.));
#5970=DIRECTION('center_axis',(-4.03717463500058E-16,1.,0.));
#5971=DIRECTION('ref_axis',(0.707106781186543,0.,0.707106781186552));
#5972=DIRECTION('center_axis',(0.,-1.,0.));
#5973=DIRECTION('ref_axis',(1.,0.,0.));
#5974=DIRECTION('center_axis',(0.,0.,-1.));
#5975=DIRECTION('ref_axis',(-1.,0.,0.));
#5976=DIRECTION('center_axis',(1.,0.,0.));
#5977=DIRECTION('ref_axis',(0.,1.,0.));
#5978=DIRECTION('center_axis',(-1.,0.,0.));
#5979=DIRECTION('ref_axis',(0.,0.707106781186548,0.707106781186548));
#5980=DIRECTION('center_axis',(-0.500000000000018,0.500000000000012,0.707106781186526));
#5981=DIRECTION('ref_axis',(0.816496580927708,0.,0.577350269189651));
#5982=DIRECTION('',(-0.455661188432894,-0.84622792137535,0.276172385369498));
#5983=DIRECTION('center_axis',(-0.500000000000003,-0.500000000000003,0.707106781186543));
#5984=DIRECTION('ref_axis',(0.816496580927722,0.,0.577350269189631));
#5985=DIRECTION('',(0.455661188432882,-0.846227921375355,-0.276172385369501));
#5986=DIRECTION('',(0.707106781186548,-0.707106781186547,0.));
#5987=DIRECTION('center_axis',(0.707106781186547,0.707106781186548,0.));
#5988=DIRECTION('ref_axis',(0.,0.,1.));
#5989=DIRECTION('',(0.677285461478595,-0.677285461478595,-0.28734788556635));
#5990=DIRECTION('',(0.,0.,1.));
#5991=DIRECTION('center_axis',(0.70710678118655,-0.707106781186545,0.));
#5992=DIRECTION('ref_axis',(0.,0.,-1.));
#5993=DIRECTION('',(0.707106781186545,0.70710678118655,0.));
#5994=DIRECTION('',(0.,0.,1.));
#5995=DIRECTION('center_axis',(1.,3.5527136788005E-15,0.));
#5996=DIRECTION('ref_axis',(0.,0.,-1.));
#5997=DIRECTION('',(-3.5527136788005E-15,1.,0.));
#5998=DIRECTION('',(0.,0.,1.));
#5999=DIRECTION('center_axis',(0.707106781186551,0.707106781186544,0.));
#6000=DIRECTION('ref_axis',(0.,0.,-1.));
#6001=DIRECTION('',(-0.707106781186544,0.707106781186551,0.));
#6002=DIRECTION('center_axis',(0.203185638443583,-0.203185638443582,0.95782628522115));
#6003=DIRECTION('ref_axis',(0.978231976089036,0.,-0.207514339159827));
#6004=DIRECTION('',(0.890315283307601,-0.368780665134044,-0.267094584992281));
#6005=DIRECTION('center_axis',(0.287347885566346,1.02086476362596E-15,0.957826285221151));
#6006=DIRECTION('ref_axis',(0.957826285221151,0.,-0.287347885566346));
#6007=DIRECTION('',(0.890315283307596,0.368780665134055,-0.26709458499228));
#6008=DIRECTION('center_axis',(0.20318563844358,0.203185638443578,0.957826285221151));
#6009=DIRECTION('ref_axis',(0.978231976089037,0.,-0.207514339159823));
#6010=CARTESIAN_POINT('',(0.,0.,0.));
#6011=CARTESIAN_POINT('Origin',(70.8007755672686,315.251837339866,177.931729987896));
#6012=CARTESIAN_POINT('',(70.8007755672686,315.251837339866,177.931729987896));
#6013=CARTESIAN_POINT('',(71.3328352367632,315.251837339866,177.931729987896));
#6014=CARTESIAN_POINT('',(18.403321518969,315.251837339866,177.931729987896));
#6015=CARTESIAN_POINT('',(70.8007755672686,315.251837339866,177.431729987896));
#6016=CARTESIAN_POINT('',(70.8007755672686,315.251837339866,177.931729987896));
#6017=CARTESIAN_POINT('',(71.3328352367632,315.251837339866,177.431729987896));
#6018=CARTESIAN_POINT('',(70.8007755672686,315.251837339866,177.431729987896));
#6019=CARTESIAN_POINT('',(71.3328352367632,315.251837339866,177.931729987896));
#6020=CARTESIAN_POINT('Origin',(70.8007755672686,314.676805105674,177.931729987896));
#6021=CARTESIAN_POINT('',(70.8007755672686,314.676805105674,177.931729987896));
#6022=CARTESIAN_POINT('',(70.8007755672686,310.698257100544,177.931729987896));
#6023=CARTESIAN_POINT('',(70.8007755672686,314.676805105674,177.431729987896));
#6024=CARTESIAN_POINT('',(70.8007755672686,314.676805105674,177.931729987896));
#6025=CARTESIAN_POINT('',(70.8007755672686,314.676805105674,177.431729987896));
#6026=CARTESIAN_POINT('Origin',(71.3328352367632,314.676805105674,177.931729987896));
#6027=CARTESIAN_POINT('',(71.3328352367632,314.676805105674,177.931729987896));
#6028=CARTESIAN_POINT('',(18.6693513537163,314.676805105674,177.931729987896));
#6029=CARTESIAN_POINT('',(71.3328352367632,314.676805105674,177.431729987896));
#6030=CARTESIAN_POINT('',(71.3328352367632,314.676805105674,177.931729987896));
#6031=CARTESIAN_POINT('',(71.3328352367632,314.676805105674,177.431729987896));
#6032=CARTESIAN_POINT('Origin',(71.3328352367632,315.251837339866,177.931729987896));
#6033=CARTESIAN_POINT('',(71.3328352367632,310.98577321764,177.931729987896));
#6034=CARTESIAN_POINT('',(71.3328352367632,315.251837339866,177.431729987896));
#6035=CARTESIAN_POINT('Origin',(72.325331846451,323.647132482993,177.431729987896));
#6036=CARTESIAN_POINT('Ctrl Pts',(72.0633950626604,317.78628644036,177.931729987896));
#6037=CARTESIAN_POINT('Ctrl Pts',(72.0633950626604,317.78628644036,177.431729987896));
#6038=CARTESIAN_POINT('Ctrl Pts',(72.1180210750337,317.795488691618,177.931729987896));
#6039=CARTESIAN_POINT('Ctrl Pts',(72.1180210750337,317.795488691618,177.431729987896));
#6040=CARTESIAN_POINT('Ctrl Pts',(72.24595527529,317.817040377421,177.931729987896));
#6041=CARTESIAN_POINT('Ctrl Pts',(72.24595527529,317.817040377421,177.431729987896));
#6042=CARTESIAN_POINT('Ctrl Pts',(72.3757734975924,317.817654021179,177.931729987896));
#6043=CARTESIAN_POINT('Ctrl Pts',(72.3757734975924,317.817654021179,177.431729987896));
#6044=CARTESIAN_POINT('Ctrl Pts',(72.4501612579577,317.818005648124,177.931729987896));
#6045=CARTESIAN_POINT('Ctrl Pts',(72.4501612579577,317.818005648124,177.431729987896));
#6046=CARTESIAN_POINT('',(72.0633950626604,317.78628644036,177.931729987896));
#6047=CARTESIAN_POINT('',(72.4501612579577,317.818005648124,177.931729987896));
#6048=CARTESIAN_POINT('Ctrl Pts',(72.0633950626604,317.78628644036,177.931729987896));
#6049=CARTESIAN_POINT('Ctrl Pts',(72.1180210750337,317.795488691618,177.931729987896));
#6050=CARTESIAN_POINT('Ctrl Pts',(72.24595527529,317.817040377421,177.931729987896));
#6051=CARTESIAN_POINT('Ctrl Pts',(72.3757734975924,317.817654021179,177.931729987896));
#6052=CARTESIAN_POINT('Ctrl Pts',(72.4501612579577,317.818005648124,177.931729987896));
#6053=CARTESIAN_POINT('',(72.0633950626604,317.78628644036,177.431729987896));
#6054=CARTESIAN_POINT('',(72.0633950626604,317.78628644036,177.931729987896));
#6055=CARTESIAN_POINT('',(72.4501612579577,317.818005648124,177.431729987896));
#6056=CARTESIAN_POINT('Ctrl Pts',(72.0633950626604,317.78628644036,177.431729987896));
#6057=CARTESIAN_POINT('Ctrl Pts',(72.1180210750337,317.795488691618,177.431729987896));
#6058=CARTESIAN_POINT('Ctrl Pts',(72.24595527529,317.817040377421,177.431729987896));
#6059=CARTESIAN_POINT('Ctrl Pts',(72.3757734975924,317.817654021179,177.431729987896));
#6060=CARTESIAN_POINT('Ctrl Pts',(72.4501612579577,317.818005648124,177.431729987896));
#6061=CARTESIAN_POINT('',(72.4501612579577,317.818005648124,177.931729987896));
#6062=CARTESIAN_POINT('Ctrl Pts',(71.8219211494677,317.673736181724,177.931729987896));
#6063=CARTESIAN_POINT('Ctrl Pts',(71.8219211494677,317.673736181724,177.431729987896));
#6064=CARTESIAN_POINT('Ctrl Pts',(71.858799626544,317.698683107185,177.931729987896));
#6065=CARTESIAN_POINT('Ctrl Pts',(71.858799626544,317.698683107185,177.431729987896));
#6066=CARTESIAN_POINT('Ctrl Pts',(71.9332783098956,317.74906518121,177.931729987896));
#6067=CARTESIAN_POINT('Ctrl Pts',(71.9332783098956,317.74906518121,177.431729987896));
#6068=CARTESIAN_POINT('Ctrl Pts',(72.0197435172167,317.773799458855,177.931729987896));
#6069=CARTESIAN_POINT('Ctrl Pts',(72.0197435172167,317.773799458855,177.431729987896));
#6070=CARTESIAN_POINT('Ctrl Pts',(72.0633950626604,317.78628644036,177.931729987896));
#6071=CARTESIAN_POINT('Ctrl Pts',(72.0633950626604,317.78628644036,177.431729987896));
#6072=CARTESIAN_POINT('',(71.8219211494677,317.673736181724,177.931729987896));
#6073=CARTESIAN_POINT('Ctrl Pts',(71.8219211494677,317.673736181724,177.931729987896));
#6074=CARTESIAN_POINT('Ctrl Pts',(71.858799626544,317.698683107185,177.931729987896));
#6075=CARTESIAN_POINT('Ctrl Pts',(71.9332783098956,317.74906518121,177.931729987896));
#6076=CARTESIAN_POINT('Ctrl Pts',(72.0197435172167,317.773799458855,177.931729987896));
#6077=CARTESIAN_POINT('Ctrl Pts',(72.0633950626604,317.78628644036,177.931729987896));
#6078=CARTESIAN_POINT('',(71.8219211494677,317.673736181724,177.431729987896));
#6079=CARTESIAN_POINT('',(71.8219211494677,317.673736181724,177.931729987896));
#6080=CARTESIAN_POINT('Ctrl Pts',(71.8219211494677,317.673736181724,177.431729987896));
#6081=CARTESIAN_POINT('Ctrl Pts',(71.858799626544,317.698683107185,177.431729987896));
#6082=CARTESIAN_POINT('Ctrl Pts',(71.9332783098956,317.74906518121,177.431729987896));
#6083=CARTESIAN_POINT('Ctrl Pts',(72.0197435172167,317.773799458855,177.431729987896));
#6084=CARTESIAN_POINT('Ctrl Pts',(72.0633950626604,317.78628644036,177.431729987896));
#6085=CARTESIAN_POINT('Ctrl Pts',(71.6469552910082,317.435331907737,177.931729987896));
#6086=CARTESIAN_POINT('Ctrl Pts',(71.6469552910082,317.435331907737,177.431729987896));
#6087=CARTESIAN_POINT('Ctrl Pts',(71.6700708842565,317.483620520457,177.931729987896));
#6088=CARTESIAN_POINT('Ctrl Pts',(71.6700708842565,317.483620520457,177.431729987896));
#6089=CARTESIAN_POINT('Ctrl Pts',(71.713453983927,317.574248075463,177.931729987896));
#6090=CARTESIAN_POINT('Ctrl Pts',(71.713453983927,317.574248075463,177.431729987896));
#6091=CARTESIAN_POINT('Ctrl Pts',(71.7873832383754,317.64205736582,177.931729987896));
#6092=CARTESIAN_POINT('Ctrl Pts',(71.7873832383754,317.64205736582,177.431729987896));
#6093=CARTESIAN_POINT('Ctrl Pts',(71.8219211494677,317.673736181724,177.931729987896));
#6094=CARTESIAN_POINT('Ctrl Pts',(71.8219211494677,317.673736181724,177.431729987896));
#6095=CARTESIAN_POINT('',(71.6469552910082,317.435331907737,177.931729987896));
#6096=CARTESIAN_POINT('Ctrl Pts',(71.6469552910082,317.435331907737,177.931729987896));
#6097=CARTESIAN_POINT('Ctrl Pts',(71.6700708842565,317.483620520457,177.931729987896));
#6098=CARTESIAN_POINT('Ctrl Pts',(71.713453983927,317.574248075463,177.931729987896));
#6099=CARTESIAN_POINT('Ctrl Pts',(71.7873832383754,317.64205736582,177.931729987896));
#6100=CARTESIAN_POINT('Ctrl Pts',(71.8219211494677,317.673736181724,177.931729987896));
#6101=CARTESIAN_POINT('',(71.6469552910082,317.435331907737,177.431729987896));
#6102=CARTESIAN_POINT('',(71.6469552910082,317.435331907737,177.931729987896));
#6103=CARTESIAN_POINT('Ctrl Pts',(71.6469552910082,317.435331907737,177.431729987896));
#6104=CARTESIAN_POINT('Ctrl Pts',(71.6700708842565,317.483620520457,177.431729987896));
#6105=CARTESIAN_POINT('Ctrl Pts',(71.713453983927,317.574248075463,177.431729987896));
#6106=CARTESIAN_POINT('Ctrl Pts',(71.7873832383754,317.64205736582,177.431729987896));
#6107=CARTESIAN_POINT('Ctrl Pts',(71.8219211494677,317.673736181724,177.431729987896));
#6108=CARTESIAN_POINT('Ctrl Pts',(71.5784016048662,317.087445822227,177.931729987896));
#6109=CARTESIAN_POINT('Ctrl Pts',(71.5784016048662,317.087445822227,177.431729987896));
#6110=CARTESIAN_POINT('Ctrl Pts',(71.5809450495426,317.148789511302,177.931729987896));
#6111=CARTESIAN_POINT('Ctrl Pts',(71.5809450495426,317.148789511302,177.431729987896));
#6112=CARTESIAN_POINT('Ctrl Pts',(71.5859014093425,317.268328732,177.931729987896));
#6113=CARTESIAN_POINT('Ctrl Pts',(71.5859014093425,317.268328732,177.431729987896));
#6114=CARTESIAN_POINT('Ctrl Pts',(71.6269644729224,317.380650206675,177.931729987896));
#6115=CARTESIAN_POINT('Ctrl Pts',(71.6269644729224,317.380650206675,177.431729987896));
#6116=CARTESIAN_POINT('Ctrl Pts',(71.6469552910082,317.435331907737,177.931729987896));
#6117=CARTESIAN_POINT('Ctrl Pts',(71.6469552910082,317.435331907737,177.431729987896));
#6118=CARTESIAN_POINT('',(71.5784016048662,317.087445822227,177.931729987896));
#6119=CARTESIAN_POINT('Ctrl Pts',(71.5784016048662,317.087445822227,177.931729987896));
#6120=CARTESIAN_POINT('Ctrl Pts',(71.5809450495426,317.148789511302,177.931729987896));
#6121=CARTESIAN_POINT('Ctrl Pts',(71.5859014093425,317.268328732,177.931729987896));
#6122=CARTESIAN_POINT('Ctrl Pts',(71.6269644729224,317.380650206675,177.931729987896));
#6123=CARTESIAN_POINT('Ctrl Pts',(71.6469552910082,317.435331907737,177.931729987896));
#6124=CARTESIAN_POINT('',(71.5784016048662,317.087445822227,177.431729987896));
#6125=CARTESIAN_POINT('',(71.5784016048662,317.087445822227,177.931729987896));
#6126=CARTESIAN_POINT('Ctrl Pts',(71.5784016048662,317.087445822227,177.431729987896));
#6127=CARTESIAN_POINT('Ctrl Pts',(71.5809450495426,317.148789511302,177.431729987896));
#6128=CARTESIAN_POINT('Ctrl Pts',(71.5859014093425,317.268328732,177.431729987896));
#6129=CARTESIAN_POINT('Ctrl Pts',(71.6269644729224,317.380650206675,177.431729987896));
#6130=CARTESIAN_POINT('Ctrl Pts',(71.6469552910082,317.435331907737,177.431729987896));
#6131=CARTESIAN_POINT('Ctrl Pts',(71.9467511570208,316.371212568748,177.931729987896));
#6132=CARTESIAN_POINT('Ctrl Pts',(71.9467511570208,316.371212568748,177.431729987896));
#6133=CARTESIAN_POINT('Ctrl Pts',(71.8393312534382,316.470524773173,177.931729987896));
#6134=CARTESIAN_POINT('Ctrl Pts',(71.8393312534382,316.470524773173,177.431729987896));
#6135=CARTESIAN_POINT('Ctrl Pts',(71.6290998001696,316.664888651443,177.931729987896));
#6136=CARTESIAN_POINT('Ctrl Pts',(71.6290998001696,316.664888651443,177.431729987896));
#6137=CARTESIAN_POINT('Ctrl Pts',(71.5950522246732,316.948666941532,177.931729987896));
#6138=CARTESIAN_POINT('Ctrl Pts',(71.5950522246732,316.948666941532,177.431729987896));
#6139=CARTESIAN_POINT('Ctrl Pts',(71.5784016048662,317.087445822227,177.931729987896));
#6140=CARTESIAN_POINT('Ctrl Pts',(71.5784016048662,317.087445822227,177.431729987896));
#6141=CARTESIAN_POINT('',(71.9467511570208,316.371212568748,177.931729987896));
#6142=CARTESIAN_POINT('Ctrl Pts',(71.9467511570208,316.371212568748,177.931729987896));
#6143=CARTESIAN_POINT('Ctrl Pts',(71.8393312534382,316.470524773173,177.931729987896));
#6144=CARTESIAN_POINT('Ctrl Pts',(71.6290998001696,316.664888651443,177.931729987896));
#6145=CARTESIAN_POINT('Ctrl Pts',(71.5950522246732,316.948666941532,177.931729987896));
#6146=CARTESIAN_POINT('Ctrl Pts',(71.5784016048662,317.087445822227,177.931729987896));
#6147=CARTESIAN_POINT('',(71.9467511570208,316.371212568748,177.431729987896));
#6148=CARTESIAN_POINT('',(71.9467511570208,316.371212568748,177.931729987896));
#6149=CARTESIAN_POINT('Ctrl Pts',(71.9467511570208,316.371212568748,177.431729987896));
#6150=CARTESIAN_POINT('Ctrl Pts',(71.8393312534382,316.470524773173,177.431729987896));
#6151=CARTESIAN_POINT('Ctrl Pts',(71.6290998001696,316.664888651443,177.431729987896));
#6152=CARTESIAN_POINT('Ctrl Pts',(71.5950522246732,316.948666941532,177.431729987896));
#6153=CARTESIAN_POINT('Ctrl Pts',(71.5784016048662,317.087445822227,177.431729987896));
#6154=CARTESIAN_POINT('Origin',(71.6275146400683,316.371212568748,177.931729987896));
#6155=CARTESIAN_POINT('',(71.6275146400683,316.371212568748,177.931729987896));
#6156=CARTESIAN_POINT('',(18.8166910553688,316.371212568748,177.931729987896));
#6157=CARTESIAN_POINT('',(71.6275146400683,316.371212568748,177.431729987896));
#6158=CARTESIAN_POINT('',(71.6275146400683,316.371212568748,177.931729987896));
#6159=CARTESIAN_POINT('',(71.6275146400683,316.371212568748,177.431729987896));
#6160=CARTESIAN_POINT('Origin',(71.6275146400683,315.837104883658,177.931729987896));
#6161=CARTESIAN_POINT('',(71.6275146400683,315.837104883658,177.931729987896));
#6162=CARTESIAN_POINT('',(71.6275146400683,311.278406989536,177.931729987896));
#6163=CARTESIAN_POINT('',(71.6275146400683,315.837104883658,177.431729987896));
#6164=CARTESIAN_POINT('',(71.6275146400683,315.837104883658,177.931729987896));
#6165=CARTESIAN_POINT('',(71.6275146400683,315.837104883658,177.431729987896));
#6166=CARTESIAN_POINT('Origin',(73.8007750904314,315.837104883658,177.931729987896));
#6167=CARTESIAN_POINT('',(73.8007750904314,315.837104883658,177.931729987896));
#6168=CARTESIAN_POINT('',(19.9033212805504,315.837104883658,177.931729987896));
#6169=CARTESIAN_POINT('',(73.8007750904314,315.837104883658,177.431729987896));
#6170=CARTESIAN_POINT('',(73.8007750904314,315.837104883658,177.931729987896));
#6171=CARTESIAN_POINT('',(73.8007750904314,315.837104883658,177.431729987896));
#6172=CARTESIAN_POINT('Origin',(73.8007750904314,316.412139502036,177.931729987896));
#6173=CARTESIAN_POINT('',(73.8007750904314,316.412139502036,177.931729987896));
#6174=CARTESIAN_POINT('',(73.8007750904314,311.565924298725,177.931729987896));
#6175=CARTESIAN_POINT('',(73.8007750904314,316.412139502036,177.431729987896));
#6176=CARTESIAN_POINT('',(73.8007750904314,316.412139502036,177.931729987896));
#6177=CARTESIAN_POINT('',(73.8007750904314,316.412139502036,177.431729987896));
#6178=CARTESIAN_POINT('Origin',(72.8164639866106,316.412139502036,177.931729987896));
#6179=CARTESIAN_POINT('',(72.8164639866106,316.412139502036,177.931729987896));
#6180=CARTESIAN_POINT('',(19.41116572864,316.412139502036,177.931729987896));
#6181=CARTESIAN_POINT('',(72.8164639866106,316.412139502036,177.431729987896));
#6182=CARTESIAN_POINT('',(72.8164639866106,316.412139502036,177.931729987896));
#6183=CARTESIAN_POINT('',(72.8164639866106,316.412139502036,177.431729987896));
#6184=CARTESIAN_POINT('Ctrl Pts',(72.317146340584,316.456137266624,177.931729987896));
#6185=CARTESIAN_POINT('Ctrl Pts',(72.317146340584,316.456137266624,177.431729987896));
#6186=CARTESIAN_POINT('Ctrl Pts',(72.3810928031379,316.443454108829,177.931729987896));
#6187=CARTESIAN_POINT('Ctrl Pts',(72.3810928031379,316.443454108829,177.431729987896));
#6188=CARTESIAN_POINT('Ctrl Pts',(72.5456764113228,316.410810553743,177.931729987896));
#6189=CARTESIAN_POINT('Ctrl Pts',(72.5456764113228,316.410810553743,177.431729987896));
#6190=CARTESIAN_POINT('Ctrl Pts',(72.7137145288203,316.411635236963,177.931729987896));
#6191=CARTESIAN_POINT('Ctrl Pts',(72.7137145288203,316.411635236963,177.431729987896));
#6192=CARTESIAN_POINT('Ctrl Pts',(72.8164639866106,316.412139502036,177.931729987896));
#6193=CARTESIAN_POINT('Ctrl Pts',(72.8164639866106,316.412139502036,177.431729987896));
#6194=CARTESIAN_POINT('',(72.317146340584,316.456137266624,177.931729987896));
#6195=CARTESIAN_POINT('Ctrl Pts',(72.317146340584,316.456137266624,177.931729987896));
#6196=CARTESIAN_POINT('Ctrl Pts',(72.3810928031379,316.443454108829,177.931729987896));
#6197=CARTESIAN_POINT('Ctrl Pts',(72.5456764113228,316.410810553743,177.931729987896));
#6198=CARTESIAN_POINT('Ctrl Pts',(72.7137145288203,316.411635236963,177.931729987896));
#6199=CARTESIAN_POINT('Ctrl Pts',(72.8164639866106,316.412139502036,177.931729987896));
#6200=CARTESIAN_POINT('',(72.317146340584,316.456137266624,177.431729987896));
#6201=CARTESIAN_POINT('',(72.317146340584,316.456137266624,177.931729987896));
#6202=CARTESIAN_POINT('Ctrl Pts',(72.317146340584,316.456137266624,177.431729987896));
#6203=CARTESIAN_POINT('Ctrl Pts',(72.3810928031379,316.443454108829,177.431729987896));
#6204=CARTESIAN_POINT('Ctrl Pts',(72.5456764113228,316.410810553743,177.431729987896));
#6205=CARTESIAN_POINT('Ctrl Pts',(72.7137145288203,316.411635236963,177.431729987896));
#6206=CARTESIAN_POINT('Ctrl Pts',(72.8164639866106,316.412139502036,177.431729987896));
#6207=CARTESIAN_POINT('Ctrl Pts',(72.1002295410387,316.618824568259,177.931729987896));
#6208=CARTESIAN_POINT('Ctrl Pts',(72.1002295410387,316.618824568259,177.431729987896));
#6209=CARTESIAN_POINT('Ctrl Pts',(72.1296399457558,316.582403449493,177.931729987896));
#6210=CARTESIAN_POINT('Ctrl Pts',(72.1296399457558,316.582403449493,177.431729987896));
#6211=CARTESIAN_POINT('Ctrl Pts',(72.1882245764895,316.509853689829,177.931729987896));
#6212=CARTESIAN_POINT('Ctrl Pts',(72.1882245764895,316.509853689829,177.431729987896));
#6213=CARTESIAN_POINT('Ctrl Pts',(72.2742880716476,316.473994553391,177.931729987896));
#6214=CARTESIAN_POINT('Ctrl Pts',(72.2742880716476,316.473994553391,177.431729987896));
#6215=CARTESIAN_POINT('Ctrl Pts',(72.317146340584,316.456137266624,177.931729987896));
#6216=CARTESIAN_POINT('Ctrl Pts',(72.317146340584,316.456137266624,177.431729987896));
#6217=CARTESIAN_POINT('',(72.1002295410387,316.618824568259,177.931729987896));
#6218=CARTESIAN_POINT('Ctrl Pts',(72.1002295410387,316.618824568259,177.931729987896));
#6219=CARTESIAN_POINT('Ctrl Pts',(72.1296399457558,316.582403449493,177.931729987896));
#6220=CARTESIAN_POINT('Ctrl Pts',(72.1882245764895,316.509853689829,177.931729987896));
#6221=CARTESIAN_POINT('Ctrl Pts',(72.2742880716476,316.473994553391,177.931729987896));
#6222=CARTESIAN_POINT('Ctrl Pts',(72.317146340584,316.456137266624,177.931729987896));
#6223=CARTESIAN_POINT('',(72.1002295410387,316.618824568259,177.431729987896));
#6224=CARTESIAN_POINT('',(72.1002295410387,316.618824568259,177.931729987896));
#6225=CARTESIAN_POINT('Ctrl Pts',(72.1002295410387,316.618824568259,177.431729987896));
#6226=CARTESIAN_POINT('Ctrl Pts',(72.1296399457558,316.582403449493,177.431729987896));
#6227=CARTESIAN_POINT('Ctrl Pts',(72.1882245764895,316.509853689829,177.431729987896));
#6228=CARTESIAN_POINT('Ctrl Pts',(72.2742880716476,316.473994553391,177.431729987896));
#6229=CARTESIAN_POINT('Ctrl Pts',(72.317146340584,316.456137266624,177.431729987896));
#6230=CARTESIAN_POINT('Ctrl Pts',(72.0183744823687,316.886900034415,177.931729987896));
#6231=CARTESIAN_POINT('Ctrl Pts',(72.0183744823687,316.886900034415,177.431729987896));
#6232=CARTESIAN_POINT('Ctrl Pts',(72.0216535726871,316.838575684777,177.931729987896));
#6233=CARTESIAN_POINT('Ctrl Pts',(72.0216535726871,316.838575684777,177.431729987896));
#6234=CARTESIAN_POINT('Ctrl Pts',(72.0281500741633,316.742835958732,177.931729987896));
#6235=CARTESIAN_POINT('Ctrl Pts',(72.0281500741633,316.742835958732,177.431729987896));
#6236=CARTESIAN_POINT('Ctrl Pts',(72.0763556099348,316.659899225448,177.931729987896));
#6237=CARTESIAN_POINT('Ctrl Pts',(72.0763556099348,316.659899225448,177.431729987896));
#6238=CARTESIAN_POINT('Ctrl Pts',(72.1002295410387,316.618824568259,177.931729987896));
#6239=CARTESIAN_POINT('Ctrl Pts',(72.1002295410387,316.618824568259,177.431729987896));
#6240=CARTESIAN_POINT('',(72.0183744823687,316.886900034415,177.931729987896));
#6241=CARTESIAN_POINT('Ctrl Pts',(72.0183744823687,316.886900034415,177.931729987896));
#6242=CARTESIAN_POINT('Ctrl Pts',(72.0216535726871,316.838575684777,177.931729987896));
#6243=CARTESIAN_POINT('Ctrl Pts',(72.0281500741633,316.742835958732,177.931729987896));
#6244=CARTESIAN_POINT('Ctrl Pts',(72.0763556099348,316.659899225448,177.931729987896));
#6245=CARTESIAN_POINT('Ctrl Pts',(72.1002295410387,316.618824568259,177.931729987896));
#6246=CARTESIAN_POINT('',(72.0183744823687,316.886900034415,177.431729987896));
#6247=CARTESIAN_POINT('',(72.0183744823687,316.886900034415,177.931729987896));
#6248=CARTESIAN_POINT('Ctrl Pts',(72.0183744823687,316.886900034415,177.431729987896));
#6249=CARTESIAN_POINT('Ctrl Pts',(72.0216535726871,316.838575684777,177.431729987896));
#6250=CARTESIAN_POINT('Ctrl Pts',(72.0281500741633,316.742835958732,177.431729987896));
#6251=CARTESIAN_POINT('Ctrl Pts',(72.0763556099348,316.659899225448,177.431729987896));
#6252=CARTESIAN_POINT('Ctrl Pts',(72.1002295410387,316.618824568259,177.431729987896));
#6253=CARTESIAN_POINT('Ctrl Pts',(72.0756724273913,317.086423006522,177.931729987896));
#6254=CARTESIAN_POINT('Ctrl Pts',(72.0756724273913,317.086423006522,177.431729987896));
#6255=CARTESIAN_POINT('Ctrl Pts',(72.0589674212602,317.056682603402,177.931729987896));
#6256=CARTESIAN_POINT('Ctrl Pts',(72.0589674212602,317.056682603402,177.431729987896));
#6257=CARTESIAN_POINT('Ctrl Pts',(72.0241964191038,316.994778787688,177.931729987896));
#6258=CARTESIAN_POINT('Ctrl Pts',(72.0241964191038,316.994778787688,177.431729987896));
#6259=CARTESIAN_POINT('Ctrl Pts',(72.0203651156283,316.92378587568,177.931729987896));
#6260=CARTESIAN_POINT('Ctrl Pts',(72.0203651156283,316.92378587568,177.431729987896));
#6261=CARTESIAN_POINT('Ctrl Pts',(72.0183744823687,316.886900034415,177.931729987896));
#6262=CARTESIAN_POINT('Ctrl Pts',(72.0183744823687,316.886900034415,177.431729987896));
#6263=CARTESIAN_POINT('',(72.0756724273913,317.086423006522,177.931729987896));
#6264=CARTESIAN_POINT('Ctrl Pts',(72.0756724273913,317.086423006522,177.931729987896));
#6265=CARTESIAN_POINT('Ctrl Pts',(72.0589674212602,317.056682603402,177.931729987896));
#6266=CARTESIAN_POINT('Ctrl Pts',(72.0241964191038,316.994778787688,177.931729987896));
#6267=CARTESIAN_POINT('Ctrl Pts',(72.0203651156283,316.92378587568,177.931729987896));
#6268=CARTESIAN_POINT('Ctrl Pts',(72.0183744823687,316.886900034415,177.931729987896));
#6269=CARTESIAN_POINT('',(72.0756724273913,317.086423006522,177.431729987896));
#6270=CARTESIAN_POINT('',(72.0756724273913,317.086423006522,177.931729987896));
#6271=CARTESIAN_POINT('Ctrl Pts',(72.0756724273913,317.086423006522,177.431729987896));
#6272=CARTESIAN_POINT('Ctrl Pts',(72.0589674212602,317.056682603402,177.431729987896));
#6273=CARTESIAN_POINT('Ctrl Pts',(72.0241964191038,316.994778787688,177.431729987896));
#6274=CARTESIAN_POINT('Ctrl Pts',(72.0203651156283,316.92378587568,177.431729987896));
#6275=CARTESIAN_POINT('Ctrl Pts',(72.0183744823687,316.886900034415,177.431729987896));
#6276=CARTESIAN_POINT('Ctrl Pts',(72.2363140976183,317.206135359275,177.931729987896));
#6277=CARTESIAN_POINT('Ctrl Pts',(72.2363140976183,317.206135359275,177.431729987896));
#6278=CARTESIAN_POINT('Ctrl Pts',(72.2040158207745,317.192268074565,177.931729987896));
#6279=CARTESIAN_POINT('Ctrl Pts',(72.2040158207745,317.192268074565,177.431729987896));
#6280=CARTESIAN_POINT('Ctrl Pts',(72.1408640041863,317.165153803894,177.931729987896));
#6281=CARTESIAN_POINT('Ctrl Pts',(72.1408640041863,317.165153803894,177.431729987896));
#6282=CARTESIAN_POINT('Ctrl Pts',(72.097068983759,317.112263276487,177.931729987896));
#6283=CARTESIAN_POINT('Ctrl Pts',(72.097068983759,317.112263276487,177.431729987896));
#6284=CARTESIAN_POINT('Ctrl Pts',(72.0756724273913,317.086423006522,177.931729987896));
#6285=CARTESIAN_POINT('Ctrl Pts',(72.0756724273913,317.086423006522,177.431729987896));
#6286=CARTESIAN_POINT('',(72.2363140976183,317.206135359275,177.931729987896));
#6287=CARTESIAN_POINT('Ctrl Pts',(72.2363140976183,317.206135359275,177.931729987896));
#6288=CARTESIAN_POINT('Ctrl Pts',(72.2040158207745,317.192268074565,177.931729987896));
#6289=CARTESIAN_POINT('Ctrl Pts',(72.1408640041863,317.165153803894,177.931729987896));
#6290=CARTESIAN_POINT('Ctrl Pts',(72.097068983759,317.112263276487,177.931729987896));
#6291=CARTESIAN_POINT('Ctrl Pts',(72.0756724273913,317.086423006522,177.931729987896));
#6292=CARTESIAN_POINT('',(72.2363140976183,317.206135359275,177.431729987896));
#6293=CARTESIAN_POINT('',(72.2363140976183,317.206135359275,177.931729987896));
#6294=CARTESIAN_POINT('Ctrl Pts',(72.2363140976183,317.206135359275,177.431729987896));
#6295=CARTESIAN_POINT('Ctrl Pts',(72.2040158207745,317.192268074565,177.431729987896));
#6296=CARTESIAN_POINT('Ctrl Pts',(72.1408640041863,317.165153803894,177.431729987896));
#6297=CARTESIAN_POINT('Ctrl Pts',(72.097068983759,317.112263276487,177.431729987896));
#6298=CARTESIAN_POINT('Ctrl Pts',(72.0756724273913,317.086423006522,177.431729987896));
#6299=CARTESIAN_POINT('Ctrl Pts',(72.6916351711504,317.242971029746,177.931729987896));
#6300=CARTESIAN_POINT('Ctrl Pts',(72.6916351711504,317.242971029746,177.431729987896));
#6301=CARTESIAN_POINT('Ctrl Pts',(72.5946259545339,317.243970369011,177.931729987896));
#6302=CARTESIAN_POINT('Ctrl Pts',(72.5946259545339,317.243970369011,177.431729987896));
#6303=CARTESIAN_POINT('Ctrl Pts',(72.4414818096803,317.245547981557,177.931729987896));
#6304=CARTESIAN_POINT('Ctrl Pts',(72.4414818096803,317.245547981557,177.431729987896));
#6305=CARTESIAN_POINT('Ctrl Pts',(72.2913462354383,317.216707007413,177.931729987896));
#6306=CARTESIAN_POINT('Ctrl Pts',(72.2913462354383,317.216707007413,177.431729987896));
#6307=CARTESIAN_POINT('Ctrl Pts',(72.2363140976183,317.206135359275,177.931729987896));
#6308=CARTESIAN_POINT('Ctrl Pts',(72.2363140976183,317.206135359275,177.431729987896));
#6309=CARTESIAN_POINT('',(72.6916351711504,317.242971029746,177.931729987896));
#6310=CARTESIAN_POINT('Ctrl Pts',(72.6916351711504,317.242971029746,177.931729987896));
#6311=CARTESIAN_POINT('Ctrl Pts',(72.5946259545339,317.243970369011,177.931729987896));
#6312=CARTESIAN_POINT('Ctrl Pts',(72.4414818096803,317.245547981557,177.931729987896));
#6313=CARTESIAN_POINT('Ctrl Pts',(72.2913462354383,317.216707007413,177.931729987896));
#6314=CARTESIAN_POINT('Ctrl Pts',(72.2363140976183,317.206135359275,177.931729987896));
#6315=CARTESIAN_POINT('',(72.6916351711504,317.242971029746,177.431729987896));
#6316=CARTESIAN_POINT('',(72.6916351711504,317.242971029746,177.931729987896));
#6317=CARTESIAN_POINT('Ctrl Pts',(72.6916351711504,317.242971029746,177.431729987896));
#6318=CARTESIAN_POINT('Ctrl Pts',(72.5946259545339,317.243970369011,177.431729987896));
#6319=CARTESIAN_POINT('Ctrl Pts',(72.4414818096803,317.245547981557,177.431729987896));
#6320=CARTESIAN_POINT('Ctrl Pts',(72.2913462354383,317.216707007413,177.431729987896));
#6321=CARTESIAN_POINT('Ctrl Pts',(72.2363140976183,317.206135359275,177.431729987896));
#6322=CARTESIAN_POINT('Origin',(73.8007750904314,317.242971029746,177.931729987896));
#6323=CARTESIAN_POINT('',(73.8007750904314,317.242971029746,177.931729987896));
#6324=CARTESIAN_POINT('',(19.9033212805504,317.242971029746,177.931729987896));
#6325=CARTESIAN_POINT('',(73.8007750904314,317.242971029746,177.431729987896));
#6326=CARTESIAN_POINT('',(73.8007750904314,317.242971029746,177.931729987896));
#6327=CARTESIAN_POINT('',(73.8007750904314,317.242971029746,177.431729987896));
#6328=CARTESIAN_POINT('Origin',(73.8007750904314,317.818005648124,177.931729987896));
#6329=CARTESIAN_POINT('',(73.8007750904314,317.818005648124,177.931729987896));
#6330=CARTESIAN_POINT('',(73.8007750904314,312.268857371769,177.931729987896));
#6331=CARTESIAN_POINT('',(73.8007750904314,317.818005648124,177.431729987896));
#6332=CARTESIAN_POINT('',(73.8007750904314,317.818005648124,177.931729987896));
#6333=CARTESIAN_POINT('',(73.8007750904314,317.818005648124,177.431729987896));
#6334=CARTESIAN_POINT('Origin',(72.4501612579577,317.818005648124,177.931729987896));
#6335=CARTESIAN_POINT('',(19.2280143643135,317.818005648124,177.931729987896));
#6336=CARTESIAN_POINT('',(72.4501612579577,317.818005648124,177.431729987896));
#6337=CARTESIAN_POINT('Origin',(72.325331846451,323.647132482993,177.431729987896));
#6338=CARTESIAN_POINT('Ctrl Pts',(73.8498881256334,321.800270643699,177.931729987896));
#6339=CARTESIAN_POINT('Ctrl Pts',(73.8498881256334,321.800270643699,177.431729987896));
#6340=CARTESIAN_POINT('Ctrl Pts',(73.8455154361521,321.664799077643,177.931729987896));
#6341=CARTESIAN_POINT('Ctrl Pts',(73.8455154361521,321.664799077643,177.431729987896));
#6342=CARTESIAN_POINT('Ctrl Pts',(73.837497429927,321.416390892108,177.931729987896));
#6343=CARTESIAN_POINT('Ctrl Pts',(73.837497429927,321.416390892108,177.431729987896));
#6344=CARTESIAN_POINT('Ctrl Pts',(73.7222178528959,321.197055366325,177.931729987896));
#6345=CARTESIAN_POINT('Ctrl Pts',(73.7222178528959,321.197055366325,177.431729987896));
#6346=CARTESIAN_POINT('Ctrl Pts',(73.6698069965593,321.097336378562,177.931729987896));
#6347=CARTESIAN_POINT('Ctrl Pts',(73.6698069965593,321.097336378562,177.431729987896));
#6348=CARTESIAN_POINT('',(73.8498881256334,321.800270643699,177.931729987896));
#6349=CARTESIAN_POINT('',(73.6698069965593,321.097336378562,177.931729987896));
#6350=CARTESIAN_POINT('Ctrl Pts',(73.8498881256334,321.800270643699,177.931729987896));
#6351=CARTESIAN_POINT('Ctrl Pts',(73.8455154361521,321.664799077643,177.931729987896));
#6352=CARTESIAN_POINT('Ctrl Pts',(73.837497429927,321.416390892108,177.931729987896));
#6353=CARTESIAN_POINT('Ctrl Pts',(73.7222178528959,321.197055366325,177.931729987896));
#6354=CARTESIAN_POINT('Ctrl Pts',(73.6698069965593,321.097336378562,177.931729987896));
#6355=CARTESIAN_POINT('',(73.8498881256334,321.800270643699,177.431729987896));
#6356=CARTESIAN_POINT('',(73.8498881256334,321.800270643699,177.931729987896));
#6357=CARTESIAN_POINT('',(73.6698069965593,321.097336378562,177.431729987896));
#6358=CARTESIAN_POINT('Ctrl Pts',(73.8498881256334,321.800270643699,177.431729987896));
#6359=CARTESIAN_POINT('Ctrl Pts',(73.8455154361521,321.664799077643,177.431729987896));
#6360=CARTESIAN_POINT('Ctrl Pts',(73.837497429927,321.416390892108,177.431729987896));
#6361=CARTESIAN_POINT('Ctrl Pts',(73.7222178528959,321.197055366325,177.431729987896));
#6362=CARTESIAN_POINT('Ctrl Pts',(73.6698069965593,321.097336378562,177.431729987896));
#6363=CARTESIAN_POINT('',(73.6698069965593,321.097336378562,177.931729987896));
#6364=CARTESIAN_POINT('Ctrl Pts',(73.6350181495897,322.539015379417,177.931729987896));
#6365=CARTESIAN_POINT('Ctrl Pts',(73.6350181495897,322.539015379417,177.431729987896));
#6366=CARTESIAN_POINT('Ctrl Pts',(73.6975030949525,322.438577691349,177.931729987896));
#6367=CARTESIAN_POINT('Ctrl Pts',(73.6975030949525,322.438577691349,177.431729987896));
#6368=CARTESIAN_POINT('Ctrl Pts',(73.8374468303908,322.213633504147,177.931729987896));
#6369=CARTESIAN_POINT('Ctrl Pts',(73.8374468303908,322.213633504147,177.431729987896));
#6370=CARTESIAN_POINT('Ctrl Pts',(73.8454553911278,321.947548541952,177.931729987896));
#6371=CARTESIAN_POINT('Ctrl Pts',(73.8454553911278,321.947548541952,177.431729987896));
#6372=CARTESIAN_POINT('Ctrl Pts',(73.8498881256334,321.800270643699,177.931729987896));
#6373=CARTESIAN_POINT('Ctrl Pts',(73.8498881256334,321.800270643699,177.431729987896));
#6374=CARTESIAN_POINT('',(73.6350181495897,322.539015379417,177.931729987896));
#6375=CARTESIAN_POINT('Ctrl Pts',(73.6350181495897,322.539015379417,177.931729987896));
#6376=CARTESIAN_POINT('Ctrl Pts',(73.6975030949525,322.438577691349,177.931729987896));
#6377=CARTESIAN_POINT('Ctrl Pts',(73.8374468303908,322.213633504147,177.931729987896));
#6378=CARTESIAN_POINT('Ctrl Pts',(73.8454553911278,321.947548541952,177.931729987896));
#6379=CARTESIAN_POINT('Ctrl Pts',(73.8498881256334,321.800270643699,177.931729987896));
#6380=CARTESIAN_POINT('',(73.6350181495897,322.539015379417,177.431729987896));
#6381=CARTESIAN_POINT('',(73.6350181495897,322.539015379417,177.931729987896));
#6382=CARTESIAN_POINT('Ctrl Pts',(73.6350181495897,322.539015379417,177.431729987896));
#6383=CARTESIAN_POINT('Ctrl Pts',(73.6975030949525,322.438577691349,177.431729987896));
#6384=CARTESIAN_POINT('Ctrl Pts',(73.8374468303908,322.213633504147,177.431729987896));
#6385=CARTESIAN_POINT('Ctrl Pts',(73.8454553911278,321.947548541952,177.431729987896));
#6386=CARTESIAN_POINT('Ctrl Pts',(73.8498881256334,321.800270643699,177.431729987896));
#6387=CARTESIAN_POINT('Ctrl Pts',(73.1213751232378,322.788673010337,177.931729987896));
#6388=CARTESIAN_POINT('Ctrl Pts',(73.1213751232378,322.788673010337,177.431729987896));
#6389=CARTESIAN_POINT('Ctrl Pts',(73.2184133201516,322.777151928925,177.931729987896));
#6390=CARTESIAN_POINT('Ctrl Pts',(73.2184133201516,322.777151928925,177.431729987896));
#6391=CARTESIAN_POINT('Ctrl Pts',(73.4180837537924,322.753445600957,177.931729987896));
#6392=CARTESIAN_POINT('Ctrl Pts',(73.4180837537924,322.753445600957,177.431729987896));
#6393=CARTESIAN_POINT('Ctrl Pts',(73.561368577667,322.611814780202,177.931729987896));
#6394=CARTESIAN_POINT('Ctrl Pts',(73.561368577667,322.611814780202,177.431729987896));
#6395=CARTESIAN_POINT('Ctrl Pts',(73.6350181495897,322.539015379417,177.931729987896));
#6396=CARTESIAN_POINT('Ctrl Pts',(73.6350181495897,322.539015379417,177.431729987896));
#6397=CARTESIAN_POINT('',(73.1213751232378,322.788673010337,177.931729987896));
#6398=CARTESIAN_POINT('Ctrl Pts',(73.1213751232378,322.788673010337,177.931729987896));
#6399=CARTESIAN_POINT('Ctrl Pts',(73.2184133201516,322.777151928925,177.931729987896));
#6400=CARTESIAN_POINT('Ctrl Pts',(73.4180837537924,322.753445600957,177.931729987896));
#6401=CARTESIAN_POINT('Ctrl Pts',(73.561368577667,322.611814780202,177.931729987896));
#6402=CARTESIAN_POINT('Ctrl Pts',(73.6350181495897,322.539015379417,177.931729987896));
#6403=CARTESIAN_POINT('',(73.1213751232378,322.788673010337,177.431729987896));
#6404=CARTESIAN_POINT('',(73.1213751232378,322.788673010337,177.931729987896));
#6405=CARTESIAN_POINT('Ctrl Pts',(73.1213751232378,322.788673010337,177.431729987896));
#6406=CARTESIAN_POINT('Ctrl Pts',(73.2184133201516,322.777151928925,177.431729987896));
#6407=CARTESIAN_POINT('Ctrl Pts',(73.4180837537924,322.753445600957,177.431729987896));
#6408=CARTESIAN_POINT('Ctrl Pts',(73.561368577667,322.611814780202,177.431729987896));
#6409=CARTESIAN_POINT('Ctrl Pts',(73.6350181495897,322.539015379417,177.431729987896));
#6410=CARTESIAN_POINT('Ctrl Pts',(72.6936808025591,322.60859068917,177.931729987896));
#6411=CARTESIAN_POINT('Ctrl Pts',(72.6936808025591,322.60859068917,177.431729987896));
#6412=CARTESIAN_POINT('Ctrl Pts',(72.7516672679815,322.661090024313,177.931729987896));
#6413=CARTESIAN_POINT('Ctrl Pts',(72.7516672679815,322.661090024313,177.431729987896));
#6414=CARTESIAN_POINT('Ctrl Pts',(72.8727702687465,322.770733317409,177.931729987896));
#6415=CARTESIAN_POINT('Ctrl Pts',(72.8727702687465,322.770733317409,177.431729987896));
#6416=CARTESIAN_POINT('Ctrl Pts',(73.0361991564735,322.782526586963,177.931729987896));
#6417=CARTESIAN_POINT('Ctrl Pts',(73.0361991564735,322.782526586963,177.431729987896));
#6418=CARTESIAN_POINT('Ctrl Pts',(73.1213751232378,322.788673010337,177.931729987896));
#6419=CARTESIAN_POINT('Ctrl Pts',(73.1213751232378,322.788673010337,177.431729987896));
#6420=CARTESIAN_POINT('',(72.6936808025591,322.60859068917,177.931729987896));
#6421=CARTESIAN_POINT('Ctrl Pts',(72.6936808025591,322.60859068917,177.931729987896));
#6422=CARTESIAN_POINT('Ctrl Pts',(72.7516672679815,322.661090024313,177.931729987896));
#6423=CARTESIAN_POINT('Ctrl Pts',(72.8727702687465,322.770733317409,177.931729987896));
#6424=CARTESIAN_POINT('Ctrl Pts',(73.0361991564735,322.782526586963,177.931729987896));
#6425=CARTESIAN_POINT('Ctrl Pts',(73.1213751232378,322.788673010337,177.931729987896));
#6426=CARTESIAN_POINT('',(72.6936808025591,322.60859068917,177.431729987896));
#6427=CARTESIAN_POINT('',(72.6936808025591,322.60859068917,177.931729987896));
#6428=CARTESIAN_POINT('Ctrl Pts',(72.6936808025591,322.60859068917,177.431729987896));
#6429=CARTESIAN_POINT('Ctrl Pts',(72.7516672679815,322.661090024313,177.431729987896));
#6430=CARTESIAN_POINT('Ctrl Pts',(72.8727702687465,322.770733317409,177.431729987896));
#6431=CARTESIAN_POINT('Ctrl Pts',(73.0361991564735,322.782526586963,177.431729987896));
#6432=CARTESIAN_POINT('Ctrl Pts',(73.1213751232378,322.788673010337,177.431729987896));
#6433=CARTESIAN_POINT('Ctrl Pts',(72.4378827011339,321.967049208152,177.931729987896));
#6434=CARTESIAN_POINT('Ctrl Pts',(72.4378827011339,321.967049208152,177.431729987896));
#6435=CARTESIAN_POINT('Ctrl Pts',(72.4686349196389,322.100427314371,177.931729987896));
#6436=CARTESIAN_POINT('Ctrl Pts',(72.4686349196389,322.100427314371,177.431729987896));
#6437=CARTESIAN_POINT('Ctrl Pts',(72.521119767137,322.328063885155,177.931729987896));
#6438=CARTESIAN_POINT('Ctrl Pts',(72.521119767137,322.328063885155,177.431729987896));
#6439=CARTESIAN_POINT('Ctrl Pts',(72.6431508581471,322.526445819221,177.931729987896));
#6440=CARTESIAN_POINT('Ctrl Pts',(72.6431508581471,322.526445819221,177.431729987896));
#6441=CARTESIAN_POINT('Ctrl Pts',(72.6936808025591,322.60859068917,177.931729987896));
#6442=CARTESIAN_POINT('Ctrl Pts',(72.6936808025591,322.60859068917,177.431729987896));
#6443=CARTESIAN_POINT('',(72.4378827011339,321.967049208152,177.931729987896));
#6444=CARTESIAN_POINT('Ctrl Pts',(72.4378827011339,321.967049208152,177.931729987896));
#6445=CARTESIAN_POINT('Ctrl Pts',(72.4686349196389,322.100427314371,177.931729987896));
#6446=CARTESIAN_POINT('Ctrl Pts',(72.521119767137,322.328063885155,177.931729987896));
#6447=CARTESIAN_POINT('Ctrl Pts',(72.6431508581471,322.526445819221,177.931729987896));
#6448=CARTESIAN_POINT('Ctrl Pts',(72.6936808025591,322.60859068917,177.931729987896));
#6449=CARTESIAN_POINT('',(72.4378827011339,321.967049208152,177.431729987896));
#6450=CARTESIAN_POINT('',(72.4378827011339,321.967049208152,177.931729987896));
#6451=CARTESIAN_POINT('Ctrl Pts',(72.4378827011339,321.967049208152,177.431729987896));
#6452=CARTESIAN_POINT('Ctrl Pts',(72.4686349196389,322.100427314371,177.431729987896));
#6453=CARTESIAN_POINT('Ctrl Pts',(72.521119767137,322.328063885155,177.431729987896));
#6454=CARTESIAN_POINT('Ctrl Pts',(72.6431508581471,322.526445819221,177.431729987896));
#6455=CARTESIAN_POINT('Ctrl Pts',(72.6936808025591,322.60859068917,177.431729987896));
#6456=CARTESIAN_POINT('Ctrl Pts',(72.2762182152025,321.429875460136,177.931729987896));
#6457=CARTESIAN_POINT('Ctrl Pts',(72.2762182152025,321.429875460136,177.431729987896));
#6458=CARTESIAN_POINT('Ctrl Pts',(72.3005170434064,321.48718541102,177.931729987896));
#6459=CARTESIAN_POINT('Ctrl Pts',(72.3005170434064,321.48718541102,177.431729987896));
#6460=CARTESIAN_POINT('Ctrl Pts',(72.373767142672,321.659949280785,177.931729987896));
#6461=CARTESIAN_POINT('Ctrl Pts',(72.373767142672,321.659949280785,177.431729987896));
#6462=CARTESIAN_POINT('Ctrl Pts',(72.4121993714533,321.844031505917,177.931729987896));
#6463=CARTESIAN_POINT('Ctrl Pts',(72.4121993714533,321.844031505917,177.431729987896));
#6464=CARTESIAN_POINT('Ctrl Pts',(72.4378827011339,321.967049208152,177.931729987896));
#6465=CARTESIAN_POINT('Ctrl Pts',(72.4378827011339,321.967049208152,177.431729987896));
#6466=CARTESIAN_POINT('',(72.2762182152025,321.429875460136,177.931729987896));
#6467=CARTESIAN_POINT('Ctrl Pts',(72.2762182152025,321.429875460136,177.931729987896));
#6468=CARTESIAN_POINT('Ctrl Pts',(72.3005170434064,321.48718541102,177.931729987896));
#6469=CARTESIAN_POINT('Ctrl Pts',(72.373767142672,321.659949280785,177.931729987896));
#6470=CARTESIAN_POINT('Ctrl Pts',(72.4121993714533,321.844031505917,177.931729987896));
#6471=CARTESIAN_POINT('Ctrl Pts',(72.4378827011339,321.967049208152,177.931729987896));
#6472=CARTESIAN_POINT('',(72.2762182152025,321.429875460136,177.431729987896));
#6473=CARTESIAN_POINT('',(72.2762182152025,321.429875460136,177.931729987896));
#6474=CARTESIAN_POINT('Ctrl Pts',(72.2762182152025,321.429875460136,177.431729987896));
#6475=CARTESIAN_POINT('Ctrl Pts',(72.3005170434064,321.48718541102,177.431729987896));
#6476=CARTESIAN_POINT('Ctrl Pts',(72.373767142672,321.659949280785,177.431729987896));
#6477=CARTESIAN_POINT('Ctrl Pts',(72.4121993714533,321.844031505917,177.431729987896));
#6478=CARTESIAN_POINT('Ctrl Pts',(72.4378827011339,321.967049208152,177.431729987896));
#6479=CARTESIAN_POINT('Ctrl Pts',(72.1718528663866,321.37257632302,177.931729987896));
#6480=CARTESIAN_POINT('Ctrl Pts',(72.1718528663866,321.37257632302,177.431729987896));
#6481=CARTESIAN_POINT('Ctrl Pts',(72.1918424137095,321.375367248413,177.931729987896));
#6482=CARTESIAN_POINT('Ctrl Pts',(72.1918424137095,321.375367248413,177.431729987896));
#6483=CARTESIAN_POINT('Ctrl Pts',(72.2337146231912,321.381213414451,177.931729987896));
#6484=CARTESIAN_POINT('Ctrl Pts',(72.2337146231912,321.381213414451,177.431729987896));
#6485=CARTESIAN_POINT('Ctrl Pts',(72.2616296556056,321.413173126992,177.931729987896));
#6486=CARTESIAN_POINT('Ctrl Pts',(72.2616296556056,321.413173126992,177.431729987896));
#6487=CARTESIAN_POINT('Ctrl Pts',(72.2762182152025,321.429875460136,177.931729987896));
#6488=CARTESIAN_POINT('Ctrl Pts',(72.2762182152025,321.429875460136,177.431729987896));
#6489=CARTESIAN_POINT('',(72.1718528663866,321.37257632302,177.931729987896));
#6490=CARTESIAN_POINT('Ctrl Pts',(72.1718528663866,321.37257632302,177.931729987896));
#6491=CARTESIAN_POINT('Ctrl Pts',(72.1918424137095,321.375367248413,177.931729987896));
#6492=CARTESIAN_POINT('Ctrl Pts',(72.2337146231912,321.381213414451,177.931729987896));
#6493=CARTESIAN_POINT('Ctrl Pts',(72.2616296556056,321.413173126992,177.931729987896));
#6494=CARTESIAN_POINT('Ctrl Pts',(72.2762182152025,321.429875460136,177.931729987896));
#6495=CARTESIAN_POINT('',(72.1718528663866,321.37257632302,177.431729987896));
#6496=CARTESIAN_POINT('',(72.1718528663866,321.37257632302,177.931729987896));
#6497=CARTESIAN_POINT('Ctrl Pts',(72.1718528663866,321.37257632302,177.431729987896));
#6498=CARTESIAN_POINT('Ctrl Pts',(72.1918424137095,321.375367248413,177.431729987896));
#6499=CARTESIAN_POINT('Ctrl Pts',(72.2337146231912,321.381213414451,177.431729987896));
#6500=CARTESIAN_POINT('Ctrl Pts',(72.2616296556056,321.413173126992,177.431729987896));
#6501=CARTESIAN_POINT('Ctrl Pts',(72.2762182152025,321.429875460136,177.431729987896));
#6502=CARTESIAN_POINT('Ctrl Pts',(72.055208960747,321.438060369956,177.931729987896));
#6503=CARTESIAN_POINT('Ctrl Pts',(72.055208960747,321.438060369956,177.431729987896));
#6504=CARTESIAN_POINT('Ctrl Pts',(72.0709330548677,321.418966868492,177.931729987896));
#6505=CARTESIAN_POINT('Ctrl Pts',(72.0709330548677,321.418966868492,177.431729987896));
#6506=CARTESIAN_POINT('Ctrl Pts',(72.1014363693195,321.381927209822,177.931729987896));
#6507=CARTESIAN_POINT('Ctrl Pts',(72.1014363693195,321.381927209822,177.431729987896));
#6508=CARTESIAN_POINT('Ctrl Pts',(72.1488704752708,321.375628246173,177.931729987896));
#6509=CARTESIAN_POINT('Ctrl Pts',(72.1488704752708,321.375628246173,177.431729987896));
#6510=CARTESIAN_POINT('Ctrl Pts',(72.1718528663866,321.37257632302,177.931729987896));
#6511=CARTESIAN_POINT('Ctrl Pts',(72.1718528663866,321.37257632302,177.431729987896));
#6512=CARTESIAN_POINT('',(72.055208960747,321.438060369956,177.931729987896));
#6513=CARTESIAN_POINT('Ctrl Pts',(72.055208960747,321.438060369956,177.931729987896));
#6514=CARTESIAN_POINT('Ctrl Pts',(72.0709330548677,321.418966868492,177.931729987896));
#6515=CARTESIAN_POINT('Ctrl Pts',(72.1014363693195,321.381927209822,177.931729987896));
#6516=CARTESIAN_POINT('Ctrl Pts',(72.1488704752708,321.375628246173,177.931729987896));
#6517=CARTESIAN_POINT('Ctrl Pts',(72.1718528663866,321.37257632302,177.931729987896));
#6518=CARTESIAN_POINT('',(72.055208960747,321.438060369956,177.431729987896));
#6519=CARTESIAN_POINT('',(72.055208960747,321.438060369956,177.931729987896));
#6520=CARTESIAN_POINT('Ctrl Pts',(72.055208960747,321.438060369956,177.431729987896));
#6521=CARTESIAN_POINT('Ctrl Pts',(72.0709330548677,321.418966868492,177.431729987896));
#6522=CARTESIAN_POINT('Ctrl Pts',(72.1014363693195,321.381927209822,177.431729987896));
#6523=CARTESIAN_POINT('Ctrl Pts',(72.1488704752708,321.375628246173,177.431729987896));
#6524=CARTESIAN_POINT('Ctrl Pts',(72.1718528663866,321.37257632302,177.431729987896));
#6525=CARTESIAN_POINT('Ctrl Pts',(71.9917705452196,321.763434973228,177.931729987896));
#6526=CARTESIAN_POINT('Ctrl Pts',(71.9917705452196,321.763434973228,177.431729987896));
#6527=CARTESIAN_POINT('Ctrl Pts',(71.9920723567377,321.697371833716,177.931729987896));
#6528=CARTESIAN_POINT('Ctrl Pts',(71.9920723567377,321.697371833716,177.431729987896));
#6529=CARTESIAN_POINT('Ctrl Pts',(71.9925884776197,321.584398789937,177.931729987896));
#6530=CARTESIAN_POINT('Ctrl Pts',(71.9925884776197,321.584398789937,177.431729987896));
#6531=CARTESIAN_POINT('Ctrl Pts',(72.0368360141348,321.480996288738,177.931729987896));
#6532=CARTESIAN_POINT('Ctrl Pts',(72.0368360141348,321.480996288738,177.431729987896));
#6533=CARTESIAN_POINT('Ctrl Pts',(72.055208960747,321.438060369956,177.931729987896));
#6534=CARTESIAN_POINT('Ctrl Pts',(72.055208960747,321.438060369956,177.431729987896));
#6535=CARTESIAN_POINT('',(71.9917705452196,321.763434973228,177.931729987896));
#6536=CARTESIAN_POINT('Ctrl Pts',(71.9917705452196,321.763434973228,177.931729987896));
#6537=CARTESIAN_POINT('Ctrl Pts',(71.9920723567377,321.697371833716,177.931729987896));
#6538=CARTESIAN_POINT('Ctrl Pts',(71.9925884776197,321.584398789937,177.931729987896));
#6539=CARTESIAN_POINT('Ctrl Pts',(72.0368360141348,321.480996288738,177.931729987896));
#6540=CARTESIAN_POINT('Ctrl Pts',(72.055208960747,321.438060369956,177.931729987896));
#6541=CARTESIAN_POINT('',(71.9917705452196,321.763434973228,177.431729987896));
#6542=CARTESIAN_POINT('',(71.9917705452196,321.763434973228,177.931729987896));
#6543=CARTESIAN_POINT('Ctrl Pts',(71.9917705452196,321.763434973228,177.431729987896));
#6544=CARTESIAN_POINT('Ctrl Pts',(71.9920723567377,321.697371833716,177.431729987896));
#6545=CARTESIAN_POINT('Ctrl Pts',(71.9925884776197,321.584398789937,177.431729987896));
#6546=CARTESIAN_POINT('Ctrl Pts',(72.0368360141348,321.480996288738,177.431729987896));
#6547=CARTESIAN_POINT('Ctrl Pts',(72.055208960747,321.438060369956,177.431729987896));
#6548=CARTESIAN_POINT('Ctrl Pts',(72.0593014156572,322.040720549094,177.931729987896));
#6549=CARTESIAN_POINT('Ctrl Pts',(72.0593014156572,322.040720549094,177.431729987896));
#6550=CARTESIAN_POINT('Ctrl Pts',(72.0396667493955,322.002132412305,177.931729987896));
#6551=CARTESIAN_POINT('Ctrl Pts',(72.0396667493955,322.002132412305,177.431729987896));
#6552=CARTESIAN_POINT('Ctrl Pts',(71.9955144373593,321.915359587461,177.931729987896));
#6553=CARTESIAN_POINT('Ctrl Pts',(71.9955144373593,321.915359587461,177.431729987896));
#6554=CARTESIAN_POINT('Ctrl Pts',(71.9931072494237,321.817677526958,177.931729987896));
#6555=CARTESIAN_POINT('Ctrl Pts',(71.9931072494237,321.817677526958,177.431729987896));
#6556=CARTESIAN_POINT('Ctrl Pts',(71.9917705452196,321.763434973228,177.931729987896));
#6557=CARTESIAN_POINT('Ctrl Pts',(71.9917705452196,321.763434973228,177.431729987896));
#6558=CARTESIAN_POINT('',(72.0593014156572,322.040720549094,177.931729987896));
#6559=CARTESIAN_POINT('Ctrl Pts',(72.0593014156572,322.040720549094,177.931729987896));
#6560=CARTESIAN_POINT('Ctrl Pts',(72.0396667493955,322.002132412305,177.931729987896));
#6561=CARTESIAN_POINT('Ctrl Pts',(71.9955144373593,321.915359587461,177.931729987896));
#6562=CARTESIAN_POINT('Ctrl Pts',(71.9931072494237,321.817677526958,177.931729987896));
#6563=CARTESIAN_POINT('Ctrl Pts',(71.9917705452196,321.763434973228,177.931729987896));
#6564=CARTESIAN_POINT('',(72.0593014156572,322.040720549094,177.431729987896));
#6565=CARTESIAN_POINT('',(72.0593014156572,322.040720549094,177.931729987896));
#6566=CARTESIAN_POINT('Ctrl Pts',(72.0593014156572,322.040720549094,177.431729987896));
#6567=CARTESIAN_POINT('Ctrl Pts',(72.0396667493955,322.002132412305,177.431729987896));
#6568=CARTESIAN_POINT('Ctrl Pts',(71.9955144373593,321.915359587461,177.431729987896));
#6569=CARTESIAN_POINT('Ctrl Pts',(71.9931072494237,321.817677526958,177.431729987896));
#6570=CARTESIAN_POINT('Ctrl Pts',(71.9917705452196,321.763434973228,177.431729987896));
#6571=CARTESIAN_POINT('Ctrl Pts',(72.2537079250567,322.172713842856,177.931729987896));
#6572=CARTESIAN_POINT('Ctrl Pts',(72.2537079250567,322.172713842856,177.431729987896));
#6573=CARTESIAN_POINT('Ctrl Pts',(72.2142382920807,322.159008086892,177.931729987896));
#6574=CARTESIAN_POINT('Ctrl Pts',(72.2142382920807,322.159008086892,177.431729987896));
#6575=CARTESIAN_POINT('Ctrl Pts',(72.1375183511708,322.132367231418,177.931729987896));
#6576=CARTESIAN_POINT('Ctrl Pts',(72.1375183511708,322.132367231418,177.431729987896));
#6577=CARTESIAN_POINT('Ctrl Pts',(72.0848660253961,322.070674569308,177.931729987896));
#6578=CARTESIAN_POINT('Ctrl Pts',(72.0848660253961,322.070674569308,177.431729987896));
#6579=CARTESIAN_POINT('Ctrl Pts',(72.0593014156572,322.040720549094,177.931729987896));
#6580=CARTESIAN_POINT('Ctrl Pts',(72.0593014156572,322.040720549094,177.431729987896));
#6581=CARTESIAN_POINT('',(72.2537079250567,322.172713842856,177.931729987896));
#6582=CARTESIAN_POINT('Ctrl Pts',(72.2537079250567,322.172713842856,177.931729987896));
#6583=CARTESIAN_POINT('Ctrl Pts',(72.2142382920807,322.159008086892,177.931729987896));
#6584=CARTESIAN_POINT('Ctrl Pts',(72.1375183511708,322.132367231418,177.931729987896));
#6585=CARTESIAN_POINT('Ctrl Pts',(72.0848660253961,322.070674569308,177.931729987896));
#6586=CARTESIAN_POINT('Ctrl Pts',(72.0593014156572,322.040720549094,177.931729987896));
#6587=CARTESIAN_POINT('',(72.2537079250567,322.172713842856,177.431729987896));
#6588=CARTESIAN_POINT('',(72.2537079250567,322.172713842856,177.931729987896));
#6589=CARTESIAN_POINT('Ctrl Pts',(72.2537079250567,322.172713842856,177.431729987896));
#6590=CARTESIAN_POINT('Ctrl Pts',(72.2142382920807,322.159008086892,177.431729987896));
#6591=CARTESIAN_POINT('Ctrl Pts',(72.1375183511708,322.132367231418,177.431729987896));
#6592=CARTESIAN_POINT('Ctrl Pts',(72.0848660253961,322.070674569308,177.431729987896));
#6593=CARTESIAN_POINT('Ctrl Pts',(72.0593014156572,322.040720549094,177.431729987896));
#6594=CARTESIAN_POINT('Origin',(72.153435031151,322.71500405358,177.931729987896));
#6595=CARTESIAN_POINT('',(72.153435031151,322.71500405358,177.931729987896));
#6596=CARTESIAN_POINT('',(71.8287407697645,324.470997249447,177.931729987896));
#6597=CARTESIAN_POINT('',(72.153435031151,322.71500405358,177.431729987896));
#6598=CARTESIAN_POINT('',(72.153435031151,322.71500405358,177.931729987896));
#6599=CARTESIAN_POINT('',(72.153435031151,322.71500405358,177.431729987896));
#6600=CARTESIAN_POINT('Ctrl Pts',(71.7236938869707,322.416232195365,177.931729987896));
#6601=CARTESIAN_POINT('Ctrl Pts',(71.7236938869707,322.416232195365,177.431729987896));
#6602=CARTESIAN_POINT('Ctrl Pts',(71.7794571921547,322.483334687658,177.931729987896));
#6603=CARTESIAN_POINT('Ctrl Pts',(71.7794571921547,322.483334687658,177.431729987896));
#6604=CARTESIAN_POINT('Ctrl Pts',(71.8949520950661,322.622314897081,177.931729987896));
#6605=CARTESIAN_POINT('Ctrl Pts',(71.8949520950661,322.622314897081,177.431729987896));
#6606=CARTESIAN_POINT('Ctrl Pts',(72.0653227952659,322.683407968573,177.931729987896));
#6607=CARTESIAN_POINT('Ctrl Pts',(72.0653227952659,322.683407968573,177.431729987896));
#6608=CARTESIAN_POINT('Ctrl Pts',(72.153435031151,322.71500405358,177.931729987896));
#6609=CARTESIAN_POINT('Ctrl Pts',(72.153435031151,322.71500405358,177.431729987896));
#6610=CARTESIAN_POINT('',(71.7236938869707,322.416232195365,177.931729987896));
#6611=CARTESIAN_POINT('Ctrl Pts',(71.7236938869707,322.416232195365,177.931729987896));
#6612=CARTESIAN_POINT('Ctrl Pts',(71.7794571921547,322.483334687658,177.931729987896));
#6613=CARTESIAN_POINT('Ctrl Pts',(71.8949520950661,322.622314897081,177.931729987896));
#6614=CARTESIAN_POINT('Ctrl Pts',(72.0653227952659,322.683407968573,177.931729987896));
#6615=CARTESIAN_POINT('Ctrl Pts',(72.153435031151,322.71500405358,177.931729987896));
#6616=CARTESIAN_POINT('',(71.7236938869707,322.416232195365,177.431729987896));
#6617=CARTESIAN_POINT('',(71.7236938869707,322.416232195365,177.931729987896));
#6618=CARTESIAN_POINT('Ctrl Pts',(71.7236938869707,322.416232195365,177.431729987896));
#6619=CARTESIAN_POINT('Ctrl Pts',(71.7794571921547,322.483334687658,177.431729987896));
#6620=CARTESIAN_POINT('Ctrl Pts',(71.8949520950661,322.622314897081,177.431729987896));
#6621=CARTESIAN_POINT('Ctrl Pts',(72.0653227952659,322.683407968573,177.431729987896));
#6622=CARTESIAN_POINT('Ctrl Pts',(72.153435031151,322.71500405358,177.431729987896));
#6623=CARTESIAN_POINT('Ctrl Pts',(71.5784016048662,321.753202047813,177.931729987896));
#6624=CARTESIAN_POINT('Ctrl Pts',(71.5784016048662,321.753202047813,177.431729987896));
#6625=CARTESIAN_POINT('Ctrl Pts',(71.5802671436989,321.885266173857,177.931729987896));
#6626=CARTESIAN_POINT('Ctrl Pts',(71.5802671436989,321.885266173857,177.431729987896));
#6627=CARTESIAN_POINT('Ctrl Pts',(71.5835423256508,322.117120925175,177.931729987896));
#6628=CARTESIAN_POINT('Ctrl Pts',(71.5835423256508,322.117120925175,177.431729987896));
#6629=CARTESIAN_POINT('Ctrl Pts',(71.6815229027679,322.326230938645,177.931729987896));
#6630=CARTESIAN_POINT('Ctrl Pts',(71.6815229027679,322.326230938645,177.431729987896));
#6631=CARTESIAN_POINT('Ctrl Pts',(71.7236938869707,322.416232195365,177.931729987896));
#6632=CARTESIAN_POINT('Ctrl Pts',(71.7236938869707,322.416232195365,177.431729987896));
#6633=CARTESIAN_POINT('',(71.5784016048662,321.753202047813,177.931729987896));
#6634=CARTESIAN_POINT('Ctrl Pts',(71.5784016048662,321.753202047813,177.931729987896));
#6635=CARTESIAN_POINT('Ctrl Pts',(71.5802671436989,321.885266173857,177.931729987896));
#6636=CARTESIAN_POINT('Ctrl Pts',(71.5835423256508,322.117120925175,177.931729987896));
#6637=CARTESIAN_POINT('Ctrl Pts',(71.6815229027679,322.326230938645,177.931729987896));
#6638=CARTESIAN_POINT('Ctrl Pts',(71.7236938869707,322.416232195365,177.931729987896));
#6639=CARTESIAN_POINT('',(71.5784016048662,321.753202047813,177.431729987896));
#6640=CARTESIAN_POINT('',(71.5784016048662,321.753202047813,177.931729987896));
#6641=CARTESIAN_POINT('Ctrl Pts',(71.5784016048662,321.753202047813,177.431729987896));
#6642=CARTESIAN_POINT('Ctrl Pts',(71.5802671436989,321.885266173857,177.431729987896));
#6643=CARTESIAN_POINT('Ctrl Pts',(71.5835423256508,322.117120925175,177.431729987896));
#6644=CARTESIAN_POINT('Ctrl Pts',(71.6815229027679,322.326230938645,177.431729987896));
#6645=CARTESIAN_POINT('Ctrl Pts',(71.7236938869707,322.416232195365,177.431729987896));
#6646=CARTESIAN_POINT('Ctrl Pts',(71.7707612907641,321.061525907981,177.931729987896));
#6647=CARTESIAN_POINT('Ctrl Pts',(71.7707612907641,321.061525907981,177.431729987896));
#6648=CARTESIAN_POINT('Ctrl Pts',(71.7148791167227,321.153987019085,177.931729987896));
#6649=CARTESIAN_POINT('Ctrl Pts',(71.7148791167227,321.153987019085,177.431729987896));
#6650=CARTESIAN_POINT('Ctrl Pts',(71.5871502623404,321.365323675161,177.931729987896));
#6651=CARTESIAN_POINT('Ctrl Pts',(71.5871502623404,321.365323675161,177.431729987896));
#6652=CARTESIAN_POINT('Ctrl Pts',(71.5815510991057,321.613566829048,177.931729987896));
#6653=CARTESIAN_POINT('Ctrl Pts',(71.5815510991057,321.613566829048,177.431729987896));
#6654=CARTESIAN_POINT('Ctrl Pts',(71.5784016048662,321.753202047813,177.931729987896));
#6655=CARTESIAN_POINT('Ctrl Pts',(71.5784016048662,321.753202047813,177.431729987896));
#6656=CARTESIAN_POINT('',(71.7707612907641,321.061525907981,177.931729987896));
#6657=CARTESIAN_POINT('Ctrl Pts',(71.7707612907641,321.061525907981,177.931729987896));
#6658=CARTESIAN_POINT('Ctrl Pts',(71.7148791167227,321.153987019085,177.931729987896));
#6659=CARTESIAN_POINT('Ctrl Pts',(71.5871502623404,321.365323675161,177.931729987896));
#6660=CARTESIAN_POINT('Ctrl Pts',(71.5815510991057,321.613566829048,177.931729987896));
#6661=CARTESIAN_POINT('Ctrl Pts',(71.5784016048662,321.753202047813,177.931729987896));
#6662=CARTESIAN_POINT('',(71.7707612907641,321.061525907981,177.431729987896));
#6663=CARTESIAN_POINT('',(71.7707612907641,321.061525907981,177.931729987896));
#6664=CARTESIAN_POINT('Ctrl Pts',(71.7707612907641,321.061525907981,177.431729987896));
#6665=CARTESIAN_POINT('Ctrl Pts',(71.7148791167227,321.153987019085,177.431729987896));
#6666=CARTESIAN_POINT('Ctrl Pts',(71.5871502623404,321.365323675161,177.431729987896));
#6667=CARTESIAN_POINT('Ctrl Pts',(71.5815510991057,321.613566829048,177.431729987896));
#6668=CARTESIAN_POINT('Ctrl Pts',(71.5784016048662,321.753202047813,177.431729987896));
#6669=CARTESIAN_POINT('Ctrl Pts',(72.2455230152361,320.838468637931,177.931729987896));
#6670=CARTESIAN_POINT('Ctrl Pts',(72.2455230152361,320.838468637931,177.431729987896));
#6671=CARTESIAN_POINT('Ctrl Pts',(72.1547636272312,320.848204182914,177.931729987896));
#6672=CARTESIAN_POINT('Ctrl Pts',(72.1547636272312,320.848204182914,177.431729987896));
#6673=CARTESIAN_POINT('Ctrl Pts',(71.9710214561694,320.867913771211,177.931729987896));
#6674=CARTESIAN_POINT('Ctrl Pts',(71.9710214561694,320.867913771211,177.431729987896));
#6675=CARTESIAN_POINT('Ctrl Pts',(71.8380510210095,320.996469992197,177.931729987896));
#6676=CARTESIAN_POINT('Ctrl Pts',(71.8380510210095,320.996469992197,177.431729987896));
#6677=CARTESIAN_POINT('Ctrl Pts',(71.7707612907641,321.061525907981,177.931729987896));
#6678=CARTESIAN_POINT('Ctrl Pts',(71.7707612907641,321.061525907981,177.431729987896));
#6679=CARTESIAN_POINT('',(72.2455230152361,320.838468637931,177.931729987896));
#6680=CARTESIAN_POINT('Ctrl Pts',(72.2455230152361,320.838468637931,177.931729987896));
#6681=CARTESIAN_POINT('Ctrl Pts',(72.1547636272312,320.848204182914,177.931729987896));
#6682=CARTESIAN_POINT('Ctrl Pts',(71.9710214561694,320.867913771211,177.931729987896));
#6683=CARTESIAN_POINT('Ctrl Pts',(71.8380510210095,320.996469992197,177.931729987896));
#6684=CARTESIAN_POINT('Ctrl Pts',(71.7707612907641,321.061525907981,177.931729987896));
#6685=CARTESIAN_POINT('',(72.2455230152361,320.838468637931,177.431729987896));
#6686=CARTESIAN_POINT('',(72.2455230152361,320.838468637931,177.931729987896));
#6687=CARTESIAN_POINT('Ctrl Pts',(72.2455230152361,320.838468637931,177.431729987896));
#6688=CARTESIAN_POINT('Ctrl Pts',(72.1547636272312,320.848204182914,177.431729987896));
#6689=CARTESIAN_POINT('Ctrl Pts',(71.9710214561694,320.867913771211,177.431729987896));
#6690=CARTESIAN_POINT('Ctrl Pts',(71.8380510210095,320.996469992197,177.431729987896));
#6691=CARTESIAN_POINT('Ctrl Pts',(71.7707612907641,321.061525907981,177.431729987896));
#6692=CARTESIAN_POINT('Ctrl Pts',(72.7346089279406,321.096313562858,177.931729987896));
#6693=CARTESIAN_POINT('Ctrl Pts',(72.7346089279406,321.096313562858,177.431729987896));
#6694=CARTESIAN_POINT('Ctrl Pts',(72.6701869510741,321.021108809448,177.931729987896));
#6695=CARTESIAN_POINT('Ctrl Pts',(72.6701869510741,321.021108809448,177.431729987896));
#6696=CARTESIAN_POINT('Ctrl Pts',(72.5412304204539,320.870567882927,177.931729987896));
#6697=CARTESIAN_POINT('Ctrl Pts',(72.5412304204539,320.870567882927,177.431729987896));
#6698=CARTESIAN_POINT('Ctrl Pts',(72.3441494997542,320.849174611585,177.931729987896));
#6699=CARTESIAN_POINT('Ctrl Pts',(72.3441494997542,320.849174611585,177.431729987896));
#6700=CARTESIAN_POINT('Ctrl Pts',(72.2455230152361,320.838468637931,177.931729987896));
#6701=CARTESIAN_POINT('Ctrl Pts',(72.2455230152361,320.838468637931,177.431729987896));
#6702=CARTESIAN_POINT('',(72.7346089279406,321.096313562858,177.931729987896));
#6703=CARTESIAN_POINT('Ctrl Pts',(72.7346089279406,321.096313562858,177.931729987896));
#6704=CARTESIAN_POINT('Ctrl Pts',(72.6701869510741,321.021108809448,177.931729987896));
#6705=CARTESIAN_POINT('Ctrl Pts',(72.5412304204539,320.870567882927,177.931729987896));
#6706=CARTESIAN_POINT('Ctrl Pts',(72.3441494997542,320.849174611585,177.931729987896));
#6707=CARTESIAN_POINT('Ctrl Pts',(72.2455230152361,320.838468637931,177.931729987896));
#6708=CARTESIAN_POINT('',(72.7346089279406,321.096313562858,177.431729987896));
#6709=CARTESIAN_POINT('',(72.7346089279406,321.096313562858,177.931729987896));
#6710=CARTESIAN_POINT('Ctrl Pts',(72.7346089279406,321.096313562858,177.431729987896));
#6711=CARTESIAN_POINT('Ctrl Pts',(72.6701869510741,321.021108809448,177.431729987896));
#6712=CARTESIAN_POINT('Ctrl Pts',(72.5412304204539,320.870567882927,177.431729987896));
#6713=CARTESIAN_POINT('Ctrl Pts',(72.3441494997542,320.849174611585,177.431729987896));
#6714=CARTESIAN_POINT('Ctrl Pts',(72.2455230152361,320.838468637931,177.431729987896));
#6715=CARTESIAN_POINT('Ctrl Pts',(73.0149629509203,321.978307333457,177.931729987896));
#6716=CARTESIAN_POINT('Ctrl Pts',(73.0149629509203,321.978307333457,177.431729987896));
#6717=CARTESIAN_POINT('Ctrl Pts',(72.9747869750238,321.7858665378,177.931729987896));
#6718=CARTESIAN_POINT('Ctrl Pts',(72.9747869750238,321.7858665378,177.431729987896));
#6719=CARTESIAN_POINT('Ctrl Pts',(72.9112836311606,321.481688885677,177.931729987896));
#6720=CARTESIAN_POINT('Ctrl Pts',(72.9112836311606,321.481688885677,177.431729987896));
#6721=CARTESIAN_POINT('Ctrl Pts',(72.7820731917428,321.199845962527,177.931729987896));
#6722=CARTESIAN_POINT('Ctrl Pts',(72.7820731917428,321.199845962527,177.431729987896));
#6723=CARTESIAN_POINT('Ctrl Pts',(72.7346089279406,321.096313562858,177.931729987896));
#6724=CARTESIAN_POINT('Ctrl Pts',(72.7346089279406,321.096313562858,177.431729987896));
#6725=CARTESIAN_POINT('',(73.0149629509203,321.978307333457,177.931729987896));
#6726=CARTESIAN_POINT('Ctrl Pts',(73.0149629509203,321.978307333457,177.931729987896));
#6727=CARTESIAN_POINT('Ctrl Pts',(72.9747869750238,321.7858665378,177.931729987896));
#6728=CARTESIAN_POINT('Ctrl Pts',(72.9112836311606,321.481688885677,177.931729987896));
#6729=CARTESIAN_POINT('Ctrl Pts',(72.7820731917428,321.199845962527,177.931729987896));
#6730=CARTESIAN_POINT('Ctrl Pts',(72.7346089279406,321.096313562858,177.931729987896));
#6731=CARTESIAN_POINT('',(73.0149629509203,321.978307333457,177.431729987896));
#6732=CARTESIAN_POINT('',(73.0149629509203,321.978307333457,177.931729987896));
#6733=CARTESIAN_POINT('Ctrl Pts',(73.0149629509203,321.978307333457,177.431729987896));
#6734=CARTESIAN_POINT('Ctrl Pts',(72.9747869750238,321.7858665378,177.431729987896));
#6735=CARTESIAN_POINT('Ctrl Pts',(72.9112836311606,321.481688885677,177.431729987896));
#6736=CARTESIAN_POINT('Ctrl Pts',(72.7820731917428,321.199845962527,177.431729987896));
#6737=CARTESIAN_POINT('Ctrl Pts',(72.7346089279406,321.096313562858,177.431729987896));
#6738=CARTESIAN_POINT('Ctrl Pts',(73.0906799232714,322.170665827262,177.931729987896));
#6739=CARTESIAN_POINT('Ctrl Pts',(73.0906799232714,322.170665827262,177.431729987896));
#6740=CARTESIAN_POINT('Ctrl Pts',(73.0764784434114,322.147927671648,177.931729987896));
#6741=CARTESIAN_POINT('Ctrl Pts',(73.0764784434114,322.147927671648,177.431729987896));
#6742=CARTESIAN_POINT('Ctrl Pts',(73.0395345394279,322.088776354598,177.931729987896));
#6743=CARTESIAN_POINT('Ctrl Pts',(73.0395345394279,322.088776354598,177.431729987896));
#6744=CARTESIAN_POINT('Ctrl Pts',(73.0243255219638,322.020399608371,177.931729987896));
#6745=CARTESIAN_POINT('Ctrl Pts',(73.0243255219638,322.020399608371,177.431729987896));
#6746=CARTESIAN_POINT('Ctrl Pts',(73.0149629509203,321.978307333457,177.931729987896));
#6747=CARTESIAN_POINT('Ctrl Pts',(73.0149629509203,321.978307333457,177.431729987896));
#6748=CARTESIAN_POINT('',(73.0906799232714,322.170665827262,177.931729987896));
#6749=CARTESIAN_POINT('Ctrl Pts',(73.0906799232714,322.170665827262,177.931729987896));
#6750=CARTESIAN_POINT('Ctrl Pts',(73.0764784434114,322.147927671648,177.931729987896));
#6751=CARTESIAN_POINT('Ctrl Pts',(73.0395345394279,322.088776354598,177.931729987896));
#6752=CARTESIAN_POINT('Ctrl Pts',(73.0243255219638,322.020399608371,177.931729987896));
#6753=CARTESIAN_POINT('Ctrl Pts',(73.0149629509203,321.978307333457,177.931729987896));
#6754=CARTESIAN_POINT('',(73.0906799232714,322.170665827262,177.431729987896));
#6755=CARTESIAN_POINT('',(73.0906799232714,322.170665827262,177.931729987896));
#6756=CARTESIAN_POINT('Ctrl Pts',(73.0906799232714,322.170665827262,177.431729987896));
#6757=CARTESIAN_POINT('Ctrl Pts',(73.0764784434114,322.147927671648,177.431729987896));
#6758=CARTESIAN_POINT('Ctrl Pts',(73.0395345394279,322.088776354598,177.431729987896));
#6759=CARTESIAN_POINT('Ctrl Pts',(73.0243255219638,322.020399608371,177.431729987896));
#6760=CARTESIAN_POINT('Ctrl Pts',(73.0149629509203,321.978307333457,177.431729987896));
#6761=CARTESIAN_POINT('Ctrl Pts',(73.1991377269976,322.211595144736,177.931729987896));
#6762=CARTESIAN_POINT('Ctrl Pts',(73.1991377269976,322.211595144736,177.431729987896));
#6763=CARTESIAN_POINT('Ctrl Pts',(73.1784565561342,322.210085487444,177.931729987896));
#6764=CARTESIAN_POINT('Ctrl Pts',(73.1784565561342,322.210085487444,177.431729987896));
#6765=CARTESIAN_POINT('Ctrl Pts',(73.1381973761841,322.207146700033,177.931729987896));
#6766=CARTESIAN_POINT('Ctrl Pts',(73.1381973761841,322.207146700033,177.431729987896));
#6767=CARTESIAN_POINT('Ctrl Pts',(73.1062270627657,322.18260193038,177.931729987896));
#6768=CARTESIAN_POINT('Ctrl Pts',(73.1062270627657,322.18260193038,177.431729987896));
#6769=CARTESIAN_POINT('Ctrl Pts',(73.0906799232714,322.170665827262,177.931729987896));
#6770=CARTESIAN_POINT('Ctrl Pts',(73.0906799232714,322.170665827262,177.431729987896));
#6771=CARTESIAN_POINT('',(73.1991377269976,322.211595144736,177.931729987896));
#6772=CARTESIAN_POINT('Ctrl Pts',(73.1991377269976,322.211595144736,177.931729987896));
#6773=CARTESIAN_POINT('Ctrl Pts',(73.1784565561342,322.210085487444,177.931729987896));
#6774=CARTESIAN_POINT('Ctrl Pts',(73.1381973761841,322.207146700033,177.931729987896));
#6775=CARTESIAN_POINT('Ctrl Pts',(73.1062270627657,322.18260193038,177.931729987896));
#6776=CARTESIAN_POINT('Ctrl Pts',(73.0906799232714,322.170665827262,177.931729987896));
#6777=CARTESIAN_POINT('',(73.1991377269976,322.211595144736,177.431729987896));
#6778=CARTESIAN_POINT('',(73.1991377269976,322.211595144736,177.931729987896));
#6779=CARTESIAN_POINT('Ctrl Pts',(73.1991377269976,322.211595144736,177.431729987896));
#6780=CARTESIAN_POINT('Ctrl Pts',(73.1784565561342,322.210085487444,177.431729987896));
#6781=CARTESIAN_POINT('Ctrl Pts',(73.1381973761841,322.207146700033,177.431729987896));
#6782=CARTESIAN_POINT('Ctrl Pts',(73.1062270627657,322.18260193038,177.431729987896));
#6783=CARTESIAN_POINT('Ctrl Pts',(73.0906799232714,322.170665827262,177.431729987896));
#6784=CARTESIAN_POINT('Ctrl Pts',(73.3526173031084,322.135878172385,177.931729987896));
#6785=CARTESIAN_POINT('Ctrl Pts',(73.3526173031084,322.135878172385,177.431729987896));
#6786=CARTESIAN_POINT('Ctrl Pts',(73.3318374360037,322.157961605201,177.931729987896));
#6787=CARTESIAN_POINT('Ctrl Pts',(73.3318374360037,322.157961605201,177.431729987896));
#6788=CARTESIAN_POINT('Ctrl Pts',(73.2901202295738,322.202295821623,177.931729987896));
#6789=CARTESIAN_POINT('Ctrl Pts',(73.2901202295738,322.202295821623,177.431729987896));
#6790=CARTESIAN_POINT('Ctrl Pts',(73.2295414511988,322.208487579576,177.931729987896));
#6791=CARTESIAN_POINT('Ctrl Pts',(73.2295414511988,322.208487579576,177.431729987896));
#6792=CARTESIAN_POINT('Ctrl Pts',(73.1991377269976,322.211595144736,177.931729987896));
#6793=CARTESIAN_POINT('Ctrl Pts',(73.1991377269976,322.211595144736,177.431729987896));
#6794=CARTESIAN_POINT('',(73.3526173031084,322.135878172385,177.931729987896));
#6795=CARTESIAN_POINT('Ctrl Pts',(73.3526173031084,322.135878172385,177.931729987896));
#6796=CARTESIAN_POINT('Ctrl Pts',(73.3318374360037,322.157961605201,177.931729987896));
#6797=CARTESIAN_POINT('Ctrl Pts',(73.2901202295738,322.202295821623,177.931729987896));
#6798=CARTESIAN_POINT('Ctrl Pts',(73.2295414511988,322.208487579576,177.931729987896));
#6799=CARTESIAN_POINT('Ctrl Pts',(73.1991377269976,322.211595144736,177.931729987896));
#6800=CARTESIAN_POINT('',(73.3526173031084,322.135878172385,177.431729987896));
#6801=CARTESIAN_POINT('',(73.3526173031084,322.135878172385,177.931729987896));
#6802=CARTESIAN_POINT('Ctrl Pts',(73.3526173031084,322.135878172385,177.431729987896));
#6803=CARTESIAN_POINT('Ctrl Pts',(73.3318374360037,322.157961605201,177.431729987896));
#6804=CARTESIAN_POINT('Ctrl Pts',(73.2901202295738,322.202295821623,177.431729987896));
#6805=CARTESIAN_POINT('Ctrl Pts',(73.2295414511988,322.208487579576,177.431729987896));
#6806=CARTESIAN_POINT('Ctrl Pts',(73.1991377269976,322.211595144736,177.431729987896));
#6807=CARTESIAN_POINT('Ctrl Pts',(73.4344723617785,321.800270643699,177.931729987896));
#6808=CARTESIAN_POINT('Ctrl Pts',(73.4344723617785,321.800270643699,177.431729987896));
#6809=CARTESIAN_POINT('Ctrl Pts',(73.4331197949194,321.866860089992,177.931729987896));
#6810=CARTESIAN_POINT('Ctrl Pts',(73.4331197949194,321.866860089992,177.431729987896));
#6811=CARTESIAN_POINT('Ctrl Pts',(73.4307138507689,321.985309309513,177.931729987896));
#6812=CARTESIAN_POINT('Ctrl Pts',(73.4307138507689,321.985309309513,177.431729987896));
#6813=CARTESIAN_POINT('Ctrl Pts',(73.3763980159535,322.090029348095,177.931729987896));
#6814=CARTESIAN_POINT('Ctrl Pts',(73.3763980159535,322.090029348095,177.431729987896));
#6815=CARTESIAN_POINT('Ctrl Pts',(73.3526173031084,322.135878172385,177.931729987896));
#6816=CARTESIAN_POINT('Ctrl Pts',(73.3526173031084,322.135878172385,177.431729987896));
#6817=CARTESIAN_POINT('',(73.4344723617785,321.800270643699,177.931729987896));
#6818=CARTESIAN_POINT('Ctrl Pts',(73.4344723617785,321.800270643699,177.931729987896));
#6819=CARTESIAN_POINT('Ctrl Pts',(73.4331197949194,321.866860089992,177.931729987896));
#6820=CARTESIAN_POINT('Ctrl Pts',(73.4307138507689,321.985309309513,177.931729987896));
#6821=CARTESIAN_POINT('Ctrl Pts',(73.3763980159535,322.090029348095,177.931729987896));
#6822=CARTESIAN_POINT('Ctrl Pts',(73.3526173031084,322.135878172385,177.931729987896));
#6823=CARTESIAN_POINT('',(73.4344723617785,321.800270643699,177.431729987896));
#6824=CARTESIAN_POINT('',(73.4344723617785,321.800270643699,177.931729987896));
#6825=CARTESIAN_POINT('Ctrl Pts',(73.4344723617785,321.800270643699,177.431729987896));
#6826=CARTESIAN_POINT('Ctrl Pts',(73.4331197949194,321.866860089992,177.431729987896));
#6827=CARTESIAN_POINT('Ctrl Pts',(73.4307138507689,321.985309309513,177.431729987896));
#6828=CARTESIAN_POINT('Ctrl Pts',(73.3763980159535,322.090029348095,177.431729987896));
#6829=CARTESIAN_POINT('Ctrl Pts',(73.3526173031084,322.135878172385,177.431729987896));
#6830=CARTESIAN_POINT('Ctrl Pts',(73.3475008404009,321.485126581657,177.931729987896));
#6831=CARTESIAN_POINT('Ctrl Pts',(73.3475008404009,321.485126581657,177.431729987896));
#6832=CARTESIAN_POINT('Ctrl Pts',(73.3728076622398,321.529102782144,177.931729987896));
#6833=CARTESIAN_POINT('Ctrl Pts',(73.3728076622398,321.529102782144,177.431729987896));
#6834=CARTESIAN_POINT('Ctrl Pts',(73.4287197218231,321.626262352697,177.931729987896));
#6835=CARTESIAN_POINT('Ctrl Pts',(73.4287197218231,321.626262352697,177.431729987896));
#6836=CARTESIAN_POINT('Ctrl Pts',(73.4324373824283,321.738715726011,177.931729987896));
#6837=CARTESIAN_POINT('Ctrl Pts',(73.4324373824283,321.738715726011,177.431729987896));
#6838=CARTESIAN_POINT('Ctrl Pts',(73.4344723617785,321.800270643699,177.931729987896));
#6839=CARTESIAN_POINT('Ctrl Pts',(73.4344723617785,321.800270643699,177.431729987896));
#6840=CARTESIAN_POINT('',(73.3475008404009,321.485126581657,177.931729987896));
#6841=CARTESIAN_POINT('Ctrl Pts',(73.3475008404009,321.485126581657,177.931729987896));
#6842=CARTESIAN_POINT('Ctrl Pts',(73.3728076622398,321.529102782144,177.931729987896));
#6843=CARTESIAN_POINT('Ctrl Pts',(73.4287197218231,321.626262352697,177.931729987896));
#6844=CARTESIAN_POINT('Ctrl Pts',(73.4324373824283,321.738715726011,177.931729987896));
#6845=CARTESIAN_POINT('Ctrl Pts',(73.4344723617785,321.800270643699,177.931729987896));
#6846=CARTESIAN_POINT('',(73.3475008404009,321.485126581657,177.431729987896));
#6847=CARTESIAN_POINT('',(73.3475008404009,321.485126581657,177.931729987896));
#6848=CARTESIAN_POINT('Ctrl Pts',(73.3475008404009,321.485126581657,177.431729987896));
#6849=CARTESIAN_POINT('Ctrl Pts',(73.3728076622398,321.529102782144,177.431729987896));
#6850=CARTESIAN_POINT('Ctrl Pts',(73.4287197218231,321.626262352697,177.431729987896));
#6851=CARTESIAN_POINT('Ctrl Pts',(73.4324373824283,321.738715726011,177.431729987896));
#6852=CARTESIAN_POINT('Ctrl Pts',(73.4344723617785,321.800270643699,177.431729987896));
#6853=CARTESIAN_POINT('Ctrl Pts',(73.0927255546801,321.335740652549,177.931729987896));
#6854=CARTESIAN_POINT('Ctrl Pts',(73.0927255546801,321.335740652549,177.431729987896));
#6855=CARTESIAN_POINT('Ctrl Pts',(73.144444840002,321.350119474262,177.931729987896));
#6856=CARTESIAN_POINT('Ctrl Pts',(73.144444840002,321.350119474262,177.431729987896));
#6857=CARTESIAN_POINT('Ctrl Pts',(73.2428135265198,321.377467605559,177.931729987896));
#6858=CARTESIAN_POINT('Ctrl Pts',(73.2428135265198,321.377467605559,177.431729987896));
#6859=CARTESIAN_POINT('Ctrl Pts',(73.3138250377313,321.450494855039,177.931729987896));
#6860=CARTESIAN_POINT('Ctrl Pts',(73.3138250377313,321.450494855039,177.431729987896));
#6861=CARTESIAN_POINT('Ctrl Pts',(73.3475008404009,321.485126581657,177.931729987896));
#6862=CARTESIAN_POINT('Ctrl Pts',(73.3475008404009,321.485126581657,177.431729987896));
#6863=CARTESIAN_POINT('',(73.0927255546801,321.335740652549,177.931729987896));
#6864=CARTESIAN_POINT('Ctrl Pts',(73.0927255546801,321.335740652549,177.931729987896));
#6865=CARTESIAN_POINT('Ctrl Pts',(73.144444840002,321.350119474262,177.931729987896));
#6866=CARTESIAN_POINT('Ctrl Pts',(73.2428135265198,321.377467605559,177.931729987896));
#6867=CARTESIAN_POINT('Ctrl Pts',(73.3138250377313,321.450494855039,177.931729987896));
#6868=CARTESIAN_POINT('Ctrl Pts',(73.3475008404009,321.485126581657,177.931729987896));
#6869=CARTESIAN_POINT('',(73.0927255546801,321.335740652549,177.431729987896));
#6870=CARTESIAN_POINT('',(73.0927255546801,321.335740652549,177.931729987896));
#6871=CARTESIAN_POINT('Ctrl Pts',(73.0927255546801,321.335740652549,177.431729987896));
#6872=CARTESIAN_POINT('Ctrl Pts',(73.144444840002,321.350119474262,177.431729987896));
#6873=CARTESIAN_POINT('Ctrl Pts',(73.2428135265198,321.377467605559,177.431729987896));
#6874=CARTESIAN_POINT('Ctrl Pts',(73.3138250377313,321.450494855039,177.431729987896));
#6875=CARTESIAN_POINT('Ctrl Pts',(73.3475008404009,321.485126581657,177.431729987896));
#6876=CARTESIAN_POINT('Origin',(73.1807210838549,320.758660402762,177.931729987896));
#6877=CARTESIAN_POINT('',(73.1807210838549,320.758660402762,177.931729987896));
#6878=CARTESIAN_POINT('',(73.0090880201564,321.884240897585,177.931729987896));
#6879=CARTESIAN_POINT('',(73.1807210838549,320.758660402762,177.431729987896));
#6880=CARTESIAN_POINT('',(73.1807210838549,320.758660402762,177.931729987896));
#6881=CARTESIAN_POINT('',(73.1807210838549,320.758660402762,177.431729987896));
#6882=CARTESIAN_POINT('Ctrl Pts',(73.6698069965593,321.097336378562,177.931729987896));
#6883=CARTESIAN_POINT('Ctrl Pts',(73.6698069965593,321.097336378562,177.431729987896));
#6884=CARTESIAN_POINT('Ctrl Pts',(73.6042395476938,321.018464853174,177.931729987896));
#6885=CARTESIAN_POINT('Ctrl Pts',(73.6042395476938,321.018464853174,177.431729987896));
#6886=CARTESIAN_POINT('Ctrl Pts',(73.4726710313578,320.860200199662,177.931729987896));
#6887=CARTESIAN_POINT('Ctrl Pts',(73.4726710313578,320.860200199662,177.431729987896));
#6888=CARTESIAN_POINT('Ctrl Pts',(73.2782513200981,320.792581287025,177.931729987896));
#6889=CARTESIAN_POINT('Ctrl Pts',(73.2782513200981,320.792581287025,177.431729987896));
#6890=CARTESIAN_POINT('Ctrl Pts',(73.1807210838549,320.758660402762,177.931729987896));
#6891=CARTESIAN_POINT('Ctrl Pts',(73.1807210838549,320.758660402762,177.431729987896));
#6892=CARTESIAN_POINT('Ctrl Pts',(73.6698069965593,321.097336378562,177.931729987896));
#6893=CARTESIAN_POINT('Ctrl Pts',(73.6042395476938,321.018464853174,177.931729987896));
#6894=CARTESIAN_POINT('Ctrl Pts',(73.4726710313578,320.860200199662,177.931729987896));
#6895=CARTESIAN_POINT('Ctrl Pts',(73.2782513200981,320.792581287025,177.931729987896));
#6896=CARTESIAN_POINT('Ctrl Pts',(73.1807210838549,320.758660402762,177.931729987896));
#6897=CARTESIAN_POINT('Ctrl Pts',(73.6698069965593,321.097336378562,177.431729987896));
#6898=CARTESIAN_POINT('Ctrl Pts',(73.6042395476938,321.018464853174,177.431729987896));
#6899=CARTESIAN_POINT('Ctrl Pts',(73.4726710313578,320.860200199662,177.431729987896));
#6900=CARTESIAN_POINT('Ctrl Pts',(73.2782513200981,320.792581287025,177.431729987896));
#6901=CARTESIAN_POINT('Ctrl Pts',(73.1807210838549,320.758660402762,177.431729987896));
#6902=CARTESIAN_POINT('Origin',(72.325331846451,323.647132482993,177.431729987896));
#6903=CARTESIAN_POINT('Origin',(71.4392474090807,325.015140142905,177.931729987896));
#6904=CARTESIAN_POINT('',(71.4392474090807,325.015140142905,177.931729987896));
#6905=CARTESIAN_POINT('',(73.8007750904314,325.015140142905,177.931729987896));
#6906=CARTESIAN_POINT('',(18.722557439875,325.015140142905,177.931729987896));
#6907=CARTESIAN_POINT('',(71.4392474090807,325.015140142905,177.431729987896));
#6908=CARTESIAN_POINT('',(71.4392474090807,325.015140142905,177.931729987896));
#6909=CARTESIAN_POINT('',(73.8007750904314,325.015140142905,177.431729987896));
#6910=CARTESIAN_POINT('',(71.4392474090807,325.015140142905,177.431729987896));
#6911=CARTESIAN_POINT('',(73.8007750904314,325.015140142905,177.931729987896));
#6912=CARTESIAN_POINT('Origin',(73.8007750904314,325.608592596519,177.931729987896));
#6913=CARTESIAN_POINT('',(73.8007750904314,325.608592596519,177.931729987896));
#6914=CARTESIAN_POINT('',(20.8724502099645,312.307692287788,177.931729987896));
#6915=CARTESIAN_POINT('',(73.8007750904314,325.608592596519,177.431729987896));
#6916=CARTESIAN_POINT('',(73.8007750904314,325.608592596519,177.931729987896));
#6917=CARTESIAN_POINT('',(73.8007750904314,325.608592596519,177.431729987896));
#6918=CARTESIAN_POINT('Origin',(73.8007750904314,326.191812124717,177.931729987896));
#6919=CARTESIAN_POINT('',(73.8007750904314,326.191812124717,177.931729987896));
#6920=CARTESIAN_POINT('',(73.8007750904314,316.455760610066,177.931729987896));
#6921=CARTESIAN_POINT('',(73.8007750904314,326.191812124717,177.431729987896));
#6922=CARTESIAN_POINT('',(73.8007750904314,326.191812124717,177.931729987896));
#6923=CARTESIAN_POINT('',(73.8007750904314,326.191812124717,177.431729987896));
#6924=CARTESIAN_POINT('Origin',(71.4392474090807,326.787310209739,177.931729987896));
#6925=CARTESIAN_POINT('',(71.4392474090807,326.787310209739,177.931729987896));
#6926=CARTESIAN_POINT('',(24.2532078197112,338.686046962707,177.931729987896));
#6927=CARTESIAN_POINT('',(71.4392474090807,326.787310209739,177.431729987896));
#6928=CARTESIAN_POINT('',(71.4392474090807,326.787310209739,177.931729987896));
#6929=CARTESIAN_POINT('',(71.4392474090807,326.787310209739,177.431729987896));
#6930=CARTESIAN_POINT('Origin',(73.8007750904314,326.787310209739,177.931729987896));
#6931=CARTESIAN_POINT('',(73.8007750904314,326.787310209739,177.931729987896));
#6932=CARTESIAN_POINT('',(19.9033212805504,326.787310209739,177.931729987896));
#6933=CARTESIAN_POINT('',(73.8007750904314,326.787310209739,177.431729987896));
#6934=CARTESIAN_POINT('',(73.8007750904314,326.787310209739,177.931729987896));
#6935=CARTESIAN_POINT('',(73.8007750904314,326.787310209739,177.431729987896));
#6936=CARTESIAN_POINT('Origin',(73.8007750904314,327.350066271293,177.931729987896));
#6937=CARTESIAN_POINT('',(73.8007750904314,327.350066271293,177.931729987896));
#6938=CARTESIAN_POINT('',(73.8007750904314,317.034887683354,177.931729987896));
#6939=CARTESIAN_POINT('',(73.8007750904314,327.350066271293,177.431729987896));
#6940=CARTESIAN_POINT('',(73.8007750904314,327.350066271293,177.931729987896));
#6941=CARTESIAN_POINT('',(73.8007750904314,327.350066271293,177.431729987896));
#6942=CARTESIAN_POINT('Origin',(70.8007755672686,327.350066271293,177.931729987896));
#6943=CARTESIAN_POINT('',(70.8007755672686,327.350066271293,177.931729987896));
#6944=CARTESIAN_POINT('',(18.403321518969,327.350066271293,177.931729987896));
#6945=CARTESIAN_POINT('',(70.8007755672686,327.350066271293,177.431729987896));
#6946=CARTESIAN_POINT('',(70.8007755672686,327.350066271293,177.931729987896));
#6947=CARTESIAN_POINT('',(70.8007755672686,327.350066271293,177.431729987896));
#6948=CARTESIAN_POINT('Origin',(70.8007755672686,326.441469755637,177.931729987896));
#6949=CARTESIAN_POINT('',(70.8007755672686,326.441469755637,177.931729987896));
#6950=CARTESIAN_POINT('',(70.8007755672686,316.580589425526,177.931729987896));
#6951=CARTESIAN_POINT('',(70.8007755672686,326.441469755637,177.431729987896));
#6952=CARTESIAN_POINT('',(70.8007755672686,326.441469755637,177.931729987896));
#6953=CARTESIAN_POINT('',(70.8007755672686,326.441469755637,177.431729987896));
#6954=CARTESIAN_POINT('Origin',(72.8471603786699,325.903273191917,177.931729987896));
#6955=CARTESIAN_POINT('',(72.8471603786699,325.903273191917,177.931729987896));
#6956=CARTESIAN_POINT('',(25.2419151070087,338.423391244759,177.931729987896));
#6957=CARTESIAN_POINT('',(72.8471603786699,325.903273191917,177.431729987896));
#6958=CARTESIAN_POINT('',(72.8471603786699,325.903273191917,177.931729987896));
#6959=CARTESIAN_POINT('',(72.8471603786699,325.903273191917,177.431729987896));
#6960=CARTESIAN_POINT('Origin',(70.8007755672686,325.358934965598,177.931729987896));
#6961=CARTESIAN_POINT('',(70.8007755672686,325.358934965598,177.931729987896));
#6962=CARTESIAN_POINT('',(19.5505633248243,311.726381852879,177.931729987896));
#6963=CARTESIAN_POINT('',(70.8007755672686,325.358934965598,177.431729987896));
#6964=CARTESIAN_POINT('',(70.8007755672686,325.358934965598,177.931729987896));
#6965=CARTESIAN_POINT('',(70.8007755672686,325.358934965598,177.431729987896));
#6966=CARTESIAN_POINT('Origin',(70.8007755672686,324.452386465537,177.931729987896));
#6967=CARTESIAN_POINT('',(70.8007755672686,324.452386465537,177.931729987896));
#6968=CARTESIAN_POINT('',(70.8007755672686,315.586047780476,177.931729987896));
#6969=CARTESIAN_POINT('',(70.8007755672686,324.452386465537,177.431729987896));
#6970=CARTESIAN_POINT('',(70.8007755672686,324.452386465537,177.931729987896));
#6971=CARTESIAN_POINT('',(70.8007755672686,324.452386465537,177.431729987896));
#6972=CARTESIAN_POINT('Origin',(73.8007750904314,324.452386465537,177.931729987896));
#6973=CARTESIAN_POINT('',(73.8007750904314,324.452386465537,177.931729987896));
#6974=CARTESIAN_POINT('',(19.9033212805504,324.452386465537,177.931729987896));
#6975=CARTESIAN_POINT('',(73.8007750904314,324.452386465537,177.431729987896));
#6976=CARTESIAN_POINT('',(73.8007750904314,324.452386465537,177.931729987896));
#6977=CARTESIAN_POINT('',(73.8007750904314,324.452386465537,177.431729987896));
#6978=CARTESIAN_POINT('Origin',(73.8007750904314,325.015140142905,177.931729987896));
#6979=CARTESIAN_POINT('',(73.8007750904314,315.86742461916,177.931729987896));
#6980=CARTESIAN_POINT('',(73.8007750904314,325.015140142905,177.431729987896));
#6981=CARTESIAN_POINT('Origin',(72.325331846451,323.647132482993,177.431729987896));
#6982=CARTESIAN_POINT('Origin',(70.8007755672686,330.853477087485,177.931729987896));
#6983=CARTESIAN_POINT('',(70.8007755672686,330.853477087485,177.931729987896));
#6984=CARTESIAN_POINT('',(71.3328352367632,330.853477087485,177.931729987896));
#6985=CARTESIAN_POINT('',(18.403321518969,330.853477087485,177.931729987896));
#6986=CARTESIAN_POINT('',(70.8007755672686,330.853477087485,177.431729987896));
#6987=CARTESIAN_POINT('',(70.8007755672686,330.853477087485,177.931729987896));
#6988=CARTESIAN_POINT('',(71.3328352367632,330.853477087485,177.431729987896));
#6989=CARTESIAN_POINT('',(70.8007755672686,330.853477087485,177.431729987896));
#6990=CARTESIAN_POINT('',(71.3328352367632,330.853477087485,177.931729987896));
#6991=CARTESIAN_POINT('Origin',(70.8007755672686,330.278444853293,177.931729987896));
#6992=CARTESIAN_POINT('',(70.8007755672686,330.278444853293,177.931729987896));
#6993=CARTESIAN_POINT('',(70.8007755672686,318.499076974354,177.931729987896));
#6994=CARTESIAN_POINT('',(70.8007755672686,330.278444853293,177.431729987896));
#6995=CARTESIAN_POINT('',(70.8007755672686,330.278444853293,177.931729987896));
#6996=CARTESIAN_POINT('',(70.8007755672686,330.278444853293,177.431729987896));
#6997=CARTESIAN_POINT('Origin',(71.3328352367632,330.278444853293,177.931729987896));
#6998=CARTESIAN_POINT('',(71.3328352367632,330.278444853293,177.931729987896));
#6999=CARTESIAN_POINT('',(18.6693513537163,330.278444853293,177.931729987896));
#7000=CARTESIAN_POINT('',(71.3328352367632,330.278444853293,177.431729987896));
#7001=CARTESIAN_POINT('',(71.3328352367632,330.278444853293,177.931729987896));
#7002=CARTESIAN_POINT('',(71.3328352367632,330.278444853293,177.431729987896));
#7003=CARTESIAN_POINT('Origin',(71.3328352367632,330.853477087485,177.931729987896));
#7004=CARTESIAN_POINT('',(71.3328352367632,318.78659309145,177.931729987896));
#7005=CARTESIAN_POINT('',(71.3328352367632,330.853477087485,177.431729987896));
#7006=CARTESIAN_POINT('Origin',(72.325331846451,323.647132482993,177.431729987896));
#7007=CARTESIAN_POINT('Ctrl Pts',(72.1554818546526,331.995359030234,177.931729987896));
#7008=CARTESIAN_POINT('Ctrl Pts',(72.1554818546526,331.995359030234,177.431729987896));
#7009=CARTESIAN_POINT('Ctrl Pts',(72.2076311046216,331.95969719221,177.931729987896));
#7010=CARTESIAN_POINT('Ctrl Pts',(72.2076311046216,331.95969719221,177.431729987896));
#7011=CARTESIAN_POINT('Ctrl Pts',(72.3195037026115,331.883194031162,177.931729987896));
#7012=CARTESIAN_POINT('Ctrl Pts',(72.3195037026115,331.883194031162,177.431729987896));
#7013=CARTESIAN_POINT('Ctrl Pts',(72.4553839795918,331.87760356946,177.931729987896));
#7014=CARTESIAN_POINT('Ctrl Pts',(72.4553839795918,331.87760356946,177.431729987896));
#7015=CARTESIAN_POINT('Ctrl Pts',(72.5279238617174,331.874619093406,177.931729987896));
#7016=CARTESIAN_POINT('Ctrl Pts',(72.5279238617174,331.874619093406,177.431729987896));
#7017=CARTESIAN_POINT('',(72.1554818546526,331.995359030234,177.931729987896));
#7018=CARTESIAN_POINT('',(72.5279238617174,331.874619093406,177.931729987896));
#7019=CARTESIAN_POINT('Ctrl Pts',(72.1554818546526,331.995359030234,177.931729987896));
#7020=CARTESIAN_POINT('Ctrl Pts',(72.2076311046216,331.95969719221,177.931729987896));
#7021=CARTESIAN_POINT('Ctrl Pts',(72.3195037026115,331.883194031162,177.931729987896));
#7022=CARTESIAN_POINT('Ctrl Pts',(72.4553839795918,331.87760356946,177.931729987896));
#7023=CARTESIAN_POINT('Ctrl Pts',(72.5279238617174,331.874619093406,177.931729987896));
#7024=CARTESIAN_POINT('',(72.1554818546526,331.995359030234,177.431729987896));
#7025=CARTESIAN_POINT('',(72.1554818546526,331.995359030234,177.931729987896));
#7026=CARTESIAN_POINT('',(72.5279238617174,331.874619093406,177.431729987896));
#7027=CARTESIAN_POINT('Ctrl Pts',(72.1554818546526,331.995359030234,177.431729987896));
#7028=CARTESIAN_POINT('Ctrl Pts',(72.2076311046216,331.95969719221,177.431729987896));
#7029=CARTESIAN_POINT('Ctrl Pts',(72.3195037026115,331.883194031162,177.431729987896));
#7030=CARTESIAN_POINT('Ctrl Pts',(72.4553839795918,331.87760356946,177.431729987896));
#7031=CARTESIAN_POINT('Ctrl Pts',(72.5279238617174,331.874619093406,177.431729987896));
#7032=CARTESIAN_POINT('',(72.5279238617174,331.874619093406,177.931729987896));
#7033=CARTESIAN_POINT('Ctrl Pts',(72.0183744823687,332.306409445273,177.931729987896));
#7034=CARTESIAN_POINT('Ctrl Pts',(72.0183744823687,332.306409445273,177.431729987896));
#7035=CARTESIAN_POINT('Ctrl Pts',(72.0239377849245,332.246515226474,177.931729987896));
#7036=CARTESIAN_POINT('Ctrl Pts',(72.0239377849245,332.246515226474,177.431729987896));
#7037=CARTESIAN_POINT('Ctrl Pts',(72.034992622178,332.127499437809,177.931729987896));
#7038=CARTESIAN_POINT('Ctrl Pts',(72.034992622178,332.127499437809,177.431729987896));
#7039=CARTESIAN_POINT('Ctrl Pts',(72.1154929795815,332.039214785158,177.931729987896));
#7040=CARTESIAN_POINT('Ctrl Pts',(72.1154929795815,332.039214785158,177.431729987896));
#7041=CARTESIAN_POINT('Ctrl Pts',(72.1554818546526,331.995359030234,177.931729987896));
#7042=CARTESIAN_POINT('Ctrl Pts',(72.1554818546526,331.995359030234,177.431729987896));
#7043=CARTESIAN_POINT('',(72.0183744823687,332.306409445273,177.931729987896));
#7044=CARTESIAN_POINT('Ctrl Pts',(72.0183744823687,332.306409445273,177.931729987896));
#7045=CARTESIAN_POINT('Ctrl Pts',(72.0239377849245,332.246515226474,177.931729987896));
#7046=CARTESIAN_POINT('Ctrl Pts',(72.034992622178,332.127499437809,177.931729987896));
#7047=CARTESIAN_POINT('Ctrl Pts',(72.1154929795815,332.039214785158,177.931729987896));
#7048=CARTESIAN_POINT('Ctrl Pts',(72.1554818546526,331.995359030234,177.931729987896));
#7049=CARTESIAN_POINT('',(72.0183744823687,332.306409445273,177.431729987896));
#7050=CARTESIAN_POINT('',(72.0183744823687,332.306409445273,177.931729987896));
#7051=CARTESIAN_POINT('Ctrl Pts',(72.0183744823687,332.306409445273,177.431729987896));
#7052=CARTESIAN_POINT('Ctrl Pts',(72.0239377849245,332.246515226474,177.431729987896));
#7053=CARTESIAN_POINT('Ctrl Pts',(72.034992622178,332.127499437809,177.431729987896));
#7054=CARTESIAN_POINT('Ctrl Pts',(72.1154929795815,332.039214785158,177.431729987896));
#7055=CARTESIAN_POINT('Ctrl Pts',(72.1554818546526,331.995359030234,177.431729987896));
#7056=CARTESIAN_POINT('Ctrl Pts',(72.1483197605364,332.605181303489,177.931729987896));
#7057=CARTESIAN_POINT('Ctrl Pts',(72.1483197605364,332.605181303489,177.431729987896));
#7058=CARTESIAN_POINT('Ctrl Pts',(72.1104195689626,332.562168360879,177.931729987896));
#7059=CARTESIAN_POINT('Ctrl Pts',(72.1104195689626,332.562168360879,177.431729987896));
#7060=CARTESIAN_POINT('Ctrl Pts',(72.0349551977107,332.476523815695,177.931729987896));
#7061=CARTESIAN_POINT('Ctrl Pts',(72.0349551977107,332.476523815695,177.431729987896));
#7062=CARTESIAN_POINT('Ctrl Pts',(72.0238849570689,332.362945663103,177.931729987896));
#7063=CARTESIAN_POINT('Ctrl Pts',(72.0238849570689,332.362945663103,177.431729987896));
#7064=CARTESIAN_POINT('Ctrl Pts',(72.0183744823687,332.306409445273,177.931729987896));
#7065=CARTESIAN_POINT('Ctrl Pts',(72.0183744823687,332.306409445273,177.431729987896));
#7066=CARTESIAN_POINT('',(72.1483197605364,332.605181303489,177.931729987896));
#7067=CARTESIAN_POINT('Ctrl Pts',(72.1483197605364,332.605181303489,177.931729987896));
#7068=CARTESIAN_POINT('Ctrl Pts',(72.1104195689626,332.562168360879,177.931729987896));
#7069=CARTESIAN_POINT('Ctrl Pts',(72.0349551977107,332.476523815695,177.931729987896));
#7070=CARTESIAN_POINT('Ctrl Pts',(72.0238849570689,332.362945663103,177.931729987896));
#7071=CARTESIAN_POINT('Ctrl Pts',(72.0183744823687,332.306409445273,177.931729987896));
#7072=CARTESIAN_POINT('',(72.1483197605364,332.605181303489,177.431729987896));
#7073=CARTESIAN_POINT('',(72.1483197605364,332.605181303489,177.931729987896));
#7074=CARTESIAN_POINT('Ctrl Pts',(72.1483197605364,332.605181303489,177.431729987896));
#7075=CARTESIAN_POINT('Ctrl Pts',(72.1104195689626,332.562168360879,177.431729987896));
#7076=CARTESIAN_POINT('Ctrl Pts',(72.0349551977107,332.476523815695,177.431729987896));
#7077=CARTESIAN_POINT('Ctrl Pts',(72.0238849570689,332.362945663103,177.431729987896));
#7078=CARTESIAN_POINT('Ctrl Pts',(72.0183744823687,332.306409445273,177.431729987896));
#7079=CARTESIAN_POINT('Ctrl Pts',(72.5279238617174,332.734103765952,177.931729987896));
#7080=CARTESIAN_POINT('Ctrl Pts',(72.5279238617174,332.734103765952,177.431729987896));
#7081=CARTESIAN_POINT('Ctrl Pts',(72.4521622436492,332.729354743414,177.931729987896));
#7082=CARTESIAN_POINT('Ctrl Pts',(72.4521622436492,332.729354743414,177.431729987896));
#7083=CARTESIAN_POINT('Ctrl Pts',(72.3133295393056,332.720652188494,177.931729987896));
#7084=CARTESIAN_POINT('Ctrl Pts',(72.3133295393056,332.720652188494,177.431729987896));
#7085=CARTESIAN_POINT('Ctrl Pts',(72.1998658259229,332.641252315965,177.931729987896));
#7086=CARTESIAN_POINT('Ctrl Pts',(72.1998658259229,332.641252315965,177.431729987896));
#7087=CARTESIAN_POINT('Ctrl Pts',(72.1483197605364,332.605181303489,177.931729987896));
#7088=CARTESIAN_POINT('Ctrl Pts',(72.1483197605364,332.605181303489,177.431729987896));
#7089=CARTESIAN_POINT('',(72.5279238617174,332.734103765952,177.931729987896));
#7090=CARTESIAN_POINT('Ctrl Pts',(72.5279238617174,332.734103765952,177.931729987896));
#7091=CARTESIAN_POINT('Ctrl Pts',(72.4521622436492,332.729354743414,177.931729987896));
#7092=CARTESIAN_POINT('Ctrl Pts',(72.3133295393056,332.720652188494,177.931729987896));
#7093=CARTESIAN_POINT('Ctrl Pts',(72.1998658259229,332.641252315965,177.931729987896));
#7094=CARTESIAN_POINT('Ctrl Pts',(72.1483197605364,332.605181303489,177.931729987896));
#7095=CARTESIAN_POINT('',(72.5279238617174,332.734103765952,177.431729987896));
#7096=CARTESIAN_POINT('',(72.5279238617174,332.734103765952,177.931729987896));
#7097=CARTESIAN_POINT('Ctrl Pts',(72.5279238617174,332.734103765952,177.431729987896));
#7098=CARTESIAN_POINT('Ctrl Pts',(72.4521622436492,332.729354743414,177.431729987896));
#7099=CARTESIAN_POINT('Ctrl Pts',(72.3133295393056,332.720652188494,177.431729987896));
#7100=CARTESIAN_POINT('Ctrl Pts',(72.1998658259229,332.641252315965,177.431729987896));
#7101=CARTESIAN_POINT('Ctrl Pts',(72.1483197605364,332.605181303489,177.431729987896));
#7102=CARTESIAN_POINT('Origin',(72.5279238617174,331.874619093406,177.931729987896));
#7103=CARTESIAN_POINT('',(72.5279238617174,319.29716409441,177.931729987896));
#7104=CARTESIAN_POINT('',(72.5279238617174,331.874619093406,177.431729987896));
#7105=CARTESIAN_POINT('Ctrl Pts',(73.4201469814531,332.335057821738,177.931729987896));
#7106=CARTESIAN_POINT('Ctrl Pts',(73.4201469814531,332.335057821738,177.431729987896));
#7107=CARTESIAN_POINT('Ctrl Pts',(73.4175557064109,332.377672545333,177.931729987896));
#7108=CARTESIAN_POINT('Ctrl Pts',(73.4175557064109,332.377672545333,177.431729987896));
#7109=CARTESIAN_POINT('Ctrl Pts',(73.4125574001265,332.459872017514,177.931729987896));
#7110=CARTESIAN_POINT('Ctrl Pts',(73.4125574001265,332.459872017514,177.431729987896));
#7111=CARTESIAN_POINT('Ctrl Pts',(73.3679564678533,332.528945206313,177.931729987896));
#7112=CARTESIAN_POINT('Ctrl Pts',(73.3679564678533,332.528945206313,177.431729987896));
#7113=CARTESIAN_POINT('Ctrl Pts',(73.3464780246966,332.562208738792,177.931729987896));
#7114=CARTESIAN_POINT('Ctrl Pts',(73.3464780246966,332.562208738792,177.431729987896));
#7115=CARTESIAN_POINT('',(73.4201469814531,332.335057821738,177.931729987896));
#7116=CARTESIAN_POINT('',(73.3464780246966,332.562208738792,177.931729987896));
#7117=CARTESIAN_POINT('Ctrl Pts',(73.4201469814531,332.335057821738,177.931729987896));
#7118=CARTESIAN_POINT('Ctrl Pts',(73.4175557064109,332.377672545333,177.931729987896));
#7119=CARTESIAN_POINT('Ctrl Pts',(73.4125574001265,332.459872017514,177.931729987896));
#7120=CARTESIAN_POINT('Ctrl Pts',(73.3679564678533,332.528945206313,177.931729987896));
#7121=CARTESIAN_POINT('Ctrl Pts',(73.3464780246966,332.562208738792,177.931729987896));
#7122=CARTESIAN_POINT('',(73.4201469814531,332.335057821738,177.431729987896));
#7123=CARTESIAN_POINT('',(73.4201469814531,332.335057821738,177.931729987896));
#7124=CARTESIAN_POINT('',(73.3464780246966,332.562208738792,177.431729987896));
#7125=CARTESIAN_POINT('Ctrl Pts',(73.4201469814531,332.335057821738,177.431729987896));
#7126=CARTESIAN_POINT('Ctrl Pts',(73.4175557064109,332.377672545333,177.431729987896));
#7127=CARTESIAN_POINT('Ctrl Pts',(73.4125574001265,332.459872017514,177.431729987896));
#7128=CARTESIAN_POINT('Ctrl Pts',(73.3679564678533,332.528945206313,177.431729987896));
#7129=CARTESIAN_POINT('Ctrl Pts',(73.3464780246966,332.562208738792,177.431729987896));
#7130=CARTESIAN_POINT('',(73.3464780246966,332.562208738792,177.931729987896));
#7131=CARTESIAN_POINT('Ctrl Pts',(73.2779243385546,332.003546324241,177.931729987896));
#7132=CARTESIAN_POINT('Ctrl Pts',(73.2779243385546,332.003546324241,177.431729987896));
#7133=CARTESIAN_POINT('Ctrl Pts',(73.3194057421672,332.05079037531,177.931729987896));
#7134=CARTESIAN_POINT('Ctrl Pts',(73.3194057421672,332.05079037531,177.431729987896));
#7135=CARTESIAN_POINT('Ctrl Pts',(73.4028224653577,332.145795451978,177.931729987896));
#7136=CARTESIAN_POINT('Ctrl Pts',(73.4028224653577,332.145795451978,177.431729987896));
#7137=CARTESIAN_POINT('Ctrl Pts',(73.4143512313166,332.271741917309,177.931729987896));
#7138=CARTESIAN_POINT('Ctrl Pts',(73.4143512313166,332.271741917309,177.431729987896));
#7139=CARTESIAN_POINT('Ctrl Pts',(73.4201469814531,332.335057821738,177.931729987896));
#7140=CARTESIAN_POINT('Ctrl Pts',(73.4201469814531,332.335057821738,177.431729987896));
#7141=CARTESIAN_POINT('',(73.2779243385546,332.003546324241,177.931729987896));
#7142=CARTESIAN_POINT('Ctrl Pts',(73.2779243385546,332.003546324241,177.931729987896));
#7143=CARTESIAN_POINT('Ctrl Pts',(73.3194057421672,332.05079037531,177.931729987896));
#7144=CARTESIAN_POINT('Ctrl Pts',(73.4028224653577,332.145795451978,177.931729987896));
#7145=CARTESIAN_POINT('Ctrl Pts',(73.4143512313166,332.271741917309,177.931729987896));
#7146=CARTESIAN_POINT('Ctrl Pts',(73.4201469814531,332.335057821738,177.931729987896));
#7147=CARTESIAN_POINT('',(73.2779243385546,332.003546324241,177.431729987896));
#7148=CARTESIAN_POINT('',(73.2779243385546,332.003546324241,177.931729987896));
#7149=CARTESIAN_POINT('Ctrl Pts',(73.2779243385546,332.003546324241,177.431729987896));
#7150=CARTESIAN_POINT('Ctrl Pts',(73.3194057421672,332.05079037531,177.431729987896));
#7151=CARTESIAN_POINT('Ctrl Pts',(73.4028224653577,332.145795451978,177.431729987896));
#7152=CARTESIAN_POINT('Ctrl Pts',(73.4143512313166,332.271741917309,177.431729987896));
#7153=CARTESIAN_POINT('Ctrl Pts',(73.4201469814531,332.335057821738,177.431729987896));
#7154=CARTESIAN_POINT('Ctrl Pts',(72.879902402138,331.864390936362,177.931729987896));
#7155=CARTESIAN_POINT('Ctrl Pts',(72.879902402138,331.864390936362,177.431729987896));
#7156=CARTESIAN_POINT('Ctrl Pts',(72.9583173976398,331.869858549432,177.931729987896));
#7157=CARTESIAN_POINT('Ctrl Pts',(72.9583173976398,331.869858549432,177.431729987896));
#7158=CARTESIAN_POINT('Ctrl Pts',(73.1042249635903,331.880032191725,177.931729987896));
#7159=CARTESIAN_POINT('Ctrl Pts',(73.1042249635903,331.880032191725,177.431729987896));
#7160=CARTESIAN_POINT('Ctrl Pts',(73.2229880226764,331.964482214766,177.931729987896));
#7161=CARTESIAN_POINT('Ctrl Pts',(73.2229880226764,331.964482214766,177.431729987896));
#7162=CARTESIAN_POINT('Ctrl Pts',(73.2779243385546,332.003546324241,177.931729987896));
#7163=CARTESIAN_POINT('Ctrl Pts',(73.2779243385546,332.003546324241,177.431729987896));
#7164=CARTESIAN_POINT('',(72.879902402138,331.864390936362,177.931729987896));
#7165=CARTESIAN_POINT('Ctrl Pts',(72.879902402138,331.864390936362,177.931729987896));
#7166=CARTESIAN_POINT('Ctrl Pts',(72.9583173976398,331.869858549432,177.931729987896));
#7167=CARTESIAN_POINT('Ctrl Pts',(73.1042249635903,331.880032191725,177.931729987896));
#7168=CARTESIAN_POINT('Ctrl Pts',(73.2229880226764,331.964482214766,177.931729987896));
#7169=CARTESIAN_POINT('Ctrl Pts',(73.2779243385546,332.003546324241,177.931729987896));
#7170=CARTESIAN_POINT('',(72.879902402138,331.864390936362,177.431729987896));
#7171=CARTESIAN_POINT('',(72.879902402138,331.864390936362,177.931729987896));
#7172=CARTESIAN_POINT('Ctrl Pts',(72.879902402138,331.864390936362,177.431729987896));
#7173=CARTESIAN_POINT('Ctrl Pts',(72.9583173976398,331.869858549432,177.431729987896));
#7174=CARTESIAN_POINT('Ctrl Pts',(73.1042249635903,331.880032191725,177.431729987896));
#7175=CARTESIAN_POINT('Ctrl Pts',(73.2229880226764,331.964482214766,177.431729987896));
#7176=CARTESIAN_POINT('Ctrl Pts',(73.2779243385546,332.003546324241,177.431729987896));
#7177=CARTESIAN_POINT('Origin',(72.879902402138,333.305044737327,177.931729987896));
#7178=CARTESIAN_POINT('',(72.879902402138,333.305044737327,177.931729987896));
#7179=CARTESIAN_POINT('',(72.879902402138,320.012376916371,177.931729987896));
#7180=CARTESIAN_POINT('',(72.879902402138,333.305044737327,177.431729987896));
#7181=CARTESIAN_POINT('',(72.879902402138,333.305044737327,177.931729987896));
#7182=CARTESIAN_POINT('',(72.879902402138,333.305044737327,177.431729987896));
#7183=CARTESIAN_POINT('Ctrl Pts',(71.8986597454302,333.036966886985,177.931729987896));
#7184=CARTESIAN_POINT('Ctrl Pts',(71.8986597454302,333.036966886985,177.431729987896));
#7185=CARTESIAN_POINT('Ctrl Pts',(72.0303325332808,333.117720818383,177.931729987896));
#7186=CARTESIAN_POINT('Ctrl Pts',(72.0303325332808,333.117720818383,177.431729987896));
#7187=CARTESIAN_POINT('Ctrl Pts',(72.3294501389706,333.30116739838,177.931729987896));
#7188=CARTESIAN_POINT('Ctrl Pts',(72.3294501389706,333.30116739838,177.431729987896));
#7189=CARTESIAN_POINT('Ctrl Pts',(72.6823503184573,333.303653197244,177.931729987896));
#7190=CARTESIAN_POINT('Ctrl Pts',(72.6823503184573,333.303653197244,177.431729987896));
#7191=CARTESIAN_POINT('Ctrl Pts',(72.879902402138,333.305044737327,177.931729987896));
#7192=CARTESIAN_POINT('Ctrl Pts',(72.879902402138,333.305044737327,177.431729987896));
#7193=CARTESIAN_POINT('',(71.8986597454302,333.036966886985,177.931729987896));
#7194=CARTESIAN_POINT('Ctrl Pts',(71.8986597454302,333.036966886985,177.931729987896));
#7195=CARTESIAN_POINT('Ctrl Pts',(72.0303325332808,333.117720818383,177.931729987896));
#7196=CARTESIAN_POINT('Ctrl Pts',(72.3294501389706,333.30116739838,177.931729987896));
#7197=CARTESIAN_POINT('Ctrl Pts',(72.6823503184573,333.303653197244,177.931729987896));
#7198=CARTESIAN_POINT('Ctrl Pts',(72.879902402138,333.305044737327,177.931729987896));
#7199=CARTESIAN_POINT('',(71.8986597454302,333.036966886985,177.431729987896));
#7200=CARTESIAN_POINT('',(71.8986597454302,333.036966886985,177.931729987896));
#7201=CARTESIAN_POINT('Ctrl Pts',(71.8986597454302,333.036966886985,177.431729987896));
#7202=CARTESIAN_POINT('Ctrl Pts',(72.0303325332808,333.117720818383,177.431729987896));
#7203=CARTESIAN_POINT('Ctrl Pts',(72.3294501389706,333.30116739838,177.431729987896));
#7204=CARTESIAN_POINT('Ctrl Pts',(72.6823503184573,333.303653197244,177.431729987896));
#7205=CARTESIAN_POINT('Ctrl Pts',(72.879902402138,333.305044737327,177.431729987896));
#7206=CARTESIAN_POINT('Ctrl Pts',(71.5784016048662,332.271619406211,177.931729987896));
#7207=CARTESIAN_POINT('Ctrl Pts',(71.5784016048662,332.271619406211,177.431729987896));
#7208=CARTESIAN_POINT('Ctrl Pts',(71.5896357291009,332.422850375701,177.931729987896));
#7209=CARTESIAN_POINT('Ctrl Pts',(71.5896357291009,332.422850375701,177.431729987896));
#7210=CARTESIAN_POINT('Ctrl Pts',(71.6112948873436,332.714420544496,177.931729987896));
#7211=CARTESIAN_POINT('Ctrl Pts',(71.6112948873436,332.714420544496,177.431729987896));
#7212=CARTESIAN_POINT('Ctrl Pts',(71.8052870217274,332.932162734107,177.931729987896));
#7213=CARTESIAN_POINT('Ctrl Pts',(71.8052870217274,332.932162734107,177.431729987896));
#7214=CARTESIAN_POINT('Ctrl Pts',(71.8986597454302,333.036966886985,177.931729987896));
#7215=CARTESIAN_POINT('Ctrl Pts',(71.8986597454302,333.036966886985,177.431729987896));
#7216=CARTESIAN_POINT('',(71.5784016048662,332.271619406211,177.931729987896));
#7217=CARTESIAN_POINT('Ctrl Pts',(71.5784016048662,332.271619406211,177.931729987896));
#7218=CARTESIAN_POINT('Ctrl Pts',(71.5896357291009,332.422850375701,177.931729987896));
#7219=CARTESIAN_POINT('Ctrl Pts',(71.6112948873436,332.714420544496,177.931729987896));
#7220=CARTESIAN_POINT('Ctrl Pts',(71.8052870217274,332.932162734107,177.931729987896));
#7221=CARTESIAN_POINT('Ctrl Pts',(71.8986597454302,333.036966886985,177.931729987896));
#7222=CARTESIAN_POINT('',(71.5784016048662,332.271619406211,177.431729987896));
#7223=CARTESIAN_POINT('',(71.5784016048662,332.271619406211,177.931729987896));
#7224=CARTESIAN_POINT('Ctrl Pts',(71.5784016048662,332.271619406211,177.431729987896));
#7225=CARTESIAN_POINT('Ctrl Pts',(71.5896357291009,332.422850375701,177.431729987896));
#7226=CARTESIAN_POINT('Ctrl Pts',(71.6112948873436,332.714420544496,177.431729987896));
#7227=CARTESIAN_POINT('Ctrl Pts',(71.8052870217274,332.932162734107,177.431729987896));
#7228=CARTESIAN_POINT('Ctrl Pts',(71.8986597454302,333.036966886985,177.431729987896));
#7229=CARTESIAN_POINT('Ctrl Pts',(71.8843355571978,331.557431784141,177.931729987896));
#7230=CARTESIAN_POINT('Ctrl Pts',(71.8843355571978,331.557431784141,177.431729987896));
#7231=CARTESIAN_POINT('Ctrl Pts',(71.7951075233806,331.658520897588,177.931729987896));
#7232=CARTESIAN_POINT('Ctrl Pts',(71.7951075233806,331.658520897588,177.431729987896));
#7233=CARTESIAN_POINT('Ctrl Pts',(71.6147853916783,331.862813244386,177.931729987896));
#7234=CARTESIAN_POINT('Ctrl Pts',(71.6147853916783,331.862813244386,177.431729987896));
#7235=CARTESIAN_POINT('Ctrl Pts',(71.5906129167776,332.134413799244,177.931729987896));
#7236=CARTESIAN_POINT('Ctrl Pts',(71.5906129167776,332.134413799244,177.431729987896));
#7237=CARTESIAN_POINT('Ctrl Pts',(71.5784016048662,332.271619406211,177.931729987896));
#7238=CARTESIAN_POINT('Ctrl Pts',(71.5784016048662,332.271619406211,177.431729987896));
#7239=CARTESIAN_POINT('',(71.8843355571978,331.557431784141,177.931729987896));
#7240=CARTESIAN_POINT('Ctrl Pts',(71.8843355571978,331.557431784141,177.931729987896));
#7241=CARTESIAN_POINT('Ctrl Pts',(71.7951075233806,331.658520897588,177.931729987896));
#7242=CARTESIAN_POINT('Ctrl Pts',(71.6147853916783,331.862813244386,177.931729987896));
#7243=CARTESIAN_POINT('Ctrl Pts',(71.5906129167776,332.134413799244,177.931729987896));
#7244=CARTESIAN_POINT('Ctrl Pts',(71.5784016048662,332.271619406211,177.931729987896));
#7245=CARTESIAN_POINT('',(71.8843355571978,331.557431784141,177.431729987896));
#7246=CARTESIAN_POINT('',(71.8843355571978,331.557431784141,177.931729987896));
#7247=CARTESIAN_POINT('Ctrl Pts',(71.8843355571978,331.557431784141,177.431729987896));
#7248=CARTESIAN_POINT('Ctrl Pts',(71.7951075233806,331.658520897588,177.431729987896));
#7249=CARTESIAN_POINT('Ctrl Pts',(71.6147853916783,331.862813244386,177.431729987896));
#7250=CARTESIAN_POINT('Ctrl Pts',(71.5906129167776,332.134413799244,177.431729987896));
#7251=CARTESIAN_POINT('Ctrl Pts',(71.5784016048662,332.271619406211,177.431729987896));
#7252=CARTESIAN_POINT('Ctrl Pts',(72.7305164730303,331.275029745566,177.931729987896));
#7253=CARTESIAN_POINT('Ctrl Pts',(72.7305164730303,331.275029745566,177.431729987896));
#7254=CARTESIAN_POINT('Ctrl Pts',(72.5645345355854,331.283024249451,177.931729987896));
#7255=CARTESIAN_POINT('Ctrl Pts',(72.5645345355854,331.283024249451,177.431729987896));
#7256=CARTESIAN_POINT('Ctrl Pts',(72.2548125197208,331.297941980243,177.931729987896));
#7257=CARTESIAN_POINT('Ctrl Pts',(72.2548125197208,331.297941980243,177.431729987896));
#7258=CARTESIAN_POINT('Ctrl Pts',(72.0017707040755,331.475177754021,177.931729987896));
#7259=CARTESIAN_POINT('Ctrl Pts',(72.0017707040755,331.475177754021,177.431729987896));
#7260=CARTESIAN_POINT('Ctrl Pts',(71.8843355571978,331.557431784141,177.931729987896));
#7261=CARTESIAN_POINT('Ctrl Pts',(71.8843355571978,331.557431784141,177.431729987896));
#7262=CARTESIAN_POINT('',(72.7305164730303,331.275029745566,177.931729987896));
#7263=CARTESIAN_POINT('Ctrl Pts',(72.7305164730303,331.275029745566,177.931729987896));
#7264=CARTESIAN_POINT('Ctrl Pts',(72.5645345355854,331.283024249451,177.931729987896));
#7265=CARTESIAN_POINT('Ctrl Pts',(72.2548125197208,331.297941980243,177.931729987896));
#7266=CARTESIAN_POINT('Ctrl Pts',(72.0017707040755,331.475177754021,177.931729987896));
#7267=CARTESIAN_POINT('Ctrl Pts',(71.8843355571978,331.557431784141,177.931729987896));
#7268=CARTESIAN_POINT('',(72.7305164730303,331.275029745566,177.431729987896));
#7269=CARTESIAN_POINT('',(72.7305164730303,331.275029745566,177.931729987896));
#7270=CARTESIAN_POINT('Ctrl Pts',(72.7305164730303,331.275029745566,177.431729987896));
#7271=CARTESIAN_POINT('Ctrl Pts',(72.5645345355854,331.283024249451,177.431729987896));
#7272=CARTESIAN_POINT('Ctrl Pts',(72.2548125197208,331.297941980243,177.431729987896));
#7273=CARTESIAN_POINT('Ctrl Pts',(72.0017707040755,331.475177754021,177.431729987896));
#7274=CARTESIAN_POINT('Ctrl Pts',(71.8843355571978,331.557431784141,177.431729987896));
#7275=CARTESIAN_POINT('Ctrl Pts',(73.4794929420702,331.489902105796,177.931729987896));
#7276=CARTESIAN_POINT('Ctrl Pts',(73.4794929420702,331.489902105796,177.431729987896));
#7277=CARTESIAN_POINT('Ctrl Pts',(73.3702644293396,331.427283866426,177.931729987896));
#7278=CARTESIAN_POINT('Ctrl Pts',(73.3702644293396,331.427283866426,177.431729987896));
#7279=CARTESIAN_POINT('Ctrl Pts',(73.1387370866722,331.294554470032,177.931729987896));
#7280=CARTESIAN_POINT('Ctrl Pts',(73.1387370866722,331.294554470032,177.431729987896));
#7281=CARTESIAN_POINT('Ctrl Pts',(72.8716165590896,331.281778401098,177.931729987896));
#7282=CARTESIAN_POINT('Ctrl Pts',(72.8716165590896,331.281778401098,177.431729987896));
#7283=CARTESIAN_POINT('Ctrl Pts',(72.7305164730303,331.275029745566,177.931729987896));
#7284=CARTESIAN_POINT('Ctrl Pts',(72.7305164730303,331.275029745566,177.431729987896));
#7285=CARTESIAN_POINT('',(73.4794929420702,331.489902105796,177.931729987896));
#7286=CARTESIAN_POINT('Ctrl Pts',(73.4794929420702,331.489902105796,177.931729987896));
#7287=CARTESIAN_POINT('Ctrl Pts',(73.3702644293396,331.427283866426,177.931729987896));
#7288=CARTESIAN_POINT('Ctrl Pts',(73.1387370866722,331.294554470032,177.931729987896));
#7289=CARTESIAN_POINT('Ctrl Pts',(72.8716165590896,331.281778401098,177.931729987896));
#7290=CARTESIAN_POINT('Ctrl Pts',(72.7305164730303,331.275029745566,177.931729987896));
#7291=CARTESIAN_POINT('',(73.4794929420702,331.489902105796,177.431729987896));
#7292=CARTESIAN_POINT('',(73.4794929420702,331.489902105796,177.931729987896));
#7293=CARTESIAN_POINT('Ctrl Pts',(73.4794929420702,331.489902105796,177.431729987896));
#7294=CARTESIAN_POINT('Ctrl Pts',(73.3702644293396,331.427283866426,177.431729987896));
#7295=CARTESIAN_POINT('Ctrl Pts',(73.1387370866722,331.294554470032,177.431729987896));
#7296=CARTESIAN_POINT('Ctrl Pts',(72.8716165590896,331.281778401098,177.431729987896));
#7297=CARTESIAN_POINT('Ctrl Pts',(72.7305164730303,331.275029745566,177.431729987896));
#7298=CARTESIAN_POINT('Ctrl Pts',(73.8498881256334,332.328920927512,177.931729987896));
#7299=CARTESIAN_POINT('Ctrl Pts',(73.8498881256334,332.328920927512,177.431729987896));
#7300=CARTESIAN_POINT('Ctrl Pts',(73.83862969123,332.155508148089,177.931729987896));
#7301=CARTESIAN_POINT('Ctrl Pts',(73.83862969123,332.155508148089,177.431729987896));
#7302=CARTESIAN_POINT('Ctrl Pts',(73.8174186316917,331.82879586668,177.931729987896));
#7303=CARTESIAN_POINT('Ctrl Pts',(73.8174186316917,331.82879586668,177.431729987896));
#7304=CARTESIAN_POINT('Ctrl Pts',(73.5874149592361,331.598133292127,177.931729987896));
#7305=CARTESIAN_POINT('Ctrl Pts',(73.5874149592361,331.598133292127,177.431729987896));
#7306=CARTESIAN_POINT('Ctrl Pts',(73.4794929420702,331.489902105796,177.931729987896));
#7307=CARTESIAN_POINT('Ctrl Pts',(73.4794929420702,331.489902105796,177.431729987896));
#7308=CARTESIAN_POINT('',(73.8498881256334,332.328920927512,177.931729987896));
#7309=CARTESIAN_POINT('Ctrl Pts',(73.8498881256334,332.328920927512,177.931729987896));
#7310=CARTESIAN_POINT('Ctrl Pts',(73.83862969123,332.155508148089,177.931729987896));
#7311=CARTESIAN_POINT('Ctrl Pts',(73.8174186316917,331.82879586668,177.931729987896));
#7312=CARTESIAN_POINT('Ctrl Pts',(73.5874149592361,331.598133292127,177.931729987896));
#7313=CARTESIAN_POINT('Ctrl Pts',(73.4794929420702,331.489902105796,177.931729987896));
#7314=CARTESIAN_POINT('',(73.8498881256334,332.328920927512,177.431729987896));
#7315=CARTESIAN_POINT('',(73.8498881256334,332.328920927512,177.931729987896));
#7316=CARTESIAN_POINT('Ctrl Pts',(73.8498881256334,332.328920927512,177.431729987896));
#7317=CARTESIAN_POINT('Ctrl Pts',(73.83862969123,332.155508148089,177.431729987896));
#7318=CARTESIAN_POINT('Ctrl Pts',(73.8174186316917,331.82879586668,177.431729987896));
#7319=CARTESIAN_POINT('Ctrl Pts',(73.5874149592361,331.598133292127,177.431729987896));
#7320=CARTESIAN_POINT('Ctrl Pts',(73.4794929420702,331.489902105796,177.431729987896));
#7321=CARTESIAN_POINT('Ctrl Pts',(73.6851540004961,332.925439444053,177.931729987896));
#7322=CARTESIAN_POINT('Ctrl Pts',(73.6851540004961,332.925439444053,177.431729987896));
#7323=CARTESIAN_POINT('Ctrl Pts',(73.7331601756909,332.837944255111,177.931729987896));
#7324=CARTESIAN_POINT('Ctrl Pts',(73.7331601756909,332.837944255111,177.431729987896));
#7325=CARTESIAN_POINT('Ctrl Pts',(73.8349177348857,332.652482763294,177.931729987896));
#7326=CARTESIAN_POINT('Ctrl Pts',(73.8349177348857,332.652482763294,177.431729987896));
#7327=CARTESIAN_POINT('Ctrl Pts',(73.8447136372395,332.440759488855,177.931729987896));
#7328=CARTESIAN_POINT('Ctrl Pts',(73.8447136372395,332.440759488855,177.431729987896));
#7329=CARTESIAN_POINT('Ctrl Pts',(73.8498881256334,332.328920927512,177.931729987896));
#7330=CARTESIAN_POINT('Ctrl Pts',(73.8498881256334,332.328920927512,177.431729987896));
#7331=CARTESIAN_POINT('',(73.6851540004961,332.925439444053,177.931729987896));
#7332=CARTESIAN_POINT('Ctrl Pts',(73.6851540004961,332.925439444053,177.931729987896));
#7333=CARTESIAN_POINT('Ctrl Pts',(73.7331601756909,332.837944255111,177.931729987896));
#7334=CARTESIAN_POINT('Ctrl Pts',(73.8349177348857,332.652482763294,177.931729987896));
#7335=CARTESIAN_POINT('Ctrl Pts',(73.8447136372395,332.440759488855,177.931729987896));
#7336=CARTESIAN_POINT('Ctrl Pts',(73.8498881256334,332.328920927512,177.931729987896));
#7337=CARTESIAN_POINT('',(73.6851540004961,332.925439444053,177.431729987896));
#7338=CARTESIAN_POINT('',(73.6851540004961,332.925439444053,177.931729987896));
#7339=CARTESIAN_POINT('Ctrl Pts',(73.6851540004961,332.925439444053,177.431729987896));
#7340=CARTESIAN_POINT('Ctrl Pts',(73.7331601756909,332.837944255111,177.431729987896));
#7341=CARTESIAN_POINT('Ctrl Pts',(73.8349177348857,332.652482763294,177.431729987896));
#7342=CARTESIAN_POINT('Ctrl Pts',(73.8447136372395,332.440759488855,177.431729987896));
#7343=CARTESIAN_POINT('Ctrl Pts',(73.8498881256334,332.328920927512,177.431729987896));
#7344=CARTESIAN_POINT('Ctrl Pts',(73.2052770054094,333.274345961082,177.931729987896));
#7345=CARTESIAN_POINT('Ctrl Pts',(73.2052770054094,333.274345961082,177.431729987896));
#7346=CARTESIAN_POINT('Ctrl Pts',(73.3029085138834,333.233801431605,177.931729987896));
#7347=CARTESIAN_POINT('Ctrl Pts',(73.3029085138834,333.233801431605,177.431729987896));
#7348=CARTESIAN_POINT('Ctrl Pts',(73.4909982267582,333.155691310936,177.931729987896));
#7349=CARTESIAN_POINT('Ctrl Pts',(73.4909982267582,333.155691310936,177.431729987896));
#7350=CARTESIAN_POINT('Ctrl Pts',(73.6221020745002,333.000213546268,177.931729987896));
#7351=CARTESIAN_POINT('Ctrl Pts',(73.6221020745002,333.000213546268,177.431729987896));
#7352=CARTESIAN_POINT('Ctrl Pts',(73.6851540004961,332.925439444053,177.931729987896));
#7353=CARTESIAN_POINT('Ctrl Pts',(73.6851540004961,332.925439444053,177.431729987896));
#7354=CARTESIAN_POINT('',(73.2052770054094,333.274345961082,177.931729987896));
#7355=CARTESIAN_POINT('Ctrl Pts',(73.2052770054094,333.274345961082,177.931729987896));
#7356=CARTESIAN_POINT('Ctrl Pts',(73.3029085138834,333.233801431605,177.931729987896));
#7357=CARTESIAN_POINT('Ctrl Pts',(73.4909982267582,333.155691310936,177.931729987896));
#7358=CARTESIAN_POINT('Ctrl Pts',(73.6221020745002,333.000213546268,177.931729987896));
#7359=CARTESIAN_POINT('Ctrl Pts',(73.6851540004961,332.925439444053,177.931729987896));
#7360=CARTESIAN_POINT('',(73.2052770054094,333.274345961082,177.431729987896));
#7361=CARTESIAN_POINT('',(73.2052770054094,333.274345961082,177.931729987896));
#7362=CARTESIAN_POINT('Ctrl Pts',(73.2052770054094,333.274345961082,177.431729987896));
#7363=CARTESIAN_POINT('Ctrl Pts',(73.3029085138834,333.233801431605,177.431729987896));
#7364=CARTESIAN_POINT('Ctrl Pts',(73.4909982267582,333.155691310936,177.431729987896));
#7365=CARTESIAN_POINT('Ctrl Pts',(73.6221020745002,333.000213546268,177.431729987896));
#7366=CARTESIAN_POINT('Ctrl Pts',(73.6851540004961,332.925439444053,177.431729987896));
#7367=CARTESIAN_POINT('Origin',(73.1090965664141,332.701359358298,177.931729987896));
#7368=CARTESIAN_POINT('',(73.1090965664141,332.701359358298,177.931729987896));
#7369=CARTESIAN_POINT('',(69.5207007963462,311.323803555793,177.931729987896));
#7370=CARTESIAN_POINT('',(73.1090965664141,332.701359358298,177.431729987896));
#7371=CARTESIAN_POINT('',(73.1090965664141,332.701359358298,177.931729987896));
#7372=CARTESIAN_POINT('',(73.1090965664141,332.701359358298,177.431729987896));
#7373=CARTESIAN_POINT('Ctrl Pts',(73.3464780246966,332.562208738792,177.931729987896));
#7374=CARTESIAN_POINT('Ctrl Pts',(73.3464780246966,332.562208738792,177.431729987896));
#7375=CARTESIAN_POINT('Ctrl Pts',(73.315917806265,332.591625707384,177.931729987896));
#7376=CARTESIAN_POINT('Ctrl Pts',(73.315917806265,332.591625707384,177.431729987896));
#7377=CARTESIAN_POINT('Ctrl Pts',(73.248197596694,332.656812521492,177.931729987896));
#7378=CARTESIAN_POINT('Ctrl Pts',(73.248197596694,332.656812521492,177.431729987896));
#7379=CARTESIAN_POINT('Ctrl Pts',(73.1583813028818,332.685576016449,177.931729987896));
#7380=CARTESIAN_POINT('Ctrl Pts',(73.1583813028818,332.685576016449,177.431729987896));
#7381=CARTESIAN_POINT('Ctrl Pts',(73.1090965664141,332.701359358298,177.931729987896));
#7382=CARTESIAN_POINT('Ctrl Pts',(73.1090965664141,332.701359358298,177.431729987896));
#7383=CARTESIAN_POINT('Ctrl Pts',(73.3464780246966,332.562208738792,177.931729987896));
#7384=CARTESIAN_POINT('Ctrl Pts',(73.315917806265,332.591625707384,177.931729987896));
#7385=CARTESIAN_POINT('Ctrl Pts',(73.248197596694,332.656812521492,177.931729987896));
#7386=CARTESIAN_POINT('Ctrl Pts',(73.1583813028818,332.685576016449,177.931729987896));
#7387=CARTESIAN_POINT('Ctrl Pts',(73.1090965664141,332.701359358298,177.931729987896));
#7388=CARTESIAN_POINT('Ctrl Pts',(73.3464780246966,332.562208738792,177.431729987896));
#7389=CARTESIAN_POINT('Ctrl Pts',(73.315917806265,332.591625707384,177.431729987896));
#7390=CARTESIAN_POINT('Ctrl Pts',(73.248197596694,332.656812521492,177.431729987896));
#7391=CARTESIAN_POINT('Ctrl Pts',(73.1583813028818,332.685576016449,177.431729987896));
#7392=CARTESIAN_POINT('Ctrl Pts',(73.1090965664141,332.701359358298,177.431729987896));
#7393=CARTESIAN_POINT('Origin',(72.325331846451,323.647132482993,177.431729987896));
#7394=CARTESIAN_POINT('Origin',(71.6275146400683,330.853477087485,177.931729987896));
#7395=CARTESIAN_POINT('',(71.6275146400683,330.853477087485,177.931729987896));
#7396=CARTESIAN_POINT('',(73.8007750904314,330.853477087485,177.931729987896));
#7397=CARTESIAN_POINT('',(18.8166910553688,330.853477087485,177.931729987896));
#7398=CARTESIAN_POINT('',(71.6275146400683,330.853477087485,177.431729987896));
#7399=CARTESIAN_POINT('',(71.6275146400683,330.853477087485,177.931729987896));
#7400=CARTESIAN_POINT('',(73.8007750904314,330.853477087485,177.431729987896));
#7401=CARTESIAN_POINT('',(71.6275146400683,330.853477087485,177.431729987896));
#7402=CARTESIAN_POINT('',(73.8007750904314,330.853477087485,177.931729987896));
#7403=CARTESIAN_POINT('Origin',(71.6275146400683,330.278444853293,177.931729987896));
#7404=CARTESIAN_POINT('',(71.6275146400683,330.278444853293,177.931729987896));
#7405=CARTESIAN_POINT('',(71.6275146400683,318.499076974354,177.931729987896));
#7406=CARTESIAN_POINT('',(71.6275146400683,330.278444853293,177.431729987896));
#7407=CARTESIAN_POINT('',(71.6275146400683,330.278444853293,177.931729987896));
#7408=CARTESIAN_POINT('',(71.6275146400683,330.278444853293,177.431729987896));
#7409=CARTESIAN_POINT('Origin',(73.8007750904314,330.278444853293,177.931729987896));
#7410=CARTESIAN_POINT('',(73.8007750904314,330.278444853293,177.931729987896));
#7411=CARTESIAN_POINT('',(19.9033212805504,330.278444853293,177.931729987896));
#7412=CARTESIAN_POINT('',(73.8007750904314,330.278444853293,177.431729987896));
#7413=CARTESIAN_POINT('',(73.8007750904314,330.278444853293,177.931729987896));
#7414=CARTESIAN_POINT('',(73.8007750904314,330.278444853293,177.431729987896));
#7415=CARTESIAN_POINT('Origin',(73.8007750904314,330.853477087485,177.931729987896));
#7416=CARTESIAN_POINT('',(73.8007750904314,318.78659309145,177.931729987896));
#7417=CARTESIAN_POINT('',(73.8007750904314,330.853477087485,177.431729987896));
#7418=CARTESIAN_POINT('Origin',(72.325331846451,323.647132482993,177.431729987896));
#7419=CARTESIAN_POINT('Ctrl Pts',(72.1554818546526,328.500133123862,177.931729987896));
#7420=CARTESIAN_POINT('Ctrl Pts',(72.1554818546526,328.500133123862,177.431729987896));
#7421=CARTESIAN_POINT('Ctrl Pts',(72.2076312972281,328.464473255413,177.931729987896));
#7422=CARTESIAN_POINT('Ctrl Pts',(72.2076312972281,328.464473255413,177.431729987896));
#7423=CARTESIAN_POINT('Ctrl Pts',(72.3195050638542,328.387973802998,177.931729987896));
#7424=CARTESIAN_POINT('Ctrl Pts',(72.3195050638542,328.387973802998,177.431729987896));
#7425=CARTESIAN_POINT('Ctrl Pts',(72.4553841745173,328.382382759599,177.931729987896));
#7426=CARTESIAN_POINT('Ctrl Pts',(72.4553841745173,328.382382759599,177.431729987896));
#7427=CARTESIAN_POINT('Ctrl Pts',(72.5279238617174,328.379397955405,177.931729987896));
#7428=CARTESIAN_POINT('Ctrl Pts',(72.5279238617174,328.379397955405,177.431729987896));
#7429=CARTESIAN_POINT('',(72.1554818546526,328.500133123862,177.931729987896));
#7430=CARTESIAN_POINT('',(72.5279238617174,328.379397955405,177.931729987896));
#7431=CARTESIAN_POINT('Ctrl Pts',(72.1554818546526,328.500133123862,177.931729987896));
#7432=CARTESIAN_POINT('Ctrl Pts',(72.2076312972281,328.464473255413,177.931729987896));
#7433=CARTESIAN_POINT('Ctrl Pts',(72.3195050638542,328.387973802998,177.931729987896));
#7434=CARTESIAN_POINT('Ctrl Pts',(72.4553841745173,328.382382759599,177.931729987896));
#7435=CARTESIAN_POINT('Ctrl Pts',(72.5279238617174,328.379397955405,177.931729987896));
#7436=CARTESIAN_POINT('',(72.1554818546526,328.500133123862,177.431729987896));
#7437=CARTESIAN_POINT('',(72.1554818546526,328.500133123862,177.931729987896));
#7438=CARTESIAN_POINT('',(72.5279238617174,328.379397955405,177.431729987896));
#7439=CARTESIAN_POINT('Ctrl Pts',(72.1554818546526,328.500133123862,177.431729987896));
#7440=CARTESIAN_POINT('Ctrl Pts',(72.2076312972281,328.464473255413,177.431729987896));
#7441=CARTESIAN_POINT('Ctrl Pts',(72.3195050638542,328.387973802998,177.431729987896));
#7442=CARTESIAN_POINT('Ctrl Pts',(72.4553841745173,328.382382759599,177.431729987896));
#7443=CARTESIAN_POINT('Ctrl Pts',(72.5279238617174,328.379397955405,177.431729987896));
#7444=CARTESIAN_POINT('',(72.5279238617174,328.379397955405,177.931729987896));
#7445=CARTESIAN_POINT('Ctrl Pts',(72.0183744823687,328.811183538901,177.931729987896));
#7446=CARTESIAN_POINT('Ctrl Pts',(72.0183744823687,328.811183538901,177.431729987896));
#7447=CARTESIAN_POINT('Ctrl Pts',(72.0239383539083,328.751291200106,177.931729987896));
#7448=CARTESIAN_POINT('Ctrl Pts',(72.0239383539083,328.751291200106,177.431729987896));
#7449=CARTESIAN_POINT('Ctrl Pts',(72.0349945900451,328.632276259559,177.931729987896));
#7450=CARTESIAN_POINT('Ctrl Pts',(72.0349945900451,328.632276259559,177.431729987896));
#7451=CARTESIAN_POINT('Ctrl Pts',(72.1154929760052,328.54399050443,177.931729987896));
#7452=CARTESIAN_POINT('Ctrl Pts',(72.1154929760052,328.54399050443,177.431729987896));
#7453=CARTESIAN_POINT('Ctrl Pts',(72.1554818546526,328.500133123862,177.931729987896));
#7454=CARTESIAN_POINT('Ctrl Pts',(72.1554818546526,328.500133123862,177.431729987896));
#7455=CARTESIAN_POINT('',(72.0183744823687,328.811183538901,177.931729987896));
#7456=CARTESIAN_POINT('Ctrl Pts',(72.0183744823687,328.811183538901,177.931729987896));
#7457=CARTESIAN_POINT('Ctrl Pts',(72.0239383539083,328.751291200106,177.931729987896));
#7458=CARTESIAN_POINT('Ctrl Pts',(72.0349945900451,328.632276259559,177.931729987896));
#7459=CARTESIAN_POINT('Ctrl Pts',(72.1154929760052,328.54399050443,177.931729987896));
#7460=CARTESIAN_POINT('Ctrl Pts',(72.1554818546526,328.500133123862,177.931729987896));
#7461=CARTESIAN_POINT('',(72.0183744823687,328.811183538901,177.431729987896));
#7462=CARTESIAN_POINT('',(72.0183744823687,328.811183538901,177.931729987896));
#7463=CARTESIAN_POINT('Ctrl Pts',(72.0183744823687,328.811183538901,177.431729987896));
#7464=CARTESIAN_POINT('Ctrl Pts',(72.0239383539083,328.751291200106,177.431729987896));
#7465=CARTESIAN_POINT('Ctrl Pts',(72.0349945900451,328.632276259559,177.431729987896));
#7466=CARTESIAN_POINT('Ctrl Pts',(72.1154929760052,328.54399050443,177.431729987896));
#7467=CARTESIAN_POINT('Ctrl Pts',(72.1554818546526,328.500133123862,177.431729987896));
#7468=CARTESIAN_POINT('Ctrl Pts',(72.1483197605364,329.109955397117,177.931729987896));
#7469=CARTESIAN_POINT('Ctrl Pts',(72.1483197605364,329.109955397117,177.431729987896));
#7470=CARTESIAN_POINT('Ctrl Pts',(72.1104195689626,329.066942454507,177.931729987896));
#7471=CARTESIAN_POINT('Ctrl Pts',(72.1104195689626,329.066942454507,177.431729987896));
#7472=CARTESIAN_POINT('Ctrl Pts',(72.0349551977107,328.981297909323,177.931729987896));
#7473=CARTESIAN_POINT('Ctrl Pts',(72.0349551977107,328.981297909323,177.431729987896));
#7474=CARTESIAN_POINT('Ctrl Pts',(72.0238849570689,328.867719756731,177.931729987896));
#7475=CARTESIAN_POINT('Ctrl Pts',(72.0238849570689,328.867719756731,177.431729987896));
#7476=CARTESIAN_POINT('Ctrl Pts',(72.0183744823687,328.811183538901,177.931729987896));
#7477=CARTESIAN_POINT('Ctrl Pts',(72.0183744823687,328.811183538901,177.431729987896));
#7478=CARTESIAN_POINT('',(72.1483197605364,329.109955397117,177.931729987896));
#7479=CARTESIAN_POINT('Ctrl Pts',(72.1483197605364,329.109955397117,177.931729987896));
#7480=CARTESIAN_POINT('Ctrl Pts',(72.1104195689626,329.066942454507,177.931729987896));
#7481=CARTESIAN_POINT('Ctrl Pts',(72.0349551977107,328.981297909323,177.931729987896));
#7482=CARTESIAN_POINT('Ctrl Pts',(72.0238849570689,328.867719756731,177.931729987896));
#7483=CARTESIAN_POINT('Ctrl Pts',(72.0183744823687,328.811183538901,177.931729987896));
#7484=CARTESIAN_POINT('',(72.1483197605364,329.109955397117,177.431729987896));
#7485=CARTESIAN_POINT('',(72.1483197605364,329.109955397117,177.931729987896));
#7486=CARTESIAN_POINT('Ctrl Pts',(72.1483197605364,329.109955397117,177.431729987896));
#7487=CARTESIAN_POINT('Ctrl Pts',(72.1104195689626,329.066942454507,177.431729987896));
#7488=CARTESIAN_POINT('Ctrl Pts',(72.0349551977107,328.981297909323,177.431729987896));
#7489=CARTESIAN_POINT('Ctrl Pts',(72.0238849570689,328.867719756731,177.431729987896));
#7490=CARTESIAN_POINT('Ctrl Pts',(72.0183744823687,328.811183538901,177.431729987896));
#7491=CARTESIAN_POINT('Ctrl Pts',(72.5279238617174,329.23887785958,177.931729987896));
#7492=CARTESIAN_POINT('Ctrl Pts',(72.5279238617174,329.23887785958,177.431729987896));
#7493=CARTESIAN_POINT('Ctrl Pts',(72.4521622436492,329.234128837041,177.931729987896));
#7494=CARTESIAN_POINT('Ctrl Pts',(72.4521622436492,329.234128837041,177.431729987896));
#7495=CARTESIAN_POINT('Ctrl Pts',(72.3133295393056,329.225426282122,177.931729987896));
#7496=CARTESIAN_POINT('Ctrl Pts',(72.3133295393056,329.225426282122,177.431729987896));
#7497=CARTESIAN_POINT('Ctrl Pts',(72.1998658259229,329.146026409593,177.931729987896));
#7498=CARTESIAN_POINT('Ctrl Pts',(72.1998658259229,329.146026409593,177.431729987896));
#7499=CARTESIAN_POINT('Ctrl Pts',(72.1483197605364,329.109955397117,177.931729987896));
#7500=CARTESIAN_POINT('Ctrl Pts',(72.1483197605364,329.109955397117,177.431729987896));
#7501=CARTESIAN_POINT('',(72.5279238617174,329.23887785958,177.931729987896));
#7502=CARTESIAN_POINT('Ctrl Pts',(72.5279238617174,329.23887785958,177.931729987896));
#7503=CARTESIAN_POINT('Ctrl Pts',(72.4521622436492,329.234128837041,177.931729987896));
#7504=CARTESIAN_POINT('Ctrl Pts',(72.3133295393056,329.225426282122,177.931729987896));
#7505=CARTESIAN_POINT('Ctrl Pts',(72.1998658259229,329.146026409593,177.931729987896));
#7506=CARTESIAN_POINT('Ctrl Pts',(72.1483197605364,329.109955397117,177.931729987896));
#7507=CARTESIAN_POINT('',(72.5279238617174,329.23887785958,177.431729987896));
#7508=CARTESIAN_POINT('',(72.5279238617174,329.23887785958,177.931729987896));
#7509=CARTESIAN_POINT('Ctrl Pts',(72.5279238617174,329.23887785958,177.431729987896));
#7510=CARTESIAN_POINT('Ctrl Pts',(72.4521622436492,329.234128837041,177.431729987896));
#7511=CARTESIAN_POINT('Ctrl Pts',(72.3133295393056,329.225426282122,177.431729987896));
#7512=CARTESIAN_POINT('Ctrl Pts',(72.1998658259229,329.146026409593,177.431729987896));
#7513=CARTESIAN_POINT('Ctrl Pts',(72.1483197605364,329.109955397117,177.431729987896));
#7514=CARTESIAN_POINT('Origin',(72.5279238617174,328.379397955405,177.931729987896));
#7515=CARTESIAN_POINT('',(72.5279238617174,317.54955352541,177.931729987896));
#7516=CARTESIAN_POINT('',(72.5279238617174,328.379397955405,177.431729987896));
#7517=CARTESIAN_POINT('Ctrl Pts',(73.4201469814531,328.839831915366,177.931729987896));
#7518=CARTESIAN_POINT('Ctrl Pts',(73.4201469814531,328.839831915366,177.431729987896));
#7519=CARTESIAN_POINT('Ctrl Pts',(73.4175562098693,328.88244842241,177.931729987896));
#7520=CARTESIAN_POINT('Ctrl Pts',(73.4175562098693,328.88244842241,177.431729987896));
#7521=CARTESIAN_POINT('Ctrl Pts',(73.4125590516171,328.964648424597,177.931729987896));
#7522=CARTESIAN_POINT('Ctrl Pts',(73.4125590516171,328.964648424597,177.431729987896));
#7523=CARTESIAN_POINT('Ctrl Pts',(73.3679564521147,329.033720907579,177.931729987896));
#7524=CARTESIAN_POINT('Ctrl Pts',(73.3679564521147,329.033720907579,177.431729987896));
#7525=CARTESIAN_POINT('Ctrl Pts',(73.3464780246966,329.066982832419,177.931729987896));
#7526=CARTESIAN_POINT('Ctrl Pts',(73.3464780246966,329.066982832419,177.431729987896));
#7527=CARTESIAN_POINT('',(73.4201469814531,328.839831915366,177.931729987896));
#7528=CARTESIAN_POINT('',(73.3464780246966,329.066982832419,177.931729987896));
#7529=CARTESIAN_POINT('Ctrl Pts',(73.4201469814531,328.839831915366,177.931729987896));
#7530=CARTESIAN_POINT('Ctrl Pts',(73.4175562098693,328.88244842241,177.931729987896));
#7531=CARTESIAN_POINT('Ctrl Pts',(73.4125590516171,328.964648424597,177.931729987896));
#7532=CARTESIAN_POINT('Ctrl Pts',(73.3679564521147,329.033720907579,177.931729987896));
#7533=CARTESIAN_POINT('Ctrl Pts',(73.3464780246966,329.066982832419,177.931729987896));
#7534=CARTESIAN_POINT('',(73.4201469814531,328.839831915366,177.431729987896));
#7535=CARTESIAN_POINT('',(73.4201469814531,328.839831915366,177.931729987896));
#7536=CARTESIAN_POINT('',(73.3464780246966,329.066982832419,177.431729987896));
#7537=CARTESIAN_POINT('Ctrl Pts',(73.4201469814531,328.839831915366,177.431729987896));
#7538=CARTESIAN_POINT('Ctrl Pts',(73.4175562098693,328.88244842241,177.431729987896));
#7539=CARTESIAN_POINT('Ctrl Pts',(73.4125590516171,328.964648424597,177.431729987896));
#7540=CARTESIAN_POINT('Ctrl Pts',(73.3679564521147,329.033720907579,177.431729987896));
#7541=CARTESIAN_POINT('Ctrl Pts',(73.3464780246966,329.066982832419,177.431729987896));
#7542=CARTESIAN_POINT('',(73.3464780246966,329.066982832419,177.931729987896));
#7543=CARTESIAN_POINT('Ctrl Pts',(73.2779243385546,328.508320417869,177.931729987896));
#7544=CARTESIAN_POINT('Ctrl Pts',(73.2779243385546,328.508320417869,177.431729987896));
#7545=CARTESIAN_POINT('Ctrl Pts',(73.3194057421672,328.555564468938,177.931729987896));
#7546=CARTESIAN_POINT('Ctrl Pts',(73.3194057421672,328.555564468938,177.431729987896));
#7547=CARTESIAN_POINT('Ctrl Pts',(73.4028224653577,328.650569545606,177.931729987896));
#7548=CARTESIAN_POINT('Ctrl Pts',(73.4028224653577,328.650569545606,177.431729987896));
#7549=CARTESIAN_POINT('Ctrl Pts',(73.4143512313166,328.776516010937,177.931729987896));
#7550=CARTESIAN_POINT('Ctrl Pts',(73.4143512313166,328.776516010937,177.431729987896));
#7551=CARTESIAN_POINT('Ctrl Pts',(73.4201469814531,328.839831915366,177.931729987896));
#7552=CARTESIAN_POINT('Ctrl Pts',(73.4201469814531,328.839831915366,177.431729987896));
#7553=CARTESIAN_POINT('',(73.2779243385546,328.508320417869,177.931729987896));
#7554=CARTESIAN_POINT('Ctrl Pts',(73.2779243385546,328.508320417869,177.931729987896));
#7555=CARTESIAN_POINT('Ctrl Pts',(73.3194057421672,328.555564468938,177.931729987896));
#7556=CARTESIAN_POINT('Ctrl Pts',(73.4028224653577,328.650569545606,177.931729987896));
#7557=CARTESIAN_POINT('Ctrl Pts',(73.4143512313166,328.776516010937,177.931729987896));
#7558=CARTESIAN_POINT('Ctrl Pts',(73.4201469814531,328.839831915366,177.931729987896));
#7559=CARTESIAN_POINT('',(73.2779243385546,328.508320417869,177.431729987896));
#7560=CARTESIAN_POINT('',(73.2779243385546,328.508320417869,177.931729987896));
#7561=CARTESIAN_POINT('Ctrl Pts',(73.2779243385546,328.508320417869,177.431729987896));
#7562=CARTESIAN_POINT('Ctrl Pts',(73.3194057421672,328.555564468938,177.431729987896));
#7563=CARTESIAN_POINT('Ctrl Pts',(73.4028224653577,328.650569545606,177.431729987896));
#7564=CARTESIAN_POINT('Ctrl Pts',(73.4143512313166,328.776516010937,177.431729987896));
#7565=CARTESIAN_POINT('Ctrl Pts',(73.4201469814531,328.839831915366,177.431729987896));
#7566=CARTESIAN_POINT('Ctrl Pts',(72.879902402138,328.36916502999,177.931729987896));
#7567=CARTESIAN_POINT('Ctrl Pts',(72.879902402138,328.36916502999,177.431729987896));
#7568=CARTESIAN_POINT('Ctrl Pts',(72.9583172680358,328.374633790983,177.931729987896));
#7569=CARTESIAN_POINT('Ctrl Pts',(72.9583172680358,328.374633790983,177.431729987896));
#7570=CARTESIAN_POINT('Ctrl Pts',(73.1042240641959,328.38480953236,177.931729987896));
#7571=CARTESIAN_POINT('Ctrl Pts',(73.1042240641959,328.38480953236,177.431729987896));
#7572=CARTESIAN_POINT('Ctrl Pts',(73.2229878963363,328.46925744776,177.931729987896));
#7573=CARTESIAN_POINT('Ctrl Pts',(73.2229878963363,328.46925744776,177.431729987896));
#7574=CARTESIAN_POINT('Ctrl Pts',(73.2779243385546,328.508320417869,177.931729987896));
#7575=CARTESIAN_POINT('Ctrl Pts',(73.2779243385546,328.508320417869,177.431729987896));
#7576=CARTESIAN_POINT('',(72.879902402138,328.36916502999,177.931729987896));
#7577=CARTESIAN_POINT('Ctrl Pts',(72.879902402138,328.36916502999,177.931729987896));
#7578=CARTESIAN_POINT('Ctrl Pts',(72.9583172680358,328.374633790983,177.931729987896));
#7579=CARTESIAN_POINT('Ctrl Pts',(73.1042240641959,328.38480953236,177.931729987896));
#7580=CARTESIAN_POINT('Ctrl Pts',(73.2229878963363,328.46925744776,177.931729987896));
#7581=CARTESIAN_POINT('Ctrl Pts',(73.2779243385546,328.508320417869,177.931729987896));
#7582=CARTESIAN_POINT('',(72.879902402138,328.36916502999,177.431729987896));
#7583=CARTESIAN_POINT('',(72.879902402138,328.36916502999,177.931729987896));
#7584=CARTESIAN_POINT('Ctrl Pts',(72.879902402138,328.36916502999,177.431729987896));
#7585=CARTESIAN_POINT('Ctrl Pts',(72.9583172680358,328.374633790983,177.431729987896));
#7586=CARTESIAN_POINT('Ctrl Pts',(73.1042240641959,328.38480953236,177.431729987896));
#7587=CARTESIAN_POINT('Ctrl Pts',(73.2229878963363,328.46925744776,177.431729987896));
#7588=CARTESIAN_POINT('Ctrl Pts',(73.2779243385546,328.508320417869,177.431729987896));
#7589=CARTESIAN_POINT('Origin',(72.879902402138,329.809818830955,177.931729987896));
#7590=CARTESIAN_POINT('',(72.879902402138,329.809818830955,177.931729987896));
#7591=CARTESIAN_POINT('',(72.879902402138,318.264763963185,177.931729987896));
#7592=CARTESIAN_POINT('',(72.879902402138,329.809818830955,177.431729987896));
#7593=CARTESIAN_POINT('',(72.879902402138,329.809818830955,177.931729987896));
#7594=CARTESIAN_POINT('',(72.879902402138,329.809818830955,177.431729987896));
#7595=CARTESIAN_POINT('Ctrl Pts',(71.8986597454302,329.541743364799,177.931729987896));
#7596=CARTESIAN_POINT('Ctrl Pts',(71.8986597454302,329.541743364799,177.431729987896));
#7597=CARTESIAN_POINT('Ctrl Pts',(72.0303325180558,329.622497435061,177.931729987896));
#7598=CARTESIAN_POINT('Ctrl Pts',(72.0303325180558,329.622497435061,177.431729987896));
#7599=CARTESIAN_POINT('Ctrl Pts',(72.3294500166621,329.805944286051,177.931729987896));
#7600=CARTESIAN_POINT('Ctrl Pts',(72.3294500166621,329.805944286051,177.431729987896));
#7601=CARTESIAN_POINT('Ctrl Pts',(72.6823502987009,329.808428293797,177.931729987896));
#7602=CARTESIAN_POINT('Ctrl Pts',(72.6823502987009,329.808428293797,177.431729987896));
#7603=CARTESIAN_POINT('Ctrl Pts',(72.879902402138,329.809818830955,177.931729987896));
#7604=CARTESIAN_POINT('Ctrl Pts',(72.879902402138,329.809818830955,177.431729987896));
#7605=CARTESIAN_POINT('',(71.8986597454302,329.541743364799,177.931729987896));
#7606=CARTESIAN_POINT('Ctrl Pts',(71.8986597454302,329.541743364799,177.931729987896));
#7607=CARTESIAN_POINT('Ctrl Pts',(72.0303325180558,329.622497435061,177.931729987896));
#7608=CARTESIAN_POINT('Ctrl Pts',(72.3294500166621,329.805944286051,177.931729987896));
#7609=CARTESIAN_POINT('Ctrl Pts',(72.6823502987009,329.808428293797,177.931729987896));
#7610=CARTESIAN_POINT('Ctrl Pts',(72.879902402138,329.809818830955,177.931729987896));
#7611=CARTESIAN_POINT('',(71.8986597454302,329.541743364799,177.431729987896));
#7612=CARTESIAN_POINT('',(71.8986597454302,329.541743364799,177.931729987896));
#7613=CARTESIAN_POINT('Ctrl Pts',(71.8986597454302,329.541743364799,177.431729987896));
#7614=CARTESIAN_POINT('Ctrl Pts',(72.0303325180558,329.622497435061,177.431729987896));
#7615=CARTESIAN_POINT('Ctrl Pts',(72.3294500166621,329.805944286051,177.431729987896));
#7616=CARTESIAN_POINT('Ctrl Pts',(72.6823502987009,329.808428293797,177.431729987896));
#7617=CARTESIAN_POINT('Ctrl Pts',(72.879902402138,329.809818830955,177.431729987896));
#7618=CARTESIAN_POINT('Ctrl Pts',(71.5784016048662,328.776395884025,177.931729987896));
#7619=CARTESIAN_POINT('Ctrl Pts',(71.5784016048662,328.776395884025,177.431729987896));
#7620=CARTESIAN_POINT('Ctrl Pts',(71.589635430046,328.927627798639,177.931729987896));
#7621=CARTESIAN_POINT('Ctrl Pts',(71.589635430046,328.927627798639,177.431729987896));
#7622=CARTESIAN_POINT('Ctrl Pts',(71.6112939071496,329.219198381909,177.931729987896));
#7623=CARTESIAN_POINT('Ctrl Pts',(71.6112939071496,329.219198381909,177.431729987896));
#7624=CARTESIAN_POINT('Ctrl Pts',(71.8052870311813,329.436940021785,177.931729987896));
#7625=CARTESIAN_POINT('Ctrl Pts',(71.8052870311813,329.436940021785,177.431729987896));
#7626=CARTESIAN_POINT('Ctrl Pts',(71.8986597454302,329.541743364799,177.931729987896));
#7627=CARTESIAN_POINT('Ctrl Pts',(71.8986597454302,329.541743364799,177.431729987896));
#7628=CARTESIAN_POINT('',(71.5784016048662,328.776395884025,177.931729987896));
#7629=CARTESIAN_POINT('Ctrl Pts',(71.5784016048662,328.776395884025,177.931729987896));
#7630=CARTESIAN_POINT('Ctrl Pts',(71.589635430046,328.927627798639,177.931729987896));
#7631=CARTESIAN_POINT('Ctrl Pts',(71.6112939071496,329.219198381909,177.931729987896));
#7632=CARTESIAN_POINT('Ctrl Pts',(71.8052870311813,329.436940021785,177.931729987896));
#7633=CARTESIAN_POINT('Ctrl Pts',(71.8986597454302,329.541743364799,177.931729987896));
#7634=CARTESIAN_POINT('',(71.5784016048662,328.776395884025,177.431729987896));
#7635=CARTESIAN_POINT('',(71.5784016048662,328.776395884025,177.931729987896));
#7636=CARTESIAN_POINT('Ctrl Pts',(71.5784016048662,328.776395884025,177.431729987896));
#7637=CARTESIAN_POINT('Ctrl Pts',(71.589635430046,328.927627798639,177.431729987896));
#7638=CARTESIAN_POINT('Ctrl Pts',(71.6112939071496,329.219198381909,177.431729987896));
#7639=CARTESIAN_POINT('Ctrl Pts',(71.8052870311813,329.436940021785,177.431729987896));
#7640=CARTESIAN_POINT('Ctrl Pts',(71.8986597454302,329.541743364799,177.431729987896));
#7641=CARTESIAN_POINT('Ctrl Pts',(71.8843355571978,328.062205877769,177.931729987896));
#7642=CARTESIAN_POINT('Ctrl Pts',(71.8843355571978,328.062205877769,177.431729987896));
#7643=CARTESIAN_POINT('Ctrl Pts',(71.795107524894,328.163295000404,177.931729987896));
#7644=CARTESIAN_POINT('Ctrl Pts',(71.795107524894,328.163295000404,177.431729987896));
#7645=CARTESIAN_POINT('Ctrl Pts',(71.6147848655855,328.367587966976,177.931729987896));
#7646=CARTESIAN_POINT('Ctrl Pts',(71.6147848655855,328.367587966976,177.431729987896));
#7647=CARTESIAN_POINT('Ctrl Pts',(71.5906127635933,328.639189425195,177.931729987896));
#7648=CARTESIAN_POINT('Ctrl Pts',(71.5906127635933,328.639189425195,177.431729987896));
#7649=CARTESIAN_POINT('Ctrl Pts',(71.5784016048662,328.776395884025,177.931729987896));
#7650=CARTESIAN_POINT('Ctrl Pts',(71.5784016048662,328.776395884025,177.431729987896));
#7651=CARTESIAN_POINT('',(71.8843355571978,328.062205877769,177.931729987896));
#7652=CARTESIAN_POINT('Ctrl Pts',(71.8843355571978,328.062205877769,177.931729987896));
#7653=CARTESIAN_POINT('Ctrl Pts',(71.795107524894,328.163295000404,177.931729987896));
#7654=CARTESIAN_POINT('Ctrl Pts',(71.6147848655855,328.367587966976,177.931729987896));
#7655=CARTESIAN_POINT('Ctrl Pts',(71.5906127635933,328.639189425195,177.931729987896));
#7656=CARTESIAN_POINT('Ctrl Pts',(71.5784016048662,328.776395884025,177.931729987896));
#7657=CARTESIAN_POINT('',(71.8843355571978,328.062205877769,177.431729987896));
#7658=CARTESIAN_POINT('',(71.8843355571978,328.062205877769,177.931729987896));
#7659=CARTESIAN_POINT('Ctrl Pts',(71.8843355571978,328.062205877769,177.431729987896));
#7660=CARTESIAN_POINT('Ctrl Pts',(71.795107524894,328.163295000404,177.431729987896));
#7661=CARTESIAN_POINT('Ctrl Pts',(71.6147848655855,328.367587966976,177.431729987896));
#7662=CARTESIAN_POINT('Ctrl Pts',(71.5906127635933,328.639189425195,177.431729987896));
#7663=CARTESIAN_POINT('Ctrl Pts',(71.5784016048662,328.776395884025,177.431729987896));
#7664=CARTESIAN_POINT('Ctrl Pts',(72.7305164730303,327.77980622338,177.931729987896));
#7665=CARTESIAN_POINT('Ctrl Pts',(72.7305164730303,327.77980622338,177.431729987896));
#7666=CARTESIAN_POINT('Ctrl Pts',(72.5645345106717,327.787799740224,177.931729987896));
#7667=CARTESIAN_POINT('Ctrl Pts',(72.5645345106717,327.787799740224,177.431729987896));
#7668=CARTESIAN_POINT('Ctrl Pts',(72.254812346226,327.802715634116,177.931729987896));
#7669=CARTESIAN_POINT('Ctrl Pts',(72.254812346226,327.802715634116,177.431729987896));
#7670=CARTESIAN_POINT('Ctrl Pts',(72.0017706796109,327.97995168687,177.931729987896));
#7671=CARTESIAN_POINT('Ctrl Pts',(72.0017706796109,327.97995168687,177.431729987896));
#7672=CARTESIAN_POINT('Ctrl Pts',(71.8843355571978,328.062205877769,177.931729987896));
#7673=CARTESIAN_POINT('Ctrl Pts',(71.8843355571978,328.062205877769,177.431729987896));
#7674=CARTESIAN_POINT('',(72.7305164730303,327.77980622338,177.931729987896));
#7675=CARTESIAN_POINT('Ctrl Pts',(72.7305164730303,327.77980622338,177.931729987896));
#7676=CARTESIAN_POINT('Ctrl Pts',(72.5645345106717,327.787799740224,177.931729987896));
#7677=CARTESIAN_POINT('Ctrl Pts',(72.254812346226,327.802715634116,177.931729987896));
#7678=CARTESIAN_POINT('Ctrl Pts',(72.0017706796109,327.97995168687,177.931729987896));
#7679=CARTESIAN_POINT('Ctrl Pts',(71.8843355571978,328.062205877769,177.931729987896));
#7680=CARTESIAN_POINT('',(72.7305164730303,327.77980622338,177.431729987896));
#7681=CARTESIAN_POINT('',(72.7305164730303,327.77980622338,177.931729987896));
#7682=CARTESIAN_POINT('Ctrl Pts',(72.7305164730303,327.77980622338,177.431729987896));
#7683=CARTESIAN_POINT('Ctrl Pts',(72.5645345106717,327.787799740224,177.431729987896));
#7684=CARTESIAN_POINT('Ctrl Pts',(72.254812346226,327.802715634116,177.431729987896));
#7685=CARTESIAN_POINT('Ctrl Pts',(72.0017706796109,327.97995168687,177.431729987896));
#7686=CARTESIAN_POINT('Ctrl Pts',(71.8843355571978,328.062205877769,177.431729987896));
#7687=CARTESIAN_POINT('Ctrl Pts',(73.4794929420702,327.994676199424,177.931729987896));
#7688=CARTESIAN_POINT('Ctrl Pts',(73.4794929420702,327.994676199424,177.431729987896));
#7689=CARTESIAN_POINT('Ctrl Pts',(73.3702642382398,327.932060097705,177.931729987896));
#7690=CARTESIAN_POINT('Ctrl Pts',(73.3702642382398,327.932060097705,177.431729987896));
#7691=CARTESIAN_POINT('Ctrl Pts',(73.138735722311,327.799334792032,177.931729987896));
#7692=CARTESIAN_POINT('Ctrl Pts',(73.138735722311,327.799334792032,177.431729987896));
#7693=CARTESIAN_POINT('Ctrl Pts',(72.8716163611041,327.78655622073,177.931729987896));
#7694=CARTESIAN_POINT('Ctrl Pts',(72.8716163611041,327.78655622073,177.431729987896));
#7695=CARTESIAN_POINT('Ctrl Pts',(72.7305164730303,327.77980622338,177.931729987896));
#7696=CARTESIAN_POINT('Ctrl Pts',(72.7305164730303,327.77980622338,177.431729987896));
#7697=CARTESIAN_POINT('',(73.4794929420702,327.994676199424,177.931729987896));
#7698=CARTESIAN_POINT('Ctrl Pts',(73.4794929420702,327.994676199424,177.931729987896));
#7699=CARTESIAN_POINT('Ctrl Pts',(73.3702642382398,327.932060097705,177.931729987896));
#7700=CARTESIAN_POINT('Ctrl Pts',(73.138735722311,327.799334792032,177.931729987896));
#7701=CARTESIAN_POINT('Ctrl Pts',(72.8716163611041,327.78655622073,177.931729987896));
#7702=CARTESIAN_POINT('Ctrl Pts',(72.7305164730303,327.77980622338,177.931729987896));
#7703=CARTESIAN_POINT('',(73.4794929420702,327.994676199424,177.431729987896));
#7704=CARTESIAN_POINT('',(73.4794929420702,327.994676199424,177.931729987896));
#7705=CARTESIAN_POINT('Ctrl Pts',(73.4794929420702,327.994676199424,177.431729987896));
#7706=CARTESIAN_POINT('Ctrl Pts',(73.3702642382398,327.932060097705,177.431729987896));
#7707=CARTESIAN_POINT('Ctrl Pts',(73.138735722311,327.799334792032,177.431729987896));
#7708=CARTESIAN_POINT('Ctrl Pts',(72.8716163611041,327.78655622073,177.431729987896));
#7709=CARTESIAN_POINT('Ctrl Pts',(72.7305164730303,327.77980622338,177.431729987896));
#7710=CARTESIAN_POINT('Ctrl Pts',(73.8498881256334,328.83369502114,177.931729987896));
#7711=CARTESIAN_POINT('Ctrl Pts',(73.8498881256334,328.83369502114,177.431729987896));
#7712=CARTESIAN_POINT('Ctrl Pts',(73.83862969123,328.660282241717,177.931729987896));
#7713=CARTESIAN_POINT('Ctrl Pts',(73.83862969123,328.660282241717,177.431729987896));
#7714=CARTESIAN_POINT('Ctrl Pts',(73.8174186316917,328.333569960308,177.931729987896));
#7715=CARTESIAN_POINT('Ctrl Pts',(73.8174186316917,328.333569960308,177.431729987896));
#7716=CARTESIAN_POINT('Ctrl Pts',(73.5874149592361,328.102907385755,177.931729987896));
#7717=CARTESIAN_POINT('Ctrl Pts',(73.5874149592361,328.102907385755,177.431729987896));
#7718=CARTESIAN_POINT('Ctrl Pts',(73.4794929420702,327.994676199424,177.931729987896));
#7719=CARTESIAN_POINT('Ctrl Pts',(73.4794929420702,327.994676199424,177.431729987896));
#7720=CARTESIAN_POINT('',(73.8498881256334,328.83369502114,177.931729987896));
#7721=CARTESIAN_POINT('Ctrl Pts',(73.8498881256334,328.83369502114,177.931729987896));
#7722=CARTESIAN_POINT('Ctrl Pts',(73.83862969123,328.660282241717,177.931729987896));
#7723=CARTESIAN_POINT('Ctrl Pts',(73.8174186316917,328.333569960308,177.931729987896));
#7724=CARTESIAN_POINT('Ctrl Pts',(73.5874149592361,328.102907385755,177.931729987896));
#7725=CARTESIAN_POINT('Ctrl Pts',(73.4794929420702,327.994676199424,177.931729987896));
#7726=CARTESIAN_POINT('',(73.8498881256334,328.83369502114,177.431729987896));
#7727=CARTESIAN_POINT('',(73.8498881256334,328.83369502114,177.931729987896));
#7728=CARTESIAN_POINT('Ctrl Pts',(73.8498881256334,328.83369502114,177.431729987896));
#7729=CARTESIAN_POINT('Ctrl Pts',(73.83862969123,328.660282241717,177.431729987896));
#7730=CARTESIAN_POINT('Ctrl Pts',(73.8174186316917,328.333569960308,177.431729987896));
#7731=CARTESIAN_POINT('Ctrl Pts',(73.5874149592361,328.102907385755,177.431729987896));
#7732=CARTESIAN_POINT('Ctrl Pts',(73.4794929420702,327.994676199424,177.431729987896));
#7733=CARTESIAN_POINT('Ctrl Pts',(73.6851540004961,329.430215921866,177.931729987896));
#7734=CARTESIAN_POINT('Ctrl Pts',(73.6851540004961,329.430215921866,177.431729987896));
#7735=CARTESIAN_POINT('Ctrl Pts',(73.733160180909,329.342719927232,177.931729987896));
#7736=CARTESIAN_POINT('Ctrl Pts',(73.733160180909,329.342719927232,177.431729987896));
#7737=CARTESIAN_POINT('Ctrl Pts',(73.8349173571145,329.157257445804,177.931729987896));
#7738=CARTESIAN_POINT('Ctrl Pts',(73.8349173571145,329.157257445804,177.431729987896));
#7739=CARTESIAN_POINT('Ctrl Pts',(73.8447135183743,328.945533532926,177.931729987896));
#7740=CARTESIAN_POINT('Ctrl Pts',(73.8447135183743,328.945533532926,177.431729987896));
#7741=CARTESIAN_POINT('Ctrl Pts',(73.8498881256334,328.83369502114,177.931729987896));
#7742=CARTESIAN_POINT('Ctrl Pts',(73.8498881256334,328.83369502114,177.431729987896));
#7743=CARTESIAN_POINT('',(73.6851540004961,329.430215921866,177.931729987896));
#7744=CARTESIAN_POINT('Ctrl Pts',(73.6851540004961,329.430215921866,177.931729987896));
#7745=CARTESIAN_POINT('Ctrl Pts',(73.733160180909,329.342719927232,177.931729987896));
#7746=CARTESIAN_POINT('Ctrl Pts',(73.8349173571145,329.157257445804,177.931729987896));
#7747=CARTESIAN_POINT('Ctrl Pts',(73.8447135183743,328.945533532926,177.931729987896));
#7748=CARTESIAN_POINT('Ctrl Pts',(73.8498881256334,328.83369502114,177.931729987896));
#7749=CARTESIAN_POINT('',(73.6851540004961,329.430215921866,177.431729987896));
#7750=CARTESIAN_POINT('',(73.6851540004961,329.430215921866,177.931729987896));
#7751=CARTESIAN_POINT('Ctrl Pts',(73.6851540004961,329.430215921866,177.431729987896));
#7752=CARTESIAN_POINT('Ctrl Pts',(73.733160180909,329.342719927232,177.431729987896));
#7753=CARTESIAN_POINT('Ctrl Pts',(73.8349173571145,329.157257445804,177.431729987896));
#7754=CARTESIAN_POINT('Ctrl Pts',(73.8447135183743,328.945533532926,177.431729987896));
#7755=CARTESIAN_POINT('Ctrl Pts',(73.8498881256334,328.83369502114,177.431729987896));
#7756=CARTESIAN_POINT('Ctrl Pts',(73.2052770054094,329.779124823081,177.931729987896));
#7757=CARTESIAN_POINT('Ctrl Pts',(73.2052770054094,329.779124823081,177.431729987896));
#7758=CARTESIAN_POINT('Ctrl Pts',(73.3029086106697,329.738580382999,177.931729987896));
#7759=CARTESIAN_POINT('Ctrl Pts',(73.3029086106697,329.738580382999,177.431729987896));
#7760=CARTESIAN_POINT('Ctrl Pts',(73.4909990428483,329.660470213272,177.931729987896));
#7761=CARTESIAN_POINT('Ctrl Pts',(73.4909990428483,329.660470213272,177.431729987896));
#7762=CARTESIAN_POINT('Ctrl Pts',(73.6221022093474,329.504990965825,177.931729987896));
#7763=CARTESIAN_POINT('Ctrl Pts',(73.6221022093474,329.504990965825,177.431729987896));
#7764=CARTESIAN_POINT('Ctrl Pts',(73.6851540004961,329.430215921866,177.931729987896));
#7765=CARTESIAN_POINT('Ctrl Pts',(73.6851540004961,329.430215921866,177.431729987896));
#7766=CARTESIAN_POINT('',(73.2052770054094,329.779124823081,177.931729987896));
#7767=CARTESIAN_POINT('Ctrl Pts',(73.2052770054094,329.779124823081,177.931729987896));
#7768=CARTESIAN_POINT('Ctrl Pts',(73.3029086106697,329.738580382999,177.931729987896));
#7769=CARTESIAN_POINT('Ctrl Pts',(73.4909990428483,329.660470213272,177.931729987896));
#7770=CARTESIAN_POINT('Ctrl Pts',(73.6221022093474,329.504990965825,177.931729987896));
#7771=CARTESIAN_POINT('Ctrl Pts',(73.6851540004961,329.430215921866,177.931729987896));
#7772=CARTESIAN_POINT('',(73.2052770054094,329.779124823081,177.431729987896));
#7773=CARTESIAN_POINT('',(73.2052770054094,329.779124823081,177.931729987896));
#7774=CARTESIAN_POINT('Ctrl Pts',(73.2052770054094,329.779124823081,177.431729987896));
#7775=CARTESIAN_POINT('Ctrl Pts',(73.3029086106697,329.738580382999,177.431729987896));
#7776=CARTESIAN_POINT('Ctrl Pts',(73.4909990428483,329.660470213272,177.431729987896));
#7777=CARTESIAN_POINT('Ctrl Pts',(73.6221022093474,329.504990965825,177.431729987896));
#7778=CARTESIAN_POINT('Ctrl Pts',(73.6851540004961,329.430215921866,177.431729987896));
#7779=CARTESIAN_POINT('Origin',(73.1090965664141,329.206135836112,177.931729987896));
#7780=CARTESIAN_POINT('',(73.1090965664141,329.206135836112,177.931729987896));
#7781=CARTESIAN_POINT('',(69.8060316321139,309.528331800629,177.931729987896));
#7782=CARTESIAN_POINT('',(73.1090965664141,329.206135836112,177.431729987896));
#7783=CARTESIAN_POINT('',(73.1090965664141,329.206135836112,177.931729987896));
#7784=CARTESIAN_POINT('',(73.1090965664141,329.206135836112,177.431729987896));
#7785=CARTESIAN_POINT('Ctrl Pts',(73.3464780246966,329.066982832419,177.931729987896));
#7786=CARTESIAN_POINT('Ctrl Pts',(73.3464780246966,329.066982832419,177.431729987896));
#7787=CARTESIAN_POINT('Ctrl Pts',(73.3159175757136,329.096398586323,177.931729987896));
#7788=CARTESIAN_POINT('Ctrl Pts',(73.3159175757136,329.096398586323,177.431729987896));
#7789=CARTESIAN_POINT('Ctrl Pts',(73.248195958761,329.161583571639,177.931729987896));
#7790=CARTESIAN_POINT('Ctrl Pts',(73.248195958761,329.161583571639,177.431729987896));
#7791=CARTESIAN_POINT('Ctrl Pts',(73.1583810689882,329.190350460231,177.931729987896));
#7792=CARTESIAN_POINT('Ctrl Pts',(73.1583810689882,329.190350460231,177.431729987896));
#7793=CARTESIAN_POINT('Ctrl Pts',(73.1090965664141,329.206135836112,177.931729987896));
#7794=CARTESIAN_POINT('Ctrl Pts',(73.1090965664141,329.206135836112,177.431729987896));
#7795=CARTESIAN_POINT('Ctrl Pts',(73.3464780246966,329.066982832419,177.931729987896));
#7796=CARTESIAN_POINT('Ctrl Pts',(73.3159175757136,329.096398586323,177.931729987896));
#7797=CARTESIAN_POINT('Ctrl Pts',(73.248195958761,329.161583571639,177.931729987896));
#7798=CARTESIAN_POINT('Ctrl Pts',(73.1583810689882,329.190350460231,177.931729987896));
#7799=CARTESIAN_POINT('Ctrl Pts',(73.1090965664141,329.206135836112,177.931729987896));
#7800=CARTESIAN_POINT('Ctrl Pts',(73.3464780246966,329.066982832419,177.431729987896));
#7801=CARTESIAN_POINT('Ctrl Pts',(73.3159175757136,329.096398586323,177.431729987896));
#7802=CARTESIAN_POINT('Ctrl Pts',(73.248195958761,329.161583571639,177.431729987896));
#7803=CARTESIAN_POINT('Ctrl Pts',(73.1583810689882,329.190350460231,177.431729987896));
#7804=CARTESIAN_POINT('Ctrl Pts',(73.1090965664141,329.206135836112,177.431729987896));
#7805=CARTESIAN_POINT('Origin',(72.325331846451,323.647132482993,177.431729987896));
#7806=CARTESIAN_POINT('Ctrl Pts',(72.4010482227556,334.372234907615,177.931729987896));
#7807=CARTESIAN_POINT('Ctrl Pts',(72.4010482227556,334.372234907615,177.431729987896));
#7808=CARTESIAN_POINT('Ctrl Pts',(72.4906048517378,334.358419354954,177.931729987896));
#7809=CARTESIAN_POINT('Ctrl Pts',(72.4906048517378,334.358419354954,177.431729987896));
#7810=CARTESIAN_POINT('Ctrl Pts',(72.731751620577,334.321218581301,177.931729987896));
#7811=CARTESIAN_POINT('Ctrl Pts',(72.731751620577,334.321218581301,177.431729987896));
#7812=CARTESIAN_POINT('Ctrl Pts',(72.976013106147,334.32301598984,177.931729987896));
#7813=CARTESIAN_POINT('Ctrl Pts',(72.976013106147,334.32301598984,177.431729987896));
#7814=CARTESIAN_POINT('Ctrl Pts',(73.1295612251513,334.32414588021,177.931729987896));
#7815=CARTESIAN_POINT('Ctrl Pts',(73.1295612251513,334.32414588021,177.431729987896));
#7816=CARTESIAN_POINT('',(72.4010482227556,334.372234907615,177.931729987896));
#7817=CARTESIAN_POINT('',(73.1295612251513,334.32414588021,177.931729987896));
#7818=CARTESIAN_POINT('Ctrl Pts',(72.4010482227556,334.372234907615,177.931729987896));
#7819=CARTESIAN_POINT('Ctrl Pts',(72.4906048517378,334.358419354954,177.931729987896));
#7820=CARTESIAN_POINT('Ctrl Pts',(72.731751620577,334.321218581301,177.931729987896));
#7821=CARTESIAN_POINT('Ctrl Pts',(72.976013106147,334.32301598984,177.931729987896));
#7822=CARTESIAN_POINT('Ctrl Pts',(73.1295612251513,334.32414588021,177.931729987896));
#7823=CARTESIAN_POINT('',(72.4010482227556,334.372234907615,177.431729987896));
#7824=CARTESIAN_POINT('',(72.4010482227556,334.372234907615,177.931729987896));
#7825=CARTESIAN_POINT('',(73.1295612251513,334.32414588021,177.431729987896));
#7826=CARTESIAN_POINT('Ctrl Pts',(72.4010482227556,334.372234907615,177.431729987896));
#7827=CARTESIAN_POINT('Ctrl Pts',(72.4906048517378,334.358419354954,177.431729987896));
#7828=CARTESIAN_POINT('Ctrl Pts',(72.731751620577,334.321218581301,177.431729987896));
#7829=CARTESIAN_POINT('Ctrl Pts',(72.976013106147,334.32301598984,177.431729987896));
#7830=CARTESIAN_POINT('Ctrl Pts',(73.1295612251513,334.32414588021,177.431729987896));
#7831=CARTESIAN_POINT('',(73.1295612251513,334.32414588021,177.931729987896));
#7832=CARTESIAN_POINT('Ctrl Pts',(72.1605983173601,334.504228201377,177.931729987896));
#7833=CARTESIAN_POINT('Ctrl Pts',(72.1605983173601,334.504228201377,177.431729987896));
#7834=CARTESIAN_POINT('Ctrl Pts',(72.1904067492856,334.476968569446,177.931729987896));
#7835=CARTESIAN_POINT('Ctrl Pts',(72.1904067492856,334.476968569446,177.431729987896));
#7836=CARTESIAN_POINT('Ctrl Pts',(72.2594928396016,334.413789754867,177.931729987896));
#7837=CARTESIAN_POINT('Ctrl Pts',(72.2594928396016,334.413789754867,177.431729987896));
#7838=CARTESIAN_POINT('Ctrl Pts',(72.3497398834887,334.387296928949,177.931729987896));
#7839=CARTESIAN_POINT('Ctrl Pts',(72.3497398834887,334.387296928949,177.431729987896));
#7840=CARTESIAN_POINT('Ctrl Pts',(72.4010482227556,334.372234907615,177.931729987896));
#7841=CARTESIAN_POINT('Ctrl Pts',(72.4010482227556,334.372234907615,177.431729987896));
#7842=CARTESIAN_POINT('',(72.1605983173601,334.504228201377,177.931729987896));
#7843=CARTESIAN_POINT('Ctrl Pts',(72.1605983173601,334.504228201377,177.931729987896));
#7844=CARTESIAN_POINT('Ctrl Pts',(72.1904067492856,334.476968569446,177.931729987896));
#7845=CARTESIAN_POINT('Ctrl Pts',(72.2594928396016,334.413789754867,177.931729987896));
#7846=CARTESIAN_POINT('Ctrl Pts',(72.3497398834887,334.387296928949,177.931729987896));
#7847=CARTESIAN_POINT('Ctrl Pts',(72.4010482227556,334.372234907615,177.931729987896));
#7848=CARTESIAN_POINT('',(72.1605983173601,334.504228201377,177.431729987896));
#7849=CARTESIAN_POINT('',(72.1605983173601,334.504228201377,177.931729987896));
#7850=CARTESIAN_POINT('Ctrl Pts',(72.1605983173601,334.504228201377,177.431729987896));
#7851=CARTESIAN_POINT('Ctrl Pts',(72.1904067492856,334.476968569446,177.431729987896));
#7852=CARTESIAN_POINT('Ctrl Pts',(72.2594928396016,334.413789754867,177.431729987896));
#7853=CARTESIAN_POINT('Ctrl Pts',(72.3497398834887,334.387296928949,177.431729987896));
#7854=CARTESIAN_POINT('Ctrl Pts',(72.4010482227556,334.372234907615,177.431729987896));
#7855=CARTESIAN_POINT('Ctrl Pts',(72.0940902626268,334.70886286782,177.931729987896));
#7856=CARTESIAN_POINT('Ctrl Pts',(72.0940902626268,334.70886286782,177.431729987896));
#7857=CARTESIAN_POINT('Ctrl Pts',(72.0964806194442,334.670642931492,177.931729987896));
#7858=CARTESIAN_POINT('Ctrl Pts',(72.0964806194442,334.670642931492,177.431729987896));
#7859=CARTESIAN_POINT('Ctrl Pts',(72.1011101349615,334.596620598503,177.931729987896));
#7860=CARTESIAN_POINT('Ctrl Pts',(72.1011101349615,334.596620598503,177.431729987896));
#7861=CARTESIAN_POINT('Ctrl Pts',(72.141205421883,334.534347731477,177.931729987896));
#7862=CARTESIAN_POINT('Ctrl Pts',(72.141205421883,334.534347731477,177.431729987896));
#7863=CARTESIAN_POINT('Ctrl Pts',(72.1605983173601,334.504228201377,177.931729987896));
#7864=CARTESIAN_POINT('Ctrl Pts',(72.1605983173601,334.504228201377,177.431729987896));
#7865=CARTESIAN_POINT('',(72.0940902626268,334.70886286782,177.931729987896));
#7866=CARTESIAN_POINT('Ctrl Pts',(72.0940902626268,334.70886286782,177.931729987896));
#7867=CARTESIAN_POINT('Ctrl Pts',(72.0964806194442,334.670642931492,177.931729987896));
#7868=CARTESIAN_POINT('Ctrl Pts',(72.1011101349615,334.596620598503,177.931729987896));
#7869=CARTESIAN_POINT('Ctrl Pts',(72.141205421883,334.534347731477,177.931729987896));
#7870=CARTESIAN_POINT('Ctrl Pts',(72.1605983173601,334.504228201377,177.931729987896));
#7871=CARTESIAN_POINT('',(72.0940902626268,334.70886286782,177.431729987896));
#7872=CARTESIAN_POINT('',(72.0940902626268,334.70886286782,177.931729987896));
#7873=CARTESIAN_POINT('Ctrl Pts',(72.0940902626268,334.70886286782,177.431729987896));
#7874=CARTESIAN_POINT('Ctrl Pts',(72.0964806194442,334.670642931492,177.431729987896));
#7875=CARTESIAN_POINT('Ctrl Pts',(72.1011101349615,334.596620598503,177.431729987896));
#7876=CARTESIAN_POINT('Ctrl Pts',(72.141205421883,334.534347731477,177.431729987896));
#7877=CARTESIAN_POINT('Ctrl Pts',(72.1605983173601,334.504228201377,177.431729987896));
#7878=CARTESIAN_POINT('Ctrl Pts',(72.1882238781206,334.978991117942,177.931729987896));
#7879=CARTESIAN_POINT('Ctrl Pts',(72.1882238781206,334.978991117942,177.431729987896));
#7880=CARTESIAN_POINT('Ctrl Pts',(72.1608323953265,334.933555122625,177.931729987896));
#7881=CARTESIAN_POINT('Ctrl Pts',(72.1608323953265,334.933555122625,177.431729987896));
#7882=CARTESIAN_POINT('Ctrl Pts',(72.1103937778113,334.849889378554,177.931729987896));
#7883=CARTESIAN_POINT('Ctrl Pts',(72.1103937778113,334.849889378554,177.431729987896));
#7884=CARTESIAN_POINT('Ctrl Pts',(72.0992034893334,334.753092625198,177.931729987896));
#7885=CARTESIAN_POINT('Ctrl Pts',(72.0992034893334,334.753092625198,177.431729987896));
#7886=CARTESIAN_POINT('Ctrl Pts',(72.0940902626268,334.70886286782,177.931729987896));
#7887=CARTESIAN_POINT('Ctrl Pts',(72.0940902626268,334.70886286782,177.431729987896));
#7888=CARTESIAN_POINT('',(72.1882238781206,334.978991117942,177.931729987896));
#7889=CARTESIAN_POINT('Ctrl Pts',(72.1882238781206,334.978991117942,177.931729987896));
#7890=CARTESIAN_POINT('Ctrl Pts',(72.1608323953265,334.933555122625,177.931729987896));
#7891=CARTESIAN_POINT('Ctrl Pts',(72.1103937778113,334.849889378554,177.931729987896));
#7892=CARTESIAN_POINT('Ctrl Pts',(72.0992034893334,334.753092625198,177.931729987896));
#7893=CARTESIAN_POINT('Ctrl Pts',(72.0940902626268,334.70886286782,177.931729987896));
#7894=CARTESIAN_POINT('',(72.1882238781206,334.978991117942,177.431729987896));
#7895=CARTESIAN_POINT('',(72.1882238781206,334.978991117942,177.931729987896));
#7896=CARTESIAN_POINT('Ctrl Pts',(72.1882238781206,334.978991117942,177.431729987896));
#7897=CARTESIAN_POINT('Ctrl Pts',(72.1608323953265,334.933555122625,177.431729987896));
#7898=CARTESIAN_POINT('Ctrl Pts',(72.1103937778113,334.849889378554,177.431729987896));
#7899=CARTESIAN_POINT('Ctrl Pts',(72.0992034893334,334.753092625198,177.431729987896));
#7900=CARTESIAN_POINT('Ctrl Pts',(72.0940902626268,334.70886286782,177.431729987896));
#7901=CARTESIAN_POINT('Origin',(71.6868594085924,335.157023039329,177.931729987896));
#7902=CARTESIAN_POINT('',(71.6868594085924,335.157023039329,177.931729987896));
#7903=CARTESIAN_POINT('',(29.2467116332008,350.227299278687,177.931729987896));
#7904=CARTESIAN_POINT('',(71.6868594085924,335.157023039329,177.431729987896));
#7905=CARTESIAN_POINT('',(71.6868594085924,335.157023039329,177.931729987896));
#7906=CARTESIAN_POINT('',(71.6868594085924,335.157023039329,177.431729987896));
#7907=CARTESIAN_POINT('Ctrl Pts',(71.5784016048662,334.778442945945,177.931729987896));
#7908=CARTESIAN_POINT('Ctrl Pts',(71.5784016048662,334.778442945945,177.431729987896));
#7909=CARTESIAN_POINT('Ctrl Pts',(71.5832724918536,334.843914719396,177.931729987896));
#7910=CARTESIAN_POINT('Ctrl Pts',(71.5832724918536,334.843914719396,177.431729987896));
#7911=CARTESIAN_POINT('Ctrl Pts',(71.5932137128191,334.977539122627,177.931729987896));
#7912=CARTESIAN_POINT('Ctrl Pts',(71.5932137128191,334.977539122627,177.431729987896));
#7913=CARTESIAN_POINT('Ctrl Pts',(71.6552294438772,335.096400178819,177.931729987896));
#7914=CARTESIAN_POINT('Ctrl Pts',(71.6552294438772,335.096400178819,177.431729987896));
#7915=CARTESIAN_POINT('Ctrl Pts',(71.6868594085924,335.157023039329,177.931729987896));
#7916=CARTESIAN_POINT('Ctrl Pts',(71.6868594085924,335.157023039329,177.431729987896));
#7917=CARTESIAN_POINT('',(71.5784016048662,334.778442945945,177.931729987896));
#7918=CARTESIAN_POINT('Ctrl Pts',(71.5784016048662,334.778442945945,177.931729987896));
#7919=CARTESIAN_POINT('Ctrl Pts',(71.5832724918536,334.843914719396,177.931729987896));
#7920=CARTESIAN_POINT('Ctrl Pts',(71.5932137128191,334.977539122627,177.931729987896));
#7921=CARTESIAN_POINT('Ctrl Pts',(71.6552294438772,335.096400178819,177.931729987896));
#7922=CARTESIAN_POINT('Ctrl Pts',(71.6868594085924,335.157023039329,177.931729987896));
#7923=CARTESIAN_POINT('',(71.5784016048662,334.778442945945,177.431729987896));
#7924=CARTESIAN_POINT('',(71.5784016048662,334.778442945945,177.931729987896));
#7925=CARTESIAN_POINT('Ctrl Pts',(71.5784016048662,334.778442945945,177.431729987896));
#7926=CARTESIAN_POINT('Ctrl Pts',(71.5832724918536,334.843914719396,177.431729987896));
#7927=CARTESIAN_POINT('Ctrl Pts',(71.5932137128191,334.977539122627,177.431729987896));
#7928=CARTESIAN_POINT('Ctrl Pts',(71.6552294438772,335.096400178819,177.431729987896));
#7929=CARTESIAN_POINT('Ctrl Pts',(71.6868594085924,335.157023039329,177.431729987896));
#7930=CARTESIAN_POINT('Ctrl Pts',(71.6479781067125,334.529810514915,177.931729987896));
#7931=CARTESIAN_POINT('Ctrl Pts',(71.6479781067125,334.529810514915,177.431729987896));
#7932=CARTESIAN_POINT('Ctrl Pts',(71.627686791636,334.567956876491,177.931729987896));
#7933=CARTESIAN_POINT('Ctrl Pts',(71.627686791636,334.567956876491,177.431729987896));
#7934=CARTESIAN_POINT('Ctrl Pts',(71.5863331676742,334.645699018201,177.931729987896));
#7935=CARTESIAN_POINT('Ctrl Pts',(71.5863331676742,334.645699018201,177.431729987896));
#7936=CARTESIAN_POINT('Ctrl Pts',(71.5810781173877,334.7336483962,177.931729987896));
#7937=CARTESIAN_POINT('Ctrl Pts',(71.5810781173877,334.7336483962,177.431729987896));
#7938=CARTESIAN_POINT('Ctrl Pts',(71.5784016048662,334.778442945945,177.931729987896));
#7939=CARTESIAN_POINT('Ctrl Pts',(71.5784016048662,334.778442945945,177.431729987896));
#7940=CARTESIAN_POINT('',(71.6479781067125,334.529810514915,177.931729987896));
#7941=CARTESIAN_POINT('Ctrl Pts',(71.6479781067125,334.529810514915,177.931729987896));
#7942=CARTESIAN_POINT('Ctrl Pts',(71.627686791636,334.567956876491,177.931729987896));
#7943=CARTESIAN_POINT('Ctrl Pts',(71.5863331676742,334.645699018201,177.931729987896));
#7944=CARTESIAN_POINT('Ctrl Pts',(71.5810781173877,334.7336483962,177.931729987896));
#7945=CARTESIAN_POINT('Ctrl Pts',(71.5784016048662,334.778442945945,177.931729987896));
#7946=CARTESIAN_POINT('',(71.6479781067125,334.529810514915,177.431729987896));
#7947=CARTESIAN_POINT('',(71.6479781067125,334.529810514915,177.931729987896));
#7948=CARTESIAN_POINT('Ctrl Pts',(71.6479781067125,334.529810514915,177.431729987896));
#7949=CARTESIAN_POINT('Ctrl Pts',(71.627686791636,334.567956876491,177.431729987896));
#7950=CARTESIAN_POINT('Ctrl Pts',(71.5863331676742,334.645699018201,177.431729987896));
#7951=CARTESIAN_POINT('Ctrl Pts',(71.5810781173877,334.7336483962,177.431729987896));
#7952=CARTESIAN_POINT('Ctrl Pts',(71.5784016048662,334.778442945945,177.431729987896));
#7953=CARTESIAN_POINT('Ctrl Pts',(71.9365182316057,334.283218946921,177.931729987896));
#7954=CARTESIAN_POINT('Ctrl Pts',(71.9365182316057,334.283218946921,177.431729987896));
#7955=CARTESIAN_POINT('Ctrl Pts',(71.8730084645171,334.323266434828,177.931729987896));
#7956=CARTESIAN_POINT('Ctrl Pts',(71.8730084645171,334.323266434828,177.431729987896));
#7957=CARTESIAN_POINT('Ctrl Pts',(71.7645819919448,334.391637144533,177.931729987896));
#7958=CARTESIAN_POINT('Ctrl Pts',(71.7645819919448,334.391637144533,177.431729987896));
#7959=CARTESIAN_POINT('Ctrl Pts',(71.6821332770803,334.489337292292,177.931729987896));
#7960=CARTESIAN_POINT('Ctrl Pts',(71.6821332770803,334.489337292292,177.431729987896));
#7961=CARTESIAN_POINT('Ctrl Pts',(71.6479781067125,334.529810514915,177.931729987896));
#7962=CARTESIAN_POINT('Ctrl Pts',(71.6479781067125,334.529810514915,177.431729987896));
#7963=CARTESIAN_POINT('',(71.9365182316057,334.283218946921,177.931729987896));
#7964=CARTESIAN_POINT('Ctrl Pts',(71.9365182316057,334.283218946921,177.931729987896));
#7965=CARTESIAN_POINT('Ctrl Pts',(71.8730084645171,334.323266434828,177.931729987896));
#7966=CARTESIAN_POINT('Ctrl Pts',(71.7645819919448,334.391637144533,177.931729987896));
#7967=CARTESIAN_POINT('Ctrl Pts',(71.6821332770803,334.489337292292,177.931729987896));
#7968=CARTESIAN_POINT('Ctrl Pts',(71.6479781067125,334.529810514915,177.931729987896));
#7969=CARTESIAN_POINT('',(71.9365182316057,334.283218946921,177.431729987896));
#7970=CARTESIAN_POINT('',(71.9365182316057,334.283218946921,177.931729987896));
#7971=CARTESIAN_POINT('Ctrl Pts',(71.9365182316057,334.283218946921,177.431729987896));
#7972=CARTESIAN_POINT('Ctrl Pts',(71.8730084645171,334.323266434828,177.431729987896));
#7973=CARTESIAN_POINT('Ctrl Pts',(71.7645819919448,334.391637144533,177.431729987896));
#7974=CARTESIAN_POINT('Ctrl Pts',(71.6821332770803,334.489337292292,177.431729987896));
#7975=CARTESIAN_POINT('Ctrl Pts',(71.6479781067125,334.529810514915,177.431729987896));
#7976=CARTESIAN_POINT('Origin',(71.6275146400683,334.283218946921,177.931729987896));
#7977=CARTESIAN_POINT('',(71.6275146400683,334.283218946921,177.931729987896));
#7978=CARTESIAN_POINT('',(18.8166910553688,334.283218946921,177.931729987896));
#7979=CARTESIAN_POINT('',(71.6275146400683,334.283218946921,177.431729987896));
#7980=CARTESIAN_POINT('',(71.6275146400683,334.283218946921,177.931729987896));
#7981=CARTESIAN_POINT('',(71.6275146400683,334.283218946921,177.431729987896));
#7982=CARTESIAN_POINT('Origin',(71.6275146400683,333.749113646018,177.931729987896));
#7983=CARTESIAN_POINT('',(71.6275146400683,333.749113646018,177.931729987896));
#7984=CARTESIAN_POINT('',(71.6275146400683,320.234411370716,177.931729987896));
#7985=CARTESIAN_POINT('',(71.6275146400683,333.749113646018,177.431729987896));
#7986=CARTESIAN_POINT('',(71.6275146400683,333.749113646018,177.931729987896));
#7987=CARTESIAN_POINT('',(71.6275146400683,333.749113646018,177.431729987896));
#7988=CARTESIAN_POINT('Origin',(73.8007750904314,333.749113646018,177.931729987896));
#7989=CARTESIAN_POINT('',(73.8007750904314,333.749113646018,177.931729987896));
#7990=CARTESIAN_POINT('',(19.9033212805504,333.749113646018,177.931729987896));
#7991=CARTESIAN_POINT('',(73.8007750904314,333.749113646018,177.431729987896));
#7992=CARTESIAN_POINT('',(73.8007750904314,333.749113646018,177.931729987896));
#7993=CARTESIAN_POINT('',(73.8007750904314,333.749113646018,177.431729987896));
#7994=CARTESIAN_POINT('Origin',(73.8007750904314,334.32414588021,177.931729987896));
#7995=CARTESIAN_POINT('',(73.8007750904314,334.32414588021,177.931729987896));
#7996=CARTESIAN_POINT('',(73.8007750904314,320.521927487812,177.931729987896));
#7997=CARTESIAN_POINT('',(73.8007750904314,334.32414588021,177.431729987896));
#7998=CARTESIAN_POINT('',(73.8007750904314,334.32414588021,177.931729987896));
#7999=CARTESIAN_POINT('',(73.8007750904314,334.32414588021,177.431729987896));
#8000=CARTESIAN_POINT('Origin',(73.1295612251513,334.32414588021,177.931729987896));
#8001=CARTESIAN_POINT('',(19.5677143479103,334.32414588021,177.931729987896));
#8002=CARTESIAN_POINT('',(73.1295612251513,334.32414588021,177.431729987896));
#8003=CARTESIAN_POINT('Origin',(72.325331846451,323.647132482993,177.431729987896));
#8004=CARTESIAN_POINT('Origin',(71.6275146400683,320.36575373696,177.931729987896));
#8005=CARTESIAN_POINT('',(71.6275146400683,320.36575373696,177.931729987896));
#8006=CARTESIAN_POINT('',(73.8007750904314,320.36575373696,177.931729987896));
#8007=CARTESIAN_POINT('',(18.8166910553688,320.36575373696,177.931729987896));
#8008=CARTESIAN_POINT('',(71.6275146400683,320.36575373696,177.431729987896));
#8009=CARTESIAN_POINT('',(71.6275146400683,320.36575373696,177.931729987896));
#8010=CARTESIAN_POINT('',(73.8007750904314,320.36575373696,177.431729987896));
#8011=CARTESIAN_POINT('',(71.6275146400683,320.36575373696,177.431729987896));
#8012=CARTESIAN_POINT('',(73.8007750904314,320.36575373696,177.931729987896));
#8013=CARTESIAN_POINT('Origin',(71.6275146400683,319.790719118583,177.931729987896));
#8014=CARTESIAN_POINT('',(71.6275146400683,319.790719118583,177.931729987896));
#8015=CARTESIAN_POINT('',(71.6275146400683,313.255214106999,177.931729987896));
#8016=CARTESIAN_POINT('',(71.6275146400683,319.790719118583,177.431729987896));
#8017=CARTESIAN_POINT('',(71.6275146400683,319.790719118583,177.931729987896));
#8018=CARTESIAN_POINT('',(71.6275146400683,319.790719118583,177.431729987896));
#8019=CARTESIAN_POINT('Origin',(72.5442948734514,319.790719118583,177.931729987896));
#8020=CARTESIAN_POINT('',(72.5442948734514,319.790719118583,177.931729987896));
#8021=CARTESIAN_POINT('',(19.2750811720604,319.790719118583,177.931729987896));
#8022=CARTESIAN_POINT('',(72.5442948734514,319.790719118583,177.431729987896));
#8023=CARTESIAN_POINT('',(72.5442948734514,319.790719118583,177.931729987896));
#8024=CARTESIAN_POINT('',(72.5442948734514,319.790719118583,177.431729987896));
#8025=CARTESIAN_POINT('Ctrl Pts',(73.1305840408556,319.7477441697,177.931729987896));
#8026=CARTESIAN_POINT('Ctrl Pts',(73.1305840408556,319.7477441697,177.431729987896));
#8027=CARTESIAN_POINT('Ctrl Pts',(73.0619173991989,319.76004460615,177.931729987896));
#8028=CARTESIAN_POINT('Ctrl Pts',(73.0619173991989,319.76004460615,177.431729987896));
#8029=CARTESIAN_POINT('Ctrl Pts',(72.8683564216331,319.794717694079,177.931729987896));
#8030=CARTESIAN_POINT('Ctrl Pts',(72.8683564216331,319.794717694079,177.431729987896));
#8031=CARTESIAN_POINT('Ctrl Pts',(72.671387907046,319.792287311701,177.931729987896));
#8032=CARTESIAN_POINT('Ctrl Pts',(72.671387907046,319.792287311701,177.431729987896));
#8033=CARTESIAN_POINT('Ctrl Pts',(72.5442948734514,319.790719118583,177.931729987896));
#8034=CARTESIAN_POINT('Ctrl Pts',(72.5442948734514,319.790719118583,177.431729987896));
#8035=CARTESIAN_POINT('',(73.1305840408556,319.7477441697,177.931729987896));
#8036=CARTESIAN_POINT('Ctrl Pts',(73.1305840408556,319.7477441697,177.931729987896));
#8037=CARTESIAN_POINT('Ctrl Pts',(73.0619173991989,319.76004460615,177.931729987896));
#8038=CARTESIAN_POINT('Ctrl Pts',(72.8683564216331,319.794717694079,177.931729987896));
#8039=CARTESIAN_POINT('Ctrl Pts',(72.671387907046,319.792287311701,177.931729987896));
#8040=CARTESIAN_POINT('Ctrl Pts',(72.5442948734514,319.790719118583,177.931729987896));
#8041=CARTESIAN_POINT('',(73.1305840408556,319.7477441697,177.431729987896));
#8042=CARTESIAN_POINT('',(73.1305840408556,319.7477441697,177.931729987896));
#8043=CARTESIAN_POINT('Ctrl Pts',(73.1305840408556,319.7477441697,177.431729987896));
#8044=CARTESIAN_POINT('Ctrl Pts',(73.0619173991989,319.76004460615,177.431729987896));
#8045=CARTESIAN_POINT('Ctrl Pts',(72.8683564216331,319.794717694079,177.431729987896));
#8046=CARTESIAN_POINT('Ctrl Pts',(72.671387907046,319.792287311701,177.431729987896));
#8047=CARTESIAN_POINT('Ctrl Pts',(72.5442948734514,319.790719118583,177.431729987896));
#8048=CARTESIAN_POINT('Ctrl Pts',(73.3311298286669,319.588127699363,177.931729987896));
#8049=CARTESIAN_POINT('Ctrl Pts',(73.3311298286669,319.588127699363,177.431729987896));
#8050=CARTESIAN_POINT('Ctrl Pts',(73.3031849689108,319.623710562309,177.931729987896));
#8051=CARTESIAN_POINT('Ctrl Pts',(73.3031849689108,319.623710562309,177.431729987896));
#8052=CARTESIAN_POINT('Ctrl Pts',(73.2488915443332,319.692843687417,177.931729987896));
#8053=CARTESIAN_POINT('Ctrl Pts',(73.2488915443332,319.692843687417,177.431729987896));
#8054=CARTESIAN_POINT('Ctrl Pts',(73.1692392494818,319.729806257615,177.931729987896));
#8055=CARTESIAN_POINT('Ctrl Pts',(73.1692392494818,319.729806257615,177.431729987896));
#8056=CARTESIAN_POINT('Ctrl Pts',(73.1305840408556,319.7477441697,177.931729987896));
#8057=CARTESIAN_POINT('Ctrl Pts',(73.1305840408556,319.7477441697,177.431729987896));
#8058=CARTESIAN_POINT('',(73.3311298286669,319.588127699363,177.931729987896));
#8059=CARTESIAN_POINT('Ctrl Pts',(73.3311298286669,319.588127699363,177.931729987896));
#8060=CARTESIAN_POINT('Ctrl Pts',(73.3031849689108,319.623710562309,177.931729987896));
#8061=CARTESIAN_POINT('Ctrl Pts',(73.2488915443332,319.692843687417,177.931729987896));
#8062=CARTESIAN_POINT('Ctrl Pts',(73.1692392494818,319.729806257615,177.931729987896));
#8063=CARTESIAN_POINT('Ctrl Pts',(73.1305840408556,319.7477441697,177.931729987896));
#8064=CARTESIAN_POINT('',(73.3311298286669,319.588127699363,177.431729987896));
#8065=CARTESIAN_POINT('',(73.3311298286669,319.588127699363,177.931729987896));
#8066=CARTESIAN_POINT('Ctrl Pts',(73.3311298286669,319.588127699363,177.431729987896));
#8067=CARTESIAN_POINT('Ctrl Pts',(73.3031849689108,319.623710562309,177.431729987896));
#8068=CARTESIAN_POINT('Ctrl Pts',(73.2488915443332,319.692843687417,177.431729987896));
#8069=CARTESIAN_POINT('Ctrl Pts',(73.1692392494818,319.729806257615,177.431729987896));
#8070=CARTESIAN_POINT('Ctrl Pts',(73.1305840408556,319.7477441697,177.431729987896));
#8071=CARTESIAN_POINT('Ctrl Pts',(73.4119620716326,319.324143496024,177.931729987896));
#8072=CARTESIAN_POINT('Ctrl Pts',(73.4119620716326,319.324143496024,177.431729987896));
#8073=CARTESIAN_POINT('Ctrl Pts',(73.4087318899156,319.371778118859,177.931729987896));
#8074=CARTESIAN_POINT('Ctrl Pts',(73.4087318899156,319.371778118859,177.431729987896));
#8075=CARTESIAN_POINT('Ctrl Pts',(73.4023357717923,319.466099956176,177.931729987896));
#8076=CARTESIAN_POINT('Ctrl Pts',(73.4023357717923,319.466099956176,177.431729987896));
#8077=CARTESIAN_POINT('Ctrl Pts',(73.3547056707614,319.547725077359,177.931729987896));
#8078=CARTESIAN_POINT('Ctrl Pts',(73.3547056707614,319.547725077359,177.431729987896));
#8079=CARTESIAN_POINT('Ctrl Pts',(73.3311298286669,319.588127699363,177.931729987896));
#8080=CARTESIAN_POINT('Ctrl Pts',(73.3311298286669,319.588127699363,177.431729987896));
#8081=CARTESIAN_POINT('',(73.4119620716326,319.324143496024,177.931729987896));
#8082=CARTESIAN_POINT('Ctrl Pts',(73.4119620716326,319.324143496024,177.931729987896));
#8083=CARTESIAN_POINT('Ctrl Pts',(73.4087318899156,319.371778118859,177.931729987896));
#8084=CARTESIAN_POINT('Ctrl Pts',(73.4023357717923,319.466099956176,177.931729987896));
#8085=CARTESIAN_POINT('Ctrl Pts',(73.3547056707614,319.547725077359,177.931729987896));
#8086=CARTESIAN_POINT('Ctrl Pts',(73.3311298286669,319.588127699363,177.931729987896));
#8087=CARTESIAN_POINT('',(73.4119620716326,319.324143496024,177.431729987896));
#8088=CARTESIAN_POINT('',(73.4119620716326,319.324143496024,177.931729987896));
#8089=CARTESIAN_POINT('Ctrl Pts',(73.4119620716326,319.324143496024,177.431729987896));
#8090=CARTESIAN_POINT('Ctrl Pts',(73.4087318899156,319.371778118859,177.431729987896));
#8091=CARTESIAN_POINT('Ctrl Pts',(73.4023357717923,319.466099956176,177.431729987896));
#8092=CARTESIAN_POINT('Ctrl Pts',(73.3547056707614,319.547725077359,177.431729987896));
#8093=CARTESIAN_POINT('Ctrl Pts',(73.3311298286669,319.588127699363,177.431729987896));
#8094=CARTESIAN_POINT('Ctrl Pts',(73.3515932953112,319.111319151389,177.931729987896));
#8095=CARTESIAN_POINT('Ctrl Pts',(73.3515932953112,319.111319151389,177.431729987896));
#8096=CARTESIAN_POINT('Ctrl Pts',(73.3691843687393,319.142303204743,177.931729987896));
#8097=CARTESIAN_POINT('Ctrl Pts',(73.3691843687393,319.142303204743,177.431729987896));
#8098=CARTESIAN_POINT('Ctrl Pts',(73.4065792166513,319.20816865449,177.931729987896));
#8099=CARTESIAN_POINT('Ctrl Pts',(73.4065792166513,319.20816865449,177.431729987896));
#8100=CARTESIAN_POINT('Ctrl Pts',(73.4100983755912,319.28398973862,177.931729987896));
#8101=CARTESIAN_POINT('Ctrl Pts',(73.4100983755912,319.28398973862,177.431729987896));
#8102=CARTESIAN_POINT('Ctrl Pts',(73.4119620716326,319.324143496024,177.931729987896));
#8103=CARTESIAN_POINT('Ctrl Pts',(73.4119620716326,319.324143496024,177.431729987896));
#8104=CARTESIAN_POINT('',(73.3515932953112,319.111319151389,177.931729987896));
#8105=CARTESIAN_POINT('Ctrl Pts',(73.3515932953112,319.111319151389,177.931729987896));
#8106=CARTESIAN_POINT('Ctrl Pts',(73.3691843687393,319.142303204743,177.931729987896));
#8107=CARTESIAN_POINT('Ctrl Pts',(73.4065792166513,319.20816865449,177.931729987896));
#8108=CARTESIAN_POINT('Ctrl Pts',(73.4100983755912,319.28398973862,177.931729987896));
#8109=CARTESIAN_POINT('Ctrl Pts',(73.4119620716326,319.324143496024,177.931729987896));
#8110=CARTESIAN_POINT('',(73.3515932953112,319.111319151389,177.431729987896));
#8111=CARTESIAN_POINT('',(73.3515932953112,319.111319151389,177.931729987896));
#8112=CARTESIAN_POINT('Ctrl Pts',(73.3515932953112,319.111319151389,177.431729987896));
#8113=CARTESIAN_POINT('Ctrl Pts',(73.3691843687393,319.142303204743,177.431729987896));
#8114=CARTESIAN_POINT('Ctrl Pts',(73.4065792166513,319.20816865449,177.431729987896));
#8115=CARTESIAN_POINT('Ctrl Pts',(73.4100983755912,319.28398973862,177.431729987896));
#8116=CARTESIAN_POINT('Ctrl Pts',(73.4119620716326,319.324143496024,177.431729987896));
#8117=CARTESIAN_POINT('Ctrl Pts',(73.1878831779711,318.99570044564,177.931729987896));
#8118=CARTESIAN_POINT('Ctrl Pts',(73.1878831779711,318.99570044564,177.431729987896));
#8119=CARTESIAN_POINT('Ctrl Pts',(73.2204142676706,319.008274061646,177.931729987896));
#8120=CARTESIAN_POINT('Ctrl Pts',(73.2204142676706,319.008274061646,177.431729987896));
#8121=CARTESIAN_POINT('Ctrl Pts',(73.2846971524454,319.033120087907,177.931729987896));
#8122=CARTESIAN_POINT('Ctrl Pts',(73.2846971524454,319.033120087907,177.431729987896));
#8123=CARTESIAN_POINT('Ctrl Pts',(73.3294755288656,319.085464318087,177.931729987896));
#8124=CARTESIAN_POINT('Ctrl Pts',(73.3294755288656,319.085464318087,177.431729987896));
#8125=CARTESIAN_POINT('Ctrl Pts',(73.3515932953112,319.111319151389,177.931729987896));
#8126=CARTESIAN_POINT('Ctrl Pts',(73.3515932953112,319.111319151389,177.431729987896));
#8127=CARTESIAN_POINT('',(73.1878831779711,318.99570044564,177.931729987896));
#8128=CARTESIAN_POINT('Ctrl Pts',(73.1878831779711,318.99570044564,177.931729987896));
#8129=CARTESIAN_POINT('Ctrl Pts',(73.2204142676706,319.008274061646,177.931729987896));
#8130=CARTESIAN_POINT('Ctrl Pts',(73.2846971524454,319.033120087907,177.931729987896));
#8131=CARTESIAN_POINT('Ctrl Pts',(73.3294755288656,319.085464318087,177.931729987896));
#8132=CARTESIAN_POINT('Ctrl Pts',(73.3515932953112,319.111319151389,177.931729987896));
#8133=CARTESIAN_POINT('',(73.1878831779711,318.99570044564,177.431729987896));
#8134=CARTESIAN_POINT('',(73.1878831779711,318.99570044564,177.931729987896));
#8135=CARTESIAN_POINT('Ctrl Pts',(73.1878831779711,318.99570044564,177.431729987896));
#8136=CARTESIAN_POINT('Ctrl Pts',(73.2204142676706,319.008274061646,177.431729987896));
#8137=CARTESIAN_POINT('Ctrl Pts',(73.2846971524454,319.033120087907,177.431729987896));
#8138=CARTESIAN_POINT('Ctrl Pts',(73.3294755288656,319.085464318087,177.431729987896));
#8139=CARTESIAN_POINT('Ctrl Pts',(73.3515932953112,319.111319151389,177.431729987896));
#8140=CARTESIAN_POINT('Ctrl Pts',(72.6261499321215,318.963981237876,177.931729987896));
#8141=CARTESIAN_POINT('Ctrl Pts',(72.6261499321215,318.963981237876,177.431729987896));
#8142=CARTESIAN_POINT('Ctrl Pts',(72.7496567704299,318.962521551055,177.931729987896));
#8143=CARTESIAN_POINT('Ctrl Pts',(72.7496567704299,318.962521551055,177.431729987896));
#8144=CARTESIAN_POINT('Ctrl Pts',(72.9378284017362,318.960297612251,177.931729987896));
#8145=CARTESIAN_POINT('Ctrl Pts',(72.9378284017362,318.960297612251,177.431729987896));
#8146=CARTESIAN_POINT('Ctrl Pts',(73.1239298121226,318.98664590811,177.931729987896));
#8147=CARTESIAN_POINT('Ctrl Pts',(73.1239298121226,318.98664590811,177.431729987896));
#8148=CARTESIAN_POINT('Ctrl Pts',(73.1878831779711,318.99570044564,177.931729987896));
#8149=CARTESIAN_POINT('Ctrl Pts',(73.1878831779711,318.99570044564,177.431729987896));
#8150=CARTESIAN_POINT('',(72.6261499321215,318.963981237876,177.931729987896));
#8151=CARTESIAN_POINT('Ctrl Pts',(72.6261499321215,318.963981237876,177.931729987896));
#8152=CARTESIAN_POINT('Ctrl Pts',(72.7496567704299,318.962521551055,177.931729987896));
#8153=CARTESIAN_POINT('Ctrl Pts',(72.9378284017362,318.960297612251,177.931729987896));
#8154=CARTESIAN_POINT('Ctrl Pts',(73.1239298121226,318.98664590811,177.931729987896));
#8155=CARTESIAN_POINT('Ctrl Pts',(73.1878831779711,318.99570044564,177.931729987896));
#8156=CARTESIAN_POINT('',(72.6261499321215,318.963981237876,177.431729987896));
#8157=CARTESIAN_POINT('',(72.6261499321215,318.963981237876,177.931729987896));
#8158=CARTESIAN_POINT('Ctrl Pts',(72.6261499321215,318.963981237876,177.431729987896));
#8159=CARTESIAN_POINT('Ctrl Pts',(72.7496567704299,318.962521551055,177.431729987896));
#8160=CARTESIAN_POINT('Ctrl Pts',(72.9378284017362,318.960297612251,177.431729987896));
#8161=CARTESIAN_POINT('Ctrl Pts',(73.1239298121226,318.98664590811,177.431729987896));
#8162=CARTESIAN_POINT('Ctrl Pts',(73.1878831779711,318.99570044564,177.431729987896));
#8163=CARTESIAN_POINT('Origin',(71.6275146400683,318.963981237876,177.931729987896));
#8164=CARTESIAN_POINT('',(71.6275146400683,318.963981237876,177.931729987896));
#8165=CARTESIAN_POINT('',(18.8166910553688,318.963981237876,177.931729987896));
#8166=CARTESIAN_POINT('',(71.6275146400683,318.963981237876,177.431729987896));
#8167=CARTESIAN_POINT('',(71.6275146400683,318.963981237876,177.931729987896));
#8168=CARTESIAN_POINT('',(71.6275146400683,318.963981237876,177.431729987896));
#8169=CARTESIAN_POINT('Origin',(71.6275146400683,318.388946619498,177.931729987896));
#8170=CARTESIAN_POINT('',(71.6275146400683,318.388946619498,177.931729987896));
#8171=CARTESIAN_POINT('',(71.6275146400683,312.554327857456,177.931729987896));
#8172=CARTESIAN_POINT('',(71.6275146400683,318.388946619498,177.431729987896));
#8173=CARTESIAN_POINT('',(71.6275146400683,318.388946619498,177.931729987896));
#8174=CARTESIAN_POINT('',(71.6275146400683,318.388946619498,177.431729987896));
#8175=CARTESIAN_POINT('Origin',(73.0026855861895,318.388946619498,177.931729987896));
#8176=CARTESIAN_POINT('',(73.0026855861895,318.388946619498,177.931729987896));
#8177=CARTESIAN_POINT('',(19.5042765284294,318.388946619498,177.931729987896));
#8178=CARTESIAN_POINT('',(73.0026855861895,318.388946619498,177.431729987896));
#8179=CARTESIAN_POINT('',(73.0026855861895,318.388946619498,177.931729987896));
#8180=CARTESIAN_POINT('',(73.0026855861895,318.388946619498,177.431729987896));
#8181=CARTESIAN_POINT('Ctrl Pts',(73.4835853969805,318.466709223258,177.931729987896));
#8182=CARTESIAN_POINT('Ctrl Pts',(73.4835853969805,318.466709223258,177.431729987896));
#8183=CARTESIAN_POINT('Ctrl Pts',(73.415070209712,318.444112824262,177.931729987896));
#8184=CARTESIAN_POINT('Ctrl Pts',(73.415070209712,318.444112824262,177.431729987896));
#8185=CARTESIAN_POINT('Ctrl Pts',(73.2592136578959,318.392711128208,177.931729987896));
#8186=CARTESIAN_POINT('Ctrl Pts',(73.2592136578959,318.392711128208,177.431729987896));
#8187=CARTESIAN_POINT('Ctrl Pts',(73.0948143024327,318.390298593777,177.931729987896));
#8188=CARTESIAN_POINT('Ctrl Pts',(73.0948143024327,318.390298593777,177.431729987896));
#8189=CARTESIAN_POINT('Ctrl Pts',(73.0026855861895,318.388946619498,177.931729987896));
#8190=CARTESIAN_POINT('Ctrl Pts',(73.0026855861895,318.388946619498,177.431729987896));
#8191=CARTESIAN_POINT('',(73.4835853969805,318.466709223258,177.931729987896));
#8192=CARTESIAN_POINT('Ctrl Pts',(73.4835853969805,318.466709223258,177.931729987896));
#8193=CARTESIAN_POINT('Ctrl Pts',(73.415070209712,318.444112824262,177.931729987896));
#8194=CARTESIAN_POINT('Ctrl Pts',(73.2592136578959,318.392711128208,177.931729987896));
#8195=CARTESIAN_POINT('Ctrl Pts',(73.0948143024327,318.390298593777,177.931729987896));
#8196=CARTESIAN_POINT('Ctrl Pts',(73.0026855861895,318.388946619498,177.931729987896));
#8197=CARTESIAN_POINT('',(73.4835853969805,318.466709223258,177.431729987896));
#8198=CARTESIAN_POINT('',(73.4835853969805,318.466709223258,177.931729987896));
#8199=CARTESIAN_POINT('Ctrl Pts',(73.4835853969805,318.466709223258,177.431729987896));
#8200=CARTESIAN_POINT('Ctrl Pts',(73.415070209712,318.444112824262,177.431729987896));
#8201=CARTESIAN_POINT('Ctrl Pts',(73.2592136578959,318.392711128208,177.431729987896));
#8202=CARTESIAN_POINT('Ctrl Pts',(73.0948143024327,318.390298593777,177.431729987896));
#8203=CARTESIAN_POINT('Ctrl Pts',(73.0026855861895,318.388946619498,177.431729987896));
#8204=CARTESIAN_POINT('Ctrl Pts',(73.7537076866381,318.718414869773,177.931729987896));
#8205=CARTESIAN_POINT('Ctrl Pts',(73.7537076866381,318.718414869773,177.431729987896));
#8206=CARTESIAN_POINT('Ctrl Pts',(73.7187458801108,318.664594798439,177.931729987896));
#8207=CARTESIAN_POINT('Ctrl Pts',(73.7187458801108,318.664594798439,177.431729987896));
#8208=CARTESIAN_POINT('Ctrl Pts',(73.6496119703404,318.558170321989,177.931729987896));
#8209=CARTESIAN_POINT('Ctrl Pts',(73.6496119703404,318.558170321989,177.431729987896));
#8210=CARTESIAN_POINT('Ctrl Pts',(73.5385045351842,318.49696320381,177.931729987896));
#8211=CARTESIAN_POINT('Ctrl Pts',(73.5385045351842,318.49696320381,177.431729987896));
#8212=CARTESIAN_POINT('Ctrl Pts',(73.4835853969805,318.466709223258,177.931729987896));
#8213=CARTESIAN_POINT('Ctrl Pts',(73.4835853969805,318.466709223258,177.431729987896));
#8214=CARTESIAN_POINT('',(73.7537076866381,318.718414869773,177.931729987896));
#8215=CARTESIAN_POINT('Ctrl Pts',(73.7537076866381,318.718414869773,177.931729987896));
#8216=CARTESIAN_POINT('Ctrl Pts',(73.7187458801108,318.664594798439,177.931729987896));
#8217=CARTESIAN_POINT('Ctrl Pts',(73.6496119703404,318.558170321989,177.931729987896));
#8218=CARTESIAN_POINT('Ctrl Pts',(73.5385045351842,318.49696320381,177.931729987896));
#8219=CARTESIAN_POINT('Ctrl Pts',(73.4835853969805,318.466709223258,177.931729987896));
#8220=CARTESIAN_POINT('',(73.7537076866381,318.718414869773,177.431729987896));
#8221=CARTESIAN_POINT('',(73.7537076866381,318.718414869773,177.931729987896));
#8222=CARTESIAN_POINT('Ctrl Pts',(73.7537076866381,318.718414869773,177.431729987896));
#8223=CARTESIAN_POINT('Ctrl Pts',(73.7187458801108,318.664594798439,177.431729987896));
#8224=CARTESIAN_POINT('Ctrl Pts',(73.6496119703404,318.558170321989,177.431729987896));
#8225=CARTESIAN_POINT('Ctrl Pts',(73.5385045351842,318.49696320381,177.431729987896));
#8226=CARTESIAN_POINT('Ctrl Pts',(73.4835853969805,318.466709223258,177.431729987896));
#8227=CARTESIAN_POINT('Ctrl Pts',(73.8498881256334,319.111319151389,177.931729987896));
#8228=CARTESIAN_POINT('Ctrl Pts',(73.8498881256334,319.111319151389,177.431729987896));
#8229=CARTESIAN_POINT('Ctrl Pts',(73.8463034139881,319.04098337094,177.931729987896));
#8230=CARTESIAN_POINT('Ctrl Pts',(73.8463034139881,319.04098337094,177.431729987896));
#8231=CARTESIAN_POINT('Ctrl Pts',(73.8393113555024,318.903791892467,177.931729987896));
#8232=CARTESIAN_POINT('Ctrl Pts',(73.8393113555024,318.903791892467,177.431729987896));
#8233=CARTESIAN_POINT('Ctrl Pts',(73.7817555779817,318.779153324784,177.931729987896));
#8234=CARTESIAN_POINT('Ctrl Pts',(73.7817555779817,318.779153324784,177.431729987896));
#8235=CARTESIAN_POINT('Ctrl Pts',(73.7537076866381,318.718414869773,177.931729987896));
#8236=CARTESIAN_POINT('Ctrl Pts',(73.7537076866381,318.718414869773,177.431729987896));
#8237=CARTESIAN_POINT('',(73.8498881256334,319.111319151389,177.931729987896));
#8238=CARTESIAN_POINT('Ctrl Pts',(73.8498881256334,319.111319151389,177.931729987896));
#8239=CARTESIAN_POINT('Ctrl Pts',(73.8463034139881,319.04098337094,177.931729987896));
#8240=CARTESIAN_POINT('Ctrl Pts',(73.8393113555024,318.903791892467,177.931729987896));
#8241=CARTESIAN_POINT('Ctrl Pts',(73.7817555779817,318.779153324784,177.931729987896));
#8242=CARTESIAN_POINT('Ctrl Pts',(73.7537076866381,318.718414869773,177.931729987896));
#8243=CARTESIAN_POINT('',(73.8498881256334,319.111319151389,177.431729987896));
#8244=CARTESIAN_POINT('',(73.8498881256334,319.111319151389,177.931729987896));
#8245=CARTESIAN_POINT('Ctrl Pts',(73.8498881256334,319.111319151389,177.431729987896));
#8246=CARTESIAN_POINT('Ctrl Pts',(73.8463034139881,319.04098337094,177.431729987896));
#8247=CARTESIAN_POINT('Ctrl Pts',(73.8393113555024,318.903791892467,177.431729987896));
#8248=CARTESIAN_POINT('Ctrl Pts',(73.7817555779817,318.779153324784,177.431729987896));
#8249=CARTESIAN_POINT('Ctrl Pts',(73.7537076866381,318.718414869773,177.431729987896));
#8250=CARTESIAN_POINT('Ctrl Pts',(73.7496152317278,319.519572821128,177.931729987896));
#8251=CARTESIAN_POINT('Ctrl Pts',(73.7496152317278,319.519572821128,177.431729987896));
#8252=CARTESIAN_POINT('Ctrl Pts',(73.7788612365036,319.454346082643,177.931729987896));
#8253=CARTESIAN_POINT('Ctrl Pts',(73.7788612365036,319.454346082643,177.431729987896));
#8254=CARTESIAN_POINT('Ctrl Pts',(73.8371454623058,319.324356021323,177.931729987896));
#8255=CARTESIAN_POINT('Ctrl Pts',(73.8371454623058,319.324356021323,177.431729987896));
#8256=CARTESIAN_POINT('Ctrl Pts',(73.845650678246,319.182162467634,177.931729987896));
#8257=CARTESIAN_POINT('Ctrl Pts',(73.845650678246,319.182162467634,177.431729987896));
#8258=CARTESIAN_POINT('Ctrl Pts',(73.8498881256334,319.111319151389,177.931729987896));
#8259=CARTESIAN_POINT('Ctrl Pts',(73.8498881256334,319.111319151389,177.431729987896));
#8260=CARTESIAN_POINT('',(73.7496152317278,319.519572821128,177.931729987896));
#8261=CARTESIAN_POINT('Ctrl Pts',(73.7496152317278,319.519572821128,177.931729987896));
#8262=CARTESIAN_POINT('Ctrl Pts',(73.7788612365036,319.454346082643,177.931729987896));
#8263=CARTESIAN_POINT('Ctrl Pts',(73.8371454623058,319.324356021323,177.931729987896));
#8264=CARTESIAN_POINT('Ctrl Pts',(73.845650678246,319.182162467634,177.931729987896));
#8265=CARTESIAN_POINT('Ctrl Pts',(73.8498881256334,319.111319151389,177.931729987896));
#8266=CARTESIAN_POINT('',(73.7496152317278,319.519572821128,177.431729987896));
#8267=CARTESIAN_POINT('',(73.7496152317278,319.519572821128,177.931729987896));
#8268=CARTESIAN_POINT('Ctrl Pts',(73.7496152317278,319.519572821128,177.431729987896));
#8269=CARTESIAN_POINT('Ctrl Pts',(73.7788612365036,319.454346082643,177.431729987896));
#8270=CARTESIAN_POINT('Ctrl Pts',(73.8371454623058,319.324356021323,177.431729987896));
#8271=CARTESIAN_POINT('Ctrl Pts',(73.845650678246,319.182162467634,177.431729987896));
#8272=CARTESIAN_POINT('Ctrl Pts',(73.8498881256334,319.111319151389,177.431729987896));
#8273=CARTESIAN_POINT('Ctrl Pts',(73.4754004871599,319.831648436057,177.931729987896));
#8274=CARTESIAN_POINT('Ctrl Pts',(73.4754004871599,319.831648436057,177.431729987896));
#8275=CARTESIAN_POINT('Ctrl Pts',(73.5304570327901,319.788692105515,177.931729987896));
#8276=CARTESIAN_POINT('Ctrl Pts',(73.5304570327901,319.788692105515,177.431729987896));
#8277=CARTESIAN_POINT('Ctrl Pts',(73.6415557144888,319.702010465044,177.931729987896));
#8278=CARTESIAN_POINT('Ctrl Pts',(73.6415557144888,319.702010465044,177.431729987896));
#8279=CARTESIAN_POINT('Ctrl Pts',(73.713382992054,319.580743966519,177.931729987896));
#8280=CARTESIAN_POINT('Ctrl Pts',(73.713382992054,319.580743966519,177.431729987896));
#8281=CARTESIAN_POINT('Ctrl Pts',(73.7496152317278,319.519572821128,177.931729987896));
#8282=CARTESIAN_POINT('Ctrl Pts',(73.7496152317278,319.519572821128,177.431729987896));
#8283=CARTESIAN_POINT('',(73.4754004871599,319.831648436057,177.931729987896));
#8284=CARTESIAN_POINT('Ctrl Pts',(73.4754004871599,319.831648436057,177.931729987896));
#8285=CARTESIAN_POINT('Ctrl Pts',(73.5304570327901,319.788692105515,177.931729987896));
#8286=CARTESIAN_POINT('Ctrl Pts',(73.6415557144888,319.702010465044,177.931729987896));
#8287=CARTESIAN_POINT('Ctrl Pts',(73.713382992054,319.580743966519,177.931729987896));
#8288=CARTESIAN_POINT('Ctrl Pts',(73.7496152317278,319.519572821128,177.931729987896));
#8289=CARTESIAN_POINT('',(73.4754004871599,319.831648436057,177.431729987896));
#8290=CARTESIAN_POINT('',(73.4754004871599,319.831648436057,177.931729987896));
#8291=CARTESIAN_POINT('Ctrl Pts',(73.4754004871599,319.831648436057,177.431729987896));
#8292=CARTESIAN_POINT('Ctrl Pts',(73.5304570327901,319.788692105515,177.431729987896));
#8293=CARTESIAN_POINT('Ctrl Pts',(73.6415557144888,319.702010465044,177.431729987896));
#8294=CARTESIAN_POINT('Ctrl Pts',(73.713382992054,319.580743966519,177.431729987896));
#8295=CARTESIAN_POINT('Ctrl Pts',(73.7496152317278,319.519572821128,177.431729987896));
#8296=CARTESIAN_POINT('Origin',(73.8007750904314,319.831648436057,177.931729987896));
#8297=CARTESIAN_POINT('',(73.8007750904314,319.831648436057,177.931729987896));
#8298=CARTESIAN_POINT('',(19.9033212805504,319.831648436057,177.931729987896));
#8299=CARTESIAN_POINT('',(73.8007750904314,319.831648436057,177.431729987896));
#8300=CARTESIAN_POINT('',(73.8007750904314,319.831648436057,177.931729987896));
#8301=CARTESIAN_POINT('',(73.8007750904314,319.831648436057,177.431729987896));
#8302=CARTESIAN_POINT('Origin',(73.8007750904314,320.36575373696,177.931729987896));
#8303=CARTESIAN_POINT('',(73.8007750904314,313.542731416187,177.931729987896));
#8304=CARTESIAN_POINT('',(73.8007750904314,320.36575373696,177.431729987896));
#8305=CARTESIAN_POINT('Origin',(72.325331846451,323.647132482993,177.431729987896));
#8306=CARTESIAN_POINT('Origin',(71.6275146400683,315.251837339866,177.931729987896));
#8307=CARTESIAN_POINT('',(71.6275146400683,315.251837339866,177.931729987896));
#8308=CARTESIAN_POINT('',(73.8007750904314,315.251837339866,177.931729987896));
#8309=CARTESIAN_POINT('',(18.8166910553688,315.251837339866,177.931729987896));
#8310=CARTESIAN_POINT('',(71.6275146400683,315.251837339866,177.431729987896));
#8311=CARTESIAN_POINT('',(71.6275146400683,315.251837339866,177.931729987896));
#8312=CARTESIAN_POINT('',(73.8007750904314,315.251837339866,177.431729987896));
#8313=CARTESIAN_POINT('',(71.6275146400683,315.251837339866,177.431729987896));
#8314=CARTESIAN_POINT('',(73.8007750904314,315.251837339866,177.931729987896));
#8315=CARTESIAN_POINT('Origin',(71.6275146400683,314.676805105674,177.931729987896));
#8316=CARTESIAN_POINT('',(71.6275146400683,314.676805105674,177.931729987896));
#8317=CARTESIAN_POINT('',(71.6275146400683,310.698257100544,177.931729987896));
#8318=CARTESIAN_POINT('',(71.6275146400683,314.676805105674,177.431729987896));
#8319=CARTESIAN_POINT('',(71.6275146400683,314.676805105674,177.931729987896));
#8320=CARTESIAN_POINT('',(71.6275146400683,314.676805105674,177.431729987896));
#8321=CARTESIAN_POINT('Origin',(73.8007750904314,314.676805105674,177.931729987896));
#8322=CARTESIAN_POINT('',(73.8007750904314,314.676805105674,177.931729987896));
#8323=CARTESIAN_POINT('',(19.9033212805504,314.676805105674,177.931729987896));
#8324=CARTESIAN_POINT('',(73.8007750904314,314.676805105674,177.431729987896));
#8325=CARTESIAN_POINT('',(73.8007750904314,314.676805105674,177.931729987896));
#8326=CARTESIAN_POINT('',(73.8007750904314,314.676805105674,177.431729987896));
#8327=CARTESIAN_POINT('Origin',(73.8007750904314,315.251837339866,177.931729987896));
#8328=CARTESIAN_POINT('',(73.8007750904314,310.98577321764,177.931729987896));
#8329=CARTESIAN_POINT('',(73.8007750904314,315.251837339866,177.431729987896));
#8330=CARTESIAN_POINT('Origin',(72.325331846451,323.647132482993,177.431729987896));
#8331=CARTESIAN_POINT('Origin',(73.2953181659929,314.249110784995,177.931729987896));
#8332=CARTESIAN_POINT('',(73.2953181659929,314.249110784995,177.931729987896));
#8333=CARTESIAN_POINT('',(73.8007750904314,314.249110784995,177.931729987896));
#8334=CARTESIAN_POINT('',(19.6505928183311,314.249110784995,177.931729987896));
#8335=CARTESIAN_POINT('',(73.2953181659929,314.249110784995,177.431729987896));
#8336=CARTESIAN_POINT('',(73.2953181659929,314.249110784995,177.931729987896));
#8337=CARTESIAN_POINT('',(73.8007750904314,314.249110784995,177.431729987896));
#8338=CARTESIAN_POINT('',(73.2953181659929,314.249110784995,177.431729987896));
#8339=CARTESIAN_POINT('',(73.8007750904314,314.249110784995,177.931729987896));
#8340=CARTESIAN_POINT('Origin',(73.2953181659929,312.742970552909,177.931729987896));
#8341=CARTESIAN_POINT('',(73.2953181659929,312.742970552909,177.931729987896));
#8342=CARTESIAN_POINT('',(73.2953181659929,309.731339824162,177.931729987896));
#8343=CARTESIAN_POINT('',(73.2953181659929,312.742970552909,177.431729987896));
#8344=CARTESIAN_POINT('',(73.2953181659929,312.742970552909,177.931729987896));
#8345=CARTESIAN_POINT('',(73.2953181659929,312.742970552909,177.431729987896));
#8346=CARTESIAN_POINT('Origin',(70.8253314888231,312.742970552909,177.931729987896));
#8347=CARTESIAN_POINT('',(70.8253314888231,312.742970552909,177.931729987896));
#8348=CARTESIAN_POINT('',(18.4155994797462,312.742970552909,177.931729987896));
#8349=CARTESIAN_POINT('',(70.8253314888231,312.742970552909,177.431729987896));
#8350=CARTESIAN_POINT('',(70.8253314888231,312.742970552909,177.931729987896));
#8351=CARTESIAN_POINT('',(70.8253314888231,312.742970552909,177.431729987896));
#8352=CARTESIAN_POINT('Origin',(70.8253314888231,312.137241926658,177.931729987896));
#8353=CARTESIAN_POINT('',(70.8253314888231,312.137241926658,177.931729987896));
#8354=CARTESIAN_POINT('',(70.8253314888231,309.428475511036,177.931729987896));
#8355=CARTESIAN_POINT('',(70.8253314888231,312.137241926658,177.431729987896));
#8356=CARTESIAN_POINT('',(70.8253314888231,312.137241926658,177.931729987896));
#8357=CARTESIAN_POINT('',(70.8253314888231,312.137241926658,177.431729987896));
#8358=CARTESIAN_POINT('Origin',(73.8007750904314,312.137241926658,177.931729987896));
#8359=CARTESIAN_POINT('',(73.8007750904314,312.137241926658,177.931729987896));
#8360=CARTESIAN_POINT('',(19.9033212805504,312.137241926658,177.931729987896));
#8361=CARTESIAN_POINT('',(73.8007750904314,312.137241926658,177.431729987896));
#8362=CARTESIAN_POINT('',(73.8007750904314,312.137241926658,177.931729987896));
#8363=CARTESIAN_POINT('',(73.8007750904314,312.137241926658,177.431729987896));
#8364=CARTESIAN_POINT('Origin',(73.8007750904314,314.249110784995,177.931729987896));
#8365=CARTESIAN_POINT('',(73.8007750904314,310.484409940205,177.931729987896));
#8366=CARTESIAN_POINT('',(73.8007750904314,314.249110784995,177.431729987896));
#8367=CARTESIAN_POINT('Origin',(72.325331846451,323.647132482993,177.431729987896));
#8368=CARTESIAN_POINT('Origin',(-33.9941325293307,306.719709095414,177.931729987896));
#8369=CARTESIAN_POINT('',(81.8467167001196,382.219636805867,177.931729987896));
#8370=CARTESIAN_POINT('',(88.2106777307985,375.855675775188,177.931729987896));
#8371=CARTESIAN_POINT('',(73.907932929777,390.158420576209,177.931729987896));
#8372=CARTESIAN_POINT('',(56.3908725774039,356.763792683151,177.931729987896));
#8373=CARTESIAN_POINT('',(23.4049207473462,323.777840853093,177.931729987896));
#8374=CARTESIAN_POINT('',(16.0857860497706,397.068879210784,177.931729987896));
#8375=CARTESIAN_POINT('',(36.2293705657458,376.925294694809,177.931729987896));
#8376=CARTESIAN_POINT('',(47.3697435364596,428.352836697473,177.931729987896));
#8377=CARTESIAN_POINT('',(-16.9001657802872,364.082927380725,177.931729987896));
#8378=CARTESIAN_POINT('',(-1.50000038785592,440.782693296113,177.931729987896));
#8379=CARTESIAN_POINT('',(-1.36981991840213,440.749582327294,177.931729987896));
#8380=CARTESIAN_POINT('',(-1.50000038785592,336.914216617111,177.931729987896));
#8381=CARTESIAN_POINT('',(-1.50000038785592,275.859856075076,177.931729987896));
#8382=CARTESIAN_POINT('',(4.49999961214405,330.914216617111,177.931729987896));
#8383=CARTESIAN_POINT('',(-1.4713531522072,336.885569381463,177.931729987896));
#8384=CARTESIAN_POINT('',(4.49999961214407,316.085789492365,177.931729987896));
#8385=CARTESIAN_POINT('',(4.49999961214407,310.109856075076,177.931729987896));
#8386=CARTESIAN_POINT('',(-1.50000038785593,310.085789492365,177.931729987896));
#8387=CARTESIAN_POINT('',(-9.8615001318691,301.724289748352,177.931729987896));
#8388=CARTESIAN_POINT('',(-1.50000038785592,206.286188969408,177.931729987896));
#8389=CARTESIAN_POINT('',(-1.50000038785592,275.859856075076,177.931729987896));
#8390=CARTESIAN_POINT('',(47.3697435364601,218.716045568049,177.931729987896));
#8391=CARTESIAN_POINT('',(20.5231743196728,211.887710104558,177.931729987896));
#8392=CARTESIAN_POINT('',(16.085786049771,250.000003054738,177.931729987896));
#8393=CARTESIAN_POINT('',(-8.49279976161387,274.578588866123,177.931729987896));
#8394=CARTESIAN_POINT('',(56.3908725774042,290.305089582371,177.931729987896));
#8395=CARTESIAN_POINT('',(27.822004547073,261.73622155204,177.931729987896));
#8396=CARTESIAN_POINT('',(81.84671670012,264.849245459656,177.931729987896));
#8397=CARTESIAN_POINT('',(31.8122867660194,314.883675393756,177.931729987896));
#8398=CARTESIAN_POINT('',(88.2106777307988,271.213206490334,177.931729987896));
#8399=CARTESIAN_POINT('',(65.500566911104,248.503095670639,177.931729987896));
#8400=CARTESIAN_POINT('',(88.2106777307985,348.358760247167,177.931729987896));
#8401=CARTESIAN_POINT('',(41.4999996121441,352.517890710305,177.931729987896));
#8402=CARTESIAN_POINT('',(41.4999996121441,369.517890710305,177.931729987896));
#8403=CARTESIAN_POINT('',(41.4999996121441,331.36879990286,177.931729987896));
#8404=CARTESIAN_POINT('',(24.4999996121441,352.517890710305,177.931729987896));
#8405=CARTESIAN_POINT('',(-2.99706645859329,352.517890710305,177.931729987896));
#8406=CARTESIAN_POINT('',(24.4999996121441,369.517890710305,177.931729987896));
#8407=CARTESIAN_POINT('',(24.4999996121441,336.36879990286,177.931729987896));
#8408=CARTESIAN_POINT('',(2.00293354140671,369.517890710305,177.931729987896));
#8409=CARTESIAN_POINT('',(84.5999996121441,336.017890710305,177.931729987896));
#8410=CARTESIAN_POINT('Origin',(82.9999996121441,336.017890710305,177.931729987896));
#8411=CARTESIAN_POINT('',(34.5999996121441,311.017890710305,177.931729987896));
#8412=CARTESIAN_POINT('Origin',(32.9999996121441,311.017890710305,177.931729987896));
#8413=CARTESIAN_POINT('',(59.5999996121441,311.017890710305,177.931729987896));
#8414=CARTESIAN_POINT('Origin',(57.9999996121441,311.017890710305,177.931729987896));
#8415=CARTESIAN_POINT('',(9.59999961214408,311.017890710305,177.931729987896));
#8416=CARTESIAN_POINT('Origin',(7.99999961214407,311.017890710305,177.931729987896));
#8417=CARTESIAN_POINT('',(84.5999996121441,311.017890710305,177.931729987896));
#8418=CARTESIAN_POINT('Origin',(82.9999996121441,311.017890710305,177.931729987896));
#8419=CARTESIAN_POINT('',(34.5999996121441,336.017890710305,177.931729987896));
#8420=CARTESIAN_POINT('Origin',(32.9999996121441,336.017890710305,177.931729987896));
#8421=CARTESIAN_POINT('',(59.5999996121441,336.017890710305,177.931729987896));
#8422=CARTESIAN_POINT('Origin',(57.9999996121441,336.017890710305,177.931729987896));
#8423=CARTESIAN_POINT('',(9.59999961214408,336.017890710305,177.931729987896));
#8424=CARTESIAN_POINT('Origin',(7.99999961214407,336.017890710305,177.931729987896));
#8425=CARTESIAN_POINT('',(0.399999612144061,339.068879210783,177.931729987896));
#8426=CARTESIAN_POINT('Origin',(1.99999961214407,339.068879210783,177.931729987896));
#8427=CARTESIAN_POINT('',(-0.300000387855939,308.000003054738,177.931729987896));
#8428=CARTESIAN_POINT('Origin',(1.29999961214407,308.000003054738,177.931729987896));
#8429=CARTESIAN_POINT('',(84.8106777307986,374.997811398919,177.931729987896));
#8430=CARTESIAN_POINT('Origin',(83.2106777307986,374.997811398919,177.931729987896));
#8431=CARTESIAN_POINT('',(9.09999961214366,407.068879210784,177.931729987896));
#8432=CARTESIAN_POINT('Origin',(7.49999961214364,407.068879210784,177.931729987896));
#8433=CARTESIAN_POINT('',(31.4191924747512,423.530207697122,177.931729987896));
#8434=CARTESIAN_POINT('Origin',(29.8191924747512,423.530207697122,177.931729987896));
#8435=CARTESIAN_POINT('',(9.09999961214353,429.20702006408,177.931729987896));
#8436=CARTESIAN_POINT('Origin',(7.49999961214352,429.20702006408,177.931729987896));
#8437=CARTESIAN_POINT('',(84.8106777307988,272.071070866604,177.931729987896));
#8438=CARTESIAN_POINT('Origin',(83.2106777307988,272.071070866604,177.931729987896));
#8439=CARTESIAN_POINT('',(9.09999961214407,240.000003054738,177.931729987896));
#8440=CARTESIAN_POINT('Origin',(7.49999961214407,240.000003054738,177.931729987896));
#8441=CARTESIAN_POINT('',(31.4191924747517,223.538674568399,177.931729987896));
#8442=CARTESIAN_POINT('Origin',(29.8191924747517,223.538674568399,177.931729987896));
#8443=CARTESIAN_POINT('',(9.09999961214406,217.861862201442,177.931729987896));
#8444=CARTESIAN_POINT('Origin',(7.49999961214406,217.861862201442,177.931729987896));
#8445=CARTESIAN_POINT('',(24.4999996121441,294.517890710305,177.931729987896));
#8446=CARTESIAN_POINT('',(24.4999996121441,277.517890710305,177.931729987896));
#8447=CARTESIAN_POINT('',(24.4999996121441,298.86879990286,177.931729987896));
#8448=CARTESIAN_POINT('',(41.4999996121441,294.517890710305,177.931729987896));
#8449=CARTESIAN_POINT('',(2.00293354140671,294.517890710305,177.931729987896));
#8450=CARTESIAN_POINT('',(41.4999996121441,277.517890710305,177.931729987896));
#8451=CARTESIAN_POINT('',(41.4999996121441,293.86879990286,177.931729987896));
#8452=CARTESIAN_POINT('',(-2.99706645859329,277.517890710305,177.931729987896));
#8453=CARTESIAN_POINT('',(14.9999996121441,314.017890710305,177.931729987896));
#8454=CARTESIAN_POINT('',(25.9999996121441,314.017890710305,177.931729987896));
#8455=CARTESIAN_POINT('',(-3.99706645859329,314.017890710305,177.931729987896));
#8456=CARTESIAN_POINT('',(10.9999996121441,318.017890710305,177.931729987896));
#8457=CARTESIAN_POINT('Origin',(14.9999996121441,318.017890710305,177.931729987896));
#8458=CARTESIAN_POINT('',(10.9999996121441,329.017890710305,177.931729987896));
#8459=CARTESIAN_POINT('',(10.9999996121441,312.36879990286,177.931729987896));
#8460=CARTESIAN_POINT('',(14.9999996121441,333.017890710305,177.931729987896));
#8461=CARTESIAN_POINT('Origin',(14.9999996121441,329.017890710305,177.931729987896));
#8462=CARTESIAN_POINT('',(25.9999996121441,333.017890710305,177.931729987896));
#8463=CARTESIAN_POINT('',(-9.49706645859329,333.017890710305,177.931729987896));
#8464=CARTESIAN_POINT('',(29.9999996121441,329.017890710305,177.931729987896));
#8465=CARTESIAN_POINT('Origin',(25.9999996121441,329.017890710305,177.931729987896));
#8466=CARTESIAN_POINT('',(29.9999996121441,318.017890710305,177.931729987896));
#8467=CARTESIAN_POINT('',(29.9999996121441,317.86879990286,177.931729987896));
#8468=CARTESIAN_POINT('Origin',(25.9999996121441,318.017890710305,177.931729987896));
#8469=CARTESIAN_POINT('Origin',(-33.9941325293307,306.719709095414,177.931729987896));
#8470=CARTESIAN_POINT('Origin',(7.49999961214406,217.861862201442,152.931729987896));
#8471=CARTESIAN_POINT('',(9.09999961214406,217.861862201442,172.931729987896));
#8472=CARTESIAN_POINT('Origin',(7.49999961214406,217.861862201442,172.931729987896));
#8473=CARTESIAN_POINT('',(9.09999961214406,217.861862201442,152.931729987896));
#8474=CARTESIAN_POINT('Origin',(7.49999961214364,407.068879210784,152.931729987896));
#8475=CARTESIAN_POINT('',(9.09999961214366,407.068879210784,172.931729987896));
#8476=CARTESIAN_POINT('Origin',(7.49999961214364,407.068879210784,172.931729987896));
#8477=CARTESIAN_POINT('',(9.09999961214366,407.068879210784,152.931729987896));
#8478=CARTESIAN_POINT('Origin',(83.2106777307986,374.997811398919,152.931729987896));
#8479=CARTESIAN_POINT('',(84.8106777307986,374.997811398919,172.931729987896));
#8480=CARTESIAN_POINT('Origin',(83.2106777307986,374.997811398919,172.931729987896));
#8481=CARTESIAN_POINT('',(84.8106777307986,374.997811398919,152.931729987896));
#8482=CARTESIAN_POINT('Origin',(83.2106777307988,272.071070866604,152.931729987896));
#8483=CARTESIAN_POINT('',(84.8106777307988,272.071070866604,172.931729987896));
#8484=CARTESIAN_POINT('Origin',(83.2106777307988,272.071070866604,172.931729987896));
#8485=CARTESIAN_POINT('',(84.8106777307988,272.071070866604,152.931729987896));
#8486=CARTESIAN_POINT('Origin',(7.49999961214352,429.20702006408,152.931729987896));
#8487=CARTESIAN_POINT('',(9.09999961214353,429.20702006408,172.931729987896));
#8488=CARTESIAN_POINT('Origin',(7.49999961214352,429.20702006408,172.931729987896));
#8489=CARTESIAN_POINT('',(9.09999961214353,429.20702006408,152.931729987896));
#8490=CARTESIAN_POINT('Origin',(29.8191924747512,423.530207697122,152.931729987896));
#8491=CARTESIAN_POINT('',(31.4191924747512,423.530207697122,172.931729987896));
#8492=CARTESIAN_POINT('Origin',(29.8191924747512,423.530207697122,172.931729987896));
#8493=CARTESIAN_POINT('',(31.4191924747512,423.530207697122,152.931729987896));
#8494=CARTESIAN_POINT('Origin',(7.49999961214407,240.000003054738,152.931729987896));
#8495=CARTESIAN_POINT('',(9.09999961214407,240.000003054738,172.931729987896));
#8496=CARTESIAN_POINT('Origin',(7.49999961214407,240.000003054738,172.931729987896));
#8497=CARTESIAN_POINT('',(9.09999961214407,240.000003054738,152.931729987896));
#8498=CARTESIAN_POINT('Origin',(29.8191924747517,223.538674568399,152.931729987896));
#8499=CARTESIAN_POINT('',(31.4191924747517,223.538674568399,172.931729987896));
#8500=CARTESIAN_POINT('Origin',(29.8191924747517,223.538674568399,172.931729987896));
#8501=CARTESIAN_POINT('',(31.4191924747517,223.538674568399,152.931729987896));
#8502=CARTESIAN_POINT('Origin',(21.0355335180764,400.604413116716,179.931729987896));
#8503=CARTESIAN_POINT('',(17.4999996121437,397.068879210784,176.931729987896));
#8504=CARTESIAN_POINT('',(49.3198047655382,428.888684364179,176.931729987896));
#8505=CARTESIAN_POINT('',(-16.1930589991007,363.375820599539,176.931729987896));
#8506=CARTESIAN_POINT('',(17.4999996121437,397.068879210784,172.931729987896));
#8507=CARTESIAN_POINT('',(17.4999996121437,397.068879210784,179.931729987896));
#8508=CARTESIAN_POINT('',(49.3198047655382,428.888684364179,172.931729987896));
#8509=CARTESIAN_POINT('',(25.229648424482,404.798528023122,172.931729987896));
#8510=CARTESIAN_POINT('',(49.3198047655382,428.888684364179,112.931729987896));
#8511=CARTESIAN_POINT('Origin',(59.9264064833368,361.713540151457,134.931729987896));
#8512=CARTESIAN_POINT('',(88.2106777307985,389.997811398919,174.931729987896));
#8513=CARTESIAN_POINT('',(83.4966325228882,385.283766191008,176.931729987896));
#8514=CARTESIAN_POINT('',(77.3608053313995,379.147938999519,179.534940997071));
#8515=CARTESIAN_POINT('',(88.2106777307985,389.997811398919,172.931729987896));
#8516=CARTESIAN_POINT('',(88.2106777307985,389.997811398919,112.931729987896));
#8517=CARTESIAN_POINT('',(56.390872577404,358.178006245524,172.931729987896));
#8518=CARTESIAN_POINT('',(22.6978139661596,324.484947634279,172.931729987896));
#8519=CARTESIAN_POINT('',(56.390872577404,358.178006245524,176.931729987896));
#8520=CARTESIAN_POINT('',(56.390872577404,358.178006245524,134.931729987896));
#8521=CARTESIAN_POINT('',(22.6978139661597,324.484947634279,176.931729987896));
#8522=CARTESIAN_POINT('Origin',(36.9454360947739,377.623442728154,157.431729987896));
#8523=CARTESIAN_POINT('',(36.9364773469324,377.632401475995,176.931729987896));
#8524=CARTESIAN_POINT('',(36.9364773469324,377.632401475995,172.931729987896));
#8525=CARTESIAN_POINT('Origin',(36.9454360947741,269.445439537368,157.431729987896));
#8526=CARTESIAN_POINT('',(17.4999996121441,250.000003054738,176.931729987896));
#8527=CARTESIAN_POINT('',(56.3908725774042,288.890876019998,176.931729987896));
#8528=CARTESIAN_POINT('',(28.5291113282595,261.029114770853,176.931729987896));
#8529=CARTESIAN_POINT('',(17.4999996121441,250.000003054738,172.931729987896));
#8530=CARTESIAN_POINT('',(17.4999996121441,250.000003054738,179.931729987896));
#8531=CARTESIAN_POINT('',(56.3908725774042,288.890876019998,172.931729987896));
#8532=CARTESIAN_POINT('',(28.5291113282595,261.029114770853,172.931729987896));
#8533=CARTESIAN_POINT('',(56.3908725774042,288.890876019998,134.931729987896));
#8534=CARTESIAN_POINT('Origin',(21.0355335180768,246.464469148805,179.931729987896));
#8535=CARTESIAN_POINT('',(49.3198047655387,218.180197901343,176.931729987896));
#8536=CARTESIAN_POINT('',(-7.78569298042733,275.28569564731,176.931729987896));
#8537=CARTESIAN_POINT('',(49.3198047655387,218.180197901343,172.931729987896));
#8538=CARTESIAN_POINT('',(49.3198047655387,218.180197901343,112.931729987896));
#8539=CARTESIAN_POINT('',(25.2296484244824,242.2703542424,172.931729987896));
#8540=CARTESIAN_POINT('Origin',(1.29999961214407,308.000003054738,146.931729987896));
#8541=CARTESIAN_POINT('',(-0.300000387855939,308.000003054738,172.931729987896));
#8542=CARTESIAN_POINT('Origin',(1.29999961214407,308.000003054738,172.931729987896));
#8543=CARTESIAN_POINT('',(-0.300000387855939,308.000003054738,146.931729987896));
#8544=CARTESIAN_POINT('Origin',(1.99999961214407,339.068879210783,146.931729987896));
#8545=CARTESIAN_POINT('',(0.399999612144061,339.068879210783,172.931729987896));
#8546=CARTESIAN_POINT('Origin',(1.99999961214407,339.068879210783,172.931729987896));
#8547=CARTESIAN_POINT('',(0.399999612144061,339.068879210783,146.931729987896));
#8548=CARTESIAN_POINT('Origin',(-33.9941325293307,306.719709095414,172.931729987896));
#8549=CARTESIAN_POINT('',(88.2106777307989,257.071070866604,172.931729987896));
#8550=CARTESIAN_POINT('',(98.2106777307988,267.071070866604,172.931729987896));
#8551=CARTESIAN_POINT('',(72.5716347229694,241.432027858774,172.931729987896));
#8552=CARTESIAN_POINT('',(31.1051799848328,314.17656861257,172.931729987896));
#8553=CARTESIAN_POINT('',(-2.50000038785593,205.000003054738,172.931729987896));
#8554=CARTESIAN_POINT('',(38.265229295998,215.3685034497,172.931729987896));
#8555=CARTESIAN_POINT('',(-2.50000038785587,310.500003054738,172.931729987896));
#8556=CARTESIAN_POINT('',(-2.50000038785638,410.818879210784,172.931729987896));
#8557=CARTESIAN_POINT('',(3.49999961214407,316.500003054738,172.931729987896));
#8558=CARTESIAN_POINT('',(-9.06860691305551,303.931396529539,172.931729987896));
#8559=CARTESIAN_POINT('',(3.49999961214407,330.500003054738,172.931729987896));
#8560=CARTESIAN_POINT('',(3.49999961214407,310.109856075076,172.931729987896));
#8561=CARTESIAN_POINT('',(-2.500000387856,336.500003054738,172.931729987896));
#8562=CARTESIAN_POINT('',(-2.17845993339378,336.178462600276,172.931729987896));
#8563=CARTESIAN_POINT('',(-2.50000038785654,442.068879210784,172.931729987896));
#8564=CARTESIAN_POINT('',(-2.50000038785638,410.818879210784,172.931729987896));
#8565=CARTESIAN_POINT('',(12.3553267193001,438.290476239125,172.931729987896));
#8566=CARTESIAN_POINT('',(98.2106777307985,379.997811398919,172.931729987896));
#8567=CARTESIAN_POINT('',(80.9790007416425,397.229488388075,172.931729987896));
#8568=CARTESIAN_POINT('',(98.2106777307987,328.534441132761,172.931729987896));
#8569=CARTESIAN_POINT('',(84.5999996121441,311.017890710305,172.931729987896));
#8570=CARTESIAN_POINT('Origin',(82.9999996121441,311.017890710305,172.931729987896));
#8571=CARTESIAN_POINT('',(84.5999996121441,336.017890710305,172.931729987896));
#8572=CARTESIAN_POINT('Origin',(82.9999996121441,336.017890710305,172.931729987896));
#8573=CARTESIAN_POINT('',(28.9999996121441,318.017890710305,172.931729987896));
#8574=CARTESIAN_POINT('',(28.9999996121441,329.017890710305,172.931729987896));
#8575=CARTESIAN_POINT('',(28.9999996121441,317.86879990286,172.931729987896));
#8576=CARTESIAN_POINT('',(25.9999996121441,332.017890710305,172.931729987896));
#8577=CARTESIAN_POINT('Origin',(25.9999996121441,329.017890710305,172.931729987896));
#8578=CARTESIAN_POINT('',(14.9999996121441,332.017890710305,172.931729987896));
#8579=CARTESIAN_POINT('',(-9.49706645859329,332.017890710305,172.931729987896));
#8580=CARTESIAN_POINT('',(11.9999996121441,329.017890710305,172.931729987896));
#8581=CARTESIAN_POINT('Origin',(14.9999996121441,329.017890710305,172.931729987896));
#8582=CARTESIAN_POINT('',(11.9999996121441,318.017890710305,172.931729987896));
#8583=CARTESIAN_POINT('',(11.9999996121441,312.36879990286,172.931729987896));
#8584=CARTESIAN_POINT('',(14.9999996121441,315.017890710305,172.931729987896));
#8585=CARTESIAN_POINT('Origin',(14.9999996121441,318.017890710305,172.931729987896));
#8586=CARTESIAN_POINT('',(25.9999996121441,315.017890710305,172.931729987896));
#8587=CARTESIAN_POINT('',(-3.99706645859329,315.017890710305,172.931729987896));
#8588=CARTESIAN_POINT('Origin',(25.9999996121441,318.017890710305,172.931729987896));
#8589=CARTESIAN_POINT('',(34.5999996121441,286.017890710305,172.931729987896));
#8590=CARTESIAN_POINT('Origin',(32.9999996121441,286.017890710305,172.931729987896));
#8591=CARTESIAN_POINT('',(34.5999996121441,311.017890710305,172.931729987896));
#8592=CARTESIAN_POINT('Origin',(32.9999996121441,311.017890710305,172.931729987896));
#8593=CARTESIAN_POINT('',(59.5999996121441,311.017890710305,172.931729987896));
#8594=CARTESIAN_POINT('Origin',(57.9999996121441,311.017890710305,172.931729987896));
#8595=CARTESIAN_POINT('',(9.59999961214408,311.017890710305,172.931729987896));
#8596=CARTESIAN_POINT('Origin',(7.99999961214407,311.017890710305,172.931729987896));
#8597=CARTESIAN_POINT('',(34.5999996121441,361.017890710305,172.931729987896));
#8598=CARTESIAN_POINT('Origin',(32.9999996121441,361.017890710305,172.931729987896));
#8599=CARTESIAN_POINT('',(34.5999996121441,336.017890710305,172.931729987896));
#8600=CARTESIAN_POINT('Origin',(32.9999996121441,336.017890710305,172.931729987896));
#8601=CARTESIAN_POINT('',(59.5999996121441,336.017890710305,172.931729987896));
#8602=CARTESIAN_POINT('Origin',(57.9999996121441,336.017890710305,172.931729987896));
#8603=CARTESIAN_POINT('',(9.59999961214408,336.017890710305,172.931729987896));
#8604=CARTESIAN_POINT('Origin',(7.99999961214407,336.017890710305,172.931729987896));
#8605=CARTESIAN_POINT('Origin',(-2.50000038785593,397.068879210783,173.750002592802));
#8606=CARTESIAN_POINT('',(-1.90000038785593,397.068879210783,174.050002592802));
#8607=CARTESIAN_POINT('',(-1.90000038785593,397.068879210783,173.450002592802));
#8608=CARTESIAN_POINT('',(-1.90000038785593,397.068879210783,174.000002592802));
#8609=CARTESIAN_POINT('',(-2.50000038785593,397.068879210783,174.050002592802));
#8610=CARTESIAN_POINT('',(-2.50000038785593,397.068879210783,174.050002592802));
#8611=CARTESIAN_POINT('',(-2.50000038785593,397.068879210783,173.450002592802));
#8612=CARTESIAN_POINT('',(-2.50000038785593,397.068879210783,154.465866290349));
#8613=CARTESIAN_POINT('',(-2.50000038785593,397.068879210783,173.450002592802));
#8614=CARTESIAN_POINT('Origin',(-1.90000038785593,245.000003054738,134.931729987896));
#8615=CARTESIAN_POINT('',(-1.90000038785593,310.251474917314,173.450002592802));
#8616=CARTESIAN_POINT('',(-1.90000038785593,310.251474917314,174.050002592802));
#8617=CARTESIAN_POINT('',(-1.90000038785593,310.251474917314,174.000002592802));
#8618=CARTESIAN_POINT('',(-1.900000387856,249.970566473767,173.450002592802));
#8619=CARTESIAN_POINT('',(-1.900000387856,254.970566473767,173.450002592802));
#8620=CARTESIAN_POINT('',(-1.900000387856,249.970566473767,174.050002592802));
#8621=CARTESIAN_POINT('',(-1.900000387856,249.970566473767,173.500002592802));
#8622=CARTESIAN_POINT('',(-1.900000387856,254.970566473767,174.050002592802));
#8623=CARTESIAN_POINT('Origin',(-0.575736319144007,335.42426712345,153.931729987896));
#8624=CARTESIAN_POINT('',(-1.90000038785593,336.748531192162,174.050002592802));
#8625=CARTESIAN_POINT('',(-1.90000038785593,336.748531192162,173.450002592802));
#8626=CARTESIAN_POINT('',(-1.90000038785593,336.748531192162,144.431729987896));
#8627=CARTESIAN_POINT('',(4.09999961214407,330.748531192162,173.450002592802));
#8628=CARTESIAN_POINT('',(-44.904399377932,379.752930182238,173.450002592802));
#8629=CARTESIAN_POINT('',(4.09999961214407,330.748531192162,174.050002592802));
#8630=CARTESIAN_POINT('',(4.09999961214407,330.748531192162,174.000002592802));
#8631=CARTESIAN_POINT('',(59.0889997793407,275.759531024966,174.050002592802));
#8632=CARTESIAN_POINT('Origin',(-1.90000038785593,245.000003054738,134.931729987896));
#8633=CARTESIAN_POINT('',(-1.90000038785593,397.068879210783,173.450002592802));
#8634=CARTESIAN_POINT('',(-1.90000038785593,250.00000372529,174.050002592802));
#8635=CARTESIAN_POINT('Origin',(4.09999961214407,313.500003054738,172.931729987896));
#8636=CARTESIAN_POINT('',(4.09999961214407,316.251474917314,173.450002592802));
#8637=CARTESIAN_POINT('',(4.09999961214403,399.554160585022,173.450002592802));
#8638=CARTESIAN_POINT('',(4.09999961214407,316.251474917314,174.050002592802));
#8639=CARTESIAN_POINT('',(4.09999961214407,316.251474917314,163.431729987896));
#8640=CARTESIAN_POINT('',(4.09999961214403,252.485285099529,174.050002592802));
#8641=CARTESIAN_POINT('Origin',(-0.575736319144007,311.575738986026,153.931729987896));
#8642=CARTESIAN_POINT('',(62.6524216762557,374.803896981425,173.450002592802));
#8643=CARTESIAN_POINT('',(-41.3409774810169,270.810497824154,174.050002592802));
#8644=CARTESIAN_POINT('Origin',(-1.00000038785593,335.000003054738,153.931729987896));
#8645=CARTESIAN_POINT('',(3.49999961214407,330.500003054738,173.450002592802));
#8646=CARTESIAN_POINT('',(-2.50000038785593,336.500003054738,173.450002592802));
#8647=CARTESIAN_POINT('',(-9.32110990736157,343.321112574244,173.450002592802));
#8648=CARTESIAN_POINT('',(-2.50000038785593,336.500003054738,153.931729987896));
#8649=CARTESIAN_POINT('',(3.49999961214407,330.500003054738,172.931729987896));
#8650=CARTESIAN_POINT('Origin',(3.49999961214407,313.500003054738,172.931729987896));
#8651=CARTESIAN_POINT('',(3.49999961214403,316.500003054738,173.450002592802));
#8652=CARTESIAN_POINT('',(3.49999961214407,340.142222093749,173.450002592802));
#8653=CARTESIAN_POINT('',(3.49999961214407,316.500003054738,172.931729987896));
#8654=CARTESIAN_POINT('Origin',(-1.00000038785593,312.000003054738,153.931729987896));
#8655=CARTESIAN_POINT('',(-2.50000038785598,310.500003054738,173.450002592802));
#8656=CARTESIAN_POINT('',(12.3211091316497,325.321112574244,173.450002592802));
#8657=CARTESIAN_POINT('',(-2.50000038785593,310.500003054738,153.931729987896));
#8658=CARTESIAN_POINT('Origin',(-2.50000038785593,366.784441132761,173.450002592802));
#8659=CARTESIAN_POINT('',(-2.50000038785593,305.892222093749,173.450002592802));
#8660=CARTESIAN_POINT('',(-2.500000387856,249.970566473767,173.450002592802));
#8661=CARTESIAN_POINT('',(-2.50000038785593,249.985284764253,173.450002592802));
#8662=CARTESIAN_POINT('',(-2.500000387856,249.970566473767,173.450002592802));
#8663=CARTESIAN_POINT('Origin',(-2.50000038785593,366.784441132761,174.050002592802));
#8664=CARTESIAN_POINT('',(-2.500000387856,249.970566473767,174.050002592802));
#8665=CARTESIAN_POINT('',(-2.500000387856,249.970566473767,174.050002592802));
#8666=CARTESIAN_POINT('',(-2.50000038785599,310.500003054738,174.050002592802));
#8667=CARTESIAN_POINT('',(-2.50000038785593,249.985284764253,174.050002592802));
#8668=CARTESIAN_POINT('',(3.49999961214403,316.500003054738,174.050002592802));
#8669=CARTESIAN_POINT('',(12.3211091316497,325.321112574244,174.050002592802));
#8670=CARTESIAN_POINT('',(3.49999961214406,330.500003054738,174.050002592802));
#8671=CARTESIAN_POINT('',(3.49999961214407,340.142222093749,174.050002592802));
#8672=CARTESIAN_POINT('',(-2.50000038785593,336.500003054738,174.050002592802));
#8673=CARTESIAN_POINT('',(-9.32110990736157,343.321112574244,174.050002592802));
#8674=CARTESIAN_POINT('',(-2.50000038785593,305.892222093749,174.050002592802));
#8675=CARTESIAN_POINT('Origin',(7.99999961214407,336.017890710305,177.931729987896));
#8676=CARTESIAN_POINT('',(9.59999961214408,336.017890710305,177.931729987896));
#8677=CARTESIAN_POINT('Origin',(57.9999996121441,336.017890710305,177.931729987896));
#8678=CARTESIAN_POINT('',(59.5999996121441,336.017890710305,177.931729987896));
#8679=CARTESIAN_POINT('Origin',(32.9999996121441,336.017890710305,177.931729987896));
#8680=CARTESIAN_POINT('',(34.5999996121441,336.017890710305,177.931729987896));
#8681=CARTESIAN_POINT('Origin',(32.9999996121441,361.017890710305,177.931729987896));
#8682=CARTESIAN_POINT('',(34.5999996121441,361.017890710305,181.431729987896));
#8683=CARTESIAN_POINT('Origin',(32.9999996121441,361.017890710305,181.431729987896));
#8684=CARTESIAN_POINT('',(34.5999996121441,361.017890710305,177.931729987896));
#8685=CARTESIAN_POINT('Origin',(82.9999996121441,311.017890710305,177.931729987896));
#8686=CARTESIAN_POINT('',(84.5999996121441,311.017890710305,177.931729987896));
#8687=CARTESIAN_POINT('Origin',(7.99999961214407,311.017890710305,177.931729987896));
#8688=CARTESIAN_POINT('',(9.59999961214408,311.017890710305,177.931729987896));
#8689=CARTESIAN_POINT('Origin',(57.9999996121441,311.017890710305,177.931729987896));
#8690=CARTESIAN_POINT('',(59.5999996121441,311.017890710305,177.931729987896));
#8691=CARTESIAN_POINT('Origin',(32.9999996121441,311.017890710305,177.931729987896));
#8692=CARTESIAN_POINT('',(34.5999996121441,311.017890710305,177.931729987896));
#8693=CARTESIAN_POINT('Origin',(32.9999996121441,286.017890710305,177.931729987896));
#8694=CARTESIAN_POINT('',(34.5999996121441,286.017890710305,181.431729987896));
#8695=CARTESIAN_POINT('Origin',(32.9999996121441,286.017890710305,181.431729987896));
#8696=CARTESIAN_POINT('',(34.5999996121441,286.017890710305,177.931729987896));
#8697=CARTESIAN_POINT('Origin',(82.9999996121441,336.017890710305,177.931729987896));
#8698=CARTESIAN_POINT('',(84.5999996121441,336.017890710305,177.931729987896));
#8699=CARTESIAN_POINT('Origin',(-2.50000038785654,442.068879210784,112.931729987896));
#8700=CARTESIAN_POINT('',(-2.50000038785654,442.068879210784,176.931729987896));
#8701=CARTESIAN_POINT('',(-1.12332157043673,441.718725538822,176.931729987896));
#8702=CARTESIAN_POINT('',(-2.50000038785654,442.068879210784,112.931729987896));
#8703=CARTESIAN_POINT('Origin',(-2.50000038785593,245.000003054738,134.931729987896));
#8704=CARTESIAN_POINT('',(-2.50000038785593,336.500003054738,176.931729987896));
#8705=CARTESIAN_POINT('',(-2.50000038785593,275.859856075076,176.931729987896));
#8706=CARTESIAN_POINT('',(-2.50000038785593,336.500003054738,153.931729987896));
#8707=CARTESIAN_POINT('Origin',(-1.00000038785593,335.000003054738,153.931729987896));
#8708=CARTESIAN_POINT('',(3.49999961214407,330.500003054738,176.931729987896));
#8709=CARTESIAN_POINT('',(-2.17845993339379,336.178462600276,176.931729987896));
#8710=CARTESIAN_POINT('',(3.49999961214407,330.500003054738,172.931729987896));
#8711=CARTESIAN_POINT('Origin',(3.49999961214407,313.500003054738,172.931729987896));
#8712=CARTESIAN_POINT('',(3.49999961214407,316.500003054738,176.931729987896));
#8713=CARTESIAN_POINT('',(3.49999961214407,310.109856075076,176.931729987896));
#8714=CARTESIAN_POINT('',(3.49999961214407,316.500003054738,172.931729987896));
#8715=CARTESIAN_POINT('Origin',(-1.00000038785593,312.000003054738,153.931729987896));
#8716=CARTESIAN_POINT('',(-2.50000038785593,310.500003054738,176.931729987896));
#8717=CARTESIAN_POINT('',(-10.5686069130556,302.431396529539,176.931729987896));
#8718=CARTESIAN_POINT('',(-2.50000038785593,310.500003054738,153.931729987896));
#8719=CARTESIAN_POINT('Origin',(49.3198047655387,218.180197901343,112.931729987896));
#8720=CARTESIAN_POINT('',(-2.50000038785593,205.000003054738,176.931729987896));
#8721=CARTESIAN_POINT('',(20.7696726676382,210.91856689303,176.931729987896));
#8722=CARTESIAN_POINT('',(-2.50000038785593,205.000003054738,112.931729987896));
#8723=CARTESIAN_POINT('Origin',(-8.1392463710206,274.932142256716,177.431729987896));
#8724=CARTESIAN_POINT('',(49.3198047655387,218.180197901343,176.931729987896));
#8725=CARTESIAN_POINT('',(16.085786049771,250.000003054738,177.931729987896));
#8726=CARTESIAN_POINT('Origin',(20.6464234936555,211.403138498794,177.431729987896));
#8727=CARTESIAN_POINT('',(-2.50000038785593,205.000003054738,176.931729987896));
#8728=CARTESIAN_POINT('Origin',(-2.00000038785593,275.859856075076,177.431729987896));
#8729=CARTESIAN_POINT('',(-2.50000038785593,310.500003054738,176.931729987896));
#8730=CARTESIAN_POINT('',(-2.50000038785593,275.859856075076,176.931729987896));
#8731=CARTESIAN_POINT('Origin',(36.5829239563391,377.278848085402,177.431729987896));
#8732=CARTESIAN_POINT('',(16.0857860497706,397.068879210784,177.931729987896));
#8733=CARTESIAN_POINT('',(56.3908725774039,356.763792683151,177.931729987896));
#8734=CARTESIAN_POINT('Origin',(-16.546612389694,363.729373990132,177.431729987896));
#8735=CARTESIAN_POINT('',(47.3697435364596,428.352836697473,177.931729987896));
#8736=CARTESIAN_POINT('Origin',(-1.8249065428005,336.532015990869,177.431729987896));
#8737=CARTESIAN_POINT('',(-2.50000038785593,336.500003054738,176.931729987896));
#8738=CARTESIAN_POINT('',(4.49999961214405,330.914216617111,177.931729987896));
#8739=CARTESIAN_POINT('Origin',(-2.00000038785593,275.859856075076,177.431729987896));
#8740=CARTESIAN_POINT('',(-2.50000038785654,442.068879210784,176.931729987896));
#8741=CARTESIAN_POINT('Origin',(-1.24657074441943,441.234153933058,177.431729987896));
#8742=CARTESIAN_POINT('Origin',(3.99999961214407,310.109856075076,177.431729987896));
#8743=CARTESIAN_POINT('',(4.49999961214407,316.085789492365,177.931729987896));
#8744=CARTESIAN_POINT('Origin',(-10.2150535224624,302.077843138945,177.431729987896));
#8745=CARTESIAN_POINT('Origin',(28.1755579376663,261.382668161447,177.431729987896));
#8746=CARTESIAN_POINT('',(56.3908725774042,290.305089582371,177.931729987896));
#8747=CARTESIAN_POINT('Origin',(32.9999996121441,286.017890710305,181.431729987896));
#8748=CARTESIAN_POINT('',(27.9999996121441,281.017890710305,181.431729987896));
#8749=CARTESIAN_POINT('',(37.9999996121441,281.017890710305,181.431729987896));
#8750=CARTESIAN_POINT('',(37.9999996121441,281.017890710305,181.431729987896));
#8751=CARTESIAN_POINT('',(37.9999996121441,291.017890710305,181.431729987896));
#8752=CARTESIAN_POINT('',(37.9999996121441,291.017890710305,181.431729987896));
#8753=CARTESIAN_POINT('',(27.9999996121441,291.017890710305,181.431729987896));
#8754=CARTESIAN_POINT('',(27.9999996121441,291.017890710305,181.431729987896));
#8755=CARTESIAN_POINT('',(27.9999996121441,281.017890710305,181.431729987896));
#8756=CARTESIAN_POINT('Origin',(32.9999996121441,361.017890710305,181.431729987896));
#8757=CARTESIAN_POINT('',(27.9999996121441,356.017890710305,181.431729987896));
#8758=CARTESIAN_POINT('',(37.9999996121441,356.017890710305,181.431729987896));
#8759=CARTESIAN_POINT('',(37.9999996121441,356.017890710305,181.431729987896));
#8760=CARTESIAN_POINT('',(37.9999996121441,366.017890710305,181.431729987896));
#8761=CARTESIAN_POINT('',(37.9999996121441,366.017890710305,181.431729987896));
#8762=CARTESIAN_POINT('',(27.9999996121441,366.017890710305,181.431729987896));
#8763=CARTESIAN_POINT('',(27.9999996121441,366.017890710305,181.431729987896));
#8764=CARTESIAN_POINT('',(27.9999996121441,356.017890710305,181.431729987896));
#8765=CARTESIAN_POINT('Origin',(-2.99706645859329,279.267890710305,179.681729987896));
#8766=CARTESIAN_POINT('',(37.9999996121441,281.017890710305,181.431729987896));
#8767=CARTESIAN_POINT('',(24.4999996121441,277.517890710305,177.931729987896));
#8768=CARTESIAN_POINT('Origin',(39.7499996121441,293.86879990286,179.681729987896));
#8769=CARTESIAN_POINT('',(37.9999996121441,291.017890710305,181.431729987896));
#8770=CARTESIAN_POINT('Origin',(2.00293354140671,292.767890710305,179.681729987896));
#8771=CARTESIAN_POINT('',(27.9999996121441,291.017890710305,181.431729987896));
#8772=CARTESIAN_POINT('Origin',(26.2499996121441,298.86879990286,179.681729987896));
#8773=CARTESIAN_POINT('Origin',(2.00293354140671,367.767890710305,179.681729987896));
#8774=CARTESIAN_POINT('',(27.9999996121441,366.017890710305,181.431729987896));
#8775=CARTESIAN_POINT('',(37.9999996121441,366.017890710305,181.431729987896));
#8776=CARTESIAN_POINT('Origin',(-2.99706645859329,354.267890710305,179.681729987896));
#8777=CARTESIAN_POINT('',(37.9999996121441,356.017890710305,181.431729987896));
#8778=CARTESIAN_POINT('',(24.4999996121441,352.517890710305,177.931729987896));
#8779=CARTESIAN_POINT('Origin',(39.7499996121441,331.36879990286,179.681729987896));
#8780=CARTESIAN_POINT('Origin',(26.2499996121441,336.36879990286,179.681729987896));
#8781=CARTESIAN_POINT('Origin',(-2.50000038785593,245.000003054738,134.931729987896));
#8782=CARTESIAN_POINT('',(-2.50000038785593,249.970566473767,154.340866290349));
#8783=CARTESIAN_POINT('Origin',(-2.500000387856,249.970566473767,173.750002592802));
#8784=CARTESIAN_POINT('Origin',(14.9999996121441,332.017890710305,177.931729987896));
#8785=CARTESIAN_POINT('',(14.9999996121441,332.017890710305,176.931729987896));
#8786=CARTESIAN_POINT('',(25.9999996121441,332.017890710305,176.931729987896));
#8787=CARTESIAN_POINT('',(-9.49706645859329,332.017890710305,176.931729987896));
#8788=CARTESIAN_POINT('',(14.9999996121441,332.017890710305,177.931729987896));
#8789=CARTESIAN_POINT('',(25.9999996121441,332.017890710305,177.931729987896));
#8790=CARTESIAN_POINT('Origin',(25.9999996121441,329.017890710305,177.931729987896));
#8791=CARTESIAN_POINT('',(28.9999996121441,329.017890710305,176.931729987896));
#8792=CARTESIAN_POINT('Origin',(25.9999996121441,329.017890710305,176.931729987896));
#8793=CARTESIAN_POINT('',(28.9999996121441,329.017890710305,177.931729987896));
#8794=CARTESIAN_POINT('Origin',(28.9999996121441,329.017890710305,177.931729987896));
#8795=CARTESIAN_POINT('',(28.9999996121441,318.017890710305,176.931729987896));
#8796=CARTESIAN_POINT('',(28.9999996121441,317.86879990286,176.931729987896));
#8797=CARTESIAN_POINT('',(28.9999996121441,318.017890710305,177.931729987896));
#8798=CARTESIAN_POINT('Origin',(25.9999996121441,318.017890710305,177.931729987896));
#8799=CARTESIAN_POINT('',(25.9999996121441,315.017890710305,176.931729987896));
#8800=CARTESIAN_POINT('Origin',(25.9999996121441,318.017890710305,176.931729987896));
#8801=CARTESIAN_POINT('',(25.9999996121441,315.017890710305,177.931729987896));
#8802=CARTESIAN_POINT('Origin',(-33.9941325293307,306.719709095414,177.931729987896));
#8803=CARTESIAN_POINT('Origin',(25.9999996121441,315.017890710305,177.931729987896));
#8804=CARTESIAN_POINT('',(14.9999996121441,315.017890710305,176.931729987896));
#8805=CARTESIAN_POINT('',(-3.99706645859329,315.017890710305,176.931729987896));
#8806=CARTESIAN_POINT('',(14.9999996121441,315.017890710305,177.931729987896));
#8807=CARTESIAN_POINT('Origin',(14.9999996121441,318.017890710305,177.931729987896));
#8808=CARTESIAN_POINT('',(11.9999996121441,318.017890710305,176.931729987896));
#8809=CARTESIAN_POINT('Origin',(14.9999996121441,318.017890710305,176.931729987896));
#8810=CARTESIAN_POINT('',(11.9999996121441,318.017890710305,177.931729987896));
#8811=CARTESIAN_POINT('Origin',(11.9999996121441,318.017890710305,177.931729987896));
#8812=CARTESIAN_POINT('',(11.9999996121441,329.017890710305,176.931729987896));
#8813=CARTESIAN_POINT('',(11.9999996121441,312.36879990286,176.931729987896));
#8814=CARTESIAN_POINT('',(11.9999996121441,329.017890710305,177.931729987896));
#8815=CARTESIAN_POINT('Origin',(14.9999996121441,329.017890710305,177.931729987896));
#8816=CARTESIAN_POINT('Origin',(14.9999996121441,329.017890710305,176.931729987896));
#8817=CARTESIAN_POINT('Origin',(25.9999996121441,318.017890710305,176.931729987896));
#8818=CARTESIAN_POINT('Origin',(25.9999996121441,314.017890710305,176.931729987896));
#8819=CARTESIAN_POINT('Origin',(29.9999996121441,318.017890710305,176.931729987896));
#8820=CARTESIAN_POINT('Origin',(29.9999996121441,317.86879990286,176.931729987896));
#8821=CARTESIAN_POINT('Origin',(29.9999996121441,329.017890710305,176.931729987896));
#8822=CARTESIAN_POINT('Origin',(25.9999996121441,329.017890710305,176.931729987896));
#8823=CARTESIAN_POINT('Origin',(25.9999996121441,333.017890710305,176.931729987896));
#8824=CARTESIAN_POINT('Origin',(-9.49706645859329,333.017890710305,176.931729987896));
#8825=CARTESIAN_POINT('Origin',(14.9999996121441,333.017890710305,176.931729987896));
#8826=CARTESIAN_POINT('Origin',(14.9999996121441,329.017890710305,176.931729987896));
#8827=CARTESIAN_POINT('Origin',(10.9999996121441,329.017890710305,176.931729987896));
#8828=CARTESIAN_POINT('Origin',(10.9999996121441,312.36879990286,176.931729987896));
#8829=CARTESIAN_POINT('Origin',(10.9999996121441,318.017890710305,176.931729987896));
#8830=CARTESIAN_POINT('Origin',(14.9999996121441,318.017890710305,176.931729987896));
#8831=CARTESIAN_POINT('Origin',(14.9999996121441,314.017890710305,176.931729987896));
#8832=CARTESIAN_POINT('Origin',(-3.99706645859329,314.017890710305,176.931729987896));
#8833=CARTESIAN_POINT('Origin',(23.0513673567529,324.131394243686,177.431729987896));
#8834=CARTESIAN_POINT('',(66.4246795048252,353.578710586035,187.2788960569));
#8835=CARTESIAN_POINT('Origin',(31.4587333754261,314.530122003163,177.431729987896));
#8836=CARTESIAN_POINT('',(83.4966325228886,261.785116074514,176.931729987896));
#8837=CARTESIAN_POINT('',(69.6665028425348,287.469642623742,185.314054400754));
#8838=CARTESIAN_POINT('',(31.1051799848328,314.17656861257,176.931729987896));
#8839=CARTESIAN_POINT('Origin',(59.926406483337,285.355342114065,134.931729987896));
#8840=CARTESIAN_POINT('',(88.2106777307989,257.071070866604,174.931729987896));
#8841=CARTESIAN_POINT('',(77.3608053313999,267.920943266002,179.534940997071));
#8842=CARTESIAN_POINT('',(88.2106777307989,257.071070866604,112.931729987896));
#8843=CARTESIAN_POINT('Origin',(93.2106777307988,262.071070866604,144.931729987896));
#8844=CARTESIAN_POINT('',(98.2106777307988,267.071070866604,174.931729987896));
#8845=CARTESIAN_POINT('',(72.5716347229694,241.432027858774,174.931729987896));
#8846=CARTESIAN_POINT('',(98.2106777307988,267.071070866604,144.931729987896));
#8847=CARTESIAN_POINT('Origin',(98.2106777307984,389.997811398919,112.931729987896));
#8848=CARTESIAN_POINT('',(98.2106777307984,379.997811398919,174.931729987896));
#8849=CARTESIAN_POINT('',(98.2106777307985,348.358760247167,174.931729987896));
#8850=CARTESIAN_POINT('',(98.2106777307984,379.997811398919,127.931729987896));
#8851=CARTESIAN_POINT('Origin',(93.2106777307985,384.997811398919,142.931729987896));
#8852=CARTESIAN_POINT('',(80.9790007416426,397.229488388075,174.931729987896));
#8853=CARTESIAN_POINT('Origin',(69.0361008170367,244.967561764707,176.431729987896));
#8854=CARTESIAN_POINT('',(88.2106777307988,271.213206490334,177.931729987896));
#8855=CARTESIAN_POINT('Origin',(93.2106777307985,348.358760247167,176.431729987896));
#8856=CARTESIAN_POINT('',(88.2106777307985,375.855675775188,177.931729987896));
#8857=CARTESIAN_POINT('Origin',(77.4434668357098,393.693954482142,176.431729987896));
#8858=UNCERTAINTY_MEASURE_WITH_UNIT(LENGTH_MEASURE(0.01),#8862,
'DISTANCE_ACCURACY_VALUE',
'Maximum model space distance between geometric entities at asserted c
onnectivities');
#8859=UNCERTAINTY_MEASURE_WITH_UNIT(LENGTH_MEASURE(0.01),#8862,
'DISTANCE_ACCURACY_VALUE',
'Maximum model space distance between geometric entities at asserted c
onnectivities');
#8860=(
GEOMETRIC_REPRESENTATION_CONTEXT(3)
GLOBAL_UNCERTAINTY_ASSIGNED_CONTEXT((#8858))
GLOBAL_UNIT_ASSIGNED_CONTEXT((#8862,#8864,#8865))
REPRESENTATION_CONTEXT('','3D')
);
#8861=(
GEOMETRIC_REPRESENTATION_CONTEXT(3)
GLOBAL_UNCERTAINTY_ASSIGNED_CONTEXT((#8859))
GLOBAL_UNIT_ASSIGNED_CONTEXT((#8862,#8864,#8865))
REPRESENTATION_CONTEXT('','3D')
);
#8862=(
LENGTH_UNIT()
NAMED_UNIT(*)
SI_UNIT(.MILLI.,.METRE.)
);
#8863=(
LENGTH_UNIT()
NAMED_UNIT(*)
SI_UNIT($,.METRE.)
);
#8864=(
NAMED_UNIT(*)
PLANE_ANGLE_UNIT()
SI_UNIT($,.RADIAN.)
);
#8865=(
NAMED_UNIT(*)
SI_UNIT($,.STERADIAN.)
SOLID_ANGLE_UNIT()
);
#8866=SHAPE_DEFINITION_REPRESENTATION(#8867,#8868);
#8867=PRODUCT_DEFINITION_SHAPE('',$,#8870);
#8868=SHAPE_REPRESENTATION('',(#4852),#8860);
#8869=PRODUCT_DEFINITION_CONTEXT('part definition',#8874,'design');
#8870=PRODUCT_DEFINITION('front cover','front cover',#8871,#8869);
#8871=PRODUCT_DEFINITION_FORMATION('',$,#8876);
#8872=PRODUCT_RELATED_PRODUCT_CATEGORY('front cover','front cover',(#8876));
#8873=APPLICATION_PROTOCOL_DEFINITION('international standard',
'automotive_design',2009,#8874);
#8874=APPLICATION_CONTEXT(
'Core Data for Automotive Mechanical Design Process');
#8875=PRODUCT_CONTEXT('part definition',#8874,'mechanical');
#8876=PRODUCT('front cover','front cover',$,(#8875));
#8877=PRESENTATION_STYLE_ASSIGNMENT((#8879));
#8878=PRESENTATION_STYLE_ASSIGNMENT((#8880));
#8879=SURFACE_STYLE_USAGE(.BOTH.,#8881);
#8880=SURFACE_STYLE_USAGE(.BOTH.,#8882);
#8881=SURFACE_SIDE_STYLE('',(#8883));
#8882=SURFACE_SIDE_STYLE('',(#8884));
#8883=SURFACE_STYLE_FILL_AREA(#8885);
#8884=SURFACE_STYLE_FILL_AREA(#8886);
#8885=FILL_AREA_STYLE('Steel - Satin',(#8887));
#8886=FILL_AREA_STYLE('ABS (White)',(#8888));
#8887=FILL_AREA_STYLE_COLOUR('Steel - Satin',#8889);
#8888=FILL_AREA_STYLE_COLOUR('ABS (White)',#8890);
#8889=COLOUR_RGB('Steel - Satin',0.627450980392157,0.627450980392157,0.627450980392157);
#8890=COLOUR_RGB('ABS (White)',0.964705882352941,0.964705882352941,0.952941176470588);
ENDSEC;
END-ISO-10303-21;
