ISO-10303-21;
HEADER;
/* Generated by software containing ST-Developer
 * from STEP Tools, Inc. (www.steptools.com) 
 */

FILE_DESCRIPTION(
/* description */ (''),
/* implementation_level */ '2;1');

FILE_NAME(
/* name */ 'Conector_.step',
/* time_stamp */ '2025-09-22T17:45:27+02:00',
/* author */ (''),
/* organization */ (''),
/* preprocessor_version */ 'ST-DEVELOPER v20.1',
/* originating_system */ 'Autodesk Translation Framework v14.17.0.0',
/* authorisation */ '');

FILE_SCHEMA (('AUTOMOTIVE_DESIGN { 1 0 10303 214 3 1 1 }'));
ENDSEC;

DATA;
#10=MECHANICAL_DESIGN_GEOMETRIC_PRESENTATION_REPRESENTATION('',(#17),#3945);
#11=ITEM_DEFINED_TRANSFORMATION($,$,#2378,#2552);
#12=(
REPRESENTATION_RELATIONSHIP($,$,#3956,#3955)
REPRESENTATION_RELATIONSHIP_WITH_TRANSFORMATION(#11)
SHAPE_REPRESENTATION_RELATIONSHIP()
);
#13=CONTEXT_DEPENDENT_SHAPE_REPRESENTATION(#12,#3954);
#14=NEXT_ASSEMBLY_USAGE_OCCURRENCE('Conector :1','Conector :1',
'Conector :1',#3958,#3959,'Conector :1');
#15=SHAPE_REPRESENTATION_RELATIONSHIP('SRR','None',#3956,#16);
#16=ADVANCED_BREP_SHAPE_REPRESENTATION('',(#18),#3944);
#17=STYLED_ITEM('',(#3970),#18);
#18=MANIFOLD_SOLID_BREP('Body1',#2364);
#19=CONICAL_SURFACE('',#2551,1.75,0.785398163397439);
#20=ELLIPSE('',#2472,2.82842712474618,2.);
#21=ELLIPSE('',#2475,2.82842712474618,2.);
#22=ELLIPSE('',#2480,2.82842712474618,2.);
#23=ELLIPSE('',#2482,2.82842712474618,2.);
#24=B_SPLINE_SURFACE_WITH_KNOTS('',3,3,((#3441,#3442,#3443,#3444),(#3445,
#3446,#3447,#3448),(#3449,#3450,#3451,#3452),(#3453,#3454,#3455,#3456)),
 .UNSPECIFIED.,.F.,.F.,.F.,(4,4),(4,4),(0.,1.),(1.12704421908299,1.1520442190728),
 .UNSPECIFIED.);
#25=B_SPLINE_SURFACE_WITH_KNOTS('',3,3,((#3505,#3506,#3507,#3508),(#3509,
#3510,#3511,#3512),(#3513,#3514,#3515,#3516),(#3517,#3518,#3519,#3520)),
 .UNSPECIFIED.,.F.,.F.,.F.,(4,4),(4,4),(0.,1.),(-1.0307764069635,-1.00577640640442),
 .UNSPECIFIED.);
#26=B_SPLINE_SURFACE_WITH_KNOTS('',3,3,((#3552,#3553,#3554,#3555),(#3556,
#3557,#3558,#3559),(#3560,#3561,#3562,#3563),(#3564,#3565,#3566,#3567)),
 .UNSPECIFIED.,.F.,.F.,.F.,(4,4),(4,4),(0.,1.),(1.12704421908299,1.15204427037426),
 .UNSPECIFIED.);
#27=B_SPLINE_SURFACE_WITH_KNOTS('',3,3,((#3597,#3598,#3599,#3600),(#3601,
#3602,#3603,#3604),(#3605,#3606,#3607,#3608),(#3609,#3610,#3611,#3612)),
 .UNSPECIFIED.,.F.,.F.,.F.,(4,4),(4,4),(0.,1.),(-1.03077645846848,-1.00577640640441),
 .UNSPECIFIED.);
#28=B_SPLINE_CURVE_WITH_KNOTS('',3,(#3422,#3423,#3424,#3425,#3426,#3427,
#3428),.UNSPECIFIED.,.F.,.F.,(4,3,4),(-0.141956155057592,-0.0709751896640459,
0.),.UNSPECIFIED.);
#29=B_SPLINE_CURVE_WITH_KNOTS('',3,(#3457,#3458,#3459,#3460),
 .UNSPECIFIED.,.F.,.F.,(4,4),(-1.1520442190728,-1.12704421908299),
 .UNSPECIFIED.);
#30=B_SPLINE_CURVE_WITH_KNOTS('',3,(#3461,#3462,#3463,#3464),
 .UNSPECIFIED.,.F.,.F.,(4,4),(1.12704421908299,1.13973365652122),
 .UNSPECIFIED.);
#31=B_SPLINE_CURVE_WITH_KNOTS('',3,(#3472,#3473,#3474,#3475),
 .UNSPECIFIED.,.F.,.F.,(4,4),(1.00577640640442,1.03077640633822),
 .UNSPECIFIED.);
#32=B_SPLINE_CURVE_WITH_KNOTS('',3,(#3492,#3493,#3494,#3495,#3496,#3497,
#3498),.UNSPECIFIED.,.F.,.F.,(4,3,4),(-0.141956154919646,-0.0709736568423626,
0.),.UNSPECIFIED.);
#33=B_SPLINE_CURVE_WITH_KNOTS('',3,(#3521,#3522,#3523,#3524),
 .UNSPECIFIED.,.F.,.F.,(4,4),(-1.01846584254414,-1.00577640640442),
 .UNSPECIFIED.);
#34=B_SPLINE_CURVE_WITH_KNOTS('',3,(#3535,#3536,#3537,#3538,#3539,#3540,
#3541),.UNSPECIFIED.,.F.,.F.,(4,3,4),(-0.141956150827259,-0.0709751896642007,
0.),.UNSPECIFIED.);
#35=B_SPLINE_CURVE_WITH_KNOTS('',3,(#3568,#3569,#3570,#3571),
 .UNSPECIFIED.,.F.,.F.,(4,4),(-1.15204422212163,-1.12704421908299),
 .UNSPECIFIED.);
#36=B_SPLINE_CURVE_WITH_KNOTS('',3,(#3572,#3573,#3574,#3575),
 .UNSPECIFIED.,.F.,.F.,(4,4),(1.12704421908299,1.13973370835127),
 .UNSPECIFIED.);
#37=B_SPLINE_CURVE_WITH_KNOTS('',3,(#3614,#3615,#3616,#3617),
 .UNSPECIFIED.,.F.,.F.,(4,4),(-1.01846589437417,-1.00577640640441),
 .UNSPECIFIED.);
#38=B_SPLINE_CURVE_WITH_KNOTS('',3,(#3619,#3620,#3621,#3622),
 .UNSPECIFIED.,.F.,.F.,(4,4),(1.00577640640441,1.03077640938704),
 .UNSPECIFIED.);
#39=B_SPLINE_CURVE_WITH_KNOTS('',3,(#3623,#3624,#3625,#3626,#3627,#3628,
#3629),.UNSPECIFIED.,.F.,.F.,(4,3,4),(0.,0.0709736526434779,0.141956151171651),
 .UNSPECIFIED.);
#40=FACE_BOUND('',#306,.T.);
#41=FACE_BOUND('',#313,.T.);
#42=FACE_BOUND('',#314,.T.);
#43=FACE_BOUND('',#316,.T.);
#44=FACE_BOUND('',#317,.T.);
#45=FACE_BOUND('',#318,.T.);
#46=FACE_BOUND('',#319,.T.);
#47=FACE_BOUND('',#320,.T.);
#48=FACE_BOUND('',#321,.T.);
#49=FACE_BOUND('',#322,.T.);
#50=FACE_BOUND('',#334,.T.);
#51=FACE_BOUND('',#335,.T.);
#52=FACE_BOUND('',#340,.T.);
#53=FACE_BOUND('',#341,.T.);
#54=FACE_BOUND('',#346,.T.);
#55=FACE_BOUND('',#347,.T.);
#56=FACE_BOUND('',#364,.T.);
#57=FACE_BOUND('',#365,.T.);
#58=FACE_BOUND('',#387,.T.);
#59=FACE_BOUND('',#388,.T.);
#60=FACE_BOUND('',#390,.T.);
#61=FACE_BOUND('',#391,.T.);
#62=FACE_BOUND('',#393,.T.);
#63=FACE_BOUND('',#394,.T.);
#64=FACE_BOUND('',#396,.T.);
#65=FACE_BOUND('',#397,.T.);
#66=FACE_BOUND('',#430,.T.);
#67=FACE_BOUND('',#454,.T.);
#68=PLANE('',#2382);
#69=PLANE('',#2384);
#70=PLANE('',#2385);
#71=PLANE('',#2386);
#72=PLANE('',#2387);
#73=PLANE('',#2388);
#74=PLANE('',#2389);
#75=PLANE('',#2392);
#76=PLANE('',#2400);
#77=PLANE('',#2401);
#78=PLANE('',#2402);
#79=PLANE('',#2403);
#80=PLANE('',#2404);
#81=PLANE('',#2405);
#82=PLANE('',#2406);
#83=PLANE('',#2407);
#84=PLANE('',#2408);
#85=PLANE('',#2409);
#86=PLANE('',#2410);
#87=PLANE('',#2413);
#88=PLANE('',#2414);
#89=PLANE('',#2415);
#90=PLANE('',#2416);
#91=PLANE('',#2419);
#92=PLANE('',#2420);
#93=PLANE('',#2421);
#94=PLANE('',#2422);
#95=PLANE('',#2425);
#96=PLANE('',#2426);
#97=PLANE('',#2427);
#98=PLANE('',#2428);
#99=PLANE('',#2429);
#100=PLANE('',#2430);
#101=PLANE('',#2431);
#102=PLANE('',#2432);
#103=PLANE('',#2433);
#104=PLANE('',#2434);
#105=PLANE('',#2435);
#106=PLANE('',#2436);
#107=PLANE('',#2437);
#108=PLANE('',#2440);
#109=PLANE('',#2441);
#110=PLANE('',#2442);
#111=PLANE('',#2443);
#112=PLANE('',#2444);
#113=PLANE('',#2445);
#114=PLANE('',#2446);
#115=PLANE('',#2447);
#116=PLANE('',#2448);
#117=PLANE('',#2449);
#118=PLANE('',#2450);
#119=PLANE('',#2451);
#120=PLANE('',#2452);
#121=PLANE('',#2453);
#122=PLANE('',#2454);
#123=PLANE('',#2455);
#124=PLANE('',#2456);
#125=PLANE('',#2457);
#126=PLANE('',#2458);
#127=PLANE('',#2459);
#128=PLANE('',#2462);
#129=PLANE('',#2465);
#130=PLANE('',#2468);
#131=PLANE('',#2483);
#132=PLANE('',#2506);
#133=PLANE('',#2507);
#134=PLANE('',#2508);
#135=PLANE('',#2509);
#136=PLANE('',#2510);
#137=PLANE('',#2511);
#138=PLANE('',#2512);
#139=PLANE('',#2513);
#140=PLANE('',#2514);
#141=PLANE('',#2515);
#142=PLANE('',#2516);
#143=PLANE('',#2517);
#144=PLANE('',#2518);
#145=PLANE('',#2519);
#146=PLANE('',#2520);
#147=PLANE('',#2521);
#148=PLANE('',#2522);
#149=PLANE('',#2523);
#150=PLANE('',#2524);
#151=PLANE('',#2525);
#152=PLANE('',#2526);
#153=PLANE('',#2527);
#154=PLANE('',#2528);
#155=PLANE('',#2529);
#156=PLANE('',#2530);
#157=PLANE('',#2531);
#158=PLANE('',#2532);
#159=PLANE('',#2533);
#160=PLANE('',#2534);
#161=PLANE('',#2535);
#162=PLANE('',#2536);
#163=PLANE('',#2537);
#164=PLANE('',#2538);
#165=PLANE('',#2539);
#166=PLANE('',#2540);
#167=PLANE('',#2541);
#168=PLANE('',#2542);
#169=PLANE('',#2543);
#170=PLANE('',#2544);
#171=PLANE('',#2545);
#172=PLANE('',#2546);
#173=PLANE('',#2547);
#174=FACE_OUTER_BOUND('',#304,.T.);
#175=FACE_OUTER_BOUND('',#305,.T.);
#176=FACE_OUTER_BOUND('',#307,.T.);
#177=FACE_OUTER_BOUND('',#308,.T.);
#178=FACE_OUTER_BOUND('',#309,.T.);
#179=FACE_OUTER_BOUND('',#310,.T.);
#180=FACE_OUTER_BOUND('',#311,.T.);
#181=FACE_OUTER_BOUND('',#312,.T.);
#182=FACE_OUTER_BOUND('',#315,.T.);
#183=FACE_OUTER_BOUND('',#323,.T.);
#184=FACE_OUTER_BOUND('',#324,.T.);
#185=FACE_OUTER_BOUND('',#325,.T.);
#186=FACE_OUTER_BOUND('',#326,.T.);
#187=FACE_OUTER_BOUND('',#327,.T.);
#188=FACE_OUTER_BOUND('',#328,.T.);
#189=FACE_OUTER_BOUND('',#329,.T.);
#190=FACE_OUTER_BOUND('',#330,.T.);
#191=FACE_OUTER_BOUND('',#331,.T.);
#192=FACE_OUTER_BOUND('',#332,.T.);
#193=FACE_OUTER_BOUND('',#333,.T.);
#194=FACE_OUTER_BOUND('',#336,.T.);
#195=FACE_OUTER_BOUND('',#337,.T.);
#196=FACE_OUTER_BOUND('',#338,.T.);
#197=FACE_OUTER_BOUND('',#339,.T.);
#198=FACE_OUTER_BOUND('',#342,.T.);
#199=FACE_OUTER_BOUND('',#343,.T.);
#200=FACE_OUTER_BOUND('',#344,.T.);
#201=FACE_OUTER_BOUND('',#345,.T.);
#202=FACE_OUTER_BOUND('',#348,.T.);
#203=FACE_OUTER_BOUND('',#349,.T.);
#204=FACE_OUTER_BOUND('',#350,.T.);
#205=FACE_OUTER_BOUND('',#351,.T.);
#206=FACE_OUTER_BOUND('',#352,.T.);
#207=FACE_OUTER_BOUND('',#353,.T.);
#208=FACE_OUTER_BOUND('',#354,.T.);
#209=FACE_OUTER_BOUND('',#355,.T.);
#210=FACE_OUTER_BOUND('',#356,.T.);
#211=FACE_OUTER_BOUND('',#357,.T.);
#212=FACE_OUTER_BOUND('',#358,.T.);
#213=FACE_OUTER_BOUND('',#359,.T.);
#214=FACE_OUTER_BOUND('',#360,.T.);
#215=FACE_OUTER_BOUND('',#361,.T.);
#216=FACE_OUTER_BOUND('',#362,.T.);
#217=FACE_OUTER_BOUND('',#363,.T.);
#218=FACE_OUTER_BOUND('',#366,.T.);
#219=FACE_OUTER_BOUND('',#367,.T.);
#220=FACE_OUTER_BOUND('',#368,.T.);
#221=FACE_OUTER_BOUND('',#369,.T.);
#222=FACE_OUTER_BOUND('',#370,.T.);
#223=FACE_OUTER_BOUND('',#371,.T.);
#224=FACE_OUTER_BOUND('',#372,.T.);
#225=FACE_OUTER_BOUND('',#373,.T.);
#226=FACE_OUTER_BOUND('',#374,.T.);
#227=FACE_OUTER_BOUND('',#375,.T.);
#228=FACE_OUTER_BOUND('',#376,.T.);
#229=FACE_OUTER_BOUND('',#377,.T.);
#230=FACE_OUTER_BOUND('',#378,.T.);
#231=FACE_OUTER_BOUND('',#379,.T.);
#232=FACE_OUTER_BOUND('',#380,.T.);
#233=FACE_OUTER_BOUND('',#381,.T.);
#234=FACE_OUTER_BOUND('',#382,.T.);
#235=FACE_OUTER_BOUND('',#383,.T.);
#236=FACE_OUTER_BOUND('',#384,.T.);
#237=FACE_OUTER_BOUND('',#385,.T.);
#238=FACE_OUTER_BOUND('',#386,.T.);
#239=FACE_OUTER_BOUND('',#389,.T.);
#240=FACE_OUTER_BOUND('',#392,.T.);
#241=FACE_OUTER_BOUND('',#395,.T.);
#242=FACE_OUTER_BOUND('',#398,.T.);
#243=FACE_OUTER_BOUND('',#399,.T.);
#244=FACE_OUTER_BOUND('',#400,.T.);
#245=FACE_OUTER_BOUND('',#401,.T.);
#246=FACE_OUTER_BOUND('',#402,.T.);
#247=FACE_OUTER_BOUND('',#403,.T.);
#248=FACE_OUTER_BOUND('',#404,.T.);
#249=FACE_OUTER_BOUND('',#405,.T.);
#250=FACE_OUTER_BOUND('',#406,.T.);
#251=FACE_OUTER_BOUND('',#407,.T.);
#252=FACE_OUTER_BOUND('',#408,.T.);
#253=FACE_OUTER_BOUND('',#409,.T.);
#254=FACE_OUTER_BOUND('',#410,.T.);
#255=FACE_OUTER_BOUND('',#411,.T.);
#256=FACE_OUTER_BOUND('',#412,.T.);
#257=FACE_OUTER_BOUND('',#413,.T.);
#258=FACE_OUTER_BOUND('',#414,.T.);
#259=FACE_OUTER_BOUND('',#415,.T.);
#260=FACE_OUTER_BOUND('',#416,.T.);
#261=FACE_OUTER_BOUND('',#417,.T.);
#262=FACE_OUTER_BOUND('',#418,.T.);
#263=FACE_OUTER_BOUND('',#419,.T.);
#264=FACE_OUTER_BOUND('',#420,.T.);
#265=FACE_OUTER_BOUND('',#421,.T.);
#266=FACE_OUTER_BOUND('',#422,.T.);
#267=FACE_OUTER_BOUND('',#423,.T.);
#268=FACE_OUTER_BOUND('',#424,.T.);
#269=FACE_OUTER_BOUND('',#425,.T.);
#270=FACE_OUTER_BOUND('',#426,.T.);
#271=FACE_OUTER_BOUND('',#427,.T.);
#272=FACE_OUTER_BOUND('',#428,.T.);
#273=FACE_OUTER_BOUND('',#429,.T.);
#274=FACE_OUTER_BOUND('',#431,.T.);
#275=FACE_OUTER_BOUND('',#432,.T.);
#276=FACE_OUTER_BOUND('',#433,.T.);
#277=FACE_OUTER_BOUND('',#434,.T.);
#278=FACE_OUTER_BOUND('',#435,.T.);
#279=FACE_OUTER_BOUND('',#436,.T.);
#280=FACE_OUTER_BOUND('',#437,.T.);
#281=FACE_OUTER_BOUND('',#438,.T.);
#282=FACE_OUTER_BOUND('',#439,.T.);
#283=FACE_OUTER_BOUND('',#440,.T.);
#284=FACE_OUTER_BOUND('',#441,.T.);
#285=FACE_OUTER_BOUND('',#442,.T.);
#286=FACE_OUTER_BOUND('',#443,.T.);
#287=FACE_OUTER_BOUND('',#444,.T.);
#288=FACE_OUTER_BOUND('',#445,.T.);
#289=FACE_OUTER_BOUND('',#446,.T.);
#290=FACE_OUTER_BOUND('',#447,.T.);
#291=FACE_OUTER_BOUND('',#448,.T.);
#292=FACE_OUTER_BOUND('',#449,.T.);
#293=FACE_OUTER_BOUND('',#450,.T.);
#294=FACE_OUTER_BOUND('',#451,.T.);
#295=FACE_OUTER_BOUND('',#452,.T.);
#296=FACE_OUTER_BOUND('',#453,.T.);
#297=FACE_OUTER_BOUND('',#455,.T.);
#298=FACE_OUTER_BOUND('',#456,.T.);
#299=FACE_OUTER_BOUND('',#457,.T.);
#300=FACE_OUTER_BOUND('',#458,.T.);
#301=FACE_OUTER_BOUND('',#459,.T.);
#302=FACE_OUTER_BOUND('',#460,.T.);
#303=FACE_OUTER_BOUND('',#461,.T.);
#304=EDGE_LOOP('',(#1565,#1566,#1567,#1568));
#305=EDGE_LOOP('',(#1569));
#306=EDGE_LOOP('',(#1570));
#307=EDGE_LOOP('',(#1571,#1572,#1573,#1574));
#308=EDGE_LOOP('',(#1575,#1576,#1577,#1578));
#309=EDGE_LOOP('',(#1579,#1580,#1581,#1582,#1583,#1584));
#310=EDGE_LOOP('',(#1585,#1586,#1587,#1588));
#311=EDGE_LOOP('',(#1589,#1590,#1591,#1592,#1593,#1594));
#312=EDGE_LOOP('',(#1595,#1596,#1597,#1598,#1599,#1600));
#313=EDGE_LOOP('',(#1601));
#314=EDGE_LOOP('',(#1602));
#315=EDGE_LOOP('',(#1603,#1604,#1605,#1606,#1607,#1608));
#316=EDGE_LOOP('',(#1609));
#317=EDGE_LOOP('',(#1610));
#318=EDGE_LOOP('',(#1611));
#319=EDGE_LOOP('',(#1612));
#320=EDGE_LOOP('',(#1613));
#321=EDGE_LOOP('',(#1614));
#322=EDGE_LOOP('',(#1615));
#323=EDGE_LOOP('',(#1616,#1617,#1618,#1619));
#324=EDGE_LOOP('',(#1620,#1621,#1622,#1623));
#325=EDGE_LOOP('',(#1624,#1625,#1626,#1627));
#326=EDGE_LOOP('',(#1628,#1629,#1630,#1631,#1632,#1633,#1634,#1635,#1636,
#1637,#1638,#1639,#1640,#1641,#1642,#1643,#1644,#1645,#1646,#1647,#1648,
#1649,#1650,#1651,#1652,#1653,#1654,#1655,#1656,#1657,#1658,#1659));
#327=EDGE_LOOP('',(#1660,#1661,#1662,#1663));
#328=EDGE_LOOP('',(#1664,#1665,#1666,#1667));
#329=EDGE_LOOP('',(#1668,#1669,#1670,#1671));
#330=EDGE_LOOP('',(#1672,#1673,#1674,#1675));
#331=EDGE_LOOP('',(#1676,#1677,#1678,#1679));
#332=EDGE_LOOP('',(#1680,#1681,#1682,#1683));
#333=EDGE_LOOP('',(#1684,#1685,#1686,#1687,#1688,#1689));
#334=EDGE_LOOP('',(#1690));
#335=EDGE_LOOP('',(#1691));
#336=EDGE_LOOP('',(#1692,#1693,#1694,#1695));
#337=EDGE_LOOP('',(#1696,#1697,#1698,#1699));
#338=EDGE_LOOP('',(#1700,#1701,#1702,#1703));
#339=EDGE_LOOP('',(#1704,#1705,#1706,#1707,#1708,#1709));
#340=EDGE_LOOP('',(#1710));
#341=EDGE_LOOP('',(#1711));
#342=EDGE_LOOP('',(#1712,#1713,#1714,#1715));
#343=EDGE_LOOP('',(#1716,#1717,#1718,#1719));
#344=EDGE_LOOP('',(#1720,#1721,#1722,#1723));
#345=EDGE_LOOP('',(#1724,#1725,#1726,#1727,#1728,#1729));
#346=EDGE_LOOP('',(#1730));
#347=EDGE_LOOP('',(#1731));
#348=EDGE_LOOP('',(#1732,#1733,#1734,#1735));
#349=EDGE_LOOP('',(#1736,#1737,#1738,#1739));
#350=EDGE_LOOP('',(#1740,#1741,#1742,#1743));
#351=EDGE_LOOP('',(#1744,#1745,#1746,#1747));
#352=EDGE_LOOP('',(#1748,#1749,#1750,#1751,#1752,#1753));
#353=EDGE_LOOP('',(#1754,#1755,#1756,#1757));
#354=EDGE_LOOP('',(#1758,#1759,#1760,#1761));
#355=EDGE_LOOP('',(#1762,#1763,#1764,#1765));
#356=EDGE_LOOP('',(#1766,#1767,#1768,#1769));
#357=EDGE_LOOP('',(#1770,#1771,#1772,#1773));
#358=EDGE_LOOP('',(#1774,#1775,#1776,#1777));
#359=EDGE_LOOP('',(#1778,#1779,#1780,#1781));
#360=EDGE_LOOP('',(#1782,#1783,#1784,#1785));
#361=EDGE_LOOP('',(#1786,#1787,#1788,#1789));
#362=EDGE_LOOP('',(#1790,#1791,#1792,#1793));
#363=EDGE_LOOP('',(#1794,#1795,#1796,#1797,#1798,#1799,#1800));
#364=EDGE_LOOP('',(#1801));
#365=EDGE_LOOP('',(#1802));
#366=EDGE_LOOP('',(#1803,#1804,#1805));
#367=EDGE_LOOP('',(#1806,#1807,#1808,#1809));
#368=EDGE_LOOP('',(#1810,#1811,#1812,#1813));
#369=EDGE_LOOP('',(#1814,#1815,#1816,#1817));
#370=EDGE_LOOP('',(#1818,#1819,#1820,#1821));
#371=EDGE_LOOP('',(#1822,#1823,#1824,#1825));
#372=EDGE_LOOP('',(#1826,#1827,#1828,#1829));
#373=EDGE_LOOP('',(#1830,#1831,#1832,#1833,#1834,#1835));
#374=EDGE_LOOP('',(#1836,#1837,#1838));
#375=EDGE_LOOP('',(#1839,#1840,#1841));
#376=EDGE_LOOP('',(#1842,#1843,#1844,#1845));
#377=EDGE_LOOP('',(#1846,#1847,#1848,#1849));
#378=EDGE_LOOP('',(#1850,#1851,#1852,#1853,#1854,#1855,#1856,#1857,#1858,
#1859,#1860,#1861,#1862,#1863,#1864,#1865,#1866));
#379=EDGE_LOOP('',(#1867,#1868,#1869));
#380=EDGE_LOOP('',(#1870,#1871,#1872,#1873,#1874,#1875,#1876,#1877,#1878,
#1879,#1880,#1881,#1882,#1883,#1884,#1885,#1886,#1887,#1888,#1889,#1890));
#381=EDGE_LOOP('',(#1891,#1892,#1893,#1894));
#382=EDGE_LOOP('',(#1895,#1896,#1897,#1898));
#383=EDGE_LOOP('',(#1899,#1900,#1901,#1902,#1903,#1904,#1905,#1906));
#384=EDGE_LOOP('',(#1907,#1908,#1909,#1910));
#385=EDGE_LOOP('',(#1911,#1912,#1913,#1914,#1915,#1916,#1917,#1918,#1919,
#1920,#1921,#1922));
#386=EDGE_LOOP('',(#1923,#1924,#1925,#1926,#1927,#1928,#1929));
#387=EDGE_LOOP('',(#1930));
#388=EDGE_LOOP('',(#1931));
#389=EDGE_LOOP('',(#1932,#1933,#1934,#1935,#1936,#1937));
#390=EDGE_LOOP('',(#1938));
#391=EDGE_LOOP('',(#1939));
#392=EDGE_LOOP('',(#1940,#1941,#1942,#1943,#1944,#1945,#1946));
#393=EDGE_LOOP('',(#1947));
#394=EDGE_LOOP('',(#1948));
#395=EDGE_LOOP('',(#1949,#1950,#1951,#1952,#1953,#1954,#1955));
#396=EDGE_LOOP('',(#1956));
#397=EDGE_LOOP('',(#1957));
#398=EDGE_LOOP('',(#1958,#1959,#1960,#1961,#1962,#1963,#1964,#1965,#1966,
#1967));
#399=EDGE_LOOP('',(#1968,#1969,#1970,#1971,#1972,#1973,#1974,#1975,#1976,
#1977));
#400=EDGE_LOOP('',(#1978,#1979));
#401=EDGE_LOOP('',(#1980,#1981,#1982,#1983));
#402=EDGE_LOOP('',(#1984,#1985,#1986,#1987));
#403=EDGE_LOOP('',(#1988,#1989,#1990,#1991));
#404=EDGE_LOOP('',(#1992,#1993,#1994,#1995));
#405=EDGE_LOOP('',(#1996,#1997,#1998,#1999));
#406=EDGE_LOOP('',(#2000,#2001,#2002,#2003));
#407=EDGE_LOOP('',(#2004,#2005,#2006,#2007));
#408=EDGE_LOOP('',(#2008,#2009,#2010,#2011));
#409=EDGE_LOOP('',(#2012,#2013,#2014,#2015));
#410=EDGE_LOOP('',(#2016,#2017,#2018,#2019));
#411=EDGE_LOOP('',(#2020,#2021,#2022,#2023));
#412=EDGE_LOOP('',(#2024,#2025,#2026,#2027));
#413=EDGE_LOOP('',(#2028,#2029,#2030,#2031));
#414=EDGE_LOOP('',(#2032,#2033,#2034,#2035));
#415=EDGE_LOOP('',(#2036,#2037,#2038,#2039));
#416=EDGE_LOOP('',(#2040));
#417=EDGE_LOOP('',(#2041));
#418=EDGE_LOOP('',(#2042,#2043,#2044,#2045,#2046,#2047));
#419=EDGE_LOOP('',(#2048,#2049,#2050,#2051,#2052,#2053));
#420=EDGE_LOOP('',(#2054,#2055,#2056,#2057));
#421=EDGE_LOOP('',(#2058,#2059,#2060,#2061));
#422=EDGE_LOOP('',(#2062,#2063,#2064,#2065));
#423=EDGE_LOOP('',(#2066,#2067,#2068,#2069));
#424=EDGE_LOOP('',(#2070,#2071,#2072,#2073));
#425=EDGE_LOOP('',(#2074,#2075,#2076,#2077));
#426=EDGE_LOOP('',(#2078,#2079,#2080,#2081));
#427=EDGE_LOOP('',(#2082,#2083,#2084,#2085));
#428=EDGE_LOOP('',(#2086,#2087,#2088,#2089));
#429=EDGE_LOOP('',(#2090,#2091,#2092,#2093,#2094,#2095));
#430=EDGE_LOOP('',(#2096));
#431=EDGE_LOOP('',(#2097,#2098,#2099,#2100));
#432=EDGE_LOOP('',(#2101,#2102,#2103,#2104));
#433=EDGE_LOOP('',(#2105,#2106,#2107,#2108));
#434=EDGE_LOOP('',(#2109,#2110,#2111,#2112));
#435=EDGE_LOOP('',(#2113));
#436=EDGE_LOOP('',(#2114));
#437=EDGE_LOOP('',(#2115));
#438=EDGE_LOOP('',(#2116));
#439=EDGE_LOOP('',(#2117));
#440=EDGE_LOOP('',(#2118,#2119,#2120,#2121));
#441=EDGE_LOOP('',(#2122,#2123,#2124,#2125));
#442=EDGE_LOOP('',(#2126,#2127,#2128,#2129,#2130,#2131,#2132,#2133,#2134));
#443=EDGE_LOOP('',(#2135,#2136,#2137,#2138));
#444=EDGE_LOOP('',(#2139,#2140,#2141,#2142));
#445=EDGE_LOOP('',(#2143,#2144,#2145,#2146,#2147,#2148));
#446=EDGE_LOOP('',(#2149,#2150,#2151,#2152,#2153,#2154));
#447=EDGE_LOOP('',(#2155,#2156,#2157,#2158));
#448=EDGE_LOOP('',(#2159,#2160,#2161,#2162));
#449=EDGE_LOOP('',(#2163,#2164,#2165,#2166));
#450=EDGE_LOOP('',(#2167,#2168,#2169,#2170));
#451=EDGE_LOOP('',(#2171,#2172,#2173));
#452=EDGE_LOOP('',(#2174,#2175,#2176,#2177));
#453=EDGE_LOOP('',(#2178,#2179,#2180,#2181));
#454=EDGE_LOOP('',(#2182,#2183,#2184,#2185,#2186,#2187,#2188,#2189));
#455=EDGE_LOOP('',(#2190,#2191,#2192,#2193));
#456=EDGE_LOOP('',(#2194,#2195,#2196,#2197));
#457=EDGE_LOOP('',(#2198,#2199,#2200,#2201));
#458=EDGE_LOOP('',(#2202,#2203,#2204,#2205));
#459=EDGE_LOOP('',(#2206));
#460=EDGE_LOOP('',(#2207,#2208,#2209,#2210));
#461=EDGE_LOOP('',(#2211,#2212,#2213,#2214));
#462=LINE('',#3177,#728);
#463=LINE('',#3185,#729);
#464=LINE('',#3187,#730);
#465=LINE('',#3189,#731);
#466=LINE('',#3190,#732);
#467=LINE('',#3193,#733);
#468=LINE('',#3195,#734);
#469=LINE('',#3196,#735);
#470=LINE('',#3199,#736);
#471=LINE('',#3201,#737);
#472=LINE('',#3203,#738);
#473=LINE('',#3205,#739);
#474=LINE('',#3206,#740);
#475=LINE('',#3209,#741);
#476=LINE('',#3211,#742);
#477=LINE('',#3212,#743);
#478=LINE('',#3215,#744);
#479=LINE('',#3217,#745);
#480=LINE('',#3219,#746);
#481=LINE('',#3221,#747);
#482=LINE('',#3222,#748);
#483=LINE('',#3224,#749);
#484=LINE('',#3230,#750);
#485=LINE('',#3232,#751);
#486=LINE('',#3234,#752);
#487=LINE('',#3235,#753);
#488=LINE('',#3253,#754);
#489=LINE('',#3255,#755);
#490=LINE('',#3257,#756);
#491=LINE('',#3258,#757);
#492=LINE('',#3261,#758);
#493=LINE('',#3263,#759);
#494=LINE('',#3264,#760);
#495=LINE('',#3267,#761);
#496=LINE('',#3269,#762);
#497=LINE('',#3270,#763);
#498=LINE('',#3273,#764);
#499=LINE('',#3275,#765);
#500=LINE('',#3277,#766);
#501=LINE('',#3279,#767);
#502=LINE('',#3281,#768);
#503=LINE('',#3283,#769);
#504=LINE('',#3285,#770);
#505=LINE('',#3287,#771);
#506=LINE('',#3289,#772);
#507=LINE('',#3291,#773);
#508=LINE('',#3293,#774);
#509=LINE('',#3295,#775);
#510=LINE('',#3297,#776);
#511=LINE('',#3299,#777);
#512=LINE('',#3301,#778);
#513=LINE('',#3303,#779);
#514=LINE('',#3305,#780);
#515=LINE('',#3307,#781);
#516=LINE('',#3309,#782);
#517=LINE('',#3311,#783);
#518=LINE('',#3313,#784);
#519=LINE('',#3315,#785);
#520=LINE('',#3317,#786);
#521=LINE('',#3319,#787);
#522=LINE('',#3321,#788);
#523=LINE('',#3323,#789);
#524=LINE('',#3325,#790);
#525=LINE('',#3327,#791);
#526=LINE('',#3329,#792);
#527=LINE('',#3331,#793);
#528=LINE('',#3332,#794);
#529=LINE('',#3335,#795);
#530=LINE('',#3336,#796);
#531=LINE('',#3339,#797);
#532=LINE('',#3340,#798);
#533=LINE('',#3343,#799);
#534=LINE('',#3344,#800);
#535=LINE('',#3347,#801);
#536=LINE('',#3348,#802);
#537=LINE('',#3351,#803);
#538=LINE('',#3352,#804);
#539=LINE('',#3355,#805);
#540=LINE('',#3356,#806);
#541=LINE('',#3359,#807);
#542=LINE('',#3360,#808);
#543=LINE('',#3368,#809);
#544=LINE('',#3370,#810);
#545=LINE('',#3372,#811);
#546=LINE('',#3373,#812);
#547=LINE('',#3376,#813);
#548=LINE('',#3378,#814);
#549=LINE('',#3379,#815);
#550=LINE('',#3381,#816);
#551=LINE('',#3382,#817);
#552=LINE('',#3385,#818);
#553=LINE('',#3386,#819);
#554=LINE('',#3393,#820);
#555=LINE('',#3395,#821);
#556=LINE('',#3396,#822);
#557=LINE('',#3399,#823);
#558=LINE('',#3401,#824);
#559=LINE('',#3402,#825);
#560=LINE('',#3405,#826);
#561=LINE('',#3407,#827);
#562=LINE('',#3408,#828);
#563=LINE('',#3411,#829);
#564=LINE('',#3412,#830);
#565=LINE('',#3420,#831);
#566=LINE('',#3430,#832);
#567=LINE('',#3431,#833);
#568=LINE('',#3435,#834);
#569=LINE('',#3437,#835);
#570=LINE('',#3439,#836);
#571=LINE('',#3440,#837);
#572=LINE('',#3466,#838);
#573=LINE('',#3467,#839);
#574=LINE('',#3470,#840);
#575=LINE('',#3477,#841);
#576=LINE('',#3478,#842);
#577=LINE('',#3481,#843);
#578=LINE('',#3482,#844);
#579=LINE('',#3484,#845);
#580=LINE('',#3487,#846);
#581=LINE('',#3488,#847);
#582=LINE('',#3491,#848);
#583=LINE('',#3501,#849);
#584=LINE('',#3503,#850);
#585=LINE('',#3504,#851);
#586=LINE('',#3527,#852);
#587=LINE('',#3529,#853);
#588=LINE('',#3530,#854);
#589=LINE('',#3533,#855);
#590=LINE('',#3542,#856);
#591=LINE('',#3546,#857);
#592=LINE('',#3548,#858);
#593=LINE('',#3550,#859);
#594=LINE('',#3551,#860);
#595=LINE('',#3578,#861);
#596=LINE('',#3580,#862);
#597=LINE('',#3581,#863);
#598=LINE('',#3587,#864);
#599=LINE('',#3591,#865);
#600=LINE('',#3593,#866);
#601=LINE('',#3595,#867);
#602=LINE('',#3596,#868);
#603=LINE('',#3632,#869);
#604=LINE('',#3634,#870);
#605=LINE('',#3635,#871);
#606=LINE('',#3637,#872);
#607=LINE('',#3638,#873);
#608=LINE('',#3640,#874);
#609=LINE('',#3642,#875);
#610=LINE('',#3644,#876);
#611=LINE('',#3647,#877);
#612=LINE('',#3648,#878);
#613=LINE('',#3651,#879);
#614=LINE('',#3652,#880);
#615=LINE('',#3654,#881);
#616=LINE('',#3655,#882);
#617=LINE('',#3657,#883);
#618=LINE('',#3660,#884);
#619=LINE('',#3661,#885);
#620=LINE('',#3662,#886);
#621=LINE('',#3664,#887);
#622=LINE('',#3666,#888);
#623=LINE('',#3668,#889);
#624=LINE('',#3669,#890);
#625=LINE('',#3672,#891);
#626=LINE('',#3673,#892);
#627=LINE('',#3676,#893);
#628=LINE('',#3678,#894);
#629=LINE('',#3680,#895);
#630=LINE('',#3681,#896);
#631=LINE('',#3683,#897);
#632=LINE('',#3684,#898);
#633=LINE('',#3686,#899);
#634=LINE('',#3688,#900);
#635=LINE('',#3689,#901);
#636=LINE('',#3692,#902);
#637=LINE('',#3694,#903);
#638=LINE('',#3695,#904);
#639=LINE('',#3698,#905);
#640=LINE('',#3699,#906);
#641=LINE('',#3702,#907);
#642=LINE('',#3704,#908);
#643=LINE('',#3706,#909);
#644=LINE('',#3708,#910);
#645=LINE('',#3710,#911);
#646=LINE('',#3711,#912);
#647=LINE('',#3713,#913);
#648=LINE('',#3716,#914);
#649=LINE('',#3718,#915);
#650=LINE('',#3720,#916);
#651=LINE('',#3722,#917);
#652=LINE('',#3724,#918);
#653=LINE('',#3726,#919);
#654=LINE('',#3727,#920);
#655=LINE('',#3729,#921);
#656=LINE('',#3735,#922);
#657=LINE('',#3741,#923);
#658=LINE('',#3747,#924);
#659=LINE('',#3755,#925);
#660=LINE('',#3760,#926);
#661=LINE('',#3766,#927);
#662=LINE('',#3771,#928);
#663=LINE('',#3774,#929);
#664=LINE('',#3778,#930);
#665=LINE('',#3785,#931);
#666=LINE('',#3787,#932);
#667=LINE('',#3789,#933);
#668=LINE('',#3791,#934);
#669=LINE('',#3793,#935);
#670=LINE('',#3795,#936);
#671=LINE('',#3797,#937);
#672=LINE('',#3799,#938);
#673=LINE('',#3801,#939);
#674=LINE('',#3804,#940);
#675=LINE('',#3808,#941);
#676=LINE('',#3812,#942);
#677=LINE('',#3816,#943);
#678=LINE('',#3820,#944);
#679=LINE('',#3825,#945);
#680=LINE('',#3829,#946);
#681=LINE('',#3833,#947);
#682=LINE('',#3834,#948);
#683=LINE('',#3836,#949);
#684=LINE('',#3837,#950);
#685=LINE('',#3842,#951);
#686=LINE('',#3845,#952);
#687=LINE('',#3846,#953);
#688=LINE('',#3849,#954);
#689=LINE('',#3850,#955);
#690=LINE('',#3852,#956);
#691=LINE('',#3854,#957);
#692=LINE('',#3857,#958);
#693=LINE('',#3858,#959);
#694=LINE('',#3861,#960);
#695=LINE('',#3863,#961);
#696=LINE('',#3865,#962);
#697=LINE('',#3866,#963);
#698=LINE('',#3868,#964);
#699=LINE('',#3878,#965);
#700=LINE('',#3879,#966);
#701=LINE('',#3882,#967);
#702=LINE('',#3884,#968);
#703=LINE('',#3885,#969);
#704=LINE('',#3888,#970);
#705=LINE('',#3889,#971);
#706=LINE('',#3890,#972);
#707=LINE('',#3892,#973);
#708=LINE('',#3895,#974);
#709=LINE('',#3896,#975);
#710=LINE('',#3898,#976);
#711=LINE('',#3900,#977);
#712=LINE('',#3901,#978);
#713=LINE('',#3904,#979);
#714=LINE('',#3905,#980);
#715=LINE('',#3906,#981);
#716=LINE('',#3907,#982);
#717=LINE('',#3910,#983);
#718=LINE('',#3913,#984);
#719=LINE('',#3917,#985);
#720=LINE('',#3918,#986);
#721=LINE('',#3921,#987);
#722=LINE('',#3922,#988);
#723=LINE('',#3924,#989);
#724=LINE('',#3926,#990);
#725=LINE('',#3928,#991);
#726=LINE('',#3935,#992);
#727=LINE('',#3938,#993);
#728=VECTOR('',#2561,2.5);
#729=VECTOR('',#2570,10.);
#730=VECTOR('',#2571,10.);
#731=VECTOR('',#2572,10.);
#732=VECTOR('',#2573,10.);
#733=VECTOR('',#2576,10.);
#734=VECTOR('',#2577,10.);
#735=VECTOR('',#2578,10.);
#736=VECTOR('',#2581,10.);
#737=VECTOR('',#2582,10.);
#738=VECTOR('',#2583,10.);
#739=VECTOR('',#2584,10.);
#740=VECTOR('',#2585,10.);
#741=VECTOR('',#2588,10.);
#742=VECTOR('',#2589,10.);
#743=VECTOR('',#2590,10.);
#744=VECTOR('',#2593,10.);
#745=VECTOR('',#2594,10.);
#746=VECTOR('',#2595,10.);
#747=VECTOR('',#2596,10.);
#748=VECTOR('',#2597,10.);
#749=VECTOR('',#2600,10.);
#750=VECTOR('',#2607,10.);
#751=VECTOR('',#2608,10.);
#752=VECTOR('',#2609,10.);
#753=VECTOR('',#2610,10.);
#754=VECTOR('',#2627,10.);
#755=VECTOR('',#2628,10.);
#756=VECTOR('',#2629,10.);
#757=VECTOR('',#2630,10.);
#758=VECTOR('',#2633,10.);
#759=VECTOR('',#2634,10.);
#760=VECTOR('',#2635,10.);
#761=VECTOR('',#2638,10.);
#762=VECTOR('',#2639,10.);
#763=VECTOR('',#2640,10.);
#764=VECTOR('',#2643,10.);
#765=VECTOR('',#2644,10.);
#766=VECTOR('',#2645,10.);
#767=VECTOR('',#2646,10.);
#768=VECTOR('',#2647,10.);
#769=VECTOR('',#2648,10.);
#770=VECTOR('',#2649,10.);
#771=VECTOR('',#2650,10.);
#772=VECTOR('',#2651,10.);
#773=VECTOR('',#2652,10.);
#774=VECTOR('',#2653,10.);
#775=VECTOR('',#2654,10.);
#776=VECTOR('',#2655,10.);
#777=VECTOR('',#2656,10.);
#778=VECTOR('',#2657,10.);
#779=VECTOR('',#2658,10.);
#780=VECTOR('',#2659,10.);
#781=VECTOR('',#2660,10.);
#782=VECTOR('',#2661,10.);
#783=VECTOR('',#2662,10.);
#784=VECTOR('',#2663,10.);
#785=VECTOR('',#2664,10.);
#786=VECTOR('',#2665,10.);
#787=VECTOR('',#2666,10.);
#788=VECTOR('',#2667,10.);
#789=VECTOR('',#2668,10.);
#790=VECTOR('',#2669,10.);
#791=VECTOR('',#2670,10.);
#792=VECTOR('',#2671,10.);
#793=VECTOR('',#2672,10.);
#794=VECTOR('',#2673,10.);
#795=VECTOR('',#2676,10.);
#796=VECTOR('',#2677,10.);
#797=VECTOR('',#2680,10.);
#798=VECTOR('',#2681,10.);
#799=VECTOR('',#2684,10.);
#800=VECTOR('',#2685,10.);
#801=VECTOR('',#2688,10.);
#802=VECTOR('',#2689,10.);
#803=VECTOR('',#2692,10.);
#804=VECTOR('',#2693,10.);
#805=VECTOR('',#2696,10.);
#806=VECTOR('',#2697,10.);
#807=VECTOR('',#2700,10.);
#808=VECTOR('',#2701,10.);
#809=VECTOR('',#2708,10.);
#810=VECTOR('',#2709,10.);
#811=VECTOR('',#2710,10.);
#812=VECTOR('',#2711,10.);
#813=VECTOR('',#2714,10.);
#814=VECTOR('',#2715,10.);
#815=VECTOR('',#2716,10.);
#816=VECTOR('',#2719,10.);
#817=VECTOR('',#2720,10.);
#818=VECTOR('',#2723,10.);
#819=VECTOR('',#2724,10.);
#820=VECTOR('',#2731,10.);
#821=VECTOR('',#2732,10.);
#822=VECTOR('',#2733,10.);
#823=VECTOR('',#2736,10.);
#824=VECTOR('',#2737,10.);
#825=VECTOR('',#2738,10.);
#826=VECTOR('',#2741,10.);
#827=VECTOR('',#2742,10.);
#828=VECTOR('',#2743,10.);
#829=VECTOR('',#2746,10.);
#830=VECTOR('',#2747,10.);
#831=VECTOR('',#2754,10.);
#832=VECTOR('',#2755,10.);
#833=VECTOR('',#2756,10.);
#834=VECTOR('',#2759,10.);
#835=VECTOR('',#2760,10.);
#836=VECTOR('',#2761,10.);
#837=VECTOR('',#2762,10.);
#838=VECTOR('',#2765,10.);
#839=VECTOR('',#2766,10.);
#840=VECTOR('',#2769,10.);
#841=VECTOR('',#2770,10.);
#842=VECTOR('',#2771,10.);
#843=VECTOR('',#2774,10.);
#844=VECTOR('',#2775,10.);
#845=VECTOR('',#2778,10.);
#846=VECTOR('',#2781,10.);
#847=VECTOR('',#2782,10.);
#848=VECTOR('',#2785,10.);
#849=VECTOR('',#2788,10.);
#850=VECTOR('',#2789,10.);
#851=VECTOR('',#2790,10.);
#852=VECTOR('',#2793,10.);
#853=VECTOR('',#2794,10.);
#854=VECTOR('',#2795,10.);
#855=VECTOR('',#2798,10.);
#856=VECTOR('',#2799,10.);
#857=VECTOR('',#2802,10.);
#858=VECTOR('',#2803,10.);
#859=VECTOR('',#2804,10.);
#860=VECTOR('',#2805,10.);
#861=VECTOR('',#2808,10.);
#862=VECTOR('',#2809,10.);
#863=VECTOR('',#2810,10.);
#864=VECTOR('',#2817,10.);
#865=VECTOR('',#2820,10.);
#866=VECTOR('',#2821,10.);
#867=VECTOR('',#2822,10.);
#868=VECTOR('',#2823,10.);
#869=VECTOR('',#2826,10.);
#870=VECTOR('',#2827,10.);
#871=VECTOR('',#2828,10.);
#872=VECTOR('',#2831,10.);
#873=VECTOR('',#2832,10.);
#874=VECTOR('',#2835,10.);
#875=VECTOR('',#2838,10.);
#876=VECTOR('',#2841,10.);
#877=VECTOR('',#2844,10.);
#878=VECTOR('',#2845,10.);
#879=VECTOR('',#2848,10.);
#880=VECTOR('',#2849,10.);
#881=VECTOR('',#2852,10.);
#882=VECTOR('',#2853,10.);
#883=VECTOR('',#2856,10.);
#884=VECTOR('',#2859,10.);
#885=VECTOR('',#2860,10.);
#886=VECTOR('',#2861,10.);
#887=VECTOR('',#2862,10.);
#888=VECTOR('',#2863,10.);
#889=VECTOR('',#2864,10.);
#890=VECTOR('',#2865,10.);
#891=VECTOR('',#2868,10.);
#892=VECTOR('',#2869,10.);
#893=VECTOR('',#2872,10.);
#894=VECTOR('',#2873,10.);
#895=VECTOR('',#2874,10.);
#896=VECTOR('',#2875,10.);
#897=VECTOR('',#2876,10.);
#898=VECTOR('',#2877,10.);
#899=VECTOR('',#2878,10.);
#900=VECTOR('',#2879,10.);
#901=VECTOR('',#2880,10.);
#902=VECTOR('',#2883,10.);
#903=VECTOR('',#2884,10.);
#904=VECTOR('',#2885,10.);
#905=VECTOR('',#2888,10.);
#906=VECTOR('',#2889,10.);
#907=VECTOR('',#2892,10.);
#908=VECTOR('',#2893,10.);
#909=VECTOR('',#2894,10.);
#910=VECTOR('',#2895,10.);
#911=VECTOR('',#2896,10.);
#912=VECTOR('',#2897,10.);
#913=VECTOR('',#2900,10.);
#914=VECTOR('',#2903,10.);
#915=VECTOR('',#2904,10.);
#916=VECTOR('',#2905,10.);
#917=VECTOR('',#2906,10.);
#918=VECTOR('',#2907,10.);
#919=VECTOR('',#2908,10.);
#920=VECTOR('',#2909,10.);
#921=VECTOR('',#2912,10.);
#922=VECTOR('',#2919,10.);
#923=VECTOR('',#2926,10.);
#924=VECTOR('',#2933,10.);
#925=VECTOR('',#2940,10.);
#926=VECTOR('',#2945,2.);
#927=VECTOR('',#2950,10.);
#928=VECTOR('',#2955,10.);
#929=VECTOR('',#2958,2.);
#930=VECTOR('',#2961,10.);
#931=VECTOR('',#2970,10.);
#932=VECTOR('',#2973,1.99999999999999);
#933=VECTOR('',#2976,1.99999999999999);
#934=VECTOR('',#2979,2.);
#935=VECTOR('',#2982,2.);
#936=VECTOR('',#2985,1.99999999999999);
#937=VECTOR('',#2988,1.99999999999999);
#938=VECTOR('',#2991,2.00000000000001);
#939=VECTOR('',#2994,2.00000000000001);
#940=VECTOR('',#2997,1.99999999999999);
#941=VECTOR('',#3002,1.99999999999999);
#942=VECTOR('',#3007,2.);
#943=VECTOR('',#3012,1.99999999999999);
#944=VECTOR('',#3017,2.);
#945=VECTOR('',#3024,2.00000000000001);
#946=VECTOR('',#3029,1.99999999999999);
#947=VECTOR('',#3036,10.);
#948=VECTOR('',#3037,10.);
#949=VECTOR('',#3040,10.);
#950=VECTOR('',#3041,10.);
#951=VECTOR('',#3050,10.);
#952=VECTOR('',#3053,10.);
#953=VECTOR('',#3054,10.);
#954=VECTOR('',#3057,10.);
#955=VECTOR('',#3058,10.);
#956=VECTOR('',#3061,10.);
#957=VECTOR('',#3064,10.);
#958=VECTOR('',#3067,10.);
#959=VECTOR('',#3068,10.);
#960=VECTOR('',#3071,10.);
#961=VECTOR('',#3072,10.);
#962=VECTOR('',#3073,10.);
#963=VECTOR('',#3074,10.);
#964=VECTOR('',#3077,10.);
#965=VECTOR('',#3096,10.);
#966=VECTOR('',#3097,10.);
#967=VECTOR('',#3100,10.);
#968=VECTOR('',#3101,10.);
#969=VECTOR('',#3102,10.);
#970=VECTOR('',#3105,10.);
#971=VECTOR('',#3106,10.);
#972=VECTOR('',#3107,10.);
#973=VECTOR('',#3110,10.);
#974=VECTOR('',#3113,10.);
#975=VECTOR('',#3114,10.);
#976=VECTOR('',#3117,10.);
#977=VECTOR('',#3118,10.);
#978=VECTOR('',#3119,10.);
#979=VECTOR('',#3122,10.);
#980=VECTOR('',#3123,10.);
#981=VECTOR('',#3124,10.);
#982=VECTOR('',#3125,10.);
#983=VECTOR('',#3130,10.);
#984=VECTOR('',#3135,10.);
#985=VECTOR('',#3140,10.);
#986=VECTOR('',#3141,10.);
#987=VECTOR('',#3144,10.);
#988=VECTOR('',#3145,10.);
#989=VECTOR('',#3148,10.);
#990=VECTOR('',#3151,10.);
#991=VECTOR('',#3154,10.);
#992=VECTOR('',#3163,2.);
#993=VECTOR('',#3168,1.75);
#994=CIRCLE('',#2380,2.5);
#995=CIRCLE('',#2381,2.5);
#996=CIRCLE('',#2383,2.);
#997=CIRCLE('',#2390,2.);
#998=CIRCLE('',#2391,2.);
#999=CIRCLE('',#2393,1.99999999999999);
#1000=CIRCLE('',#2394,2.00000000000001);
#1001=CIRCLE('',#2395,2.);
#1002=CIRCLE('',#2396,1.99999999999999);
#1003=CIRCLE('',#2397,2.);
#1004=CIRCLE('',#2398,1.99999999999999);
#1005=CIRCLE('',#2399,1.99999999999999);
#1006=CIRCLE('',#2411,1.99999999999999);
#1007=CIRCLE('',#2412,2.00000000000001);
#1008=CIRCLE('',#2417,2.00000000000001);
#1009=CIRCLE('',#2418,1.99999999999999);
#1010=CIRCLE('',#2423,2.00000000000001);
#1011=CIRCLE('',#2424,1.99999999999999);
#1012=CIRCLE('',#2438,1.99999999999999);
#1013=CIRCLE('',#2439,2.);
#1014=CIRCLE('',#2460,2.);
#1015=CIRCLE('',#2461,1.99999999999999);
#1016=CIRCLE('',#2463,1.99999999999999);
#1017=CIRCLE('',#2464,2.00000000000001);
#1018=CIRCLE('',#2466,1.99999999999999);
#1019=CIRCLE('',#2467,2.);
#1020=CIRCLE('',#2469,1.99999999999999);
#1021=CIRCLE('',#2470,2.);
#1022=CIRCLE('',#2473,2.);
#1023=CIRCLE('',#2474,2.);
#1024=CIRCLE('',#2476,2.);
#1025=CIRCLE('',#2478,2.);
#1026=CIRCLE('',#2479,2.);
#1027=CIRCLE('',#2481,2.);
#1028=CIRCLE('',#2493,1.99999999999999);
#1029=CIRCLE('',#2495,1.99999999999999);
#1030=CIRCLE('',#2497,2.);
#1031=CIRCLE('',#2499,1.99999999999999);
#1032=CIRCLE('',#2501,2.);
#1033=CIRCLE('',#2503,2.00000000000001);
#1034=CIRCLE('',#2505,1.99999999999999);
#1035=CIRCLE('',#2548,1.5);
#1036=CIRCLE('',#2550,2.);
#1037=VERTEX_POINT('',#3174);
#1038=VERTEX_POINT('',#3176);
#1039=VERTEX_POINT('',#3180);
#1040=VERTEX_POINT('',#3183);
#1041=VERTEX_POINT('',#3184);
#1042=VERTEX_POINT('',#3186);
#1043=VERTEX_POINT('',#3188);
#1044=VERTEX_POINT('',#3192);
#1045=VERTEX_POINT('',#3194);
#1046=VERTEX_POINT('',#3198);
#1047=VERTEX_POINT('',#3200);
#1048=VERTEX_POINT('',#3202);
#1049=VERTEX_POINT('',#3204);
#1050=VERTEX_POINT('',#3208);
#1051=VERTEX_POINT('',#3210);
#1052=VERTEX_POINT('',#3214);
#1053=VERTEX_POINT('',#3216);
#1054=VERTEX_POINT('',#3218);
#1055=VERTEX_POINT('',#3220);
#1056=VERTEX_POINT('',#3225);
#1057=VERTEX_POINT('',#3227);
#1058=VERTEX_POINT('',#3231);
#1059=VERTEX_POINT('',#3233);
#1060=VERTEX_POINT('',#3236);
#1061=VERTEX_POINT('',#3238);
#1062=VERTEX_POINT('',#3240);
#1063=VERTEX_POINT('',#3242);
#1064=VERTEX_POINT('',#3244);
#1065=VERTEX_POINT('',#3246);
#1066=VERTEX_POINT('',#3248);
#1067=VERTEX_POINT('',#3251);
#1068=VERTEX_POINT('',#3252);
#1069=VERTEX_POINT('',#3254);
#1070=VERTEX_POINT('',#3256);
#1071=VERTEX_POINT('',#3260);
#1072=VERTEX_POINT('',#3262);
#1073=VERTEX_POINT('',#3266);
#1074=VERTEX_POINT('',#3268);
#1075=VERTEX_POINT('',#3272);
#1076=VERTEX_POINT('',#3274);
#1077=VERTEX_POINT('',#3276);
#1078=VERTEX_POINT('',#3278);
#1079=VERTEX_POINT('',#3280);
#1080=VERTEX_POINT('',#3282);
#1081=VERTEX_POINT('',#3284);
#1082=VERTEX_POINT('',#3286);
#1083=VERTEX_POINT('',#3288);
#1084=VERTEX_POINT('',#3290);
#1085=VERTEX_POINT('',#3292);
#1086=VERTEX_POINT('',#3294);
#1087=VERTEX_POINT('',#3296);
#1088=VERTEX_POINT('',#3298);
#1089=VERTEX_POINT('',#3300);
#1090=VERTEX_POINT('',#3302);
#1091=VERTEX_POINT('',#3304);
#1092=VERTEX_POINT('',#3306);
#1093=VERTEX_POINT('',#3308);
#1094=VERTEX_POINT('',#3310);
#1095=VERTEX_POINT('',#3312);
#1096=VERTEX_POINT('',#3314);
#1097=VERTEX_POINT('',#3316);
#1098=VERTEX_POINT('',#3318);
#1099=VERTEX_POINT('',#3320);
#1100=VERTEX_POINT('',#3322);
#1101=VERTEX_POINT('',#3324);
#1102=VERTEX_POINT('',#3326);
#1103=VERTEX_POINT('',#3328);
#1104=VERTEX_POINT('',#3330);
#1105=VERTEX_POINT('',#3334);
#1106=VERTEX_POINT('',#3338);
#1107=VERTEX_POINT('',#3342);
#1108=VERTEX_POINT('',#3346);
#1109=VERTEX_POINT('',#3350);
#1110=VERTEX_POINT('',#3354);
#1111=VERTEX_POINT('',#3358);
#1112=VERTEX_POINT('',#3361);
#1113=VERTEX_POINT('',#3363);
#1114=VERTEX_POINT('',#3366);
#1115=VERTEX_POINT('',#3367);
#1116=VERTEX_POINT('',#3369);
#1117=VERTEX_POINT('',#3371);
#1118=VERTEX_POINT('',#3375);
#1119=VERTEX_POINT('',#3377);
#1120=VERTEX_POINT('',#3384);
#1121=VERTEX_POINT('',#3387);
#1122=VERTEX_POINT('',#3389);
#1123=VERTEX_POINT('',#3392);
#1124=VERTEX_POINT('',#3394);
#1125=VERTEX_POINT('',#3398);
#1126=VERTEX_POINT('',#3400);
#1127=VERTEX_POINT('',#3404);
#1128=VERTEX_POINT('',#3406);
#1129=VERTEX_POINT('',#3410);
#1130=VERTEX_POINT('',#3413);
#1131=VERTEX_POINT('',#3415);
#1132=VERTEX_POINT('',#3418);
#1133=VERTEX_POINT('',#3419);
#1134=VERTEX_POINT('',#3421);
#1135=VERTEX_POINT('',#3429);
#1136=VERTEX_POINT('',#3433);
#1137=VERTEX_POINT('',#3434);
#1138=VERTEX_POINT('',#3436);
#1139=VERTEX_POINT('',#3438);
#1140=VERTEX_POINT('',#3469);
#1141=VERTEX_POINT('',#3471);
#1142=VERTEX_POINT('',#3476);
#1143=VERTEX_POINT('',#3480);
#1144=VERTEX_POINT('',#3486);
#1145=VERTEX_POINT('',#3490);
#1146=VERTEX_POINT('',#3500);
#1147=VERTEX_POINT('',#3502);
#1148=VERTEX_POINT('',#3526);
#1149=VERTEX_POINT('',#3528);
#1150=VERTEX_POINT('',#3532);
#1151=VERTEX_POINT('',#3534);
#1152=VERTEX_POINT('',#3544);
#1153=VERTEX_POINT('',#3545);
#1154=VERTEX_POINT('',#3547);
#1155=VERTEX_POINT('',#3549);
#1156=VERTEX_POINT('',#3577);
#1157=VERTEX_POINT('',#3579);
#1158=VERTEX_POINT('',#3582);
#1159=VERTEX_POINT('',#3584);
#1160=VERTEX_POINT('',#3589);
#1161=VERTEX_POINT('',#3590);
#1162=VERTEX_POINT('',#3592);
#1163=VERTEX_POINT('',#3594);
#1164=VERTEX_POINT('',#3613);
#1165=VERTEX_POINT('',#3618);
#1166=VERTEX_POINT('',#3631);
#1167=VERTEX_POINT('',#3633);
#1168=VERTEX_POINT('',#3646);
#1169=VERTEX_POINT('',#3650);
#1170=VERTEX_POINT('',#3659);
#1171=VERTEX_POINT('',#3663);
#1172=VERTEX_POINT('',#3665);
#1173=VERTEX_POINT('',#3667);
#1174=VERTEX_POINT('',#3671);
#1175=VERTEX_POINT('',#3675);
#1176=VERTEX_POINT('',#3677);
#1177=VERTEX_POINT('',#3679);
#1178=VERTEX_POINT('',#3682);
#1179=VERTEX_POINT('',#3685);
#1180=VERTEX_POINT('',#3687);
#1181=VERTEX_POINT('',#3691);
#1182=VERTEX_POINT('',#3693);
#1183=VERTEX_POINT('',#3697);
#1184=VERTEX_POINT('',#3701);
#1185=VERTEX_POINT('',#3703);
#1186=VERTEX_POINT('',#3705);
#1187=VERTEX_POINT('',#3707);
#1188=VERTEX_POINT('',#3709);
#1189=VERTEX_POINT('',#3715);
#1190=VERTEX_POINT('',#3717);
#1191=VERTEX_POINT('',#3719);
#1192=VERTEX_POINT('',#3721);
#1193=VERTEX_POINT('',#3723);
#1194=VERTEX_POINT('',#3725);
#1195=VERTEX_POINT('',#3730);
#1196=VERTEX_POINT('',#3732);
#1197=VERTEX_POINT('',#3736);
#1198=VERTEX_POINT('',#3738);
#1199=VERTEX_POINT('',#3742);
#1200=VERTEX_POINT('',#3744);
#1201=VERTEX_POINT('',#3748);
#1202=VERTEX_POINT('',#3750);
#1203=VERTEX_POINT('',#3753);
#1204=VERTEX_POINT('',#3754);
#1205=VERTEX_POINT('',#3756);
#1206=VERTEX_POINT('',#3758);
#1207=VERTEX_POINT('',#3761);
#1208=VERTEX_POINT('',#3763);
#1209=VERTEX_POINT('',#3765);
#1210=VERTEX_POINT('',#3769);
#1211=VERTEX_POINT('',#3770);
#1212=VERTEX_POINT('',#3772);
#1213=VERTEX_POINT('',#3775);
#1214=VERTEX_POINT('',#3777);
#1215=VERTEX_POINT('',#3779);
#1216=VERTEX_POINT('',#3781);
#1217=VERTEX_POINT('',#3803);
#1218=VERTEX_POINT('',#3807);
#1219=VERTEX_POINT('',#3811);
#1220=VERTEX_POINT('',#3815);
#1221=VERTEX_POINT('',#3819);
#1222=VERTEX_POINT('',#3823);
#1223=VERTEX_POINT('',#3827);
#1224=VERTEX_POINT('',#3844);
#1225=VERTEX_POINT('',#3848);
#1226=VERTEX_POINT('',#3856);
#1227=VERTEX_POINT('',#3860);
#1228=VERTEX_POINT('',#3862);
#1229=VERTEX_POINT('',#3864);
#1230=VERTEX_POINT('',#3881);
#1231=VERTEX_POINT('',#3883);
#1232=VERTEX_POINT('',#3887);
#1233=VERTEX_POINT('',#3894);
#1234=VERTEX_POINT('',#3899);
#1235=VERTEX_POINT('',#3903);
#1236=VERTEX_POINT('',#3916);
#1237=VERTEX_POINT('',#3920);
#1238=VERTEX_POINT('',#3931);
#1239=VERTEX_POINT('',#3934);
#1240=EDGE_CURVE('',#1037,#1037,#994,.T.);
#1241=EDGE_CURVE('',#1037,#1038,#462,.T.);
#1242=EDGE_CURVE('',#1038,#1038,#995,.T.);
#1243=EDGE_CURVE('',#1039,#1039,#996,.T.);
#1244=EDGE_CURVE('',#1040,#1041,#463,.T.);
#1245=EDGE_CURVE('',#1041,#1042,#464,.T.);
#1246=EDGE_CURVE('',#1042,#1043,#465,.T.);
#1247=EDGE_CURVE('',#1043,#1040,#466,.T.);
#1248=EDGE_CURVE('',#1041,#1044,#467,.T.);
#1249=EDGE_CURVE('',#1044,#1045,#468,.T.);
#1250=EDGE_CURVE('',#1045,#1042,#469,.T.);
#1251=EDGE_CURVE('',#1044,#1046,#470,.T.);
#1252=EDGE_CURVE('',#1046,#1047,#471,.T.);
#1253=EDGE_CURVE('',#1047,#1048,#472,.T.);
#1254=EDGE_CURVE('',#1048,#1049,#473,.T.);
#1255=EDGE_CURVE('',#1049,#1045,#474,.T.);
#1256=EDGE_CURVE('',#1050,#1040,#475,.T.);
#1257=EDGE_CURVE('',#1043,#1051,#476,.T.);
#1258=EDGE_CURVE('',#1051,#1050,#477,.T.);
#1259=EDGE_CURVE('',#1051,#1052,#478,.T.);
#1260=EDGE_CURVE('',#1053,#1052,#479,.T.);
#1261=EDGE_CURVE('',#1053,#1054,#480,.T.);
#1262=EDGE_CURVE('',#1054,#1055,#481,.T.);
#1263=EDGE_CURVE('',#1055,#1050,#482,.T.);
#1264=EDGE_CURVE('',#1049,#1052,#483,.T.);
#1265=EDGE_CURVE('',#1056,#1056,#997,.T.);
#1266=EDGE_CURVE('',#1057,#1057,#998,.T.);
#1267=EDGE_CURVE('',#1048,#1053,#484,.T.);
#1268=EDGE_CURVE('',#1058,#1047,#485,.T.);
#1269=EDGE_CURVE('',#1059,#1058,#486,.T.);
#1270=EDGE_CURVE('',#1059,#1054,#487,.T.);
#1271=EDGE_CURVE('',#1060,#1060,#999,.T.);
#1272=EDGE_CURVE('',#1061,#1061,#1000,.T.);
#1273=EDGE_CURVE('',#1062,#1062,#1001,.T.);
#1274=EDGE_CURVE('',#1063,#1063,#1002,.T.);
#1275=EDGE_CURVE('',#1064,#1064,#1003,.T.);
#1276=EDGE_CURVE('',#1065,#1065,#1004,.T.);
#1277=EDGE_CURVE('',#1066,#1066,#1005,.T.);
#1278=EDGE_CURVE('',#1067,#1068,#488,.T.);
#1279=EDGE_CURVE('',#1068,#1069,#489,.T.);
#1280=EDGE_CURVE('',#1069,#1070,#490,.T.);
#1281=EDGE_CURVE('',#1070,#1067,#491,.T.);
#1282=EDGE_CURVE('',#1068,#1071,#492,.T.);
#1283=EDGE_CURVE('',#1071,#1072,#493,.T.);
#1284=EDGE_CURVE('',#1072,#1069,#494,.T.);
#1285=EDGE_CURVE('',#1070,#1073,#495,.T.);
#1286=EDGE_CURVE('',#1073,#1074,#496,.F.);
#1287=EDGE_CURVE('',#1074,#1067,#497,.T.);
#1288=EDGE_CURVE('',#1075,#1071,#498,.T.);
#1289=EDGE_CURVE('',#1076,#1075,#499,.T.);
#1290=EDGE_CURVE('',#1077,#1076,#500,.T.);
#1291=EDGE_CURVE('',#1078,#1077,#501,.T.);
#1292=EDGE_CURVE('',#1079,#1078,#502,.T.);
#1293=EDGE_CURVE('',#1080,#1079,#503,.T.);
#1294=EDGE_CURVE('',#1081,#1080,#504,.T.);
#1295=EDGE_CURVE('',#1082,#1081,#505,.T.);
#1296=EDGE_CURVE('',#1083,#1082,#506,.T.);
#1297=EDGE_CURVE('',#1084,#1083,#507,.T.);
#1298=EDGE_CURVE('',#1085,#1084,#508,.T.);
#1299=EDGE_CURVE('',#1086,#1085,#509,.T.);
#1300=EDGE_CURVE('',#1087,#1086,#510,.T.);
#1301=EDGE_CURVE('',#1088,#1087,#511,.T.);
#1302=EDGE_CURVE('',#1089,#1088,#512,.T.);
#1303=EDGE_CURVE('',#1090,#1089,#513,.T.);
#1304=EDGE_CURVE('',#1091,#1090,#514,.T.);
#1305=EDGE_CURVE('',#1092,#1091,#515,.T.);
#1306=EDGE_CURVE('',#1093,#1092,#516,.T.);
#1307=EDGE_CURVE('',#1094,#1093,#517,.T.);
#1308=EDGE_CURVE('',#1095,#1094,#518,.T.);
#1309=EDGE_CURVE('',#1096,#1095,#519,.T.);
#1310=EDGE_CURVE('',#1097,#1096,#520,.T.);
#1311=EDGE_CURVE('',#1098,#1097,#521,.T.);
#1312=EDGE_CURVE('',#1099,#1098,#522,.T.);
#1313=EDGE_CURVE('',#1100,#1099,#523,.T.);
#1314=EDGE_CURVE('',#1101,#1100,#524,.T.);
#1315=EDGE_CURVE('',#1102,#1101,#525,.T.);
#1316=EDGE_CURVE('',#1103,#1102,#526,.T.);
#1317=EDGE_CURVE('',#1104,#1103,#527,.T.);
#1318=EDGE_CURVE('',#1072,#1104,#528,.T.);
#1319=EDGE_CURVE('',#1068,#1105,#529,.T.);
#1320=EDGE_CURVE('',#1075,#1105,#530,.T.);
#1321=EDGE_CURVE('',#1106,#1067,#531,.T.);
#1322=EDGE_CURVE('',#1105,#1106,#532,.T.);
#1323=EDGE_CURVE('',#1107,#1074,#533,.T.);
#1324=EDGE_CURVE('',#1106,#1107,#534,.T.);
#1325=EDGE_CURVE('',#1108,#1076,#535,.T.);
#1326=EDGE_CURVE('',#1105,#1108,#536,.T.);
#1327=EDGE_CURVE('',#1109,#1108,#537,.T.);
#1328=EDGE_CURVE('',#1106,#1109,#538,.T.);
#1329=EDGE_CURVE('',#1107,#1110,#539,.F.);
#1330=EDGE_CURVE('',#1110,#1109,#540,.T.);
#1331=EDGE_CURVE('',#1111,#1110,#541,.T.);
#1332=EDGE_CURVE('',#1077,#1111,#542,.F.);
#1333=EDGE_CURVE('',#1112,#1112,#1006,.T.);
#1334=EDGE_CURVE('',#1113,#1113,#1007,.T.);
#1335=EDGE_CURVE('',#1114,#1115,#543,.T.);
#1336=EDGE_CURVE('',#1115,#1116,#544,.T.);
#1337=EDGE_CURVE('',#1116,#1117,#545,.T.);
#1338=EDGE_CURVE('',#1117,#1114,#546,.T.);
#1339=EDGE_CURVE('',#1115,#1118,#547,.T.);
#1340=EDGE_CURVE('',#1118,#1119,#548,.F.);
#1341=EDGE_CURVE('',#1119,#1116,#549,.T.);
#1342=EDGE_CURVE('',#1117,#1080,#550,.T.);
#1343=EDGE_CURVE('',#1079,#1114,#551,.T.);
#1344=EDGE_CURVE('',#1078,#1120,#552,.T.);
#1345=EDGE_CURVE('',#1118,#1120,#553,.T.);
#1346=EDGE_CURVE('',#1121,#1121,#1008,.T.);
#1347=EDGE_CURVE('',#1122,#1122,#1009,.T.);
#1348=EDGE_CURVE('',#1123,#1082,#554,.T.);
#1349=EDGE_CURVE('',#1081,#1124,#555,.T.);
#1350=EDGE_CURVE('',#1124,#1123,#556,.T.);
#1351=EDGE_CURVE('',#1125,#1123,#557,.T.);
#1352=EDGE_CURVE('',#1124,#1126,#558,.T.);
#1353=EDGE_CURVE('',#1126,#1125,#559,.T.);
#1354=EDGE_CURVE('',#1126,#1127,#560,.T.);
#1355=EDGE_CURVE('',#1127,#1128,#561,.F.);
#1356=EDGE_CURVE('',#1128,#1125,#562,.T.);
#1357=EDGE_CURVE('',#1129,#1128,#563,.T.);
#1358=EDGE_CURVE('',#1083,#1129,#564,.F.);
#1359=EDGE_CURVE('',#1130,#1130,#1010,.T.);
#1360=EDGE_CURVE('',#1131,#1131,#1011,.T.);
#1361=EDGE_CURVE('',#1132,#1133,#565,.T.);
#1362=EDGE_CURVE('',#1133,#1134,#28,.T.);
#1363=EDGE_CURVE('',#1134,#1135,#566,.T.);
#1364=EDGE_CURVE('',#1135,#1132,#567,.T.);
#1365=EDGE_CURVE('',#1136,#1137,#568,.F.);
#1366=EDGE_CURVE('',#1137,#1138,#569,.T.);
#1367=EDGE_CURVE('',#1138,#1139,#570,.T.);
#1368=EDGE_CURVE('',#1139,#1136,#571,.T.);
#1369=EDGE_CURVE('',#1133,#1139,#29,.T.);
#1370=EDGE_CURVE('',#1138,#1134,#30,.T.);
#1371=EDGE_CURVE('',#1135,#1098,#572,.T.);
#1372=EDGE_CURVE('',#1097,#1132,#573,.T.);
#1373=EDGE_CURVE('',#1140,#1133,#574,.T.);
#1374=EDGE_CURVE('',#1141,#1140,#31,.T.);
#1375=EDGE_CURVE('',#1142,#1141,#575,.T.);
#1376=EDGE_CURVE('',#1136,#1142,#576,.T.);
#1377=EDGE_CURVE('',#1132,#1143,#577,.T.);
#1378=EDGE_CURVE('',#1140,#1143,#578,.T.);
#1379=EDGE_CURVE('',#1143,#1096,#579,.T.);
#1380=EDGE_CURVE('',#1095,#1144,#580,.T.);
#1381=EDGE_CURVE('',#1144,#1143,#581,.T.);
#1382=EDGE_CURVE('',#1144,#1145,#582,.T.);
#1383=EDGE_CURVE('',#1145,#1140,#32,.T.);
#1384=EDGE_CURVE('',#1141,#1146,#583,.T.);
#1385=EDGE_CURVE('',#1146,#1147,#584,.T.);
#1386=EDGE_CURVE('',#1147,#1142,#585,.F.);
#1387=EDGE_CURVE('',#1145,#1146,#33,.T.);
#1388=EDGE_CURVE('',#1148,#1092,#586,.T.);
#1389=EDGE_CURVE('',#1091,#1149,#587,.T.);
#1390=EDGE_CURVE('',#1149,#1148,#588,.T.);
#1391=EDGE_CURVE('',#1149,#1150,#589,.T.);
#1392=EDGE_CURVE('',#1150,#1151,#34,.T.);
#1393=EDGE_CURVE('',#1151,#1148,#590,.T.);
#1394=EDGE_CURVE('',#1152,#1153,#591,.F.);
#1395=EDGE_CURVE('',#1153,#1154,#592,.T.);
#1396=EDGE_CURVE('',#1154,#1155,#593,.T.);
#1397=EDGE_CURVE('',#1155,#1152,#594,.T.);
#1398=EDGE_CURVE('',#1150,#1155,#35,.T.);
#1399=EDGE_CURVE('',#1154,#1151,#36,.T.);
#1400=EDGE_CURVE('',#1156,#1154,#595,.T.);
#1401=EDGE_CURVE('',#1157,#1156,#596,.T.);
#1402=EDGE_CURVE('',#1093,#1157,#597,.F.);
#1403=EDGE_CURVE('',#1158,#1158,#1012,.T.);
#1404=EDGE_CURVE('',#1159,#1159,#1013,.T.);
#1405=EDGE_CURVE('',#1156,#1153,#598,.T.);
#1406=EDGE_CURVE('',#1160,#1161,#599,.T.);
#1407=EDGE_CURVE('',#1161,#1162,#600,.T.);
#1408=EDGE_CURVE('',#1162,#1163,#601,.F.);
#1409=EDGE_CURVE('',#1163,#1160,#602,.T.);
#1410=EDGE_CURVE('',#1164,#1161,#37,.T.);
#1411=EDGE_CURVE('',#1160,#1165,#38,.T.);
#1412=EDGE_CURVE('',#1165,#1164,#39,.T.);
#1413=EDGE_CURVE('',#1166,#1164,#603,.T.);
#1414=EDGE_CURVE('',#1165,#1167,#604,.T.);
#1415=EDGE_CURVE('',#1167,#1166,#605,.T.);
#1416=EDGE_CURVE('',#1167,#1090,#606,.T.);
#1417=EDGE_CURVE('',#1089,#1166,#607,.T.);
#1418=EDGE_CURVE('',#1167,#1149,#608,.T.);
#1419=EDGE_CURVE('',#1165,#1150,#609,.T.);
#1420=EDGE_CURVE('',#1152,#1163,#610,.T.);
#1421=EDGE_CURVE('',#1146,#1168,#611,.T.);
#1422=EDGE_CURVE('',#1147,#1168,#612,.T.);
#1423=EDGE_CURVE('',#1169,#1161,#613,.T.);
#1424=EDGE_CURVE('',#1162,#1169,#614,.T.);
#1425=EDGE_CURVE('',#1127,#1119,#615,.T.);
#1426=EDGE_CURVE('',#1126,#1116,#616,.T.);
#1427=EDGE_CURVE('',#1117,#1124,#617,.T.);
#1428=EDGE_CURVE('',#1170,#1055,#618,.T.);
#1429=EDGE_CURVE('',#1129,#1170,#619,.T.);
#1430=EDGE_CURVE('',#1111,#1120,#620,.T.);
#1431=EDGE_CURVE('',#1073,#1171,#621,.T.);
#1432=EDGE_CURVE('',#1172,#1171,#622,.T.);
#1433=EDGE_CURVE('',#1173,#1172,#623,.T.);
#1434=EDGE_CURVE('',#1050,#1173,#624,.T.);
#1435=EDGE_CURVE('',#1174,#1137,#625,.T.);
#1436=EDGE_CURVE('',#1138,#1174,#626,.T.);
#1437=EDGE_CURVE('',#1175,#1044,#627,.T.);
#1438=EDGE_CURVE('',#1176,#1175,#628,.T.);
#1439=EDGE_CURVE('',#1177,#1176,#629,.T.);
#1440=EDGE_CURVE('',#1177,#1174,#630,.T.);
#1441=EDGE_CURVE('',#1168,#1178,#631,.T.);
#1442=EDGE_CURVE('',#1157,#1178,#632,.T.);
#1443=EDGE_CURVE('',#1169,#1179,#633,.T.);
#1444=EDGE_CURVE('',#1180,#1179,#634,.T.);
#1445=EDGE_CURVE('',#1180,#1046,#635,.T.);
#1446=EDGE_CURVE('',#1181,#1052,#636,.T.);
#1447=EDGE_CURVE('',#1182,#1181,#637,.T.);
#1448=EDGE_CURVE('',#1053,#1182,#638,.T.);
#1449=EDGE_CURVE('',#1183,#1048,#639,.T.);
#1450=EDGE_CURVE('',#1183,#1182,#640,.T.);
#1451=EDGE_CURVE('',#1184,#1183,#641,.T.);
#1452=EDGE_CURVE('',#1181,#1185,#642,.T.);
#1453=EDGE_CURVE('',#1186,#1185,#643,.T.);
#1454=EDGE_CURVE('',#1187,#1186,#644,.T.);
#1455=EDGE_CURVE('',#1188,#1187,#645,.T.);
#1456=EDGE_CURVE('',#1188,#1184,#646,.T.);
#1457=EDGE_CURVE('',#1049,#1184,#647,.T.);
#1458=EDGE_CURVE('',#1189,#1188,#648,.T.);
#1459=EDGE_CURVE('',#1190,#1189,#649,.T.);
#1460=EDGE_CURVE('',#1191,#1190,#650,.T.);
#1461=EDGE_CURVE('',#1192,#1191,#651,.T.);
#1462=EDGE_CURVE('',#1193,#1192,#652,.T.);
#1463=EDGE_CURVE('',#1194,#1193,#653,.T.);
#1464=EDGE_CURVE('',#1185,#1194,#654,.T.);
#1465=EDGE_CURVE('',#1088,#1179,#655,.T.);
#1466=EDGE_CURVE('',#1195,#1195,#1014,.T.);
#1467=EDGE_CURVE('',#1196,#1196,#1015,.T.);
#1468=EDGE_CURVE('',#1104,#1171,#656,.T.);
#1469=EDGE_CURVE('',#1197,#1197,#1016,.T.);
#1470=EDGE_CURVE('',#1198,#1198,#1017,.T.);
#1471=EDGE_CURVE('',#1094,#1178,#657,.T.);
#1472=EDGE_CURVE('',#1199,#1199,#1018,.T.);
#1473=EDGE_CURVE('',#1200,#1200,#1019,.T.);
#1474=EDGE_CURVE('',#1099,#1177,#658,.F.);
#1475=EDGE_CURVE('',#1201,#1201,#1020,.T.);
#1476=EDGE_CURVE('',#1202,#1202,#1021,.T.);
#1477=EDGE_CURVE('',#1203,#1204,#659,.T.);
#1478=EDGE_CURVE('',#1204,#1205,#20,.T.);
#1479=EDGE_CURVE('',#1205,#1206,#1022,.T.);
#1480=EDGE_CURVE('',#1206,#1056,#660,.T.);
#1481=EDGE_CURVE('',#1206,#1207,#1023,.T.);
#1482=EDGE_CURVE('',#1207,#1208,#21,.T.);
#1483=EDGE_CURVE('',#1208,#1209,#661,.T.);
#1484=EDGE_CURVE('',#1203,#1209,#1024,.T.);
#1485=EDGE_CURVE('',#1210,#1211,#662,.T.);
#1486=EDGE_CURVE('',#1212,#1211,#1025,.T.);
#1487=EDGE_CURVE('',#1212,#1057,#663,.T.);
#1488=EDGE_CURVE('',#1213,#1212,#1026,.T.);
#1489=EDGE_CURVE('',#1213,#1214,#664,.T.);
#1490=EDGE_CURVE('',#1214,#1215,#22,.T.);
#1491=EDGE_CURVE('',#1215,#1216,#1027,.T.);
#1492=EDGE_CURVE('',#1216,#1210,#23,.T.);
#1493=EDGE_CURVE('',#1203,#1209,#665,.T.);
#1494=EDGE_CURVE('',#1112,#1197,#666,.T.);
#1495=EDGE_CURVE('',#1131,#1122,#667,.T.);
#1496=EDGE_CURVE('',#1195,#1159,#668,.T.);
#1497=EDGE_CURVE('',#1200,#1202,#669,.T.);
#1498=EDGE_CURVE('',#1196,#1158,#670,.T.);
#1499=EDGE_CURVE('',#1199,#1201,#671,.T.);
#1500=EDGE_CURVE('',#1113,#1198,#672,.T.);
#1501=EDGE_CURVE('',#1130,#1121,#673,.T.);
#1502=EDGE_CURVE('',#1066,#1217,#674,.T.);
#1503=EDGE_CURVE('',#1217,#1217,#1028,.T.);
#1504=EDGE_CURVE('',#1065,#1218,#675,.T.);
#1505=EDGE_CURVE('',#1218,#1218,#1029,.T.);
#1506=EDGE_CURVE('',#1064,#1219,#676,.T.);
#1507=EDGE_CURVE('',#1219,#1219,#1030,.T.);
#1508=EDGE_CURVE('',#1063,#1220,#677,.T.);
#1509=EDGE_CURVE('',#1220,#1220,#1031,.T.);
#1510=EDGE_CURVE('',#1062,#1221,#678,.T.);
#1511=EDGE_CURVE('',#1221,#1221,#1032,.T.);
#1512=EDGE_CURVE('',#1222,#1222,#1033,.T.);
#1513=EDGE_CURVE('',#1222,#1061,#679,.T.);
#1514=EDGE_CURVE('',#1223,#1223,#1034,.T.);
#1515=EDGE_CURVE('',#1223,#1060,#680,.T.);
#1516=EDGE_CURVE('',#1059,#1085,#681,.T.);
#1517=EDGE_CURVE('',#1084,#1170,#682,.T.);
#1518=EDGE_CURVE('',#1180,#1087,#683,.T.);
#1519=EDGE_CURVE('',#1086,#1058,#684,.T.);
#1520=EDGE_CURVE('',#1103,#1172,#685,.T.);
#1521=EDGE_CURVE('',#1102,#1224,#686,.T.);
#1522=EDGE_CURVE('',#1224,#1172,#687,.T.);
#1523=EDGE_CURVE('',#1101,#1225,#688,.T.);
#1524=EDGE_CURVE('',#1225,#1224,#689,.T.);
#1525=EDGE_CURVE('',#1176,#1100,#690,.T.);
#1526=EDGE_CURVE('',#1176,#1225,#691,.T.);
#1527=EDGE_CURVE('',#1226,#1224,#692,.T.);
#1528=EDGE_CURVE('',#1173,#1226,#693,.T.);
#1529=EDGE_CURVE('',#1227,#1225,#694,.T.);
#1530=EDGE_CURVE('',#1228,#1227,#695,.T.);
#1531=EDGE_CURVE('',#1229,#1228,#696,.T.);
#1532=EDGE_CURVE('',#1226,#1229,#697,.T.);
#1533=EDGE_CURVE('',#1227,#1175,#698,.T.);
#1534=EDGE_CURVE('',#1204,#1193,#699,.T.);
#1535=EDGE_CURVE('',#1192,#1205,#700,.T.);
#1536=EDGE_CURVE('',#1230,#1207,#701,.T.);
#1537=EDGE_CURVE('',#1230,#1231,#702,.T.);
#1538=EDGE_CURVE('',#1231,#1208,#703,.T.);
#1539=EDGE_CURVE('',#1232,#1215,#704,.T.);
#1540=EDGE_CURVE('',#1232,#1230,#705,.T.);
#1541=EDGE_CURVE('',#1216,#1191,#706,.T.);
#1542=EDGE_CURVE('',#1190,#1210,#707,.T.);
#1543=EDGE_CURVE('',#1233,#1214,#708,.T.);
#1544=EDGE_CURVE('',#1233,#1232,#709,.T.);
#1545=EDGE_CURVE('',#1194,#1203,#710,.T.);
#1546=EDGE_CURVE('',#1209,#1234,#711,.T.);
#1547=EDGE_CURVE('',#1234,#1186,#712,.T.);
#1548=EDGE_CURVE('',#1187,#1235,#713,.T.);
#1549=EDGE_CURVE('',#1235,#1213,#714,.T.);
#1550=EDGE_CURVE('',#1213,#1211,#715,.T.);
#1551=EDGE_CURVE('',#1211,#1189,#716,.T.);
#1552=EDGE_CURVE('',#1234,#1231,#717,.T.);
#1553=EDGE_CURVE('',#1233,#1235,#718,.T.);
#1554=EDGE_CURVE('',#1236,#1173,#719,.T.);
#1555=EDGE_CURVE('',#1236,#1040,#720,.T.);
#1556=EDGE_CURVE('',#1237,#1236,#721,.T.);
#1557=EDGE_CURVE('',#1041,#1237,#722,.T.);
#1558=EDGE_CURVE('',#1175,#1237,#723,.T.);
#1559=EDGE_CURVE('',#1236,#1229,#724,.T.);
#1560=EDGE_CURVE('',#1228,#1237,#725,.T.);
#1561=EDGE_CURVE('',#1238,#1238,#1035,.T.);
#1562=EDGE_CURVE('',#1039,#1239,#726,.T.);
#1563=EDGE_CURVE('',#1239,#1239,#1036,.T.);
#1564=EDGE_CURVE('',#1238,#1239,#727,.T.);
#1565=ORIENTED_EDGE('',*,*,#1240,.F.);
#1566=ORIENTED_EDGE('',*,*,#1241,.T.);
#1567=ORIENTED_EDGE('',*,*,#1242,.F.);
#1568=ORIENTED_EDGE('',*,*,#1241,.F.);
#1569=ORIENTED_EDGE('',*,*,#1240,.T.);
#1570=ORIENTED_EDGE('',*,*,#1243,.F.);
#1571=ORIENTED_EDGE('',*,*,#1244,.T.);
#1572=ORIENTED_EDGE('',*,*,#1245,.T.);
#1573=ORIENTED_EDGE('',*,*,#1246,.T.);
#1574=ORIENTED_EDGE('',*,*,#1247,.T.);
#1575=ORIENTED_EDGE('',*,*,#1248,.T.);
#1576=ORIENTED_EDGE('',*,*,#1249,.T.);
#1577=ORIENTED_EDGE('',*,*,#1250,.T.);
#1578=ORIENTED_EDGE('',*,*,#1245,.F.);
#1579=ORIENTED_EDGE('',*,*,#1251,.T.);
#1580=ORIENTED_EDGE('',*,*,#1252,.T.);
#1581=ORIENTED_EDGE('',*,*,#1253,.T.);
#1582=ORIENTED_EDGE('',*,*,#1254,.T.);
#1583=ORIENTED_EDGE('',*,*,#1255,.T.);
#1584=ORIENTED_EDGE('',*,*,#1249,.F.);
#1585=ORIENTED_EDGE('',*,*,#1256,.T.);
#1586=ORIENTED_EDGE('',*,*,#1247,.F.);
#1587=ORIENTED_EDGE('',*,*,#1257,.T.);
#1588=ORIENTED_EDGE('',*,*,#1258,.T.);
#1589=ORIENTED_EDGE('',*,*,#1259,.T.);
#1590=ORIENTED_EDGE('',*,*,#1260,.F.);
#1591=ORIENTED_EDGE('',*,*,#1261,.T.);
#1592=ORIENTED_EDGE('',*,*,#1262,.T.);
#1593=ORIENTED_EDGE('',*,*,#1263,.T.);
#1594=ORIENTED_EDGE('',*,*,#1258,.F.);
#1595=ORIENTED_EDGE('',*,*,#1259,.F.);
#1596=ORIENTED_EDGE('',*,*,#1257,.F.);
#1597=ORIENTED_EDGE('',*,*,#1246,.F.);
#1598=ORIENTED_EDGE('',*,*,#1250,.F.);
#1599=ORIENTED_EDGE('',*,*,#1255,.F.);
#1600=ORIENTED_EDGE('',*,*,#1264,.T.);
#1601=ORIENTED_EDGE('',*,*,#1265,.T.);
#1602=ORIENTED_EDGE('',*,*,#1266,.T.);
#1603=ORIENTED_EDGE('',*,*,#1261,.F.);
#1604=ORIENTED_EDGE('',*,*,#1267,.F.);
#1605=ORIENTED_EDGE('',*,*,#1253,.F.);
#1606=ORIENTED_EDGE('',*,*,#1268,.F.);
#1607=ORIENTED_EDGE('',*,*,#1269,.F.);
#1608=ORIENTED_EDGE('',*,*,#1270,.T.);
#1609=ORIENTED_EDGE('',*,*,#1271,.T.);
#1610=ORIENTED_EDGE('',*,*,#1272,.T.);
#1611=ORIENTED_EDGE('',*,*,#1273,.T.);
#1612=ORIENTED_EDGE('',*,*,#1274,.T.);
#1613=ORIENTED_EDGE('',*,*,#1275,.T.);
#1614=ORIENTED_EDGE('',*,*,#1276,.T.);
#1615=ORIENTED_EDGE('',*,*,#1277,.T.);
#1616=ORIENTED_EDGE('',*,*,#1278,.T.);
#1617=ORIENTED_EDGE('',*,*,#1279,.T.);
#1618=ORIENTED_EDGE('',*,*,#1280,.T.);
#1619=ORIENTED_EDGE('',*,*,#1281,.T.);
#1620=ORIENTED_EDGE('',*,*,#1282,.T.);
#1621=ORIENTED_EDGE('',*,*,#1283,.T.);
#1622=ORIENTED_EDGE('',*,*,#1284,.T.);
#1623=ORIENTED_EDGE('',*,*,#1279,.F.);
#1624=ORIENTED_EDGE('',*,*,#1285,.T.);
#1625=ORIENTED_EDGE('',*,*,#1286,.T.);
#1626=ORIENTED_EDGE('',*,*,#1287,.T.);
#1627=ORIENTED_EDGE('',*,*,#1281,.F.);
#1628=ORIENTED_EDGE('',*,*,#1283,.F.);
#1629=ORIENTED_EDGE('',*,*,#1288,.F.);
#1630=ORIENTED_EDGE('',*,*,#1289,.F.);
#1631=ORIENTED_EDGE('',*,*,#1290,.F.);
#1632=ORIENTED_EDGE('',*,*,#1291,.F.);
#1633=ORIENTED_EDGE('',*,*,#1292,.F.);
#1634=ORIENTED_EDGE('',*,*,#1293,.F.);
#1635=ORIENTED_EDGE('',*,*,#1294,.F.);
#1636=ORIENTED_EDGE('',*,*,#1295,.F.);
#1637=ORIENTED_EDGE('',*,*,#1296,.F.);
#1638=ORIENTED_EDGE('',*,*,#1297,.F.);
#1639=ORIENTED_EDGE('',*,*,#1298,.F.);
#1640=ORIENTED_EDGE('',*,*,#1299,.F.);
#1641=ORIENTED_EDGE('',*,*,#1300,.F.);
#1642=ORIENTED_EDGE('',*,*,#1301,.F.);
#1643=ORIENTED_EDGE('',*,*,#1302,.F.);
#1644=ORIENTED_EDGE('',*,*,#1303,.F.);
#1645=ORIENTED_EDGE('',*,*,#1304,.F.);
#1646=ORIENTED_EDGE('',*,*,#1305,.F.);
#1647=ORIENTED_EDGE('',*,*,#1306,.F.);
#1648=ORIENTED_EDGE('',*,*,#1307,.F.);
#1649=ORIENTED_EDGE('',*,*,#1308,.F.);
#1650=ORIENTED_EDGE('',*,*,#1309,.F.);
#1651=ORIENTED_EDGE('',*,*,#1310,.F.);
#1652=ORIENTED_EDGE('',*,*,#1311,.F.);
#1653=ORIENTED_EDGE('',*,*,#1312,.F.);
#1654=ORIENTED_EDGE('',*,*,#1313,.F.);
#1655=ORIENTED_EDGE('',*,*,#1314,.F.);
#1656=ORIENTED_EDGE('',*,*,#1315,.F.);
#1657=ORIENTED_EDGE('',*,*,#1316,.F.);
#1658=ORIENTED_EDGE('',*,*,#1317,.F.);
#1659=ORIENTED_EDGE('',*,*,#1318,.F.);
#1660=ORIENTED_EDGE('',*,*,#1282,.F.);
#1661=ORIENTED_EDGE('',*,*,#1319,.T.);
#1662=ORIENTED_EDGE('',*,*,#1320,.F.);
#1663=ORIENTED_EDGE('',*,*,#1288,.T.);
#1664=ORIENTED_EDGE('',*,*,#1278,.F.);
#1665=ORIENTED_EDGE('',*,*,#1321,.F.);
#1666=ORIENTED_EDGE('',*,*,#1322,.F.);
#1667=ORIENTED_EDGE('',*,*,#1319,.F.);
#1668=ORIENTED_EDGE('',*,*,#1287,.F.);
#1669=ORIENTED_EDGE('',*,*,#1323,.F.);
#1670=ORIENTED_EDGE('',*,*,#1324,.F.);
#1671=ORIENTED_EDGE('',*,*,#1321,.T.);
#1672=ORIENTED_EDGE('',*,*,#1325,.T.);
#1673=ORIENTED_EDGE('',*,*,#1289,.T.);
#1674=ORIENTED_EDGE('',*,*,#1320,.T.);
#1675=ORIENTED_EDGE('',*,*,#1326,.T.);
#1676=ORIENTED_EDGE('',*,*,#1327,.T.);
#1677=ORIENTED_EDGE('',*,*,#1326,.F.);
#1678=ORIENTED_EDGE('',*,*,#1322,.T.);
#1679=ORIENTED_EDGE('',*,*,#1328,.T.);
#1680=ORIENTED_EDGE('',*,*,#1324,.T.);
#1681=ORIENTED_EDGE('',*,*,#1329,.T.);
#1682=ORIENTED_EDGE('',*,*,#1330,.T.);
#1683=ORIENTED_EDGE('',*,*,#1328,.F.);
#1684=ORIENTED_EDGE('',*,*,#1325,.F.);
#1685=ORIENTED_EDGE('',*,*,#1327,.F.);
#1686=ORIENTED_EDGE('',*,*,#1330,.F.);
#1687=ORIENTED_EDGE('',*,*,#1331,.F.);
#1688=ORIENTED_EDGE('',*,*,#1332,.F.);
#1689=ORIENTED_EDGE('',*,*,#1290,.T.);
#1690=ORIENTED_EDGE('',*,*,#1333,.T.);
#1691=ORIENTED_EDGE('',*,*,#1334,.T.);
#1692=ORIENTED_EDGE('',*,*,#1335,.T.);
#1693=ORIENTED_EDGE('',*,*,#1336,.T.);
#1694=ORIENTED_EDGE('',*,*,#1337,.T.);
#1695=ORIENTED_EDGE('',*,*,#1338,.T.);
#1696=ORIENTED_EDGE('',*,*,#1339,.T.);
#1697=ORIENTED_EDGE('',*,*,#1340,.T.);
#1698=ORIENTED_EDGE('',*,*,#1341,.T.);
#1699=ORIENTED_EDGE('',*,*,#1336,.F.);
#1700=ORIENTED_EDGE('',*,*,#1342,.T.);
#1701=ORIENTED_EDGE('',*,*,#1293,.T.);
#1702=ORIENTED_EDGE('',*,*,#1343,.T.);
#1703=ORIENTED_EDGE('',*,*,#1338,.F.);
#1704=ORIENTED_EDGE('',*,*,#1339,.F.);
#1705=ORIENTED_EDGE('',*,*,#1335,.F.);
#1706=ORIENTED_EDGE('',*,*,#1343,.F.);
#1707=ORIENTED_EDGE('',*,*,#1292,.T.);
#1708=ORIENTED_EDGE('',*,*,#1344,.T.);
#1709=ORIENTED_EDGE('',*,*,#1345,.F.);
#1710=ORIENTED_EDGE('',*,*,#1346,.T.);
#1711=ORIENTED_EDGE('',*,*,#1347,.T.);
#1712=ORIENTED_EDGE('',*,*,#1348,.T.);
#1713=ORIENTED_EDGE('',*,*,#1295,.T.);
#1714=ORIENTED_EDGE('',*,*,#1349,.T.);
#1715=ORIENTED_EDGE('',*,*,#1350,.T.);
#1716=ORIENTED_EDGE('',*,*,#1351,.T.);
#1717=ORIENTED_EDGE('',*,*,#1350,.F.);
#1718=ORIENTED_EDGE('',*,*,#1352,.T.);
#1719=ORIENTED_EDGE('',*,*,#1353,.T.);
#1720=ORIENTED_EDGE('',*,*,#1354,.T.);
#1721=ORIENTED_EDGE('',*,*,#1355,.T.);
#1722=ORIENTED_EDGE('',*,*,#1356,.T.);
#1723=ORIENTED_EDGE('',*,*,#1353,.F.);
#1724=ORIENTED_EDGE('',*,*,#1348,.F.);
#1725=ORIENTED_EDGE('',*,*,#1351,.F.);
#1726=ORIENTED_EDGE('',*,*,#1356,.F.);
#1727=ORIENTED_EDGE('',*,*,#1357,.F.);
#1728=ORIENTED_EDGE('',*,*,#1358,.F.);
#1729=ORIENTED_EDGE('',*,*,#1296,.T.);
#1730=ORIENTED_EDGE('',*,*,#1359,.T.);
#1731=ORIENTED_EDGE('',*,*,#1360,.T.);
#1732=ORIENTED_EDGE('',*,*,#1361,.T.);
#1733=ORIENTED_EDGE('',*,*,#1362,.T.);
#1734=ORIENTED_EDGE('',*,*,#1363,.T.);
#1735=ORIENTED_EDGE('',*,*,#1364,.T.);
#1736=ORIENTED_EDGE('',*,*,#1365,.T.);
#1737=ORIENTED_EDGE('',*,*,#1366,.T.);
#1738=ORIENTED_EDGE('',*,*,#1367,.T.);
#1739=ORIENTED_EDGE('',*,*,#1368,.T.);
#1740=ORIENTED_EDGE('',*,*,#1369,.T.);
#1741=ORIENTED_EDGE('',*,*,#1367,.F.);
#1742=ORIENTED_EDGE('',*,*,#1370,.T.);
#1743=ORIENTED_EDGE('',*,*,#1362,.F.);
#1744=ORIENTED_EDGE('',*,*,#1371,.T.);
#1745=ORIENTED_EDGE('',*,*,#1311,.T.);
#1746=ORIENTED_EDGE('',*,*,#1372,.T.);
#1747=ORIENTED_EDGE('',*,*,#1364,.F.);
#1748=ORIENTED_EDGE('',*,*,#1368,.F.);
#1749=ORIENTED_EDGE('',*,*,#1369,.F.);
#1750=ORIENTED_EDGE('',*,*,#1373,.F.);
#1751=ORIENTED_EDGE('',*,*,#1374,.F.);
#1752=ORIENTED_EDGE('',*,*,#1375,.F.);
#1753=ORIENTED_EDGE('',*,*,#1376,.F.);
#1754=ORIENTED_EDGE('',*,*,#1361,.F.);
#1755=ORIENTED_EDGE('',*,*,#1377,.T.);
#1756=ORIENTED_EDGE('',*,*,#1378,.F.);
#1757=ORIENTED_EDGE('',*,*,#1373,.T.);
#1758=ORIENTED_EDGE('',*,*,#1372,.F.);
#1759=ORIENTED_EDGE('',*,*,#1310,.T.);
#1760=ORIENTED_EDGE('',*,*,#1379,.F.);
#1761=ORIENTED_EDGE('',*,*,#1377,.F.);
#1762=ORIENTED_EDGE('',*,*,#1379,.T.);
#1763=ORIENTED_EDGE('',*,*,#1309,.T.);
#1764=ORIENTED_EDGE('',*,*,#1380,.T.);
#1765=ORIENTED_EDGE('',*,*,#1381,.T.);
#1766=ORIENTED_EDGE('',*,*,#1382,.T.);
#1767=ORIENTED_EDGE('',*,*,#1383,.T.);
#1768=ORIENTED_EDGE('',*,*,#1378,.T.);
#1769=ORIENTED_EDGE('',*,*,#1381,.F.);
#1770=ORIENTED_EDGE('',*,*,#1384,.T.);
#1771=ORIENTED_EDGE('',*,*,#1385,.T.);
#1772=ORIENTED_EDGE('',*,*,#1386,.T.);
#1773=ORIENTED_EDGE('',*,*,#1375,.T.);
#1774=ORIENTED_EDGE('',*,*,#1387,.T.);
#1775=ORIENTED_EDGE('',*,*,#1384,.F.);
#1776=ORIENTED_EDGE('',*,*,#1374,.T.);
#1777=ORIENTED_EDGE('',*,*,#1383,.F.);
#1778=ORIENTED_EDGE('',*,*,#1388,.T.);
#1779=ORIENTED_EDGE('',*,*,#1305,.T.);
#1780=ORIENTED_EDGE('',*,*,#1389,.T.);
#1781=ORIENTED_EDGE('',*,*,#1390,.T.);
#1782=ORIENTED_EDGE('',*,*,#1391,.T.);
#1783=ORIENTED_EDGE('',*,*,#1392,.T.);
#1784=ORIENTED_EDGE('',*,*,#1393,.T.);
#1785=ORIENTED_EDGE('',*,*,#1390,.F.);
#1786=ORIENTED_EDGE('',*,*,#1394,.T.);
#1787=ORIENTED_EDGE('',*,*,#1395,.T.);
#1788=ORIENTED_EDGE('',*,*,#1396,.T.);
#1789=ORIENTED_EDGE('',*,*,#1397,.T.);
#1790=ORIENTED_EDGE('',*,*,#1398,.T.);
#1791=ORIENTED_EDGE('',*,*,#1396,.F.);
#1792=ORIENTED_EDGE('',*,*,#1399,.T.);
#1793=ORIENTED_EDGE('',*,*,#1392,.F.);
#1794=ORIENTED_EDGE('',*,*,#1388,.F.);
#1795=ORIENTED_EDGE('',*,*,#1393,.F.);
#1796=ORIENTED_EDGE('',*,*,#1399,.F.);
#1797=ORIENTED_EDGE('',*,*,#1400,.F.);
#1798=ORIENTED_EDGE('',*,*,#1401,.F.);
#1799=ORIENTED_EDGE('',*,*,#1402,.F.);
#1800=ORIENTED_EDGE('',*,*,#1306,.T.);
#1801=ORIENTED_EDGE('',*,*,#1403,.T.);
#1802=ORIENTED_EDGE('',*,*,#1404,.T.);
#1803=ORIENTED_EDGE('',*,*,#1395,.F.);
#1804=ORIENTED_EDGE('',*,*,#1405,.F.);
#1805=ORIENTED_EDGE('',*,*,#1400,.T.);
#1806=ORIENTED_EDGE('',*,*,#1406,.T.);
#1807=ORIENTED_EDGE('',*,*,#1407,.T.);
#1808=ORIENTED_EDGE('',*,*,#1408,.T.);
#1809=ORIENTED_EDGE('',*,*,#1409,.T.);
#1810=ORIENTED_EDGE('',*,*,#1410,.T.);
#1811=ORIENTED_EDGE('',*,*,#1406,.F.);
#1812=ORIENTED_EDGE('',*,*,#1411,.T.);
#1813=ORIENTED_EDGE('',*,*,#1412,.T.);
#1814=ORIENTED_EDGE('',*,*,#1413,.T.);
#1815=ORIENTED_EDGE('',*,*,#1412,.F.);
#1816=ORIENTED_EDGE('',*,*,#1414,.T.);
#1817=ORIENTED_EDGE('',*,*,#1415,.T.);
#1818=ORIENTED_EDGE('',*,*,#1416,.T.);
#1819=ORIENTED_EDGE('',*,*,#1303,.T.);
#1820=ORIENTED_EDGE('',*,*,#1417,.T.);
#1821=ORIENTED_EDGE('',*,*,#1415,.F.);
#1822=ORIENTED_EDGE('',*,*,#1389,.F.);
#1823=ORIENTED_EDGE('',*,*,#1304,.T.);
#1824=ORIENTED_EDGE('',*,*,#1416,.F.);
#1825=ORIENTED_EDGE('',*,*,#1418,.T.);
#1826=ORIENTED_EDGE('',*,*,#1391,.F.);
#1827=ORIENTED_EDGE('',*,*,#1418,.F.);
#1828=ORIENTED_EDGE('',*,*,#1414,.F.);
#1829=ORIENTED_EDGE('',*,*,#1419,.T.);
#1830=ORIENTED_EDGE('',*,*,#1398,.F.);
#1831=ORIENTED_EDGE('',*,*,#1419,.F.);
#1832=ORIENTED_EDGE('',*,*,#1411,.F.);
#1833=ORIENTED_EDGE('',*,*,#1409,.F.);
#1834=ORIENTED_EDGE('',*,*,#1420,.F.);
#1835=ORIENTED_EDGE('',*,*,#1397,.F.);
#1836=ORIENTED_EDGE('',*,*,#1385,.F.);
#1837=ORIENTED_EDGE('',*,*,#1421,.T.);
#1838=ORIENTED_EDGE('',*,*,#1422,.F.);
#1839=ORIENTED_EDGE('',*,*,#1407,.F.);
#1840=ORIENTED_EDGE('',*,*,#1423,.F.);
#1841=ORIENTED_EDGE('',*,*,#1424,.F.);
#1842=ORIENTED_EDGE('',*,*,#1341,.F.);
#1843=ORIENTED_EDGE('',*,*,#1425,.F.);
#1844=ORIENTED_EDGE('',*,*,#1354,.F.);
#1845=ORIENTED_EDGE('',*,*,#1426,.T.);
#1846=ORIENTED_EDGE('',*,*,#1337,.F.);
#1847=ORIENTED_EDGE('',*,*,#1426,.F.);
#1848=ORIENTED_EDGE('',*,*,#1352,.F.);
#1849=ORIENTED_EDGE('',*,*,#1427,.F.);
#1850=ORIENTED_EDGE('',*,*,#1263,.F.);
#1851=ORIENTED_EDGE('',*,*,#1428,.F.);
#1852=ORIENTED_EDGE('',*,*,#1429,.F.);
#1853=ORIENTED_EDGE('',*,*,#1357,.T.);
#1854=ORIENTED_EDGE('',*,*,#1355,.F.);
#1855=ORIENTED_EDGE('',*,*,#1425,.T.);
#1856=ORIENTED_EDGE('',*,*,#1340,.F.);
#1857=ORIENTED_EDGE('',*,*,#1345,.T.);
#1858=ORIENTED_EDGE('',*,*,#1430,.F.);
#1859=ORIENTED_EDGE('',*,*,#1331,.T.);
#1860=ORIENTED_EDGE('',*,*,#1329,.F.);
#1861=ORIENTED_EDGE('',*,*,#1323,.T.);
#1862=ORIENTED_EDGE('',*,*,#1286,.F.);
#1863=ORIENTED_EDGE('',*,*,#1431,.T.);
#1864=ORIENTED_EDGE('',*,*,#1432,.F.);
#1865=ORIENTED_EDGE('',*,*,#1433,.F.);
#1866=ORIENTED_EDGE('',*,*,#1434,.F.);
#1867=ORIENTED_EDGE('',*,*,#1366,.F.);
#1868=ORIENTED_EDGE('',*,*,#1435,.F.);
#1869=ORIENTED_EDGE('',*,*,#1436,.F.);
#1870=ORIENTED_EDGE('',*,*,#1251,.F.);
#1871=ORIENTED_EDGE('',*,*,#1437,.F.);
#1872=ORIENTED_EDGE('',*,*,#1438,.F.);
#1873=ORIENTED_EDGE('',*,*,#1439,.F.);
#1874=ORIENTED_EDGE('',*,*,#1440,.T.);
#1875=ORIENTED_EDGE('',*,*,#1435,.T.);
#1876=ORIENTED_EDGE('',*,*,#1365,.F.);
#1877=ORIENTED_EDGE('',*,*,#1376,.T.);
#1878=ORIENTED_EDGE('',*,*,#1386,.F.);
#1879=ORIENTED_EDGE('',*,*,#1422,.T.);
#1880=ORIENTED_EDGE('',*,*,#1441,.T.);
#1881=ORIENTED_EDGE('',*,*,#1442,.F.);
#1882=ORIENTED_EDGE('',*,*,#1401,.T.);
#1883=ORIENTED_EDGE('',*,*,#1405,.T.);
#1884=ORIENTED_EDGE('',*,*,#1394,.F.);
#1885=ORIENTED_EDGE('',*,*,#1420,.T.);
#1886=ORIENTED_EDGE('',*,*,#1408,.F.);
#1887=ORIENTED_EDGE('',*,*,#1424,.T.);
#1888=ORIENTED_EDGE('',*,*,#1443,.T.);
#1889=ORIENTED_EDGE('',*,*,#1444,.F.);
#1890=ORIENTED_EDGE('',*,*,#1445,.T.);
#1891=ORIENTED_EDGE('',*,*,#1446,.F.);
#1892=ORIENTED_EDGE('',*,*,#1447,.F.);
#1893=ORIENTED_EDGE('',*,*,#1448,.F.);
#1894=ORIENTED_EDGE('',*,*,#1260,.T.);
#1895=ORIENTED_EDGE('',*,*,#1449,.T.);
#1896=ORIENTED_EDGE('',*,*,#1267,.T.);
#1897=ORIENTED_EDGE('',*,*,#1448,.T.);
#1898=ORIENTED_EDGE('',*,*,#1450,.F.);
#1899=ORIENTED_EDGE('',*,*,#1451,.T.);
#1900=ORIENTED_EDGE('',*,*,#1450,.T.);
#1901=ORIENTED_EDGE('',*,*,#1447,.T.);
#1902=ORIENTED_EDGE('',*,*,#1452,.T.);
#1903=ORIENTED_EDGE('',*,*,#1453,.F.);
#1904=ORIENTED_EDGE('',*,*,#1454,.F.);
#1905=ORIENTED_EDGE('',*,*,#1455,.F.);
#1906=ORIENTED_EDGE('',*,*,#1456,.T.);
#1907=ORIENTED_EDGE('',*,*,#1457,.F.);
#1908=ORIENTED_EDGE('',*,*,#1254,.F.);
#1909=ORIENTED_EDGE('',*,*,#1449,.F.);
#1910=ORIENTED_EDGE('',*,*,#1451,.F.);
#1911=ORIENTED_EDGE('',*,*,#1446,.T.);
#1912=ORIENTED_EDGE('',*,*,#1264,.F.);
#1913=ORIENTED_EDGE('',*,*,#1457,.T.);
#1914=ORIENTED_EDGE('',*,*,#1456,.F.);
#1915=ORIENTED_EDGE('',*,*,#1458,.F.);
#1916=ORIENTED_EDGE('',*,*,#1459,.F.);
#1917=ORIENTED_EDGE('',*,*,#1460,.F.);
#1918=ORIENTED_EDGE('',*,*,#1461,.F.);
#1919=ORIENTED_EDGE('',*,*,#1462,.F.);
#1920=ORIENTED_EDGE('',*,*,#1463,.F.);
#1921=ORIENTED_EDGE('',*,*,#1464,.F.);
#1922=ORIENTED_EDGE('',*,*,#1452,.F.);
#1923=ORIENTED_EDGE('',*,*,#1417,.F.);
#1924=ORIENTED_EDGE('',*,*,#1302,.T.);
#1925=ORIENTED_EDGE('',*,*,#1465,.T.);
#1926=ORIENTED_EDGE('',*,*,#1443,.F.);
#1927=ORIENTED_EDGE('',*,*,#1423,.T.);
#1928=ORIENTED_EDGE('',*,*,#1410,.F.);
#1929=ORIENTED_EDGE('',*,*,#1413,.F.);
#1930=ORIENTED_EDGE('',*,*,#1466,.T.);
#1931=ORIENTED_EDGE('',*,*,#1467,.T.);
#1932=ORIENTED_EDGE('',*,*,#1284,.F.);
#1933=ORIENTED_EDGE('',*,*,#1318,.T.);
#1934=ORIENTED_EDGE('',*,*,#1468,.T.);
#1935=ORIENTED_EDGE('',*,*,#1431,.F.);
#1936=ORIENTED_EDGE('',*,*,#1285,.F.);
#1937=ORIENTED_EDGE('',*,*,#1280,.F.);
#1938=ORIENTED_EDGE('',*,*,#1469,.T.);
#1939=ORIENTED_EDGE('',*,*,#1470,.T.);
#1940=ORIENTED_EDGE('',*,*,#1380,.F.);
#1941=ORIENTED_EDGE('',*,*,#1308,.T.);
#1942=ORIENTED_EDGE('',*,*,#1471,.T.);
#1943=ORIENTED_EDGE('',*,*,#1441,.F.);
#1944=ORIENTED_EDGE('',*,*,#1421,.F.);
#1945=ORIENTED_EDGE('',*,*,#1387,.F.);
#1946=ORIENTED_EDGE('',*,*,#1382,.F.);
#1947=ORIENTED_EDGE('',*,*,#1472,.T.);
#1948=ORIENTED_EDGE('',*,*,#1473,.T.);
#1949=ORIENTED_EDGE('',*,*,#1370,.F.);
#1950=ORIENTED_EDGE('',*,*,#1436,.T.);
#1951=ORIENTED_EDGE('',*,*,#1440,.F.);
#1952=ORIENTED_EDGE('',*,*,#1474,.F.);
#1953=ORIENTED_EDGE('',*,*,#1312,.T.);
#1954=ORIENTED_EDGE('',*,*,#1371,.F.);
#1955=ORIENTED_EDGE('',*,*,#1363,.F.);
#1956=ORIENTED_EDGE('',*,*,#1475,.T.);
#1957=ORIENTED_EDGE('',*,*,#1476,.T.);
#1958=ORIENTED_EDGE('',*,*,#1477,.T.);
#1959=ORIENTED_EDGE('',*,*,#1478,.T.);
#1960=ORIENTED_EDGE('',*,*,#1479,.T.);
#1961=ORIENTED_EDGE('',*,*,#1480,.T.);
#1962=ORIENTED_EDGE('',*,*,#1265,.F.);
#1963=ORIENTED_EDGE('',*,*,#1480,.F.);
#1964=ORIENTED_EDGE('',*,*,#1481,.T.);
#1965=ORIENTED_EDGE('',*,*,#1482,.T.);
#1966=ORIENTED_EDGE('',*,*,#1483,.T.);
#1967=ORIENTED_EDGE('',*,*,#1484,.F.);
#1968=ORIENTED_EDGE('',*,*,#1485,.T.);
#1969=ORIENTED_EDGE('',*,*,#1486,.F.);
#1970=ORIENTED_EDGE('',*,*,#1487,.T.);
#1971=ORIENTED_EDGE('',*,*,#1266,.F.);
#1972=ORIENTED_EDGE('',*,*,#1487,.F.);
#1973=ORIENTED_EDGE('',*,*,#1488,.F.);
#1974=ORIENTED_EDGE('',*,*,#1489,.T.);
#1975=ORIENTED_EDGE('',*,*,#1490,.T.);
#1976=ORIENTED_EDGE('',*,*,#1491,.T.);
#1977=ORIENTED_EDGE('',*,*,#1492,.T.);
#1978=ORIENTED_EDGE('',*,*,#1484,.T.);
#1979=ORIENTED_EDGE('',*,*,#1493,.F.);
#1980=ORIENTED_EDGE('',*,*,#1333,.F.);
#1981=ORIENTED_EDGE('',*,*,#1494,.T.);
#1982=ORIENTED_EDGE('',*,*,#1469,.F.);
#1983=ORIENTED_EDGE('',*,*,#1494,.F.);
#1984=ORIENTED_EDGE('',*,*,#1360,.F.);
#1985=ORIENTED_EDGE('',*,*,#1495,.T.);
#1986=ORIENTED_EDGE('',*,*,#1347,.F.);
#1987=ORIENTED_EDGE('',*,*,#1495,.F.);
#1988=ORIENTED_EDGE('',*,*,#1466,.F.);
#1989=ORIENTED_EDGE('',*,*,#1496,.T.);
#1990=ORIENTED_EDGE('',*,*,#1404,.F.);
#1991=ORIENTED_EDGE('',*,*,#1496,.F.);
#1992=ORIENTED_EDGE('',*,*,#1473,.F.);
#1993=ORIENTED_EDGE('',*,*,#1497,.T.);
#1994=ORIENTED_EDGE('',*,*,#1476,.F.);
#1995=ORIENTED_EDGE('',*,*,#1497,.F.);
#1996=ORIENTED_EDGE('',*,*,#1467,.F.);
#1997=ORIENTED_EDGE('',*,*,#1498,.T.);
#1998=ORIENTED_EDGE('',*,*,#1403,.F.);
#1999=ORIENTED_EDGE('',*,*,#1498,.F.);
#2000=ORIENTED_EDGE('',*,*,#1472,.F.);
#2001=ORIENTED_EDGE('',*,*,#1499,.T.);
#2002=ORIENTED_EDGE('',*,*,#1475,.F.);
#2003=ORIENTED_EDGE('',*,*,#1499,.F.);
#2004=ORIENTED_EDGE('',*,*,#1334,.F.);
#2005=ORIENTED_EDGE('',*,*,#1500,.T.);
#2006=ORIENTED_EDGE('',*,*,#1470,.F.);
#2007=ORIENTED_EDGE('',*,*,#1500,.F.);
#2008=ORIENTED_EDGE('',*,*,#1359,.F.);
#2009=ORIENTED_EDGE('',*,*,#1501,.T.);
#2010=ORIENTED_EDGE('',*,*,#1346,.F.);
#2011=ORIENTED_EDGE('',*,*,#1501,.F.);
#2012=ORIENTED_EDGE('',*,*,#1277,.F.);
#2013=ORIENTED_EDGE('',*,*,#1502,.T.);
#2014=ORIENTED_EDGE('',*,*,#1503,.T.);
#2015=ORIENTED_EDGE('',*,*,#1502,.F.);
#2016=ORIENTED_EDGE('',*,*,#1276,.F.);
#2017=ORIENTED_EDGE('',*,*,#1504,.T.);
#2018=ORIENTED_EDGE('',*,*,#1505,.T.);
#2019=ORIENTED_EDGE('',*,*,#1504,.F.);
#2020=ORIENTED_EDGE('',*,*,#1275,.F.);
#2021=ORIENTED_EDGE('',*,*,#1506,.T.);
#2022=ORIENTED_EDGE('',*,*,#1507,.T.);
#2023=ORIENTED_EDGE('',*,*,#1506,.F.);
#2024=ORIENTED_EDGE('',*,*,#1274,.F.);
#2025=ORIENTED_EDGE('',*,*,#1508,.T.);
#2026=ORIENTED_EDGE('',*,*,#1509,.T.);
#2027=ORIENTED_EDGE('',*,*,#1508,.F.);
#2028=ORIENTED_EDGE('',*,*,#1273,.F.);
#2029=ORIENTED_EDGE('',*,*,#1510,.T.);
#2030=ORIENTED_EDGE('',*,*,#1511,.T.);
#2031=ORIENTED_EDGE('',*,*,#1510,.F.);
#2032=ORIENTED_EDGE('',*,*,#1512,.F.);
#2033=ORIENTED_EDGE('',*,*,#1513,.T.);
#2034=ORIENTED_EDGE('',*,*,#1272,.F.);
#2035=ORIENTED_EDGE('',*,*,#1513,.F.);
#2036=ORIENTED_EDGE('',*,*,#1514,.F.);
#2037=ORIENTED_EDGE('',*,*,#1515,.T.);
#2038=ORIENTED_EDGE('',*,*,#1271,.F.);
#2039=ORIENTED_EDGE('',*,*,#1515,.F.);
#2040=ORIENTED_EDGE('',*,*,#1514,.T.);
#2041=ORIENTED_EDGE('',*,*,#1512,.T.);
#2042=ORIENTED_EDGE('',*,*,#1262,.F.);
#2043=ORIENTED_EDGE('',*,*,#1270,.F.);
#2044=ORIENTED_EDGE('',*,*,#1516,.T.);
#2045=ORIENTED_EDGE('',*,*,#1298,.T.);
#2046=ORIENTED_EDGE('',*,*,#1517,.T.);
#2047=ORIENTED_EDGE('',*,*,#1428,.T.);
#2048=ORIENTED_EDGE('',*,*,#1252,.F.);
#2049=ORIENTED_EDGE('',*,*,#1445,.F.);
#2050=ORIENTED_EDGE('',*,*,#1518,.T.);
#2051=ORIENTED_EDGE('',*,*,#1300,.T.);
#2052=ORIENTED_EDGE('',*,*,#1519,.T.);
#2053=ORIENTED_EDGE('',*,*,#1268,.T.);
#2054=ORIENTED_EDGE('',*,*,#1516,.F.);
#2055=ORIENTED_EDGE('',*,*,#1269,.T.);
#2056=ORIENTED_EDGE('',*,*,#1519,.F.);
#2057=ORIENTED_EDGE('',*,*,#1299,.T.);
#2058=ORIENTED_EDGE('',*,*,#1332,.T.);
#2059=ORIENTED_EDGE('',*,*,#1430,.T.);
#2060=ORIENTED_EDGE('',*,*,#1344,.F.);
#2061=ORIENTED_EDGE('',*,*,#1291,.T.);
#2062=ORIENTED_EDGE('',*,*,#1471,.F.);
#2063=ORIENTED_EDGE('',*,*,#1307,.T.);
#2064=ORIENTED_EDGE('',*,*,#1402,.T.);
#2065=ORIENTED_EDGE('',*,*,#1442,.T.);
#2066=ORIENTED_EDGE('',*,*,#1432,.T.);
#2067=ORIENTED_EDGE('',*,*,#1468,.F.);
#2068=ORIENTED_EDGE('',*,*,#1317,.T.);
#2069=ORIENTED_EDGE('',*,*,#1520,.T.);
#2070=ORIENTED_EDGE('',*,*,#1316,.T.);
#2071=ORIENTED_EDGE('',*,*,#1521,.T.);
#2072=ORIENTED_EDGE('',*,*,#1522,.T.);
#2073=ORIENTED_EDGE('',*,*,#1520,.F.);
#2074=ORIENTED_EDGE('',*,*,#1315,.T.);
#2075=ORIENTED_EDGE('',*,*,#1523,.T.);
#2076=ORIENTED_EDGE('',*,*,#1524,.T.);
#2077=ORIENTED_EDGE('',*,*,#1521,.F.);
#2078=ORIENTED_EDGE('',*,*,#1313,.T.);
#2079=ORIENTED_EDGE('',*,*,#1474,.T.);
#2080=ORIENTED_EDGE('',*,*,#1439,.T.);
#2081=ORIENTED_EDGE('',*,*,#1525,.T.);
#2082=ORIENTED_EDGE('',*,*,#1314,.T.);
#2083=ORIENTED_EDGE('',*,*,#1525,.F.);
#2084=ORIENTED_EDGE('',*,*,#1526,.T.);
#2085=ORIENTED_EDGE('',*,*,#1523,.F.);
#2086=ORIENTED_EDGE('',*,*,#1522,.F.);
#2087=ORIENTED_EDGE('',*,*,#1527,.F.);
#2088=ORIENTED_EDGE('',*,*,#1528,.F.);
#2089=ORIENTED_EDGE('',*,*,#1433,.T.);
#2090=ORIENTED_EDGE('',*,*,#1524,.F.);
#2091=ORIENTED_EDGE('',*,*,#1529,.F.);
#2092=ORIENTED_EDGE('',*,*,#1530,.F.);
#2093=ORIENTED_EDGE('',*,*,#1531,.F.);
#2094=ORIENTED_EDGE('',*,*,#1532,.F.);
#2095=ORIENTED_EDGE('',*,*,#1527,.T.);
#2096=ORIENTED_EDGE('',*,*,#1242,.T.);
#2097=ORIENTED_EDGE('',*,*,#1526,.F.);
#2098=ORIENTED_EDGE('',*,*,#1438,.T.);
#2099=ORIENTED_EDGE('',*,*,#1533,.F.);
#2100=ORIENTED_EDGE('',*,*,#1529,.T.);
#2101=ORIENTED_EDGE('',*,*,#1518,.F.);
#2102=ORIENTED_EDGE('',*,*,#1444,.T.);
#2103=ORIENTED_EDGE('',*,*,#1465,.F.);
#2104=ORIENTED_EDGE('',*,*,#1301,.T.);
#2105=ORIENTED_EDGE('',*,*,#1517,.F.);
#2106=ORIENTED_EDGE('',*,*,#1297,.T.);
#2107=ORIENTED_EDGE('',*,*,#1358,.T.);
#2108=ORIENTED_EDGE('',*,*,#1429,.T.);
#2109=ORIENTED_EDGE('',*,*,#1342,.F.);
#2110=ORIENTED_EDGE('',*,*,#1427,.T.);
#2111=ORIENTED_EDGE('',*,*,#1349,.F.);
#2112=ORIENTED_EDGE('',*,*,#1294,.T.);
#2113=ORIENTED_EDGE('',*,*,#1503,.F.);
#2114=ORIENTED_EDGE('',*,*,#1509,.F.);
#2115=ORIENTED_EDGE('',*,*,#1507,.F.);
#2116=ORIENTED_EDGE('',*,*,#1505,.F.);
#2117=ORIENTED_EDGE('',*,*,#1511,.F.);
#2118=ORIENTED_EDGE('',*,*,#1534,.T.);
#2119=ORIENTED_EDGE('',*,*,#1462,.T.);
#2120=ORIENTED_EDGE('',*,*,#1535,.T.);
#2121=ORIENTED_EDGE('',*,*,#1478,.F.);
#2122=ORIENTED_EDGE('',*,*,#1536,.F.);
#2123=ORIENTED_EDGE('',*,*,#1537,.T.);
#2124=ORIENTED_EDGE('',*,*,#1538,.T.);
#2125=ORIENTED_EDGE('',*,*,#1482,.F.);
#2126=ORIENTED_EDGE('',*,*,#1539,.F.);
#2127=ORIENTED_EDGE('',*,*,#1540,.T.);
#2128=ORIENTED_EDGE('',*,*,#1536,.T.);
#2129=ORIENTED_EDGE('',*,*,#1481,.F.);
#2130=ORIENTED_EDGE('',*,*,#1479,.F.);
#2131=ORIENTED_EDGE('',*,*,#1535,.F.);
#2132=ORIENTED_EDGE('',*,*,#1461,.T.);
#2133=ORIENTED_EDGE('',*,*,#1541,.F.);
#2134=ORIENTED_EDGE('',*,*,#1491,.F.);
#2135=ORIENTED_EDGE('',*,*,#1541,.T.);
#2136=ORIENTED_EDGE('',*,*,#1460,.T.);
#2137=ORIENTED_EDGE('',*,*,#1542,.T.);
#2138=ORIENTED_EDGE('',*,*,#1492,.F.);
#2139=ORIENTED_EDGE('',*,*,#1543,.F.);
#2140=ORIENTED_EDGE('',*,*,#1544,.T.);
#2141=ORIENTED_EDGE('',*,*,#1539,.T.);
#2142=ORIENTED_EDGE('',*,*,#1490,.F.);
#2143=ORIENTED_EDGE('',*,*,#1464,.T.);
#2144=ORIENTED_EDGE('',*,*,#1545,.T.);
#2145=ORIENTED_EDGE('',*,*,#1493,.T.);
#2146=ORIENTED_EDGE('',*,*,#1546,.T.);
#2147=ORIENTED_EDGE('',*,*,#1547,.T.);
#2148=ORIENTED_EDGE('',*,*,#1453,.T.);
#2149=ORIENTED_EDGE('',*,*,#1458,.T.);
#2150=ORIENTED_EDGE('',*,*,#1455,.T.);
#2151=ORIENTED_EDGE('',*,*,#1548,.T.);
#2152=ORIENTED_EDGE('',*,*,#1549,.T.);
#2153=ORIENTED_EDGE('',*,*,#1550,.T.);
#2154=ORIENTED_EDGE('',*,*,#1551,.T.);
#2155=ORIENTED_EDGE('',*,*,#1545,.F.);
#2156=ORIENTED_EDGE('',*,*,#1463,.T.);
#2157=ORIENTED_EDGE('',*,*,#1534,.F.);
#2158=ORIENTED_EDGE('',*,*,#1477,.F.);
#2159=ORIENTED_EDGE('',*,*,#1538,.F.);
#2160=ORIENTED_EDGE('',*,*,#1552,.F.);
#2161=ORIENTED_EDGE('',*,*,#1546,.F.);
#2162=ORIENTED_EDGE('',*,*,#1483,.F.);
#2163=ORIENTED_EDGE('',*,*,#1542,.F.);
#2164=ORIENTED_EDGE('',*,*,#1459,.T.);
#2165=ORIENTED_EDGE('',*,*,#1551,.F.);
#2166=ORIENTED_EDGE('',*,*,#1485,.F.);
#2167=ORIENTED_EDGE('',*,*,#1549,.F.);
#2168=ORIENTED_EDGE('',*,*,#1553,.F.);
#2169=ORIENTED_EDGE('',*,*,#1543,.T.);
#2170=ORIENTED_EDGE('',*,*,#1489,.F.);
#2171=ORIENTED_EDGE('',*,*,#1488,.T.);
#2172=ORIENTED_EDGE('',*,*,#1486,.T.);
#2173=ORIENTED_EDGE('',*,*,#1550,.F.);
#2174=ORIENTED_EDGE('',*,*,#1256,.F.);
#2175=ORIENTED_EDGE('',*,*,#1434,.T.);
#2176=ORIENTED_EDGE('',*,*,#1554,.F.);
#2177=ORIENTED_EDGE('',*,*,#1555,.T.);
#2178=ORIENTED_EDGE('',*,*,#1244,.F.);
#2179=ORIENTED_EDGE('',*,*,#1555,.F.);
#2180=ORIENTED_EDGE('',*,*,#1556,.F.);
#2181=ORIENTED_EDGE('',*,*,#1557,.F.);
#2182=ORIENTED_EDGE('',*,*,#1454,.T.);
#2183=ORIENTED_EDGE('',*,*,#1547,.F.);
#2184=ORIENTED_EDGE('',*,*,#1552,.T.);
#2185=ORIENTED_EDGE('',*,*,#1537,.F.);
#2186=ORIENTED_EDGE('',*,*,#1540,.F.);
#2187=ORIENTED_EDGE('',*,*,#1544,.F.);
#2188=ORIENTED_EDGE('',*,*,#1553,.T.);
#2189=ORIENTED_EDGE('',*,*,#1548,.F.);
#2190=ORIENTED_EDGE('',*,*,#1248,.F.);
#2191=ORIENTED_EDGE('',*,*,#1557,.T.);
#2192=ORIENTED_EDGE('',*,*,#1558,.F.);
#2193=ORIENTED_EDGE('',*,*,#1437,.T.);
#2194=ORIENTED_EDGE('',*,*,#1532,.T.);
#2195=ORIENTED_EDGE('',*,*,#1559,.F.);
#2196=ORIENTED_EDGE('',*,*,#1554,.T.);
#2197=ORIENTED_EDGE('',*,*,#1528,.T.);
#2198=ORIENTED_EDGE('',*,*,#1558,.T.);
#2199=ORIENTED_EDGE('',*,*,#1560,.F.);
#2200=ORIENTED_EDGE('',*,*,#1530,.T.);
#2201=ORIENTED_EDGE('',*,*,#1533,.T.);
#2202=ORIENTED_EDGE('',*,*,#1531,.T.);
#2203=ORIENTED_EDGE('',*,*,#1560,.T.);
#2204=ORIENTED_EDGE('',*,*,#1556,.T.);
#2205=ORIENTED_EDGE('',*,*,#1559,.T.);
#2206=ORIENTED_EDGE('',*,*,#1561,.F.);
#2207=ORIENTED_EDGE('',*,*,#1243,.T.);
#2208=ORIENTED_EDGE('',*,*,#1562,.T.);
#2209=ORIENTED_EDGE('',*,*,#1563,.F.);
#2210=ORIENTED_EDGE('',*,*,#1562,.F.);
#2211=ORIENTED_EDGE('',*,*,#1561,.T.);
#2212=ORIENTED_EDGE('',*,*,#1564,.T.);
#2213=ORIENTED_EDGE('',*,*,#1563,.T.);
#2214=ORIENTED_EDGE('',*,*,#1564,.F.);
#2215=CYLINDRICAL_SURFACE('',#2379,2.5);
#2216=CYLINDRICAL_SURFACE('',#2471,2.);
#2217=CYLINDRICAL_SURFACE('',#2477,2.);
#2218=CYLINDRICAL_SURFACE('',#2484,1.99999999999999);
#2219=CYLINDRICAL_SURFACE('',#2485,1.99999999999999);
#2220=CYLINDRICAL_SURFACE('',#2486,2.);
#2221=CYLINDRICAL_SURFACE('',#2487,2.);
#2222=CYLINDRICAL_SURFACE('',#2488,1.99999999999999);
#2223=CYLINDRICAL_SURFACE('',#2489,1.99999999999999);
#2224=CYLINDRICAL_SURFACE('',#2490,2.00000000000001);
#2225=CYLINDRICAL_SURFACE('',#2491,2.00000000000001);
#2226=CYLINDRICAL_SURFACE('',#2492,1.99999999999999);
#2227=CYLINDRICAL_SURFACE('',#2494,1.99999999999999);
#2228=CYLINDRICAL_SURFACE('',#2496,2.);
#2229=CYLINDRICAL_SURFACE('',#2498,1.99999999999999);
#2230=CYLINDRICAL_SURFACE('',#2500,2.);
#2231=CYLINDRICAL_SURFACE('',#2502,2.00000000000001);
#2232=CYLINDRICAL_SURFACE('',#2504,1.99999999999999);
#2233=CYLINDRICAL_SURFACE('',#2549,2.);
#2234=ADVANCED_FACE('',(#174),#2215,.T.);
#2235=ADVANCED_FACE('',(#175,#40),#68,.T.);
#2236=ADVANCED_FACE('',(#176),#69,.T.);
#2237=ADVANCED_FACE('',(#177),#70,.T.);
#2238=ADVANCED_FACE('',(#178),#71,.T.);
#2239=ADVANCED_FACE('',(#179),#72,.T.);
#2240=ADVANCED_FACE('',(#180),#73,.T.);
#2241=ADVANCED_FACE('',(#181,#41,#42),#74,.T.);
#2242=ADVANCED_FACE('',(#182,#43,#44,#45,#46,#47,#48,#49),#75,.T.);
#2243=ADVANCED_FACE('',(#183),#76,.T.);
#2244=ADVANCED_FACE('',(#184),#77,.T.);
#2245=ADVANCED_FACE('',(#185),#78,.T.);
#2246=ADVANCED_FACE('',(#186),#79,.T.);
#2247=ADVANCED_FACE('',(#187),#80,.T.);
#2248=ADVANCED_FACE('',(#188),#81,.T.);
#2249=ADVANCED_FACE('',(#189),#82,.T.);
#2250=ADVANCED_FACE('',(#190),#83,.T.);
#2251=ADVANCED_FACE('',(#191),#84,.T.);
#2252=ADVANCED_FACE('',(#192),#85,.T.);
#2253=ADVANCED_FACE('',(#193,#50,#51),#86,.T.);
#2254=ADVANCED_FACE('',(#194),#87,.T.);
#2255=ADVANCED_FACE('',(#195),#88,.T.);
#2256=ADVANCED_FACE('',(#196),#89,.T.);
#2257=ADVANCED_FACE('',(#197,#52,#53),#90,.T.);
#2258=ADVANCED_FACE('',(#198),#91,.T.);
#2259=ADVANCED_FACE('',(#199),#92,.T.);
#2260=ADVANCED_FACE('',(#200),#93,.T.);
#2261=ADVANCED_FACE('',(#201,#54,#55),#94,.T.);
#2262=ADVANCED_FACE('',(#202),#95,.T.);
#2263=ADVANCED_FACE('',(#203),#96,.T.);
#2264=ADVANCED_FACE('',(#204),#24,.T.);
#2265=ADVANCED_FACE('',(#205),#97,.T.);
#2266=ADVANCED_FACE('',(#206),#98,.T.);
#2267=ADVANCED_FACE('',(#207),#99,.T.);
#2268=ADVANCED_FACE('',(#208),#100,.T.);
#2269=ADVANCED_FACE('',(#209),#101,.T.);
#2270=ADVANCED_FACE('',(#210),#102,.T.);
#2271=ADVANCED_FACE('',(#211),#103,.T.);
#2272=ADVANCED_FACE('',(#212),#25,.T.);
#2273=ADVANCED_FACE('',(#213),#104,.T.);
#2274=ADVANCED_FACE('',(#214),#105,.T.);
#2275=ADVANCED_FACE('',(#215),#106,.T.);
#2276=ADVANCED_FACE('',(#216),#26,.T.);
#2277=ADVANCED_FACE('',(#217,#56,#57),#107,.T.);
#2278=ADVANCED_FACE('',(#218),#108,.T.);
#2279=ADVANCED_FACE('',(#219),#109,.T.);
#2280=ADVANCED_FACE('',(#220),#27,.T.);
#2281=ADVANCED_FACE('',(#221),#110,.T.);
#2282=ADVANCED_FACE('',(#222),#111,.T.);
#2283=ADVANCED_FACE('',(#223),#112,.T.);
#2284=ADVANCED_FACE('',(#224),#113,.T.);
#2285=ADVANCED_FACE('',(#225),#114,.T.);
#2286=ADVANCED_FACE('',(#226),#115,.T.);
#2287=ADVANCED_FACE('',(#227),#116,.T.);
#2288=ADVANCED_FACE('',(#228),#117,.T.);
#2289=ADVANCED_FACE('',(#229),#118,.T.);
#2290=ADVANCED_FACE('',(#230),#119,.T.);
#2291=ADVANCED_FACE('',(#231),#120,.T.);
#2292=ADVANCED_FACE('',(#232),#121,.T.);
#2293=ADVANCED_FACE('',(#233),#122,.T.);
#2294=ADVANCED_FACE('',(#234),#123,.T.);
#2295=ADVANCED_FACE('',(#235),#124,.F.);
#2296=ADVANCED_FACE('',(#236),#125,.T.);
#2297=ADVANCED_FACE('',(#237),#126,.F.);
#2298=ADVANCED_FACE('',(#238,#58,#59),#127,.T.);
#2299=ADVANCED_FACE('',(#239,#60,#61),#128,.T.);
#2300=ADVANCED_FACE('',(#240,#62,#63),#129,.T.);
#2301=ADVANCED_FACE('',(#241,#64,#65),#130,.T.);
#2302=ADVANCED_FACE('',(#242),#2216,.F.);
#2303=ADVANCED_FACE('',(#243),#2217,.F.);
#2304=ADVANCED_FACE('',(#244),#131,.T.);
#2305=ADVANCED_FACE('',(#245),#2218,.F.);
#2306=ADVANCED_FACE('',(#246),#2219,.F.);
#2307=ADVANCED_FACE('',(#247),#2220,.F.);
#2308=ADVANCED_FACE('',(#248),#2221,.F.);
#2309=ADVANCED_FACE('',(#249),#2222,.F.);
#2310=ADVANCED_FACE('',(#250),#2223,.F.);
#2311=ADVANCED_FACE('',(#251),#2224,.F.);
#2312=ADVANCED_FACE('',(#252),#2225,.F.);
#2313=ADVANCED_FACE('',(#253),#2226,.F.);
#2314=ADVANCED_FACE('',(#254),#2227,.F.);
#2315=ADVANCED_FACE('',(#255),#2228,.F.);
#2316=ADVANCED_FACE('',(#256),#2229,.F.);
#2317=ADVANCED_FACE('',(#257),#2230,.F.);
#2318=ADVANCED_FACE('',(#258),#2231,.F.);
#2319=ADVANCED_FACE('',(#259),#2232,.F.);
#2320=ADVANCED_FACE('',(#260),#132,.T.);
#2321=ADVANCED_FACE('',(#261),#133,.T.);
#2322=ADVANCED_FACE('',(#262),#134,.T.);
#2323=ADVANCED_FACE('',(#263),#135,.T.);
#2324=ADVANCED_FACE('',(#264),#136,.T.);
#2325=ADVANCED_FACE('',(#265),#137,.T.);
#2326=ADVANCED_FACE('',(#266),#138,.T.);
#2327=ADVANCED_FACE('',(#267),#139,.T.);
#2328=ADVANCED_FACE('',(#268),#140,.T.);
#2329=ADVANCED_FACE('',(#269),#141,.T.);
#2330=ADVANCED_FACE('',(#270),#142,.T.);
#2331=ADVANCED_FACE('',(#271),#143,.T.);
#2332=ADVANCED_FACE('',(#272),#144,.T.);
#2333=ADVANCED_FACE('',(#273,#66),#145,.T.);
#2334=ADVANCED_FACE('',(#274),#146,.T.);
#2335=ADVANCED_FACE('',(#275),#147,.T.);
#2336=ADVANCED_FACE('',(#276),#148,.T.);
#2337=ADVANCED_FACE('',(#277),#149,.T.);
#2338=ADVANCED_FACE('',(#278),#150,.T.);
#2339=ADVANCED_FACE('',(#279),#151,.T.);
#2340=ADVANCED_FACE('',(#280),#152,.T.);
#2341=ADVANCED_FACE('',(#281),#153,.T.);
#2342=ADVANCED_FACE('',(#282),#154,.T.);
#2343=ADVANCED_FACE('',(#283),#155,.T.);
#2344=ADVANCED_FACE('',(#284),#156,.T.);
#2345=ADVANCED_FACE('',(#285),#157,.T.);
#2346=ADVANCED_FACE('',(#286),#158,.T.);
#2347=ADVANCED_FACE('',(#287),#159,.T.);
#2348=ADVANCED_FACE('',(#288),#160,.T.);
#2349=ADVANCED_FACE('',(#289),#161,.T.);
#2350=ADVANCED_FACE('',(#290),#162,.T.);
#2351=ADVANCED_FACE('',(#291),#163,.T.);
#2352=ADVANCED_FACE('',(#292),#164,.T.);
#2353=ADVANCED_FACE('',(#293),#165,.T.);
#2354=ADVANCED_FACE('',(#294),#166,.T.);
#2355=ADVANCED_FACE('',(#295),#167,.T.);
#2356=ADVANCED_FACE('',(#296,#67),#168,.T.);
#2357=ADVANCED_FACE('',(#297),#169,.T.);
#2358=ADVANCED_FACE('',(#298),#170,.T.);
#2359=ADVANCED_FACE('',(#299),#171,.T.);
#2360=ADVANCED_FACE('',(#300),#172,.T.);
#2361=ADVANCED_FACE('',(#301),#173,.T.);
#2362=ADVANCED_FACE('',(#302),#2233,.T.);
#2363=ADVANCED_FACE('',(#303),#19,.T.);
#2364=CLOSED_SHELL('',(#2234,#2235,#2236,#2237,#2238,#2239,#2240,#2241,
#2242,#2243,#2244,#2245,#2246,#2247,#2248,#2249,#2250,#2251,#2252,#2253,
#2254,#2255,#2256,#2257,#2258,#2259,#2260,#2261,#2262,#2263,#2264,#2265,
#2266,#2267,#2268,#2269,#2270,#2271,#2272,#2273,#2274,#2275,#2276,#2277,
#2278,#2279,#2280,#2281,#2282,#2283,#2284,#2285,#2286,#2287,#2288,#2289,
#2290,#2291,#2292,#2293,#2294,#2295,#2296,#2297,#2298,#2299,#2300,#2301,
#2302,#2303,#2304,#2305,#2306,#2307,#2308,#2309,#2310,#2311,#2312,#2313,
#2314,#2315,#2316,#2317,#2318,#2319,#2320,#2321,#2322,#2323,#2324,#2325,
#2326,#2327,#2328,#2329,#2330,#2331,#2332,#2333,#2334,#2335,#2336,#2337,
#2338,#2339,#2340,#2341,#2342,#2343,#2344,#2345,#2346,#2347,#2348,#2349,
#2350,#2351,#2352,#2353,#2354,#2355,#2356,#2357,#2358,#2359,#2360,#2361,
#2362,#2363));
#2365=DERIVED_UNIT_ELEMENT(#2367,1.);
#2366=DERIVED_UNIT_ELEMENT(#3947,-3.);
#2367=(
MASS_UNIT()
NAMED_UNIT(*)
SI_UNIT(.KILO.,.GRAM.)
);
#2368=DERIVED_UNIT((#2365,#2366));
#2369=MEASURE_REPRESENTATION_ITEM('density measure',
POSITIVE_RATIO_MEASURE(7850.),#2368);
#2370=PROPERTY_DEFINITION_REPRESENTATION(#2375,#2372);
#2371=PROPERTY_DEFINITION_REPRESENTATION(#2376,#2373);
#2372=REPRESENTATION('material name',(#2374),#3944);
#2373=REPRESENTATION('density',(#2369),#3944);
#2374=DESCRIPTIVE_REPRESENTATION_ITEM('Steel','Steel');
#2375=PROPERTY_DEFINITION('material property','material name',#3959);
#2376=PROPERTY_DEFINITION('material property','density of part',#3959);
#2377=AXIS2_PLACEMENT_3D('',#3171,#2553,#2554);
#2378=AXIS2_PLACEMENT_3D('',#3172,#2555,#2556);
#2379=AXIS2_PLACEMENT_3D('',#3173,#2557,#2558);
#2380=AXIS2_PLACEMENT_3D('',#3175,#2559,#2560);
#2381=AXIS2_PLACEMENT_3D('',#3178,#2562,#2563);
#2382=AXIS2_PLACEMENT_3D('',#3179,#2564,#2565);
#2383=AXIS2_PLACEMENT_3D('',#3181,#2566,#2567);
#2384=AXIS2_PLACEMENT_3D('',#3182,#2568,#2569);
#2385=AXIS2_PLACEMENT_3D('',#3191,#2574,#2575);
#2386=AXIS2_PLACEMENT_3D('',#3197,#2579,#2580);
#2387=AXIS2_PLACEMENT_3D('',#3207,#2586,#2587);
#2388=AXIS2_PLACEMENT_3D('',#3213,#2591,#2592);
#2389=AXIS2_PLACEMENT_3D('',#3223,#2598,#2599);
#2390=AXIS2_PLACEMENT_3D('',#3226,#2601,#2602);
#2391=AXIS2_PLACEMENT_3D('',#3228,#2603,#2604);
#2392=AXIS2_PLACEMENT_3D('',#3229,#2605,#2606);
#2393=AXIS2_PLACEMENT_3D('',#3237,#2611,#2612);
#2394=AXIS2_PLACEMENT_3D('',#3239,#2613,#2614);
#2395=AXIS2_PLACEMENT_3D('',#3241,#2615,#2616);
#2396=AXIS2_PLACEMENT_3D('',#3243,#2617,#2618);
#2397=AXIS2_PLACEMENT_3D('',#3245,#2619,#2620);
#2398=AXIS2_PLACEMENT_3D('',#3247,#2621,#2622);
#2399=AXIS2_PLACEMENT_3D('',#3249,#2623,#2624);
#2400=AXIS2_PLACEMENT_3D('',#3250,#2625,#2626);
#2401=AXIS2_PLACEMENT_3D('',#3259,#2631,#2632);
#2402=AXIS2_PLACEMENT_3D('',#3265,#2636,#2637);
#2403=AXIS2_PLACEMENT_3D('',#3271,#2641,#2642);
#2404=AXIS2_PLACEMENT_3D('',#3333,#2674,#2675);
#2405=AXIS2_PLACEMENT_3D('',#3337,#2678,#2679);
#2406=AXIS2_PLACEMENT_3D('',#3341,#2682,#2683);
#2407=AXIS2_PLACEMENT_3D('',#3345,#2686,#2687);
#2408=AXIS2_PLACEMENT_3D('',#3349,#2690,#2691);
#2409=AXIS2_PLACEMENT_3D('',#3353,#2694,#2695);
#2410=AXIS2_PLACEMENT_3D('',#3357,#2698,#2699);
#2411=AXIS2_PLACEMENT_3D('',#3362,#2702,#2703);
#2412=AXIS2_PLACEMENT_3D('',#3364,#2704,#2705);
#2413=AXIS2_PLACEMENT_3D('',#3365,#2706,#2707);
#2414=AXIS2_PLACEMENT_3D('',#3374,#2712,#2713);
#2415=AXIS2_PLACEMENT_3D('',#3380,#2717,#2718);
#2416=AXIS2_PLACEMENT_3D('',#3383,#2721,#2722);
#2417=AXIS2_PLACEMENT_3D('',#3388,#2725,#2726);
#2418=AXIS2_PLACEMENT_3D('',#3390,#2727,#2728);
#2419=AXIS2_PLACEMENT_3D('',#3391,#2729,#2730);
#2420=AXIS2_PLACEMENT_3D('',#3397,#2734,#2735);
#2421=AXIS2_PLACEMENT_3D('',#3403,#2739,#2740);
#2422=AXIS2_PLACEMENT_3D('',#3409,#2744,#2745);
#2423=AXIS2_PLACEMENT_3D('',#3414,#2748,#2749);
#2424=AXIS2_PLACEMENT_3D('',#3416,#2750,#2751);
#2425=AXIS2_PLACEMENT_3D('',#3417,#2752,#2753);
#2426=AXIS2_PLACEMENT_3D('',#3432,#2757,#2758);
#2427=AXIS2_PLACEMENT_3D('',#3465,#2763,#2764);
#2428=AXIS2_PLACEMENT_3D('',#3468,#2767,#2768);
#2429=AXIS2_PLACEMENT_3D('',#3479,#2772,#2773);
#2430=AXIS2_PLACEMENT_3D('',#3483,#2776,#2777);
#2431=AXIS2_PLACEMENT_3D('',#3485,#2779,#2780);
#2432=AXIS2_PLACEMENT_3D('',#3489,#2783,#2784);
#2433=AXIS2_PLACEMENT_3D('',#3499,#2786,#2787);
#2434=AXIS2_PLACEMENT_3D('',#3525,#2791,#2792);
#2435=AXIS2_PLACEMENT_3D('',#3531,#2796,#2797);
#2436=AXIS2_PLACEMENT_3D('',#3543,#2800,#2801);
#2437=AXIS2_PLACEMENT_3D('',#3576,#2806,#2807);
#2438=AXIS2_PLACEMENT_3D('',#3583,#2811,#2812);
#2439=AXIS2_PLACEMENT_3D('',#3585,#2813,#2814);
#2440=AXIS2_PLACEMENT_3D('',#3586,#2815,#2816);
#2441=AXIS2_PLACEMENT_3D('',#3588,#2818,#2819);
#2442=AXIS2_PLACEMENT_3D('',#3630,#2824,#2825);
#2443=AXIS2_PLACEMENT_3D('',#3636,#2829,#2830);
#2444=AXIS2_PLACEMENT_3D('',#3639,#2833,#2834);
#2445=AXIS2_PLACEMENT_3D('',#3641,#2836,#2837);
#2446=AXIS2_PLACEMENT_3D('',#3643,#2839,#2840);
#2447=AXIS2_PLACEMENT_3D('',#3645,#2842,#2843);
#2448=AXIS2_PLACEMENT_3D('',#3649,#2846,#2847);
#2449=AXIS2_PLACEMENT_3D('',#3653,#2850,#2851);
#2450=AXIS2_PLACEMENT_3D('',#3656,#2854,#2855);
#2451=AXIS2_PLACEMENT_3D('',#3658,#2857,#2858);
#2452=AXIS2_PLACEMENT_3D('',#3670,#2866,#2867);
#2453=AXIS2_PLACEMENT_3D('',#3674,#2870,#2871);
#2454=AXIS2_PLACEMENT_3D('',#3690,#2881,#2882);
#2455=AXIS2_PLACEMENT_3D('',#3696,#2886,#2887);
#2456=AXIS2_PLACEMENT_3D('',#3700,#2890,#2891);
#2457=AXIS2_PLACEMENT_3D('',#3712,#2898,#2899);
#2458=AXIS2_PLACEMENT_3D('',#3714,#2901,#2902);
#2459=AXIS2_PLACEMENT_3D('',#3728,#2910,#2911);
#2460=AXIS2_PLACEMENT_3D('',#3731,#2913,#2914);
#2461=AXIS2_PLACEMENT_3D('',#3733,#2915,#2916);
#2462=AXIS2_PLACEMENT_3D('',#3734,#2917,#2918);
#2463=AXIS2_PLACEMENT_3D('',#3737,#2920,#2921);
#2464=AXIS2_PLACEMENT_3D('',#3739,#2922,#2923);
#2465=AXIS2_PLACEMENT_3D('',#3740,#2924,#2925);
#2466=AXIS2_PLACEMENT_3D('',#3743,#2927,#2928);
#2467=AXIS2_PLACEMENT_3D('',#3745,#2929,#2930);
#2468=AXIS2_PLACEMENT_3D('',#3746,#2931,#2932);
#2469=AXIS2_PLACEMENT_3D('',#3749,#2934,#2935);
#2470=AXIS2_PLACEMENT_3D('',#3751,#2936,#2937);
#2471=AXIS2_PLACEMENT_3D('',#3752,#2938,#2939);
#2472=AXIS2_PLACEMENT_3D('',#3757,#2941,#2942);
#2473=AXIS2_PLACEMENT_3D('',#3759,#2943,#2944);
#2474=AXIS2_PLACEMENT_3D('',#3762,#2946,#2947);
#2475=AXIS2_PLACEMENT_3D('',#3764,#2948,#2949);
#2476=AXIS2_PLACEMENT_3D('',#3767,#2951,#2952);
#2477=AXIS2_PLACEMENT_3D('',#3768,#2953,#2954);
#2478=AXIS2_PLACEMENT_3D('',#3773,#2956,#2957);
#2479=AXIS2_PLACEMENT_3D('',#3776,#2959,#2960);
#2480=AXIS2_PLACEMENT_3D('',#3780,#2962,#2963);
#2481=AXIS2_PLACEMENT_3D('',#3782,#2964,#2965);
#2482=AXIS2_PLACEMENT_3D('',#3783,#2966,#2967);
#2483=AXIS2_PLACEMENT_3D('',#3784,#2968,#2969);
#2484=AXIS2_PLACEMENT_3D('',#3786,#2971,#2972);
#2485=AXIS2_PLACEMENT_3D('',#3788,#2974,#2975);
#2486=AXIS2_PLACEMENT_3D('',#3790,#2977,#2978);
#2487=AXIS2_PLACEMENT_3D('',#3792,#2980,#2981);
#2488=AXIS2_PLACEMENT_3D('',#3794,#2983,#2984);
#2489=AXIS2_PLACEMENT_3D('',#3796,#2986,#2987);
#2490=AXIS2_PLACEMENT_3D('',#3798,#2989,#2990);
#2491=AXIS2_PLACEMENT_3D('',#3800,#2992,#2993);
#2492=AXIS2_PLACEMENT_3D('',#3802,#2995,#2996);
#2493=AXIS2_PLACEMENT_3D('',#3805,#2998,#2999);
#2494=AXIS2_PLACEMENT_3D('',#3806,#3000,#3001);
#2495=AXIS2_PLACEMENT_3D('',#3809,#3003,#3004);
#2496=AXIS2_PLACEMENT_3D('',#3810,#3005,#3006);
#2497=AXIS2_PLACEMENT_3D('',#3813,#3008,#3009);
#2498=AXIS2_PLACEMENT_3D('',#3814,#3010,#3011);
#2499=AXIS2_PLACEMENT_3D('',#3817,#3013,#3014);
#2500=AXIS2_PLACEMENT_3D('',#3818,#3015,#3016);
#2501=AXIS2_PLACEMENT_3D('',#3821,#3018,#3019);
#2502=AXIS2_PLACEMENT_3D('',#3822,#3020,#3021);
#2503=AXIS2_PLACEMENT_3D('',#3824,#3022,#3023);
#2504=AXIS2_PLACEMENT_3D('',#3826,#3025,#3026);
#2505=AXIS2_PLACEMENT_3D('',#3828,#3027,#3028);
#2506=AXIS2_PLACEMENT_3D('',#3830,#3030,#3031);
#2507=AXIS2_PLACEMENT_3D('',#3831,#3032,#3033);
#2508=AXIS2_PLACEMENT_3D('',#3832,#3034,#3035);
#2509=AXIS2_PLACEMENT_3D('',#3835,#3038,#3039);
#2510=AXIS2_PLACEMENT_3D('',#3838,#3042,#3043);
#2511=AXIS2_PLACEMENT_3D('',#3839,#3044,#3045);
#2512=AXIS2_PLACEMENT_3D('',#3840,#3046,#3047);
#2513=AXIS2_PLACEMENT_3D('',#3841,#3048,#3049);
#2514=AXIS2_PLACEMENT_3D('',#3843,#3051,#3052);
#2515=AXIS2_PLACEMENT_3D('',#3847,#3055,#3056);
#2516=AXIS2_PLACEMENT_3D('',#3851,#3059,#3060);
#2517=AXIS2_PLACEMENT_3D('',#3853,#3062,#3063);
#2518=AXIS2_PLACEMENT_3D('',#3855,#3065,#3066);
#2519=AXIS2_PLACEMENT_3D('',#3859,#3069,#3070);
#2520=AXIS2_PLACEMENT_3D('',#3867,#3075,#3076);
#2521=AXIS2_PLACEMENT_3D('',#3869,#3078,#3079);
#2522=AXIS2_PLACEMENT_3D('',#3870,#3080,#3081);
#2523=AXIS2_PLACEMENT_3D('',#3871,#3082,#3083);
#2524=AXIS2_PLACEMENT_3D('',#3872,#3084,#3085);
#2525=AXIS2_PLACEMENT_3D('',#3873,#3086,#3087);
#2526=AXIS2_PLACEMENT_3D('',#3874,#3088,#3089);
#2527=AXIS2_PLACEMENT_3D('',#3875,#3090,#3091);
#2528=AXIS2_PLACEMENT_3D('',#3876,#3092,#3093);
#2529=AXIS2_PLACEMENT_3D('',#3877,#3094,#3095);
#2530=AXIS2_PLACEMENT_3D('',#3880,#3098,#3099);
#2531=AXIS2_PLACEMENT_3D('',#3886,#3103,#3104);
#2532=AXIS2_PLACEMENT_3D('',#3891,#3108,#3109);
#2533=AXIS2_PLACEMENT_3D('',#3893,#3111,#3112);
#2534=AXIS2_PLACEMENT_3D('',#3897,#3115,#3116);
#2535=AXIS2_PLACEMENT_3D('',#3902,#3120,#3121);
#2536=AXIS2_PLACEMENT_3D('',#3908,#3126,#3127);
#2537=AXIS2_PLACEMENT_3D('',#3909,#3128,#3129);
#2538=AXIS2_PLACEMENT_3D('',#3911,#3131,#3132);
#2539=AXIS2_PLACEMENT_3D('',#3912,#3133,#3134);
#2540=AXIS2_PLACEMENT_3D('',#3914,#3136,#3137);
#2541=AXIS2_PLACEMENT_3D('',#3915,#3138,#3139);
#2542=AXIS2_PLACEMENT_3D('',#3919,#3142,#3143);
#2543=AXIS2_PLACEMENT_3D('',#3923,#3146,#3147);
#2544=AXIS2_PLACEMENT_3D('',#3925,#3149,#3150);
#2545=AXIS2_PLACEMENT_3D('',#3927,#3152,#3153);
#2546=AXIS2_PLACEMENT_3D('',#3929,#3155,#3156);
#2547=AXIS2_PLACEMENT_3D('',#3930,#3157,#3158);
#2548=AXIS2_PLACEMENT_3D('',#3932,#3159,#3160);
#2549=AXIS2_PLACEMENT_3D('',#3933,#3161,#3162);
#2550=AXIS2_PLACEMENT_3D('',#3936,#3164,#3165);
#2551=AXIS2_PLACEMENT_3D('',#3937,#3166,#3167);
#2552=AXIS2_PLACEMENT_3D('',#3939,#3169,#3170);
#2553=DIRECTION('axis',(0.,0.,1.));
#2554=DIRECTION('refdir',(1.,0.,0.));
#2555=DIRECTION('axis',(0.,0.,1.));
#2556=DIRECTION('refdir',(1.,0.,0.));
#2557=DIRECTION('center_axis',(0.,0.,-1.));
#2558=DIRECTION('ref_axis',(1.,0.,0.));
#2559=DIRECTION('center_axis',(0.,0.,-1.));
#2560=DIRECTION('ref_axis',(1.,0.,0.));
#2561=DIRECTION('',(0.,0.,1.));
#2562=DIRECTION('center_axis',(0.,0.,1.));
#2563=DIRECTION('ref_axis',(1.,0.,0.));
#2564=DIRECTION('center_axis',(0.,0.,-1.));
#2565=DIRECTION('ref_axis',(1.,0.,0.));
#2566=DIRECTION('center_axis',(0.,0.,-1.));
#2567=DIRECTION('ref_axis',(1.,0.,0.));
#2568=DIRECTION('center_axis',(0.,-0.707106781186554,0.707106781186541));
#2569=DIRECTION('ref_axis',(1.,0.,0.));
#2570=DIRECTION('',(1.,0.,0.));
#2571=DIRECTION('',(-0.281084528606547,0.678598367142899,0.678598367142911));
#2572=DIRECTION('',(-1.,0.,0.));
#2573=DIRECTION('',(-0.281084528606528,-0.678598367142903,-0.678598367142916));
#2574=DIRECTION('center_axis',(0.499999850988362,-0.500000149011591,0.707106781186549));
#2575=DIRECTION('ref_axis',(0.816496662039389,0.,-0.577350154480395));
#2576=DIRECTION('',(0.707106991920762,0.70710657045227,0.));
#2577=DIRECTION('',(-0.678598321948762,0.281084746823155,0.678598321948771));
#2578=DIRECTION('',(-0.707106991920762,-0.70710657045227,0.));
#2579=DIRECTION('center_axis',(0.707106781186552,0.,0.707106781186543));
#2580=DIRECTION('ref_axis',(0.707106781186543,0.,-0.707106781186552));
#2581=DIRECTION('',(0.,1.,0.));
#2582=DIRECTION('',(-0.707106781186543,1.59033422638568E-8,0.707106781186552));
#2583=DIRECTION('',(0.,-1.,0.));
#2584=DIRECTION('',(0.,-1.,0.));
#2585=DIRECTION('',(0.,-1.,0.));
#2586=DIRECTION('center_axis',(-0.499999850988367,-0.500000149011591,0.707106781186546));
#2587=DIRECTION('ref_axis',(0.816496662039385,0.,0.577350154480401));
#2588=DIRECTION('',(0.707106991920759,-0.707106570452274,0.));
#2589=DIRECTION('',(-0.707106991920759,0.707106570452274,0.));
#2590=DIRECTION('',(-0.678598321948765,-0.281084746823133,-0.678598321948777));
#2591=DIRECTION('center_axis',(-0.707106781186554,0.,0.707106781186541));
#2592=DIRECTION('ref_axis',(0.707106781186541,0.,0.707106781186554));
#2593=DIRECTION('',(0.,1.,0.));
#2594=DIRECTION('',(0.,-1.,0.));
#2595=DIRECTION('',(0.,1.,0.));
#2596=DIRECTION('',(-0.707106781186539,7.74286948110818E-8,-0.707106781186552));
#2597=DIRECTION('',(0.,-1.,0.));
#2598=DIRECTION('center_axis',(0.,0.,1.));
#2599=DIRECTION('ref_axis',(-1.,0.,0.));
#2600=DIRECTION('',(-1.,0.,0.));
#2601=DIRECTION('center_axis',(0.,0.,-1.));
#2602=DIRECTION('ref_axis',(-1.,0.,0.));
#2603=DIRECTION('center_axis',(0.,0.,-1.));
#2604=DIRECTION('ref_axis',(-1.,0.,0.));
#2605=DIRECTION('center_axis',(0.,0.,1.));
#2606=DIRECTION('ref_axis',(-1.,0.,0.));
#2607=DIRECTION('',(-1.,0.,0.));
#2608=DIRECTION('',(0.89442717893012,-0.44721361963955,0.));
#2609=DIRECTION('',(1.,0.,0.));
#2610=DIRECTION('',(-0.894427210587997,-0.447213556323793,0.));
#2611=DIRECTION('center_axis',(0.,0.,-1.));
#2612=DIRECTION('ref_axis',(-1.,0.,0.));
#2613=DIRECTION('center_axis',(0.,0.,-1.));
#2614=DIRECTION('ref_axis',(-1.,0.,0.));
#2615=DIRECTION('center_axis',(0.,0.,-1.));
#2616=DIRECTION('ref_axis',(-1.,0.,0.));
#2617=DIRECTION('center_axis',(0.,0.,-1.));
#2618=DIRECTION('ref_axis',(-1.,0.,0.));
#2619=DIRECTION('center_axis',(0.,0.,-1.));
#2620=DIRECTION('ref_axis',(-1.,0.,0.));
#2621=DIRECTION('center_axis',(0.,0.,-1.));
#2622=DIRECTION('ref_axis',(-1.,0.,0.));
#2623=DIRECTION('center_axis',(0.,0.,-1.));
#2624=DIRECTION('ref_axis',(-1.,0.,0.));
#2625=DIRECTION('center_axis',(-0.707106781186554,0.,-0.707106781186541));
#2626=DIRECTION('ref_axis',(-0.707106781186541,0.,0.707106781186554));
#2627=DIRECTION('',(0.,1.,0.));
#2628=DIRECTION('',(0.678598344545852,-0.281084637714809,-0.678598344545846));
#2629=DIRECTION('',(0.,-1.,0.));
#2630=DIRECTION('',(-0.704442861173577,-0.0867208780119829,0.704442861173577));
#2631=DIRECTION('center_axis',(-0.5,0.5,-0.707106781186548));
#2632=DIRECTION('ref_axis',(-0.816496580927726,0.,0.577350269189625));
#2633=DIRECTION('',(0.707106781186548,0.707106781186548,0.));
#2634=DIRECTION('',(0.816496580927726,0.,-0.577350269189625));
#2635=DIRECTION('',(-0.707106781186548,-0.707106781186548,0.));
#2636=DIRECTION('center_axis',(-0.685994341109486,-0.171498582984697,-0.70710678118655));
#2637=DIRECTION('ref_axis',(-0.717740562291619,0.,0.696310624104868));
#2638=DIRECTION('',(0.242535621984727,-0.970142500908233,0.));
#2639=DIRECTION('',(0.,0.971825316486861,-0.235702257594644));
#2640=DIRECTION('',(-0.242535621984727,0.970142500908233,0.));
#2641=DIRECTION('center_axis',(0.,1.,0.));
#2642=DIRECTION('ref_axis',(0.,0.,1.));
#2643=DIRECTION('',(0.,0.,-1.));
#2644=DIRECTION('',(-0.816496580927726,0.,-0.577350269189625));
#2645=DIRECTION('',(-1.,0.,0.));
#2646=DIRECTION('',(0.,0.,-1.));
#2647=DIRECTION('',(1.,0.,0.));
#2648=DIRECTION('',(0.816496580927722,0.,-0.577350269189632));
#2649=DIRECTION('',(0.,0.,-1.));
#2650=DIRECTION('',(-0.816496580927723,0.,-0.57735026918963));
#2651=DIRECTION('',(-1.,0.,0.));
#2652=DIRECTION('',(0.,0.,-1.));
#2653=DIRECTION('',(-0.707106858615232,0.,-0.707106703757855));
#2654=DIRECTION('',(-1.,0.,0.));
#2655=DIRECTION('',(-0.707106765283201,0.,0.707106797089894));
#2656=DIRECTION('',(0.,0.,1.));
#2657=DIRECTION('',(-1.,0.,-4.19912987652231E-10));
#2658=DIRECTION('',(-0.816496581170153,0.,0.577350268846782));
#2659=DIRECTION('',(-4.19915361741611E-10,0.,1.));
#2660=DIRECTION('',(0.816496580685284,0.,0.577350269532491));
#2661=DIRECTION('',(1.,0.,4.19912987652231E-10));
#2662=DIRECTION('',(0.,0.,1.));
#2663=DIRECTION('',(-1.,0.,-4.19914769622665E-10));
#2664=DIRECTION('',(-0.816496581170178,0.,0.577350268846747));
#2665=DIRECTION('',(0.,-4.19915361741611E-10,1.));
#2666=DIRECTION('',(0.816496580685285,0.,0.577350269532489));
#2667=DIRECTION('',(1.,0.,4.19914769622665E-10));
#2668=DIRECTION('',(0.,0.,1.));
#2669=DIRECTION('',(0.707106781186546,0.,0.707106781186549));
#2670=DIRECTION('',(1.,0.,0.));
#2671=DIRECTION('',(0.707106781186548,0.,-0.707106781186548));
#2672=DIRECTION('',(0.,0.,-1.));
#2673=DIRECTION('',(1.,0.,0.));
#2674=DIRECTION('center_axis',(-0.707106781186548,0.707106781186548,0.));
#2675=DIRECTION('ref_axis',(0.,0.,1.));
#2676=DIRECTION('',(0.,0.,1.));
#2677=DIRECTION('',(-0.707106781186548,-0.707106781186548,0.));
#2678=DIRECTION('center_axis',(-1.,0.,0.));
#2679=DIRECTION('ref_axis',(0.,0.,-1.));
#2680=DIRECTION('',(0.,0.,-1.));
#2681=DIRECTION('',(0.,-1.,0.));
#2682=DIRECTION('center_axis',(-0.970142500908233,-0.242535621984727,0.));
#2683=DIRECTION('ref_axis',(0.,0.,1.));
#2684=DIRECTION('',(0.,0.,-1.));
#2685=DIRECTION('',(0.242535621984727,-0.970142500908233,0.));
#2686=DIRECTION('center_axis',(-0.5,0.5,0.707106781186548));
#2687=DIRECTION('ref_axis',(0.816496580927726,0.,0.577350269189625));
#2688=DIRECTION('',(0.707106781186548,0.707106781186548,0.));
#2689=DIRECTION('',(0.678598344545849,-0.281084637714811,0.678598344545849));
#2690=DIRECTION('center_axis',(-0.707106781186548,0.,0.707106781186548));
#2691=DIRECTION('ref_axis',(0.707106781186548,0.,0.707106781186548));
#2692=DIRECTION('',(0.,1.,0.));
#2693=DIRECTION('',(0.704442861173575,0.0867208780120077,0.704442861173575));
#2694=DIRECTION('center_axis',(-0.685994341109483,-0.171498582984696,0.707106781186553));
#2695=DIRECTION('ref_axis',(0.717740562291622,0.,0.696310624104865));
#2696=DIRECTION('',(0.,-0.971825316486862,-0.235702257594642));
#2697=DIRECTION('',(-0.242535621984727,0.970142500908233,0.));
#2698=DIRECTION('center_axis',(0.,0.,1.));
#2699=DIRECTION('ref_axis',(-1.,0.,0.));
#2700=DIRECTION('',(0.,-1.,0.));
#2701=DIRECTION('',(0.707106746064175,0.707106816308918,0.));
#2702=DIRECTION('center_axis',(0.,0.,-1.));
#2703=DIRECTION('ref_axis',(-1.,0.,0.));
#2704=DIRECTION('center_axis',(0.,0.,-1.));
#2705=DIRECTION('ref_axis',(-1.,0.,0.));
#2706=DIRECTION('center_axis',(-0.707106781186554,0.,-0.707106781186541));
#2707=DIRECTION('ref_axis',(-0.707106781186541,0.,0.707106781186554));
#2708=DIRECTION('',(0.,-1.,0.));
#2709=DIRECTION('',(-0.704442861104863,-0.0867208791282298,0.704442861104875));
#2710=DIRECTION('',(0.,1.,0.));
#2711=DIRECTION('',(0.678598344545847,-0.281084637714807,-0.678598344545853));
#2712=DIRECTION('center_axis',(-0.685994340570039,-0.171498585142509,-0.707106781186544));
#2713=DIRECTION('ref_axis',(-0.71774056256527,0.,0.696310623822795));
#2714=DIRECTION('',(0.242535625036332,-0.970142500145332,0.));
#2715=DIRECTION('',(0.,0.97182531580755,-0.235702260395518));
#2716=DIRECTION('',(-0.242535625036332,0.970142500145332,0.));
#2717=DIRECTION('center_axis',(-0.500000000000004,0.500000000000004,-0.707106781186542));
#2718=DIRECTION('ref_axis',(-0.816496580927722,0.,0.577350269189632));
#2719=DIRECTION('',(0.707106781186548,0.707106781186548,0.));
#2720=DIRECTION('',(-0.707106781186548,-0.707106781186548,0.));
#2721=DIRECTION('center_axis',(0.,0.,-1.));
#2722=DIRECTION('ref_axis',(1.,0.,0.));
#2723=DIRECTION('',(-0.707106746064175,-0.707106816308918,0.));
#2724=DIRECTION('',(0.,1.,0.));
#2725=DIRECTION('center_axis',(0.,0.,1.));
#2726=DIRECTION('ref_axis',(-1.,0.,0.));
#2727=DIRECTION('center_axis',(0.,0.,1.));
#2728=DIRECTION('ref_axis',(-1.,0.,0.));
#2729=DIRECTION('center_axis',(-0.500000000000002,0.500000000000002,0.707106781186544));
#2730=DIRECTION('ref_axis',(0.816496580927723,0.,0.57735026918963));
#2731=DIRECTION('',(0.707106781186548,0.707106781186548,0.));
#2732=DIRECTION('',(-0.707106781186548,-0.707106781186548,0.));
#2733=DIRECTION('',(0.678598344545839,-0.28108463771483,0.678598344545851));
#2734=DIRECTION('center_axis',(-0.707106781186554,0.,0.707106781186541));
#2735=DIRECTION('ref_axis',(0.707106781186541,0.,0.707106781186554));
#2736=DIRECTION('',(0.,1.,0.));
#2737=DIRECTION('',(0.,-1.,0.));
#2738=DIRECTION('',(0.704442861104864,0.086720879128205,0.704442861104877));
#2739=DIRECTION('center_axis',(-0.685994340570042,-0.17149858514251,0.707106781186541));
#2740=DIRECTION('ref_axis',(0.717740562565267,0.,0.696310623822798));
#2741=DIRECTION('',(0.242535625036332,-0.970142500145332,0.));
#2742=DIRECTION('',(0.,-0.971825315807549,-0.23570226039552));
#2743=DIRECTION('',(-0.242535625036332,0.970142500145332,0.));
#2744=DIRECTION('center_axis',(0.,0.,1.));
#2745=DIRECTION('ref_axis',(-1.,0.,0.));
#2746=DIRECTION('',(0.,-1.,0.));
#2747=DIRECTION('',(0.707106781186552,0.707106781186543,0.));
#2748=DIRECTION('center_axis',(0.,0.,-1.));
#2749=DIRECTION('ref_axis',(-1.,0.,0.));
#2750=DIRECTION('center_axis',(0.,0.,-1.));
#2751=DIRECTION('ref_axis',(-1.,0.,0.));
#2752=DIRECTION('center_axis',(0.707106781483477,0.,-0.707106780889618));
#2753=DIRECTION('ref_axis',(-0.707106780889618,0.,-0.707106781483477));
#2754=DIRECTION('',(0.,-1.,0.));
#2755=DIRECTION('',(0.,1.,0.));
#2756=DIRECTION('',(0.678598344260899,0.28108463771481,0.6785983448308));
#2757=DIRECTION('center_axis',(0.68599434057003,-0.171498585142507,-0.707106781186553));
#2758=DIRECTION('ref_axis',(-0.717740562565279,0.,-0.696310623822786));
#2759=DIRECTION('',(0.,-0.971825315807551,0.235702260395512));
#2760=DIRECTION('',(0.242535625036333,0.970142500145332,0.));
#2761=DIRECTION('',(0.685994340421574,-0.171498585105401,0.707106781339576));
#2762=DIRECTION('',(-0.242535625036333,-0.970142500145332,0.));
#2763=DIRECTION('center_axis',(0.500000000296927,0.500000000000003,-0.707106780976586));
#2764=DIRECTION('ref_axis',(-0.816496580685285,0.,-0.577350269532489));
#2765=DIRECTION('',(-0.707106781186547,0.707106781186548,-2.96924581120573E-10));
#2766=DIRECTION('',(0.707106781186547,-0.707106781186548,2.96924581120573E-10));
#2767=DIRECTION('center_axis',(0.970142500145332,-0.242535625036333,0.));
#2768=DIRECTION('ref_axis',(0.,0.,-1.));
#2769=DIRECTION('',(4.19915361741611E-10,0.,-1.));
#2770=DIRECTION('',(0.242535625036333,0.970142500145332,0.));
#2771=DIRECTION('',(0.,0.,1.));
#2772=DIRECTION('center_axis',(1.,0.,4.19915361741611E-10));
#2773=DIRECTION('ref_axis',(-4.19915361741611E-10,0.,1.));
#2774=DIRECTION('',(-4.19915361741611E-10,-7.3113127550286E-26,1.));
#2775=DIRECTION('',(0.,1.,0.));
#2776=DIRECTION('center_axis',(0.707106781186548,0.707106781186547,2.96924999811895E-10));
#2777=DIRECTION('ref_axis',(4.19915361741611E-10,0.,-1.));
#2778=DIRECTION('',(-0.707106781186547,0.707106781186548,-2.96924581120573E-10));
#2779=DIRECTION('center_axis',(0.499999999703062,0.499999999999987,0.707106781396523));
#2780=DIRECTION('ref_axis',(0.816496581170178,0.,-0.577350268846747));
#2781=DIRECTION('',(0.707106781186547,-0.707106781186548,2.96924581120573E-10));
#2782=DIRECTION('',(0.678598344830793,0.281084637714855,-0.678598344260887));
#2783=DIRECTION('center_axis',(0.707106780889623,0.,0.707106781483473));
#2784=DIRECTION('ref_axis',(0.707106781483473,0.,-0.707106780889623));
#2785=DIRECTION('',(0.,-1.,0.));
#2786=DIRECTION('center_axis',(0.68599434057003,-0.171498585142507,0.707106781186553));
#2787=DIRECTION('ref_axis',(0.717740562565279,0.,-0.696310623822786));
#2788=DIRECTION('',(-0.685994339278208,0.17149858481956,0.707106782518131));
#2789=DIRECTION('',(-0.242535625036333,-0.970142500145332,0.));
#2790=DIRECTION('',(0.,0.971825315807551,0.235702260395512));
#2791=DIRECTION('center_axis',(0.500000000296928,0.500000000000005,-0.707106780976584));
#2792=DIRECTION('ref_axis',(-0.816496580685284,0.,-0.577350269532491));
#2793=DIRECTION('',(-0.707106781186548,0.707106781186548,-2.96923321077195E-10));
#2794=DIRECTION('',(0.707106781186548,-0.707106781186548,2.96923321077195E-10));
#2795=DIRECTION('',(-0.678598344260882,-0.281084637714828,-0.678598344830809));
#2796=DIRECTION('center_axis',(0.707106781483483,0.,-0.707106780889612));
#2797=DIRECTION('ref_axis',(-0.707106780889612,0.,-0.707106781483483));
#2798=DIRECTION('',(0.,-1.,0.));
#2799=DIRECTION('',(0.,1.,0.));
#2800=DIRECTION('center_axis',(0.685994340570035,-0.171498585142509,-0.707106781186548));
#2801=DIRECTION('ref_axis',(-0.717740562565274,0.,-0.696310623822791));
#2802=DIRECTION('',(0.,-0.97182531580755,0.235702260395516));
#2803=DIRECTION('',(0.242535625036333,0.970142500145332,0.));
#2804=DIRECTION('',(0.685994340421575,-0.171498585105401,0.707106781339575));
#2805=DIRECTION('',(-0.242535625036333,-0.970142500145332,0.));
#2806=DIRECTION('center_axis',(4.19912987652231E-10,0.,-1.));
#2807=DIRECTION('ref_axis',(1.,0.,4.19912987652231E-10));
#2808=DIRECTION('',(1.,0.,4.19912987652231E-10));
#2809=DIRECTION('',(0.,-1.,0.));
#2810=DIRECTION('',(-0.707106781186551,0.707106781186544,-2.96923321077197E-10));
#2811=DIRECTION('center_axis',(-4.19912987652231E-10,0.,1.));
#2812=DIRECTION('ref_axis',(-1.,0.,-4.19912987652231E-10));
#2813=DIRECTION('center_axis',(-4.19912987652231E-10,0.,1.));
#2814=DIRECTION('ref_axis',(-1.,0.,-4.19912987652231E-10));
#2815=DIRECTION('center_axis',(0.,0.,-1.));
#2816=DIRECTION('ref_axis',(1.,0.,0.));
#2817=DIRECTION('',(0.,-1.,0.));
#2818=DIRECTION('center_axis',(0.685994340570035,-0.171498585142509,0.707106781186548));
#2819=DIRECTION('ref_axis',(0.717740562565274,0.,-0.696310623822791));
#2820=DIRECTION('',(-0.685994339278215,0.171498584819561,0.707106782518124));
#2821=DIRECTION('',(-0.242535625036333,-0.970142500145332,0.));
#2822=DIRECTION('',(0.,0.97182531580755,0.235702260395516));
#2823=DIRECTION('',(0.242535625036333,0.970142500145332,0.));
#2824=DIRECTION('center_axis',(0.707106780889635,0.,0.70710678148346));
#2825=DIRECTION('ref_axis',(0.70710678148346,0.,-0.707106780889635));
#2826=DIRECTION('',(0.,-1.,0.));
#2827=DIRECTION('',(0.,1.,0.));
#2828=DIRECTION('',(-0.678598344830796,-0.281084637714804,0.678598344260905));
#2829=DIRECTION('center_axis',(0.499999999703086,0.500000000000009,0.707106781396491));
#2830=DIRECTION('ref_axis',(0.816496581170153,0.,-0.577350268846782));
#2831=DIRECTION('',(-0.707106781186548,0.707106781186548,-2.96923321077195E-10));
#2832=DIRECTION('',(0.707106781186548,-0.707106781186548,2.96923321077195E-10));
#2833=DIRECTION('center_axis',(0.707106781186548,0.707106781186548,2.96924999811895E-10));
#2834=DIRECTION('ref_axis',(4.19915361741611E-10,0.,-1.));
#2835=DIRECTION('',(4.19915361741611E-10,0.,-1.));
#2836=DIRECTION('center_axis',(1.,0.,4.19915361741611E-10));
#2837=DIRECTION('ref_axis',(-4.19915361741611E-10,0.,1.));
#2838=DIRECTION('',(4.19915361741611E-10,0.,-1.));
#2839=DIRECTION('center_axis',(0.970142500145332,-0.242535625036333,0.));
#2840=DIRECTION('ref_axis',(0.,0.,-1.));
#2841=DIRECTION('',(0.,0.,1.));
#2842=DIRECTION('center_axis',(0.,0.,1.));
#2843=DIRECTION('ref_axis',(-1.,0.,0.));
#2844=DIRECTION('',(-1.,0.,-4.19914769622665E-10));
#2845=DIRECTION('',(0.,1.,0.));
#2846=DIRECTION('center_axis',(0.,0.,1.));
#2847=DIRECTION('ref_axis',(-1.,0.,0.));
#2848=DIRECTION('',(1.,0.,4.19912987652231E-10));
#2849=DIRECTION('',(0.,1.,0.));
#2850=DIRECTION('center_axis',(-0.970142500145332,-0.242535625036332,0.));
#2851=DIRECTION('ref_axis',(0.,0.,1.));
#2852=DIRECTION('',(0.,0.,-1.));
#2853=DIRECTION('',(0.,0.,-1.));
#2854=DIRECTION('center_axis',(-1.,0.,0.));
#2855=DIRECTION('ref_axis',(0.,0.,-1.));
#2856=DIRECTION('',(0.,0.,1.));
#2857=DIRECTION('center_axis',(-1.,0.,0.));
#2858=DIRECTION('ref_axis',(0.,1.,0.));
#2859=DIRECTION('',(0.,-0.447213634676116,0.894427171411836));
#2860=DIRECTION('',(0.,0.,1.));
#2861=DIRECTION('',(0.,0.,1.));
#2862=DIRECTION('',(0.,1.,0.));
#2863=DIRECTION('',(0.,0.,1.));
#2864=DIRECTION('',(0.,1.,0.));
#2865=DIRECTION('',(0.,0.,-1.));
#2866=DIRECTION('center_axis',(0.,0.,-1.));
#2867=DIRECTION('ref_axis',(1.,0.,0.));
#2868=DIRECTION('',(0.,-1.,0.));
#2869=DIRECTION('',(-1.,0.,-4.19914769622665E-10));
#2870=DIRECTION('center_axis',(1.,0.,0.));
#2871=DIRECTION('ref_axis',(0.,-1.,0.));
#2872=DIRECTION('',(0.,0.,1.));
#2873=DIRECTION('',(0.,-1.,0.));
#2874=DIRECTION('',(0.,0.,-1.));
#2875=DIRECTION('',(0.,-1.,0.));
#2876=DIRECTION('',(0.,1.,0.));
#2877=DIRECTION('',(0.,0.,-1.));
#2878=DIRECTION('',(0.,1.,0.));
#2879=DIRECTION('',(0.,0.,-1.));
#2880=DIRECTION('',(0.,-0.447213603546494,0.894427186976648));
#2881=DIRECTION('center_axis',(1.,0.,0.));
#2882=DIRECTION('ref_axis',(0.,0.,1.));
#2883=DIRECTION('',(0.,0.,1.));
#2884=DIRECTION('',(0.,-1.,0.));
#2885=DIRECTION('',(0.,0.,-1.));
#2886=DIRECTION('center_axis',(0.,-1.,0.));
#2887=DIRECTION('ref_axis',(0.,0.,-1.));
#2888=DIRECTION('',(0.,0.,1.));
#2889=DIRECTION('',(-1.,0.,0.));
#2890=DIRECTION('center_axis',(0.,0.,-1.));
#2891=DIRECTION('ref_axis',(-1.,0.,0.));
#2892=DIRECTION('',(0.,1.,0.));
#2893=DIRECTION('',(1.,0.,0.));
#2894=DIRECTION('',(0.,1.,0.));
#2895=DIRECTION('',(-1.,0.,0.));
#2896=DIRECTION('',(0.,-1.,0.));
#2897=DIRECTION('',(1.,0.,0.));
#2898=DIRECTION('center_axis',(-1.,0.,0.));
#2899=DIRECTION('ref_axis',(0.,0.,-1.));
#2900=DIRECTION('',(0.,0.,-1.));
#2901=DIRECTION('center_axis',(0.,-1.,0.));
#2902=DIRECTION('ref_axis',(0.,0.,-1.));
#2903=DIRECTION('',(-0.707106781186551,0.,-0.707106781186544));
#2904=DIRECTION('',(0.,0.,-1.));
#2905=DIRECTION('',(0.707106781186552,0.,-0.707106781186543));
#2906=DIRECTION('',(1.,0.,0.));
#2907=DIRECTION('',(0.707106781186552,0.,0.707106781186543));
#2908=DIRECTION('',(0.,0.,1.));
#2909=DIRECTION('',(-0.707106781186551,0.,0.707106781186544));
#2910=DIRECTION('center_axis',(-4.19912987652231E-10,0.,1.));
#2911=DIRECTION('ref_axis',(-1.,0.,-4.19912987652231E-10));
#2912=DIRECTION('',(0.707106749379836,-0.707106812993257,2.96923307721144E-10));
#2913=DIRECTION('center_axis',(4.19912987652231E-10,0.,-1.));
#2914=DIRECTION('ref_axis',(-1.,0.,-4.19912987652231E-10));
#2915=DIRECTION('center_axis',(4.19912987652231E-10,0.,-1.));
#2916=DIRECTION('ref_axis',(-1.,0.,-4.19912987652231E-10));
#2917=DIRECTION('center_axis',(0.,0.,-1.));
#2918=DIRECTION('ref_axis',(1.,0.,0.));
#2919=DIRECTION('',(-0.707106777573966,-0.707106784799129,0.));
#2920=DIRECTION('center_axis',(0.,0.,1.));
#2921=DIRECTION('ref_axis',(-1.,0.,0.));
#2922=DIRECTION('center_axis',(0.,0.,1.));
#2923=DIRECTION('ref_axis',(-1.,0.,0.));
#2924=DIRECTION('center_axis',(-4.19914769622665E-10,0.,1.));
#2925=DIRECTION('ref_axis',(-1.,0.,-4.19914769622665E-10));
#2926=DIRECTION('',(0.707106781186551,-0.707106781186544,2.96924581120574E-10));
#2927=DIRECTION('center_axis',(4.19914769622665E-10,0.,-1.));
#2928=DIRECTION('ref_axis',(-1.,0.,-4.19914769622665E-10));
#2929=DIRECTION('center_axis',(4.19914769622665E-10,0.,-1.));
#2930=DIRECTION('ref_axis',(-1.,0.,-4.19914769622665E-10));
#2931=DIRECTION('center_axis',(4.19914769622665E-10,0.,-1.));
#2932=DIRECTION('ref_axis',(1.,0.,4.19914769622665E-10));
#2933=DIRECTION('',(-0.707106784427984,0.707106777945111,-2.969245824817E-10));
#2934=DIRECTION('center_axis',(-4.19914769622665E-10,0.,1.));
#2935=DIRECTION('ref_axis',(-1.,0.,-4.19914769622665E-10));
#2936=DIRECTION('center_axis',(-4.19914769622665E-10,0.,1.));
#2937=DIRECTION('ref_axis',(-1.,0.,-4.19914769622665E-10));
#2938=DIRECTION('center_axis',(0.,0.,-1.));
#2939=DIRECTION('ref_axis',(-1.,0.,0.));
#2940=DIRECTION('',(0.,0.,1.));
#2941=DIRECTION('center_axis',(0.707106781186543,0.,-0.707106781186552));
#2942=DIRECTION('ref_axis',(-0.707106781186552,0.,-0.707106781186543));
#2943=DIRECTION('center_axis',(0.,0.,-1.));
#2944=DIRECTION('ref_axis',(-1.,0.,0.));
#2945=DIRECTION('',(0.,0.,1.));
#2946=DIRECTION('center_axis',(0.,0.,-1.));
#2947=DIRECTION('ref_axis',(-1.,0.,0.));
#2948=DIRECTION('center_axis',(0.707106781186543,0.,-0.707106781186552));
#2949=DIRECTION('ref_axis',(-0.707106781186552,0.,-0.707106781186543));
#2950=DIRECTION('',(0.,0.,-1.));
#2951=DIRECTION('center_axis',(0.,0.,1.));
#2952=DIRECTION('ref_axis',(-1.,0.,0.));
#2953=DIRECTION('center_axis',(0.,0.,-1.));
#2954=DIRECTION('ref_axis',(-1.,0.,0.));
#2955=DIRECTION('',(0.,0.,-1.));
#2956=DIRECTION('center_axis',(0.,0.,1.));
#2957=DIRECTION('ref_axis',(-1.,0.,0.));
#2958=DIRECTION('',(0.,0.,1.));
#2959=DIRECTION('center_axis',(0.,0.,1.));
#2960=DIRECTION('ref_axis',(-1.,0.,0.));
#2961=DIRECTION('',(0.,0.,1.));
#2962=DIRECTION('center_axis',(-0.707106781186543,0.,-0.707106781186552));
#2963=DIRECTION('ref_axis',(-0.707106781186552,0.,0.707106781186543));
#2964=DIRECTION('center_axis',(0.,0.,-1.));
#2965=DIRECTION('ref_axis',(-1.,0.,0.));
#2966=DIRECTION('center_axis',(-0.707106781186543,0.,-0.707106781186552));
#2967=DIRECTION('ref_axis',(-0.707106781186552,0.,0.707106781186543));
#2968=DIRECTION('center_axis',(0.,0.,1.));
#2969=DIRECTION('ref_axis',(-1.,0.,0.));
#2970=DIRECTION('',(0.,-1.,0.));
#2971=DIRECTION('center_axis',(0.,0.,-1.));
#2972=DIRECTION('ref_axis',(-1.,0.,0.));
#2973=DIRECTION('',(0.,0.,-1.));
#2974=DIRECTION('center_axis',(0.,0.,-1.));
#2975=DIRECTION('ref_axis',(-1.,0.,0.));
#2976=DIRECTION('',(0.,0.,-1.));
#2977=DIRECTION('center_axis',(0.,0.,-1.));
#2978=DIRECTION('ref_axis',(-1.,0.,0.));
#2979=DIRECTION('',(0.,0.,-1.));
#2980=DIRECTION('center_axis',(0.,0.,-1.));
#2981=DIRECTION('ref_axis',(-1.,0.,0.));
#2982=DIRECTION('',(0.,0.,-1.));
#2983=DIRECTION('center_axis',(0.,0.,-1.));
#2984=DIRECTION('ref_axis',(-1.,0.,0.));
#2985=DIRECTION('',(0.,0.,-1.));
#2986=DIRECTION('center_axis',(0.,0.,-1.));
#2987=DIRECTION('ref_axis',(-1.,0.,0.));
#2988=DIRECTION('',(0.,0.,-1.));
#2989=DIRECTION('center_axis',(0.,0.,-1.));
#2990=DIRECTION('ref_axis',(-1.,0.,0.));
#2991=DIRECTION('',(0.,0.,-1.));
#2992=DIRECTION('center_axis',(0.,0.,-1.));
#2993=DIRECTION('ref_axis',(-1.,0.,0.));
#2994=DIRECTION('',(0.,0.,-1.));
#2995=DIRECTION('center_axis',(0.,0.,-1.));
#2996=DIRECTION('ref_axis',(-1.,0.,0.));
#2997=DIRECTION('',(0.,0.,-1.));
#2998=DIRECTION('center_axis',(0.,0.,-1.));
#2999=DIRECTION('ref_axis',(-1.,0.,0.));
#3000=DIRECTION('center_axis',(0.,0.,-1.));
#3001=DIRECTION('ref_axis',(-1.,0.,0.));
#3002=DIRECTION('',(0.,0.,-1.));
#3003=DIRECTION('center_axis',(0.,0.,-1.));
#3004=DIRECTION('ref_axis',(-1.,0.,0.));
#3005=DIRECTION('center_axis',(0.,0.,-1.));
#3006=DIRECTION('ref_axis',(-1.,0.,0.));
#3007=DIRECTION('',(0.,0.,-1.));
#3008=DIRECTION('center_axis',(0.,0.,-1.));
#3009=DIRECTION('ref_axis',(-1.,0.,0.));
#3010=DIRECTION('center_axis',(0.,0.,-1.));
#3011=DIRECTION('ref_axis',(-1.,0.,0.));
#3012=DIRECTION('',(0.,0.,-1.));
#3013=DIRECTION('center_axis',(0.,0.,-1.));
#3014=DIRECTION('ref_axis',(-1.,0.,0.));
#3015=DIRECTION('center_axis',(0.,0.,-1.));
#3016=DIRECTION('ref_axis',(-1.,0.,0.));
#3017=DIRECTION('',(0.,0.,-1.));
#3018=DIRECTION('center_axis',(0.,0.,-1.));
#3019=DIRECTION('ref_axis',(-1.,0.,0.));
#3020=DIRECTION('center_axis',(0.,0.,-1.));
#3021=DIRECTION('ref_axis',(-1.,0.,0.));
#3022=DIRECTION('center_axis',(0.,0.,1.));
#3023=DIRECTION('ref_axis',(-1.,0.,0.));
#3024=DIRECTION('',(0.,0.,1.));
#3025=DIRECTION('center_axis',(0.,0.,-1.));
#3026=DIRECTION('ref_axis',(-1.,0.,0.));
#3027=DIRECTION('center_axis',(0.,0.,1.));
#3028=DIRECTION('ref_axis',(-1.,0.,0.));
#3029=DIRECTION('',(0.,0.,1.));
#3030=DIRECTION('center_axis',(0.,0.,1.));
#3031=DIRECTION('ref_axis',(-1.,0.,0.));
#3032=DIRECTION('center_axis',(0.,0.,1.));
#3033=DIRECTION('ref_axis',(-1.,0.,0.));
#3034=DIRECTION('center_axis',(-0.408248245760386,0.816496580927726,0.408248335167335));
#3035=DIRECTION('ref_axis',(0.707106858615232,0.,0.707106703757855));
#3036=DIRECTION('',(0.57735026918963,0.577350269189624,-0.577350269189624));
#3037=DIRECTION('',(-0.57735026918963,-0.577350269189624,0.577350269189624));
#3038=DIRECTION('center_axis',(0.408248311888073,0.816496568685317,0.40824829352447));
#3039=DIRECTION('ref_axis',(0.707106765283201,0.,-0.707106797089894));
#3040=DIRECTION('',(-0.577350234562865,0.577350286503005,-0.577350286503005));
#3041=DIRECTION('',(0.577350234562865,-0.577350286503005,0.577350286503005));
#3042=DIRECTION('center_axis',(0.,0.707106781186548,0.707106781186548));
#3043=DIRECTION('ref_axis',(1.,0.,0.));
#3044=DIRECTION('center_axis',(-0.707106816308918,0.707106746064175,0.));
#3045=DIRECTION('ref_axis',(0.,0.,1.));
#3046=DIRECTION('center_axis',(0.707106781186544,0.707106781186551,0.));
#3047=DIRECTION('ref_axis',(0.,0.,-1.));
#3048=DIRECTION('center_axis',(-0.707106784799129,0.707106777573966,0.));
#3049=DIRECTION('ref_axis',(0.,0.,1.));
#3050=DIRECTION('',(-0.678598339482406,-0.678598346416272,-0.281084645423442));
#3051=DIRECTION('center_axis',(-0.499999999999999,0.707106781186549,-0.499999999999999));
#3052=DIRECTION('ref_axis',(-0.707106781186548,0.,0.707106781186548));
#3053=DIRECTION('',(-0.281084637714832,-0.678598344545849,-0.678598344545841));
#3054=DIRECTION('',(-0.707106781186548,0.,0.707106781186548));
#3055=DIRECTION('center_axis',(0.,0.707106781186552,-0.707106781186543));
#3056=DIRECTION('ref_axis',(-1.,0.,0.));
#3057=DIRECTION('',(0.281084637714818,-0.678598344545843,-0.678598344545852));
#3058=DIRECTION('',(-1.,0.,0.));
#3059=DIRECTION('center_axis',(0.707106777945111,0.707106784427984,0.));
#3060=DIRECTION('ref_axis',(0.,0.,-1.));
#3061=DIRECTION('',(-0.678598347410824,0.67859834118932,0.281084638901528));
#3062=DIRECTION('center_axis',(0.499999999999998,0.707106781186551,-0.499999999999997));
#3063=DIRECTION('ref_axis',(-0.707106781186546,0.,-0.707106781186549));
#3064=DIRECTION('',(-0.707106781186546,0.,-0.707106781186549));
#3065=DIRECTION('center_axis',(-0.707106781186548,0.,-0.707106781186548));
#3066=DIRECTION('ref_axis',(-0.707106781186548,0.,0.707106781186548));
#3067=DIRECTION('',(0.,1.,0.));
#3068=DIRECTION('',(0.678598321948774,0.281084746823119,-0.678598321948774));
#3069=DIRECTION('center_axis',(0.,0.,-1.));
#3070=DIRECTION('ref_axis',(-1.,0.,0.));
#3071=DIRECTION('',(0.,1.,0.));
#3072=DIRECTION('',(0.707106991920762,0.70710657045227,0.));
#3073=DIRECTION('',(1.,0.,0.));
#3074=DIRECTION('',(0.707106991920759,-0.707106570452274,0.));
#3075=DIRECTION('center_axis',(0.707106781186549,0.,-0.707106781186546));
#3076=DIRECTION('ref_axis',(-0.707106781186546,0.,-0.707106781186549));
#3077=DIRECTION('',(0.678598321948768,-0.281084746823142,0.67859832194877));
#3078=DIRECTION('center_axis',(0.707106812993257,0.707106749379836,0.));
#3079=DIRECTION('ref_axis',(0.,0.,-1.));
#3080=DIRECTION('center_axis',(-0.707106781186543,0.707106781186552,0.));
#3081=DIRECTION('ref_axis',(0.,0.,1.));
#3082=DIRECTION('center_axis',(-0.707106781186548,0.707106781186548,0.));
#3083=DIRECTION('ref_axis',(0.,0.,1.));
#3084=DIRECTION('center_axis',(0.,0.,1.));
#3085=DIRECTION('ref_axis',(-1.,0.,0.));
#3086=DIRECTION('center_axis',(0.,0.,1.));
#3087=DIRECTION('ref_axis',(-1.,0.,0.));
#3088=DIRECTION('center_axis',(0.,0.,1.));
#3089=DIRECTION('ref_axis',(-1.,0.,0.));
#3090=DIRECTION('center_axis',(0.,0.,1.));
#3091=DIRECTION('ref_axis',(-1.,0.,0.));
#3092=DIRECTION('center_axis',(0.,0.,1.));
#3093=DIRECTION('ref_axis',(-1.,0.,0.));
#3094=DIRECTION('center_axis',(0.707106781186543,0.,-0.707106781186552));
#3095=DIRECTION('ref_axis',(-0.707106781186552,0.,-0.707106781186543));
#3096=DIRECTION('',(0.,1.,0.));
#3097=DIRECTION('',(0.,-1.,0.));
#3098=DIRECTION('center_axis',(0.707106781186543,0.,-0.707106781186552));
#3099=DIRECTION('ref_axis',(-0.707106781186552,0.,-0.707106781186543));
#3100=DIRECTION('',(0.,1.,0.));
#3101=DIRECTION('',(-0.707106781186552,0.,-0.707106781186543));
#3102=DIRECTION('',(0.,1.,0.));
#3103=DIRECTION('center_axis',(0.,0.,-1.));
#3104=DIRECTION('ref_axis',(1.,0.,0.));
#3105=DIRECTION('',(0.,1.,0.));
#3106=DIRECTION('',(-1.,0.,0.));
#3107=DIRECTION('',(0.,1.,0.));
#3108=DIRECTION('center_axis',(-0.707106781186543,0.,-0.707106781186552));
#3109=DIRECTION('ref_axis',(-0.707106781186552,0.,0.707106781186543));
#3110=DIRECTION('',(0.,-1.,0.));
#3111=DIRECTION('center_axis',(-0.707106781186543,0.,-0.707106781186552));
#3112=DIRECTION('ref_axis',(-0.707106781186552,0.,0.707106781186543));
#3113=DIRECTION('',(0.,1.,0.));
#3114=DIRECTION('',(-0.707106781186552,0.,0.707106781186543));
#3115=DIRECTION('center_axis',(0.707106781186544,0.,0.707106781186551));
#3116=DIRECTION('ref_axis',(0.707106781186551,0.,-0.707106781186544));
#3117=DIRECTION('',(0.,-1.,0.));
#3118=DIRECTION('',(0.,-1.,0.));
#3119=DIRECTION('',(0.707106781186551,0.,-0.707106781186544));
#3120=DIRECTION('center_axis',(-0.707106781186544,0.,0.707106781186551));
#3121=DIRECTION('ref_axis',(0.707106781186551,0.,0.707106781186544));
#3122=DIRECTION('',(0.707106781186551,0.,0.707106781186544));
#3123=DIRECTION('',(0.,1.,0.));
#3124=DIRECTION('',(0.,1.,0.));
#3125=DIRECTION('',(0.,1.,0.));
#3126=DIRECTION('center_axis',(1.,0.,0.));
#3127=DIRECTION('ref_axis',(0.,0.,1.));
#3128=DIRECTION('center_axis',(1.,0.,0.));
#3129=DIRECTION('ref_axis',(0.,0.,1.));
#3130=DIRECTION('',(0.,0.,1.));
#3131=DIRECTION('center_axis',(-1.,0.,0.));
#3132=DIRECTION('ref_axis',(0.,0.,-1.));
#3133=DIRECTION('center_axis',(-1.,0.,0.));
#3134=DIRECTION('ref_axis',(0.,0.,-1.));
#3135=DIRECTION('',(0.,0.,-1.));
#3136=DIRECTION('center_axis',(0.,0.,1.));
#3137=DIRECTION('ref_axis',(-1.,0.,0.));
#3138=DIRECTION('center_axis',(-0.707106570452274,-0.707106991920759,0.));
#3139=DIRECTION('ref_axis',(0.,0.,1.));
#3140=DIRECTION('',(-0.707106991920759,0.707106570452274,0.));
#3141=DIRECTION('',(0.,0.,1.));
#3142=DIRECTION('center_axis',(0.,-1.,0.));
#3143=DIRECTION('ref_axis',(0.,0.,-1.));
#3144=DIRECTION('',(-1.,0.,0.));
#3145=DIRECTION('',(0.,0.,-1.));
#3146=DIRECTION('center_axis',(0.70710657045227,-0.707106991920762,0.));
#3147=DIRECTION('ref_axis',(0.,0.,-1.));
#3148=DIRECTION('',(-0.707106991920762,-0.70710657045227,0.));
#3149=DIRECTION('center_axis',(-0.499999850988367,-0.500000149011591,-0.707106781186545));
#3150=DIRECTION('ref_axis',(-0.816496662039384,0.,0.577350154480402));
#3151=DIRECTION('',(0.281084978277082,0.678598071774967,-0.678598476251066));
#3152=DIRECTION('center_axis',(0.499999850988361,-0.50000014901159,-0.707106781186551));
#3153=DIRECTION('ref_axis',(-0.816496662039389,0.,-0.577350154480394));
#3154=DIRECTION('',(0.281084978277095,-0.678598071774965,0.678598476251063));
#3155=DIRECTION('center_axis',(0.,-0.707106991920763,-0.707106570452269));
#3156=DIRECTION('ref_axis',(-1.,0.,0.));
#3157=DIRECTION('center_axis',(0.,0.,-1.));
#3158=DIRECTION('ref_axis',(1.,0.,0.));
#3159=DIRECTION('center_axis',(0.,0.,1.));
#3160=DIRECTION('ref_axis',(1.,0.,0.));
#3161=DIRECTION('center_axis',(0.,0.,1.));
#3162=DIRECTION('ref_axis',(1.,0.,0.));
#3163=DIRECTION('',(0.,0.,-1.));
#3164=DIRECTION('center_axis',(0.,0.,-1.));
#3165=DIRECTION('ref_axis',(1.,0.,0.));
#3166=DIRECTION('center_axis',(0.,0.,1.));
#3167=DIRECTION('ref_axis',(1.,0.,0.));
#3168=DIRECTION('',(-0.707106781186541,8.65956056235486E-17,0.707106781186554));
#3169=DIRECTION('',(0.,0.,1.));
#3170=DIRECTION('',(1.,0.,0.));
#3171=CARTESIAN_POINT('',(0.,0.,0.));
#3172=CARTESIAN_POINT('',(0.,0.,0.));
#3173=CARTESIAN_POINT('Origin',(-29.94,166.7,137.181729985377));
#3174=CARTESIAN_POINT('',(-32.44,166.7,136.681729985377));
#3175=CARTESIAN_POINT('Origin',(-29.94,166.7,136.681729985377));
#3176=CARTESIAN_POINT('',(-32.44,166.7,137.181729985377));
#3177=CARTESIAN_POINT('',(-32.44,166.7,137.181729985377));
#3178=CARTESIAN_POINT('Origin',(-29.94,166.7,137.181729985377));
#3179=CARTESIAN_POINT('Origin',(-29.94,166.7,136.681729985377));
#3180=CARTESIAN_POINT('',(-31.94,166.7,136.681729985377));
#3181=CARTESIAN_POINT('Origin',(-29.94,166.7,136.681729985377));
#3182=CARTESIAN_POINT('Origin',(-18.0000002682209,149.500003129244,173.181729985377));
#3183=CARTESIAN_POINT('',(-40.500000625849,149.000003129244,172.681729985377));
#3184=CARTESIAN_POINT('',(-19.5000002682206,149.000003129244,172.681729985377));
#3185=CARTESIAN_POINT('',(-18.0000002682209,149.000003129244,172.681729985377));
#3186=CARTESIAN_POINT('',(-19.9142136560158,150.000003129244,173.681729985377));
#3187=CARTESIAN_POINT('',(-19.5000002682206,149.000003129244,172.681729985377));
#3188=CARTESIAN_POINT('',(-40.0857872380539,150.000003129244,173.681729985377));
#3189=CARTESIAN_POINT('',(-18.0000002682209,150.000003129244,173.681729985377));
#3190=CARTESIAN_POINT('',(-40.0857872380539,150.000003129244,173.681729985377));
#3191=CARTESIAN_POINT('Origin',(-3.8535533299322,165.353547311978,173.181729985377));
#3192=CARTESIAN_POINT('',(-18.0000002682209,150.500002235174,172.681729985377));
#3193=CARTESIAN_POINT('',(-3.50000004470605,164.999993816018,172.681729985377));
#3194=CARTESIAN_POINT('',(-19.0000002682209,150.914215972125,173.681729985377));
#3195=CARTESIAN_POINT('',(-18.0000002682209,150.500002235174,172.681729985377));
#3196=CARTESIAN_POINT('',(-4.20710661515835,165.707100807939,173.681729985377));
#3197=CARTESIAN_POINT('Origin',(-18.5000002682209,210.000003129244,173.181729985377));
#3198=CARTESIAN_POINT('',(-18.0000002682209,243.387630607333,172.681729985377));
#3199=CARTESIAN_POINT('',(-18.0000002682209,210.000003129244,172.681729985377));
#3200=CARTESIAN_POINT('',(-19.0000002682209,243.387630629824,173.681729985377));
#3201=CARTESIAN_POINT('',(-18.5000000166044,243.387630618578,173.181729733761));
#3202=CARTESIAN_POINT('',(-19.0000002682209,197.000003129244,173.681729985377));
#3203=CARTESIAN_POINT('',(-19.0000002682209,210.000003129244,173.681729985377));
#3204=CARTESIAN_POINT('',(-19.0000002682209,156.000003129244,173.681729985377));
#3205=CARTESIAN_POINT('',(-19.0000002682209,197.000003054738,173.681729985377));
#3206=CARTESIAN_POINT('',(-19.0000002682209,210.000003129244,173.681729985377));
#3207=CARTESIAN_POINT('Origin',(-50.1464438984518,159.353547222572,173.181729985377));
#3208=CARTESIAN_POINT('',(-42.0000006258488,150.500002235174,172.681729985377));
#3209=CARTESIAN_POINT('',(-50.4999971836779,158.999993726612,172.681729985377));
#3210=CARTESIAN_POINT('',(-41.0000006258488,150.914215972125,173.681729985377));
#3211=CARTESIAN_POINT('',(-49.7928906132256,159.707100718533,173.681729985377));
#3212=CARTESIAN_POINT('',(-41.0000006258488,150.914215972125,173.681729985377));
#3213=CARTESIAN_POINT('Origin',(-41.5000006258488,180.000002682209,173.181729985377));
#3214=CARTESIAN_POINT('',(-41.0000002682209,156.000003129244,173.681729985377));
#3215=CARTESIAN_POINT('',(-41.0000006258488,180.000002682209,173.681729985377));
#3216=CARTESIAN_POINT('',(-41.0000002682209,197.000003129244,173.681729985377));
#3217=CARTESIAN_POINT('',(-41.0000002682209,203.500003091991,173.681729985377));
#3218=CARTESIAN_POINT('',(-41.0000006258488,243.38763054194,173.681729985377));
#3219=CARTESIAN_POINT('',(-41.0000006258488,180.000002682209,173.681729985377));
#3220=CARTESIAN_POINT('',(-42.0000006258488,243.387630651441,172.681729985377));
#3221=CARTESIAN_POINT('',(-41.499998953684,243.38763059669,173.181731657542));
#3222=CARTESIAN_POINT('',(-42.0000006258488,180.000002682209,172.681729985377));
#3223=CARTESIAN_POINT('Origin',(-18.0000002682209,210.000003129244,173.681729985377));
#3224=CARTESIAN_POINT('',(-24.0000003576279,156.000003129244,173.681729985377));
#3225=CARTESIAN_POINT('',(-34.04,152.6,173.681729985377));
#3226=CARTESIAN_POINT('Origin',(-36.04,152.6,173.681729985377));
#3227=CARTESIAN_POINT('',(-21.84,152.6,173.681729985377));
#3228=CARTESIAN_POINT('Origin',(-23.84,152.6,173.681729985377));
#3229=CARTESIAN_POINT('Origin',(-18.0000002682209,210.000003129244,173.681729985377));
#3230=CARTESIAN_POINT('',(-42.0000002682209,197.000003129244,173.681729985377));
#3231=CARTESIAN_POINT('',(-19.2247451028853,243.500003054738,173.681729985377));
#3232=CARTESIAN_POINT('',(-13.8399488913684,240.807604767318,173.681729985377));
#3233=CARTESIAN_POINT('',(-40.7752555756432,243.500003054738,173.681729985377));
#3234=CARTESIAN_POINT('',(-30.0000004470348,243.500003054738,173.681729985377));
#3235=CARTESIAN_POINT('',(-36.5600505696973,245.607605326927,173.681729985377));
#3236=CARTESIAN_POINT('',(-34.04,200.8,173.681729985377));
#3237=CARTESIAN_POINT('Origin',(-36.04,200.8,173.681729985377));
#3238=CARTESIAN_POINT('',(-21.84,200.8,173.681729985377));
#3239=CARTESIAN_POINT('Origin',(-23.84,200.8,173.681729985377));
#3240=CARTESIAN_POINT('',(-33.0000005215406,240.000003576279,173.681729985377));
#3241=CARTESIAN_POINT('Origin',(-35.0000005215406,240.000003576279,173.681729985377));
#3242=CARTESIAN_POINT('',(-23.0000000149012,210.000002533197,173.681729985377));
#3243=CARTESIAN_POINT('Origin',(-25.0000000149012,210.000002533197,173.681729985377));
#3244=CARTESIAN_POINT('',(-23.0000000149012,240.000003576279,173.681729985377));
#3245=CARTESIAN_POINT('Origin',(-25.0000000149012,240.000003576279,173.681729985377));
#3246=CARTESIAN_POINT('',(-33.0000005215406,210.000002533197,173.681729985377));
#3247=CARTESIAN_POINT('Origin',(-35.0000005215406,210.000002533197,173.681729985377));
#3248=CARTESIAN_POINT('',(-28.0000002682209,225.000003054738,173.681729985377));
#3249=CARTESIAN_POINT('Origin',(-30.0000002682209,225.000003054738,173.681729985377));
#3250=CARTESIAN_POINT('Origin',(-51.5000006411757,245.000003054738,142.681729985377));
#3251=CARTESIAN_POINT('',(-52.0000006411757,197.000003054738,143.181729985377));
#3252=CARTESIAN_POINT('',(-52.0000006411757,235.000003054738,143.181729985377));
#3253=CARTESIAN_POINT('',(-52.0000006411757,245.000003054738,143.181729985377));
#3254=CARTESIAN_POINT('',(-51.0000006411757,234.585789492365,142.181729985377));
#3255=CARTESIAN_POINT('',(-52.0000006411757,235.000003054738,143.181729985377));
#3256=CARTESIAN_POINT('',(-51.0000006411757,197.123108678759,142.181729985377));
#3257=CARTESIAN_POINT('',(-51.0000006411757,245.000003054738,142.181729985377));
#3258=CARTESIAN_POINT('',(-51.0000006411757,197.123108678759,142.181729985377));
#3259=CARTESIAN_POINT('Origin',(-46.6464472505824,239.646449664145,142.681729985377));
#3260=CARTESIAN_POINT('',(-42.0000006411757,245.000003054738,143.181729985377));
#3261=CARTESIAN_POINT('',(-47.0000006411757,240.000003054738,143.181729985377));
#3262=CARTESIAN_POINT('',(-40.5857870788026,245.000003054738,142.181729985377));
#3263=CARTESIAN_POINT('',(-54.3911201507293,245.000003054738,151.943574617075));
#3264=CARTESIAN_POINT('',(-46.2928938599891,239.292896273551,142.181729985377));
#3265=CARTESIAN_POINT('Origin',(-54.6619881810611,209.709506195374,142.681729985377));
#3266=CARTESIAN_POINT('',(-42.0000006258488,161.123108136187,142.181729985377));
#3267=CARTESIAN_POINT('',(-54.176916930607,209.830774006366,142.181729985377));
#3268=CARTESIAN_POINT('',(-42.0000006258488,157.000003054738,143.181729985377));
#3269=CARTESIAN_POINT('',(-42.0000006258488,178.802654164558,137.893810292978));
#3270=CARTESIAN_POINT('',(-55.1470594315152,209.588238384382,143.181729985377));
#3271=CARTESIAN_POINT('Origin',(-42.0000006258488,245.000003054738,189.681729985377));
#3272=CARTESIAN_POINT('',(-42.0000006411757,245.000003054738,148.681729985377));
#3273=CARTESIAN_POINT('',(-42.0000006411757,245.000003054738,169.681729985377));
#3274=CARTESIAN_POINT('',(-40.5857870788026,245.000003054738,149.681729985377));
#3275=CARTESIAN_POINT('',(-32.9338390327884,245.000003054738,155.092474338001));
#3276=CARTESIAN_POINT('',(-40.5000007748604,245.000003054738,149.681729985377));
#3277=CARTESIAN_POINT('',(-42.0000006335122,245.000003054738,149.681729985377));
#3278=CARTESIAN_POINT('',(-40.5000007748604,245.000003054738,161.181729985377));
#3279=CARTESIAN_POINT('',(-40.5000007748604,245.000003054738,165.731729985377));
#3280=CARTESIAN_POINT('',(-40.5857872124873,245.000003054738,161.181729985377));
#3281=CARTESIAN_POINT('',(-47.0000007003546,245.000003054738,161.181729985377));
#3282=CARTESIAN_POINT('',(-42.0000007748604,245.000003054738,162.181729985377));
#3283=CARTESIAN_POINT('',(-49.9127772923377,245.000003054738,167.776907918899));
#3284=CARTESIAN_POINT('',(-42.0000007748604,245.000003054738,167.681729985377));
#3285=CARTESIAN_POINT('',(-42.0000007748604,245.000003054738,179.181729985377));
#3286=CARTESIAN_POINT('',(-40.5857872124873,245.000003054738,168.681729985377));
#3287=CARTESIAN_POINT('',(-37.4121820582859,245.000003054738,170.925807710721));
#3288=CARTESIAN_POINT('',(-40.5000006258488,245.000003054738,168.681729985377));
#3289=CARTESIAN_POINT('',(-42.0000006335122,245.000003054738,168.681729985377));
#3290=CARTESIAN_POINT('',(-40.5000006258488,245.000003054738,170.956985203392));
#3291=CARTESIAN_POINT('',(-40.5000006258488,245.000003054738,165.731729985377));
#3292=CARTESIAN_POINT('',(-39.2752555756432,245.000003054738,172.181729985377));
#3293=CARTESIAN_POINT('',(-35.887628144984,245.000003054738,175.569356674141));
#3294=CARTESIAN_POINT('',(-20.7247449679408,245.000003054738,172.181729985377));
#3295=CARTESIAN_POINT('',(-30.0000004470348,245.000003054738,172.181729985377));
#3296=CARTESIAN_POINT('',(-19.5000001332765,245.000003054738,170.956985095622));
#3297=CARTESIAN_POINT('',(-30.11237236984,245.000003054738,181.569357809545));
#3298=CARTESIAN_POINT('',(-19.5000001332765,245.000003054738,168.681729989786));
#3299=CARTESIAN_POINT('',(-19.5000001332765,245.000003054738,165.731729985377));
#3300=CARTESIAN_POINT('',(-19.4142136948097,245.000003054738,168.681729989822));
#3301=CARTESIAN_POINT('',(-25.0000003747336,245.000003054738,168.681729987477));
#3302=CARTESIAN_POINT('',(-18.0000001320167,245.000003054738,167.681729990416));
#3303=CARTESIAN_POINT('',(-29.754485620656,245.000003054738,175.993406381388));
#3304=CARTESIAN_POINT('',(-18.0000001297072,245.000003054738,162.181729990416));
#3305=CARTESIAN_POINT('',(-18.000000135271,245.000003054738,175.431729992935));
#3306=CARTESIAN_POINT('',(-19.4142136916604,245.000003054738,161.181729989822));
#3307=CARTESIAN_POINT('',(-18.9205570671032,245.000003054738,161.530797936935));
#3308=CARTESIAN_POINT('',(-19.5000002682209,245.000003054738,161.181729989786));
#3309=CARTESIAN_POINT('',(-30.0000004384266,245.000003054738,161.181729985377));
#3310=CARTESIAN_POINT('',(-19.5000002682209,245.000003054738,149.681729989786));
#3311=CARTESIAN_POINT('',(-19.5000002682209,245.000003054738,165.731729985377));
#3312=CARTESIAN_POINT('',(-19.4142138205161,245.000003054738,149.681729989822));
#3313=CARTESIAN_POINT('',(-25.0000004335976,245.000003054738,149.681729987477));
#3314=CARTESIAN_POINT('',(-18.0000002682209,245.000003065236,148.681729990416));
#3315=CARTESIAN_POINT('',(-34.2328286506454,245.000003054738,160.160073014664));
#3316=CARTESIAN_POINT('',(-18.0000002682209,245.000003067545,143.181729990416));
#3317=CARTESIAN_POINT('',(-18.0000002682209,245.000003063063,153.856729998604));
#3318=CARTESIAN_POINT('',(-19.4142138173667,245.000003054738,142.181729989822));
#3319=CARTESIAN_POINT('',(-14.4422141909225,245.000003054738,145.69746464487));
#3320=CARTESIAN_POINT('',(-19.5000002682209,245.000003054738,142.181729989786));
#3321=CARTESIAN_POINT('',(-30.0000004304482,245.000003054738,142.181729985377));
#3322=CARTESIAN_POINT('',(-19.5000002682209,245.000003054738,139.303050328937));
#3323=CARTESIAN_POINT('',(-19.5000002682209,245.000003054738,165.731729985377));
#3324=CARTESIAN_POINT('',(-20.1213206117805,245.000003054738,138.681729985377));
#3325=CARTESIAN_POINT('',(-12.6856605294077,245.000003054738,146.11739006775));
#3326=CARTESIAN_POINT('',(-39.8786802822892,245.000003054738,138.681729985377));
#3327=CARTESIAN_POINT('',(-36.0000005364418,245.000003054738,138.681729985377));
#3328=CARTESIAN_POINT('',(-40.5000006411757,245.000003054738,139.303050344263));
#3329=CARTESIAN_POINT('',(-53.314340454069,245.000003054738,152.117390157157));
#3330=CARTESIAN_POINT('',(-40.5000006411757,245.000003054738,142.181729985377));
#3331=CARTESIAN_POINT('',(-40.5000006411757,245.000003054738,165.731729985377));
#3332=CARTESIAN_POINT('',(-47.0000006335122,245.000003054738,142.181729985377));
#3333=CARTESIAN_POINT('Origin',(-47.0000006411757,240.000003054738,169.681729985377));
#3334=CARTESIAN_POINT('',(-52.0000006411757,235.000003054738,148.681729985377));
#3335=CARTESIAN_POINT('',(-52.0000006411757,235.000003054738,169.681729985377));
#3336=CARTESIAN_POINT('',(-44.5000006411757,242.500003054738,148.681729985377));
#3337=CARTESIAN_POINT('Origin',(-52.0000006411757,245.000003054738,149.681729985377));
#3338=CARTESIAN_POINT('',(-52.0000006411757,197.000003054738,148.681729985377));
#3339=CARTESIAN_POINT('',(-52.0000006411757,197.000003054738,147.806729985377));
#3340=CARTESIAN_POINT('',(-52.0000006411757,245.000003054738,148.681729985377));
#3341=CARTESIAN_POINT('Origin',(-47.000000708018,177.000003054738,147.806729985377));
#3342=CARTESIAN_POINT('',(-42.0000006258488,157.000003054738,148.681729985377));
#3343=CARTESIAN_POINT('',(-42.0000006258488,157.000003054738,143.856729985377));
#3344=CARTESIAN_POINT('',(-54.8529417918576,208.411767810024,148.681729985377));
#3345=CARTESIAN_POINT('Origin',(-44.1464472505824,242.146449664145,149.181729985377));
#3346=CARTESIAN_POINT('',(-51.0000006411757,234.585789492365,149.681729985377));
#3347=CARTESIAN_POINT('',(-43.7928938599891,241.792896273551,149.681729985377));
#3348=CARTESIAN_POINT('',(-52.0000006411757,235.000003054738,148.681729985377));
#3349=CARTESIAN_POINT('Origin',(-51.5000006411757,245.000003054738,149.181729985377));
#3350=CARTESIAN_POINT('',(-51.0000006411757,197.123108678759,149.681729985377));
#3351=CARTESIAN_POINT('',(-51.0000006411757,245.000003054738,149.681729985377));
#3352=CARTESIAN_POINT('',(-52.0000006411757,197.000003054738,148.681729985377));
#3353=CARTESIAN_POINT('Origin',(-54.3678705414035,208.533035621016,149.181729985377));
#3354=CARTESIAN_POINT('',(-42.0000006258488,161.123108136187,149.681729985377));
#3355=CARTESIAN_POINT('',(-42.0000006258488,177.296493717282,153.604352116887));
#3356=CARTESIAN_POINT('',(-53.8827992909494,208.654303432008,149.681729985377));
#3357=CARTESIAN_POINT('Origin',(-42.0000006411757,245.000003054738,149.681729985377));
#3358=CARTESIAN_POINT('',(-42.0000006258488,243.500003054738,149.681729985377));
#3359=CARTESIAN_POINT('',(-42.0000006258488,197.500002644956,149.681729985377));
#3360=CARTESIAN_POINT('',(-41.2500006669334,244.250003088159,149.681729985377));
#3361=CARTESIAN_POINT('',(-45.5000004470348,233.500003293157,149.681729985377));
#3362=CARTESIAN_POINT('Origin',(-47.5000004470348,233.500003293157,149.681729985377));
#3363=CARTESIAN_POINT('',(-45.5000004470348,208.500003293157,149.681729985377));
#3364=CARTESIAN_POINT('Origin',(-47.5000004470348,208.500003293157,149.681729985377));
#3365=CARTESIAN_POINT('Origin',(-51.5000007748604,245.000003054738,161.681729985377));
#3366=CARTESIAN_POINT('',(-51.0000007748604,234.585789492365,161.181729985377));
#3367=CARTESIAN_POINT('',(-51.0000007748604,197.123108680356,161.181729985377));
#3368=CARTESIAN_POINT('',(-51.0000007748604,245.000003054738,161.181729985377));
#3369=CARTESIAN_POINT('',(-52.0000007748604,197.000003054738,162.181729985377));
#3370=CARTESIAN_POINT('',(-51.0000007748604,197.123108680356,161.181729985377));
#3371=CARTESIAN_POINT('',(-52.0000007748604,235.000003054738,162.181729985377));
#3372=CARTESIAN_POINT('',(-52.0000007748604,245.000003054738,162.181729985377));
#3373=CARTESIAN_POINT('',(-52.0000007748604,235.000003054738,162.181729985377));
#3374=CARTESIAN_POINT('Origin',(-54.6619883483171,209.709506161374,161.681729985377));
#3375=CARTESIAN_POINT('',(-42.0000006258488,161.123108084309,161.181729985377));
#3376=CARTESIAN_POINT('',(-54.1769170982444,209.830773973892,161.181729985377));
#3377=CARTESIAN_POINT('',(-42.0000006258488,157.000003054738,162.181729985377));
#3378=CARTESIAN_POINT('',(-42.0000006258488,180.978737645392,156.36603245929));
#3379=CARTESIAN_POINT('',(-55.1470595983898,209.588238348856,162.181729985377));
#3380=CARTESIAN_POINT('Origin',(-46.6464473842671,239.646449664145,161.681729985377));
#3381=CARTESIAN_POINT('',(-47.0000007748604,240.000003054738,162.181729985377));
#3382=CARTESIAN_POINT('',(-46.2928939936738,239.292896273551,161.181729985377));
#3383=CARTESIAN_POINT('Origin',(-52.0000007748604,245.000003054738,161.181729985377));
#3384=CARTESIAN_POINT('',(-42.0000006258488,243.500003054738,161.181729985377));
#3385=CARTESIAN_POINT('',(-43.7500004520019,241.750003054738,161.181729985377));
#3386=CARTESIAN_POINT('',(-42.0000006258488,197.500002644956,161.181729985377));
#3387=CARTESIAN_POINT('',(-45.5000004470348,208.500003293157,161.181729985377));
#3388=CARTESIAN_POINT('Origin',(-47.5000004470348,208.500003293157,161.181729985377));
#3389=CARTESIAN_POINT('',(-45.5000004470348,233.500003293157,161.181729985377));
#3390=CARTESIAN_POINT('Origin',(-47.5000004470348,233.500003293157,161.181729985377));
#3391=CARTESIAN_POINT('Origin',(-44.1464473508459,242.146449697566,168.181729985377));
#3392=CARTESIAN_POINT('',(-51.0000007748604,234.585789492365,168.681729985377));
#3393=CARTESIAN_POINT('',(-43.7928939602527,241.792896306973,168.681729985377));
#3394=CARTESIAN_POINT('',(-52.0000007748604,235.000003054738,167.681729985377));
#3395=CARTESIAN_POINT('',(-44.5000007414392,242.500003088159,167.681729985377));
#3396=CARTESIAN_POINT('',(-52.0000007748604,235.000003054738,167.681729985377));
#3397=CARTESIAN_POINT('Origin',(-51.5000007748604,245.000003054738,168.181729985377));
#3398=CARTESIAN_POINT('',(-51.0000007748604,197.123108680356,168.681729985377));
#3399=CARTESIAN_POINT('',(-51.0000007748604,245.000003054738,168.681729985377));
#3400=CARTESIAN_POINT('',(-52.0000007748604,197.000003054738,167.681729985377));
#3401=CARTESIAN_POINT('',(-52.0000007748604,245.000003054738,167.681729985377));
#3402=CARTESIAN_POINT('',(-52.0000007748604,197.000003054738,167.681729985377));
#3403=CARTESIAN_POINT('Origin',(-54.3678706973264,208.533035557411,168.181729985377));
#3404=CARTESIAN_POINT('',(-42.0000006258488,157.000003054738,167.681729985377));
#3405=CARTESIAN_POINT('',(-54.852941947399,208.411767744893,167.681729985377));
#3406=CARTESIAN_POINT('',(-42.0000006258488,161.123108084309,168.681729985377));
#3407=CARTESIAN_POINT('',(-42.0000006258488,175.120410125018,172.076574384643));
#3408=CARTESIAN_POINT('',(-53.8827994472537,208.654303369929,168.681729985377));
#3409=CARTESIAN_POINT('Origin',(-42.0000006411757,245.000003054738,168.681729985377));
#3410=CARTESIAN_POINT('',(-42.0000006258488,243.500003054738,168.681729985377));
#3411=CARTESIAN_POINT('',(-42.0000006258488,197.500002644956,168.681729985377));
#3412=CARTESIAN_POINT('',(-41.2500006296805,244.250003050906,168.681729985377));
#3413=CARTESIAN_POINT('',(-45.5000004470348,208.500003293157,168.681729985377));
#3414=CARTESIAN_POINT('Origin',(-47.5000004470348,208.500003293157,168.681729985377));
#3415=CARTESIAN_POINT('',(-45.5000004470348,233.500003293157,168.681729985377));
#3416=CARTESIAN_POINT('Origin',(-47.5000004470348,233.500003293157,168.681729985377));
#3417=CARTESIAN_POINT('Origin',(-8.50000025520353,245.000003054738,142.681729994405));
#3418=CARTESIAN_POINT('',(-8.00000025541349,235.000003054738,143.181729994615));
#3419=CARTESIAN_POINT('',(-8.00000025501827,197.000003054639,143.181729994615));
#3420=CARTESIAN_POINT('',(-8.00000025541349,245.000003054738,143.181729994615));
#3421=CARTESIAN_POINT('',(-9.00000025499357,197.123108680356,142.181729994195));
#3422=CARTESIAN_POINT('Ctrl Pts',(-8.00000025501827,197.000003054639,143.181729994615));
#3423=CARTESIAN_POINT('Ctrl Pts',(-8.16667370275004,197.020521493993,143.015056546743));
#3424=CARTESIAN_POINT('Ctrl Pts',(-8.33334715077774,197.04103993175,142.848383098971));
#3425=CARTESIAN_POINT('Ctrl Pts',(-8.50002059851003,197.061558371095,142.681709651099));
#3426=CARTESIAN_POINT('Ctrl Pts',(-8.66668048400429,197.082075140853,142.515049765464));
#3427=CARTESIAN_POINT('Ctrl Pts',(-8.8333403694988,197.102591910607,142.34838987983));
#3428=CARTESIAN_POINT('Ctrl Pts',(-9.00000025499358,197.123108680356,142.181729994195));
#3429=CARTESIAN_POINT('',(-9.00000025499358,234.585789492365,142.181729994195));
#3430=CARTESIAN_POINT('',(-9.00000025499357,245.000003054738,142.181729994195));
#3431=CARTESIAN_POINT('',(-9.00000025499358,234.585789492365,142.181729994195));
#3432=CARTESIAN_POINT('Origin',(-11.2791891525141,185.944800277465,142.681729994615));
#3433=CARTESIAN_POINT('',(-18.0000002682209,157.000003054738,143.181729994615));
#3434=CARTESIAN_POINT('',(-18.0000002682209,161.123108627446,142.181729994615));
#3435=CARTESIAN_POINT('',(-18.0000002682209,195.913765684569,133.743756239841));
#3436=CARTESIAN_POINT('',(-9.030776661398,197.000003054738,142.181729994182));
#3437=CARTESIAN_POINT('',(-11.7642604025868,186.066068089983,142.181729994615));
#3438=CARTESIAN_POINT('',(-8.06063416125266,196.757467429702,143.181729994615));
#3439=CARTESIAN_POINT('',(-9.030776661398,197.000003054738,142.181729994182));
#3440=CARTESIAN_POINT('',(-10.7941179024414,185.823532464947,143.181729994615));
#3441=CARTESIAN_POINT('Ctrl Pts',(-8.06063416125266,196.757467429702,143.181729994615));
#3442=CARTESIAN_POINT('Ctrl Pts',(-8.04042285917453,196.838312638014,143.181729994615));
#3443=CARTESIAN_POINT('Ctrl Pts',(-8.0202115570964,196.919157846327,143.181729994615));
#3444=CARTESIAN_POINT('Ctrl Pts',(-8.00000025501827,197.000003054639,143.181729994615));
#3445=CARTESIAN_POINT('Ctrl Pts',(-8.38401499463443,196.838312638047,142.848396661137));
#3446=CARTESIAN_POINT('Ctrl Pts',(-8.3638036925563,196.91915784636,142.84839666114));
#3447=CARTESIAN_POINT('Ctrl Pts',(-8.34359239047818,197.000003054672,142.848396661143));
#3448=CARTESIAN_POINT('Ctrl Pts',(-8.32338108840005,197.080848262985,142.848396661146));
#3449=CARTESIAN_POINT('Ctrl Pts',(-8.70739582801621,196.919157846393,142.51506332766));
#3450=CARTESIAN_POINT('Ctrl Pts',(-8.68718452593808,197.000003054705,142.515063327666));
#3451=CARTESIAN_POINT('Ctrl Pts',(-8.66697322385995,197.080848263018,142.515063327671));
#3452=CARTESIAN_POINT('Ctrl Pts',(-8.64676192178182,197.16169347133,142.515063327677));
#3453=CARTESIAN_POINT('Ctrl Pts',(-9.03077666139799,197.000003054738,142.181729994182));
#3454=CARTESIAN_POINT('Ctrl Pts',(-9.01056535931986,197.080848263051,142.181729994191));
#3455=CARTESIAN_POINT('Ctrl Pts',(-8.99035405724173,197.161693471363,142.181729994199));
#3456=CARTESIAN_POINT('Ctrl Pts',(-8.9701427551636,197.242538679676,142.181729994208));
#3457=CARTESIAN_POINT('Ctrl Pts',(-8.00000025501827,197.000003054639,143.181729994615));
#3458=CARTESIAN_POINT('Ctrl Pts',(-8.0202115570964,196.919157846327,143.181729994615));
#3459=CARTESIAN_POINT('Ctrl Pts',(-8.04042285917453,196.838312638014,143.181729994615));
#3460=CARTESIAN_POINT('Ctrl Pts',(-8.06063416125266,196.757467429702,143.181729994615));
#3461=CARTESIAN_POINT('Ctrl Pts',(-9.03077666139799,197.000003054738,142.181729994182));
#3462=CARTESIAN_POINT('Ctrl Pts',(-9.02051785926318,197.041038263277,142.181729994187));
#3463=CARTESIAN_POINT('Ctrl Pts',(-9.01025905712838,197.082073471816,142.181729994191));
#3464=CARTESIAN_POINT('Ctrl Pts',(-9.00000025499357,197.123108680356,142.181729994195));
#3465=CARTESIAN_POINT('Origin',(-15.8535536457968,242.146449664145,142.681729991317));
#3466=CARTESIAN_POINT('',(-16.2071070361801,241.792896273551,142.181729991169));
#3467=CARTESIAN_POINT('',(-15.5000002554135,242.500003054738,143.181729991466));
#3468=CARTESIAN_POINT('Origin',(-13.0000002549936,177.000003054738,144.056729993565));
#3469=CARTESIAN_POINT('',(-8.00000025772302,197.000003054738,148.681729994615));
#3470=CARTESIAN_POINT('',(-8.00000025977011,197.000003054738,153.556729994615));
#3471=CARTESIAN_POINT('',(-8.06063416125265,196.757467429702,148.681729990416));
#3472=CARTESIAN_POINT('Ctrl Pts',(-8.06063416125265,196.757467429702,148.681729990416));
#3473=CARTESIAN_POINT('Ctrl Pts',(-8.04042285921981,196.838312637833,148.681729990416));
#3474=CARTESIAN_POINT('Ctrl Pts',(-8.02021155718697,196.919157845964,148.681729990416));
#3475=CARTESIAN_POINT('Ctrl Pts',(-8.00000025515413,197.000003054096,148.681729990416));
#3476=CARTESIAN_POINT('',(-18.0000002682209,157.000003054738,148.681729990416));
#3477=CARTESIAN_POINT('',(-10.5000002549936,187.000003054738,148.681729990416));
#3478=CARTESIAN_POINT('',(-18.0000002682209,157.000003054738,143.856729988946));
#3479=CARTESIAN_POINT('Origin',(-8.00000025499357,245.000003054738,142.181729994615));
#3480=CARTESIAN_POINT('',(-8.00000025772302,235.000003054738,148.681729994615));
#3481=CARTESIAN_POINT('',(-8.00000025998007,235.000003054738,154.056729995875));
#3482=CARTESIAN_POINT('',(-8.00000025772302,245.000003054738,148.681729994615));
#3483=CARTESIAN_POINT('Origin',(-13.0000002649666,240.000003054738,165.931729995035));
#3484=CARTESIAN_POINT('',(-13.000000257723,240.000003054738,148.681729992516));
#3485=CARTESIAN_POINT('Origin',(-13.3535536485262,239.646449664145,149.181729992367));
#3486=CARTESIAN_POINT('',(-9.00000025814293,234.585789492365,149.681729994195));
#3487=CARTESIAN_POINT('',(-13.7071070393295,239.292896273551,149.681729992219));
#3488=CARTESIAN_POINT('',(-9.00000025814293,234.585789492365,149.681729994195));
#3489=CARTESIAN_POINT('Origin',(-8.50000025793298,245.000003054738,149.181729994405));
#3490=CARTESIAN_POINT('',(-9.00000025814293,197.123108667758,149.681729994195));
#3491=CARTESIAN_POINT('',(-9.00000025814293,245.000003054738,149.681729994195));
#3492=CARTESIAN_POINT('Ctrl Pts',(-9.00000025814293,197.123108667758,149.681729994195));
#3493=CARTESIAN_POINT('Ctrl Pts',(-8.83332321110029,197.102589788772,149.515052947293));
#3494=CARTESIAN_POINT('Ctrl Pts',(-8.66664616405742,197.082070909789,149.34837590039));
#3495=CARTESIAN_POINT('Ctrl Pts',(-8.49996911701426,197.061552030811,149.181698853486));
#3496=CARTESIAN_POINT('Ctrl Pts',(-8.33331283045388,197.041035707565,149.015042567066));
#3497=CARTESIAN_POINT('Ctrl Pts',(-8.16665654503637,197.020519378164,148.84838628026));
#3498=CARTESIAN_POINT('Ctrl Pts',(-8.00000025847546,197.000003054926,148.681729993839));
#3499=CARTESIAN_POINT('Origin',(-10.9850715050662,187.121270867256,149.181729990416));
#3500=CARTESIAN_POINT('',(-9.03077666139799,197.000003054738,149.681729994182));
#3501=CARTESIAN_POINT('',(-8.06063416125265,196.757467429702,148.681729990416));
#3502=CARTESIAN_POINT('',(-18.0000002682209,161.123108627446,149.681729990416));
#3503=CARTESIAN_POINT('',(-11.4701427551389,187.242538679774,149.681729990416));
#3504=CARTESIAN_POINT('',(-18.0000002682209,195.518716331095,158.023890203325));
#3505=CARTESIAN_POINT('Ctrl Pts',(-8.00000025363759,197.000003060162,148.681729990416));
#3506=CARTESIAN_POINT('Ctrl Pts',(-8.02021155617594,196.919157850009,148.681729990416));
#3507=CARTESIAN_POINT('Ctrl Pts',(-8.04042285871429,196.838312639855,148.681729990416));
#3508=CARTESIAN_POINT('Ctrl Pts',(-8.06063416125265,196.757467429702,148.681729990416));
#3509=CARTESIAN_POINT('Ctrl Pts',(-8.32338108701936,197.080848268507,149.015063325013));
#3510=CARTESIAN_POINT('Ctrl Pts',(-8.34359238955772,197.000003058354,149.01506332501));
#3511=CARTESIAN_POINT('Ctrl Pts',(-8.36380369209607,196.919157848201,149.015063325008));
#3512=CARTESIAN_POINT('Ctrl Pts',(-8.38401499463443,196.838312638047,149.015063325005));
#3513=CARTESIAN_POINT('Ctrl Pts',(-8.64676192040114,197.161693476853,149.34839665961));
#3514=CARTESIAN_POINT('Ctrl Pts',(-8.66697322293949,197.080848266699,149.348396659605));
#3515=CARTESIAN_POINT('Ctrl Pts',(-8.68718452547785,197.000003056546,149.348396659599));
#3516=CARTESIAN_POINT('Ctrl Pts',(-8.7073958280162,196.919157846393,149.348396659593));
#3517=CARTESIAN_POINT('Ctrl Pts',(-8.97014275378292,197.242538685198,149.681729994208));
#3518=CARTESIAN_POINT('Ctrl Pts',(-8.99035405632127,197.161693475045,149.681729994199));
#3519=CARTESIAN_POINT('Ctrl Pts',(-9.01056535885963,197.080848264891,149.681729994191));
#3520=CARTESIAN_POINT('Ctrl Pts',(-9.03077666139798,197.000003054738,149.681729994182));
#3521=CARTESIAN_POINT('Ctrl Pts',(-9.00000025814293,197.123108667758,149.681729994195));
#3522=CARTESIAN_POINT('Ctrl Pts',(-9.01025905922794,197.082073463418,149.681729994191));
#3523=CARTESIAN_POINT('Ctrl Pts',(-9.02051786031296,197.041038259078,149.681729994187));
#3524=CARTESIAN_POINT('Ctrl Pts',(-9.03077666139798,197.000003054738,149.681729994182));
#3525=CARTESIAN_POINT('Origin',(-15.8535535535117,242.146449697566,161.681729991317));
#3526=CARTESIAN_POINT('',(-9.00000012928725,234.585789492365,161.181729994195));
#3527=CARTESIAN_POINT('',(-16.207106943895,241.792896306973,161.181729991169));
#3528=CARTESIAN_POINT('',(-8.00000012970717,235.000003054738,162.181729994615));
#3529=CARTESIAN_POINT('',(-15.5000001631283,242.500003088159,162.181729991466));
#3530=CARTESIAN_POINT('',(-8.00000012970717,235.000003054738,162.181729994615));
#3531=CARTESIAN_POINT('Origin',(-8.50000012949721,245.000003054738,161.681729994405));
#3532=CARTESIAN_POINT('',(-8.00000024762379,197.000003084217,162.181729994615));
#3533=CARTESIAN_POINT('',(-8.00000012970717,245.000003054738,162.181729994615));
#3534=CARTESIAN_POINT('',(-9.00000012928725,197.123109183181,161.181729994195));
#3535=CARTESIAN_POINT('Ctrl Pts',(-8.00000024762378,197.000003084217,162.181729994615));
#3536=CARTESIAN_POINT('Ctrl Pts',(-8.16667368542176,197.020521522348,162.015056556677));
#3537=CARTESIAN_POINT('Ctrl Pts',(-8.33334703500412,197.041040435798,161.848383089038));
#3538=CARTESIAN_POINT('Ctrl Pts',(-8.50002047280262,197.061558873921,161.6817096511));
#3539=CARTESIAN_POINT('Ctrl Pts',(-8.66668035829723,197.082075643678,161.515049765465));
#3540=CARTESIAN_POINT('Ctrl Pts',(-8.83334024379211,197.102592413432,161.34838987983));
#3541=CARTESIAN_POINT('Ctrl Pts',(-9.00000012928725,197.123109183181,161.181729994195));
#3542=CARTESIAN_POINT('',(-9.00000012928725,245.000003054738,161.181729994195));
#3543=CARTESIAN_POINT('Origin',(-11.2791891525141,185.944800277465,161.681729994615));
#3544=CARTESIAN_POINT('',(-18.0000002682209,157.000003054738,162.181729994615));
#3545=CARTESIAN_POINT('',(-18.0000002682209,161.123108627446,161.181729994615));
#3546=CARTESIAN_POINT('',(-18.0000002682209,198.0898492092,152.215978462063));
#3547=CARTESIAN_POINT('',(-9.03077666139799,197.000003054738,161.181729994182));
#3548=CARTESIAN_POINT('',(-11.7642604025868,186.066068089983,161.181729994615));
#3549=CARTESIAN_POINT('',(-8.06063416125265,196.757467429702,162.181729994615));
#3550=CARTESIAN_POINT('',(-9.03077666139799,197.000003054738,161.181729994182));
#3551=CARTESIAN_POINT('',(-10.7941179024414,185.823532464947,162.181729994615));
#3552=CARTESIAN_POINT('Ctrl Pts',(-8.06063416125265,196.757467429702,162.181729994615));
#3553=CARTESIAN_POINT('Ctrl Pts',(-8.04042281769975,196.838312803913,162.181729994615));
#3554=CARTESIAN_POINT('Ctrl Pts',(-8.02021147414685,196.919158178125,162.181729994615));
#3555=CARTESIAN_POINT('Ctrl Pts',(-8.00000013059396,197.000003552337,162.181729994615));
#3556=CARTESIAN_POINT('Ctrl Pts',(-8.38401499463443,196.838312638047,161.848396661137));
#3557=CARTESIAN_POINT('Ctrl Pts',(-8.36380365108153,196.919158012259,161.84839666114));
#3558=CARTESIAN_POINT('Ctrl Pts',(-8.34359230752863,197.00000338647,161.848396661143));
#3559=CARTESIAN_POINT('Ctrl Pts',(-8.32338096397573,197.080848760682,161.848396661146));
#3560=CARTESIAN_POINT('Ctrl Pts',(-8.7073958280162,196.919157846393,161.51506332766));
#3561=CARTESIAN_POINT('Ctrl Pts',(-8.68718448446331,197.000003220604,161.515063327666));
#3562=CARTESIAN_POINT('Ctrl Pts',(-8.66697314091041,197.080848594816,161.515063327671));
#3563=CARTESIAN_POINT('Ctrl Pts',(-8.64676179735751,197.161693969027,161.515063327677));
#3564=CARTESIAN_POINT('Ctrl Pts',(-9.03077666139798,197.000003054738,161.181729994182));
#3565=CARTESIAN_POINT('Ctrl Pts',(-9.01056531784508,197.08084842895,161.181729994191));
#3566=CARTESIAN_POINT('Ctrl Pts',(-8.99035397429218,197.161693803161,161.181729994199));
#3567=CARTESIAN_POINT('Ctrl Pts',(-8.97014263073929,197.242539177373,161.181729994208));
#3568=CARTESIAN_POINT('Ctrl Pts',(-8.00000024762379,197.000003084217,162.181729994615));
#3569=CARTESIAN_POINT('Ctrl Pts',(-8.02021155216674,196.919157866045,162.181729994615));
#3570=CARTESIAN_POINT('Ctrl Pts',(-8.0404228567097,196.838312647874,162.181729994615));
#3571=CARTESIAN_POINT('Ctrl Pts',(-8.06063416125265,196.757467429702,162.181729994615));
#3572=CARTESIAN_POINT('Ctrl Pts',(-9.03077666139798,197.000003054738,161.181729994182));
#3573=CARTESIAN_POINT('Ctrl Pts',(-9.02051781736107,197.041038430886,161.181729994187));
#3574=CARTESIAN_POINT('Ctrl Pts',(-9.01025897332416,197.082073807033,161.181729994191));
#3575=CARTESIAN_POINT('Ctrl Pts',(-9.00000012928724,197.123109183181,161.181729994195));
#3576=CARTESIAN_POINT('Origin',(-18.000000262972,245.000003054738,161.181729990416));
#3577=CARTESIAN_POINT('',(-18.0000002682209,197.000003054738,161.181729990416));
#3578=CARTESIAN_POINT('',(-15.5000002300757,197.000003054738,161.181729991466));
#3579=CARTESIAN_POINT('',(-18.0000002682209,243.500003054738,161.181729990416));
#3580=CARTESIAN_POINT('',(-18.0000002682209,227.500003091991,161.181729990416));
#3581=CARTESIAN_POINT('',(-18.750000266431,244.250003052948,161.181729990101));
#3582=CARTESIAN_POINT('',(-10.5000004470348,233.500003293157,161.181729993565));
#3583=CARTESIAN_POINT('Origin',(-12.5000004470348,233.500003293157,161.181729992725));
#3584=CARTESIAN_POINT('',(-10.5000004470348,208.500003293157,161.181729993565));
#3585=CARTESIAN_POINT('Origin',(-12.5000004470348,208.500003293157,161.181729992725));
#3586=CARTESIAN_POINT('Origin',(-18.0000002682209,197.000003054738,161.181729994615));
#3587=CARTESIAN_POINT('',(-18.0000002682209,203.500003091991,161.181729994615));
#3588=CARTESIAN_POINT('Origin',(-10.9850715050662,187.121270867256,168.181729990416));
#3589=CARTESIAN_POINT('',(-8.06063416125266,196.757467429702,167.681729990416));
#3590=CARTESIAN_POINT('',(-9.030776661398,197.000003054738,168.681729994182));
#3591=CARTESIAN_POINT('',(-8.06063416125266,196.757467429702,167.681729990416));
#3592=CARTESIAN_POINT('',(-18.0000002682209,161.123108627446,168.681729990416));
#3593=CARTESIAN_POINT('',(-11.4701427551389,187.242538679774,168.681729990416));
#3594=CARTESIAN_POINT('',(-18.0000002682209,157.000003054738,167.681729990416));
#3595=CARTESIAN_POINT('',(-18.0000002682209,193.342632806464,176.496112425547));
#3596=CARTESIAN_POINT('',(-10.5000002549936,187.000003054738,167.681729990416));
#3597=CARTESIAN_POINT('Ctrl Pts',(-8.00000012871966,197.000003559834,167.681729990416));
#3598=CARTESIAN_POINT('Ctrl Pts',(-8.02021147289732,196.919158183123,167.681729990416));
#3599=CARTESIAN_POINT('Ctrl Pts',(-8.04042281707499,196.838312806412,167.681729990416));
#3600=CARTESIAN_POINT('Ctrl Pts',(-8.06063416125265,196.757467429702,167.681729990416));
#3601=CARTESIAN_POINT('Ctrl Pts',(-8.32338096210143,197.080848768179,168.015063325013));
#3602=CARTESIAN_POINT('Ctrl Pts',(-8.3435923062791,197.000003391468,168.01506332501));
#3603=CARTESIAN_POINT('Ctrl Pts',(-8.36380365045677,196.919158014758,168.015063325008));
#3604=CARTESIAN_POINT('Ctrl Pts',(-8.38401499463443,196.838312638047,168.015063325005));
#3605=CARTESIAN_POINT('Ctrl Pts',(-8.64676179548321,197.161693976525,168.34839665961));
#3606=CARTESIAN_POINT('Ctrl Pts',(-8.66697313966088,197.080848599814,168.348396659605));
#3607=CARTESIAN_POINT('Ctrl Pts',(-8.68718448383854,197.000003223103,168.348396659599));
#3608=CARTESIAN_POINT('Ctrl Pts',(-8.70739582801621,196.919157846393,168.348396659593));
#3609=CARTESIAN_POINT('Ctrl Pts',(-8.97014262886499,197.24253918487,168.681729994208));
#3610=CARTESIAN_POINT('Ctrl Pts',(-8.99035397304266,197.161693808159,168.681729994199));
#3611=CARTESIAN_POINT('Ctrl Pts',(-9.01056531722032,197.080848431449,168.681729994191));
#3612=CARTESIAN_POINT('Ctrl Pts',(-9.03077666139799,197.000003054738,168.681729994182));
#3613=CARTESIAN_POINT('',(-9.00000013243662,197.123109170583,168.681729994195));
#3614=CARTESIAN_POINT('Ctrl Pts',(-9.00000013243662,197.123109170584,168.681729994195));
#3615=CARTESIAN_POINT('Ctrl Pts',(-9.01025897542374,197.082073798635,168.681729994191));
#3616=CARTESIAN_POINT('Ctrl Pts',(-9.02051781841087,197.041038426687,168.681729994187));
#3617=CARTESIAN_POINT('Ctrl Pts',(-9.03077666139799,197.000003054738,168.681729994182));
#3618=CARTESIAN_POINT('',(-8.00000013201671,197.000003054738,167.681729994615));
#3619=CARTESIAN_POINT('Ctrl Pts',(-8.06063416125265,196.757467429702,167.681729990416));
#3620=CARTESIAN_POINT('Ctrl Pts',(-8.04042285675498,196.838312647692,167.681729990416));
#3621=CARTESIAN_POINT('Ctrl Pts',(-8.02021155225731,196.919157865683,167.681729990416));
#3622=CARTESIAN_POINT('Ctrl Pts',(-8.00000024775964,197.000003083674,167.681729990416));
#3623=CARTESIAN_POINT('Ctrl Pts',(-8.00000024775964,197.000003083674,167.681729990416));
#3624=CARTESIAN_POINT('Ctrl Pts',(-8.16665652446096,197.020519405698,167.848386266977));
#3625=CARTESIAN_POINT('Ctrl Pts',(-8.33331271143092,197.041036211213,168.015042573749));
#3626=CARTESIAN_POINT('Ctrl Pts',(-8.49996898813171,197.061552533245,168.18169885031));
#3627=CARTESIAN_POINT('Ctrl Pts',(-8.66664603623362,197.082071412354,168.348375898272));
#3628=CARTESIAN_POINT('Ctrl Pts',(-8.83332308433524,197.102590291467,168.515052946234));
#3629=CARTESIAN_POINT('Ctrl Pts',(-9.00000013243662,197.123109170583,168.681729994195));
#3630=CARTESIAN_POINT('Origin',(-8.50000013222666,245.000003054738,168.181729994405));
#3631=CARTESIAN_POINT('',(-9.00000013243662,234.585789492365,168.681729994195));
#3632=CARTESIAN_POINT('',(-9.00000013243662,245.000003054738,168.681729994195));
#3633=CARTESIAN_POINT('',(-8.0000001320167,235.000003054738,167.681729994615));
#3634=CARTESIAN_POINT('',(-8.00000013201671,245.000003054738,167.681729994615));
#3635=CARTESIAN_POINT('',(-8.0000001320167,235.000003054738,167.681729994615));
#3636=CARTESIAN_POINT('Origin',(-13.3535535228199,239.646449664145,168.181729992367));
#3637=CARTESIAN_POINT('',(-13.0000001320167,240.000003054738,167.681729992515));
#3638=CARTESIAN_POINT('',(-13.7071069136232,239.292896273551,168.681729992219));
#3639=CARTESIAN_POINT('Origin',(-13.000000135271,240.000003054738,175.431729995035));
#3640=CARTESIAN_POINT('',(-8.00000013527105,235.000003054738,175.431729997135));
#3641=CARTESIAN_POINT('Origin',(-8.00000012928725,245.000003054738,161.181729994615));
#3642=CARTESIAN_POINT('',(-8.0000001300746,197.000003054738,163.056729994615));
#3643=CARTESIAN_POINT('Origin',(-13.0000002549936,177.000003054738,163.056729993565));
#3644=CARTESIAN_POINT('',(-18.0000002682209,157.000003054738,153.356729988946));
#3645=CARTESIAN_POINT('Origin',(-8.00000025499357,197.000003054738,149.681729990416));
#3646=CARTESIAN_POINT('',(-18.0000002682209,197.000003054738,149.681729990416));
#3647=CARTESIAN_POINT('',(-10.5000002252467,197.000003054738,149.681729993565));
#3648=CARTESIAN_POINT('',(-18.0000002682209,203.500003091991,149.681729990416));
#3649=CARTESIAN_POINT('Origin',(-8.00000025499357,197.000003054738,168.681729990416));
#3650=CARTESIAN_POINT('',(-18.0000002682209,197.000003054738,168.681729990416));
#3651=CARTESIAN_POINT('',(-10.5000001663827,197.000003054738,168.681729993565));
#3652=CARTESIAN_POINT('',(-18.0000002682209,203.500003091991,168.681729990416));
#3653=CARTESIAN_POINT('Origin',(-47.0000007748604,177.000003054738,166.806729985377));
#3654=CARTESIAN_POINT('',(-42.0000006258488,157.000003054738,153.356729985377));
#3655=CARTESIAN_POINT('',(-52.0000007748604,197.000003054738,166.806729985377));
#3656=CARTESIAN_POINT('Origin',(-52.0000007748604,245.000003054738,168.681729985377));
#3657=CARTESIAN_POINT('',(-52.0000007748604,235.000003054738,179.181729985377));
#3658=CARTESIAN_POINT('Origin',(-42.0000006258488,150.000002235174,141.781729985377));
#3659=CARTESIAN_POINT('',(-42.0000006258488,243.500003054738,172.456985203392));
#3660=CARTESIAN_POINT('',(-42.0000006258488,241.187603917174,177.081782972102));
#3661=CARTESIAN_POINT('',(-42.0000006258488,243.500003054738,165.731729985377));
#3662=CARTESIAN_POINT('',(-42.0000006258488,243.500003054738,165.731729985377));
#3663=CARTESIAN_POINT('',(-42.0000006258488,243.500003054738,142.181729985377));
#3664=CARTESIAN_POINT('',(-42.0000006258488,197.500002644956,142.181729985377));
#3665=CARTESIAN_POINT('',(-42.0000006258488,243.500003054738,138.681729985377));
#3666=CARTESIAN_POINT('',(-42.0000006258488,243.500003054738,165.731729985377));
#3667=CARTESIAN_POINT('',(-42.0000006258488,150.500002235174,138.681729985377));
#3668=CARTESIAN_POINT('',(-42.0000006258488,205.000003054738,138.681729985377));
#3669=CARTESIAN_POINT('',(-42.0000006258488,150.500002235174,141.781729985377));
#3670=CARTESIAN_POINT('Origin',(-18.0000002682209,197.000003054738,142.181729994615));
#3671=CARTESIAN_POINT('',(-18.0000002682209,197.000003054738,142.181729990416));
#3672=CARTESIAN_POINT('',(-18.0000002682209,203.500003091991,142.181729994615));
#3673=CARTESIAN_POINT('',(-15.5000002220973,197.000003054738,142.181729991466));
#3674=CARTESIAN_POINT('Origin',(-18.0000002682209,210.000003129244,141.781729985377));
#3675=CARTESIAN_POINT('',(-18.0000002682209,150.500002235174,138.681729985377));
#3676=CARTESIAN_POINT('',(-18.0000002682209,150.500002235174,141.781729985377));
#3677=CARTESIAN_POINT('',(-18.0000002682209,243.500003054738,138.681729985377));
#3678=CARTESIAN_POINT('',(-18.0000002682209,195.000002905726,138.681729985377));
#3679=CARTESIAN_POINT('',(-18.0000002682209,243.50000306849,142.181729990416));
#3680=CARTESIAN_POINT('',(-18.0000002682209,243.50000306849,165.731729985377));
#3681=CARTESIAN_POINT('',(-18.0000002682209,227.500003091991,142.181729990416));
#3682=CARTESIAN_POINT('',(-18.0000002682209,243.500003054738,149.681729990416));
#3683=CARTESIAN_POINT('',(-18.0000002682209,227.500003091991,149.681729990416));
#3684=CARTESIAN_POINT('',(-18.0000002682209,243.500003054738,165.731729985377));
#3685=CARTESIAN_POINT('',(-18.0000002682209,243.500003054738,168.681729990416));
#3686=CARTESIAN_POINT('',(-18.0000002682209,227.500003091991,168.681729990416));
#3687=CARTESIAN_POINT('',(-18.0000002682209,243.500003054738,172.456985095622));
#3688=CARTESIAN_POINT('',(-18.0000002682209,243.500003054738,165.731729985377));
#3689=CARTESIAN_POINT('',(-18.0000002682209,247.187605106345,165.081781158282));
#3690=CARTESIAN_POINT('Origin',(-41.0000002682209,197.000003054738,141.681729985377));
#3691=CARTESIAN_POINT('',(-41.0000002682209,156.000003129244,141.681729985377));
#3692=CARTESIAN_POINT('',(-41.0000002682209,156.000003129244,149.681729985377));
#3693=CARTESIAN_POINT('',(-41.0000002682209,197.000003054738,141.681729985377));
#3694=CARTESIAN_POINT('',(-41.0000002682209,188.500002868474,141.681729985377));
#3695=CARTESIAN_POINT('',(-41.0000002682209,197.000003054738,153.306729988946));
#3696=CARTESIAN_POINT('Origin',(-13.0000001987541,197.000003054738,164.931729992515));
#3697=CARTESIAN_POINT('',(-19.0000002682209,197.000003054738,141.681729985377));
#3698=CARTESIAN_POINT('',(-19.0000002682209,197.000003054738,153.556729993565));
#3699=CARTESIAN_POINT('',(-30.0000004470348,197.000003129244,141.681729985377));
#3700=CARTESIAN_POINT('Origin',(-30.0000004470348,180.000002682209,141.681729985377));
#3701=CARTESIAN_POINT('',(-19.0000002682209,156.000003129244,141.681729985377));
#3702=CARTESIAN_POINT('',(-19.0000002682209,188.500002868474,141.681729985377));
#3703=CARTESIAN_POINT('',(-35.5000002682209,156.000003129244,141.681729985377));
#3704=CARTESIAN_POINT('',(-42.0000006258488,156.000003129244,141.681729985377));
#3705=CARTESIAN_POINT('',(-35.5000002682209,149.000002235174,141.681729985377));
#3706=CARTESIAN_POINT('',(-35.5000002682209,195.000002905726,141.681729985377));
#3707=CARTESIAN_POINT('',(-24.5000002682209,149.000002235174,141.681729985377));
#3708=CARTESIAN_POINT('',(-24.0000003576279,149.000002235174,141.681729985377));
#3709=CARTESIAN_POINT('',(-24.5000002682209,156.000003129244,141.681729985377));
#3710=CARTESIAN_POINT('',(-24.5000002682209,195.000002905726,141.681729985377));
#3711=CARTESIAN_POINT('',(-18.0000002682209,156.000003129244,141.681729985377));
#3712=CARTESIAN_POINT('Origin',(-19.0000002682209,197.000003054738,173.681729985377));
#3713=CARTESIAN_POINT('',(-19.0000002682209,156.000003129244,165.681729985377));
#3714=CARTESIAN_POINT('Origin',(-30.0000004470348,156.000003129244,157.681729985377));
#3715=CARTESIAN_POINT('',(-23.0000002682209,156.000003129244,143.181729985377));
#3716=CARTESIAN_POINT('',(-21.5000003129244,156.000003129244,144.681729940673));
#3717=CARTESIAN_POINT('',(-23.0000002682209,156.000003129244,156.181729985377));
#3718=CARTESIAN_POINT('',(-23.0000002682209,156.000003129244,162.181729985377));
#3719=CARTESIAN_POINT('',(-24.5000002682209,156.000003129244,157.681729985377));
#3720=CARTESIAN_POINT('',(-25.5000003129244,156.000003129244,158.68173003008));
#3721=CARTESIAN_POINT('',(-35.5000002682209,156.000003129244,157.681729985377));
#3722=CARTESIAN_POINT('',(-33.5000003576279,156.000003129244,157.681729985377));
#3723=CARTESIAN_POINT('',(-37.0000002682209,156.000003129244,156.181729985377));
#3724=CARTESIAN_POINT('',(-34.5000003129244,156.000003129244,158.681729940673));
#3725=CARTESIAN_POINT('',(-37.0000002682209,156.000003129244,143.181729985377));
#3726=CARTESIAN_POINT('',(-37.0000002682209,156.000003129244,149.681729985377));
#3727=CARTESIAN_POINT('',(-38.5000003129244,156.000003129244,144.68173003008));
#3728=CARTESIAN_POINT('Origin',(-8.00000013243662,245.000003054738,168.681729994615));
#3729=CARTESIAN_POINT('',(-16.2500004257558,241.750003054838,168.681729991151));
#3730=CARTESIAN_POINT('',(-10.5000004470348,208.500003293157,168.681729997974));
#3731=CARTESIAN_POINT('Origin',(-12.5000004470348,208.500003293157,168.681729992725));
#3732=CARTESIAN_POINT('',(-10.5000004470348,233.500003293157,168.681729997974));
#3733=CARTESIAN_POINT('Origin',(-12.5000004470348,233.500003293157,168.681729992725));
#3734=CARTESIAN_POINT('Origin',(-52.0000006411757,245.000003054738,142.181729985377));
#3735=CARTESIAN_POINT('',(-43.7500006079674,241.750003054738,142.181729985377));
#3736=CARTESIAN_POINT('',(-45.5000004470348,233.500003293157,142.181729985377));
#3737=CARTESIAN_POINT('Origin',(-47.5000004470348,233.500003293157,142.181729985377));
#3738=CARTESIAN_POINT('',(-45.5000004470348,208.500003293157,142.181729985377));
#3739=CARTESIAN_POINT('Origin',(-47.5000004470348,208.500003293157,142.181729985377));
#3740=CARTESIAN_POINT('Origin',(-8.00000025814294,245.000003054738,149.681729994615));
#3741=CARTESIAN_POINT('',(-16.2500002640165,241.750003050534,149.681729991151));
#3742=CARTESIAN_POINT('',(-10.5000004470348,233.500003293157,149.681729993565));
#3743=CARTESIAN_POINT('Origin',(-12.5000004470348,233.500003293157,149.681729992725));
#3744=CARTESIAN_POINT('',(-10.5000004470348,208.500003293157,149.681729993565));
#3745=CARTESIAN_POINT('Origin',(-12.5000004470348,208.500003293157,149.681729992725));
#3746=CARTESIAN_POINT('Origin',(-18.0000002549936,245.000003054738,142.181729990416));
#3747=CARTESIAN_POINT('',(-18.7500002590038,244.250003052397,142.181729990101));
#3748=CARTESIAN_POINT('',(-10.5000004470348,233.500003293157,142.181729993565));
#3749=CARTESIAN_POINT('Origin',(-12.5000004470348,233.500003293157,142.181729992725));
#3750=CARTESIAN_POINT('',(-10.5000004470348,208.500003293157,142.181729993565));
#3751=CARTESIAN_POINT('Origin',(-12.5000004470348,208.500003293157,142.181729992725));
#3752=CARTESIAN_POINT('Origin',(-36.04,152.6,173.681729985377));
#3753=CARTESIAN_POINT('',(-37.0000002682209,154.354536829199,143.181729985377));
#3754=CARTESIAN_POINT('',(-37.0000002682209,154.354536829199,156.181729985377));
#3755=CARTESIAN_POINT('',(-37.0000002682209,154.354536829199,173.681729985377));
#3756=CARTESIAN_POINT('',(-35.5000002682209,154.525720719543,157.681729985377));
#3757=CARTESIAN_POINT('Origin',(-36.04,152.6,157.141730253598));
#3758=CARTESIAN_POINT('',(-34.04,152.6,157.681729985377));
#3759=CARTESIAN_POINT('Origin',(-36.04,152.6,157.681729985377));
#3760=CARTESIAN_POINT('',(-34.04,152.6,173.681729985377));
#3761=CARTESIAN_POINT('',(-35.5000002682209,150.674279280457,157.681729985377));
#3762=CARTESIAN_POINT('Origin',(-36.04,152.6,157.681729985377));
#3763=CARTESIAN_POINT('',(-37.0000002682209,150.845463170801,156.181729985377));
#3764=CARTESIAN_POINT('Origin',(-36.04,152.6,157.141730253598));
#3765=CARTESIAN_POINT('',(-37.0000002682209,150.845463170801,143.181729985377));
#3766=CARTESIAN_POINT('',(-37.0000002682209,150.845463170801,173.681729985377));
#3767=CARTESIAN_POINT('Origin',(-36.04,152.6,143.181729985377));
#3768=CARTESIAN_POINT('Origin',(-23.84,152.6,173.681729985377));
#3769=CARTESIAN_POINT('',(-23.0000002682209,154.415048332858,156.181729985377));
#3770=CARTESIAN_POINT('',(-23.0000002682209,154.415048332858,143.181729985377));
#3771=CARTESIAN_POINT('',(-23.0000002682209,154.415048332858,173.681729985377));
#3772=CARTESIAN_POINT('',(-21.84,152.6,143.181729985377));
#3773=CARTESIAN_POINT('Origin',(-23.84,152.6,143.181729985377));
#3774=CARTESIAN_POINT('',(-21.84,152.6,173.681729985377));
#3775=CARTESIAN_POINT('',(-23.0000002682209,150.784951667142,143.181729985377));
#3776=CARTESIAN_POINT('Origin',(-23.84,152.6,143.181729985377));
#3777=CARTESIAN_POINT('',(-23.0000002682209,150.784951667142,156.181729985377));
#3778=CARTESIAN_POINT('',(-23.0000002682209,150.784951667142,173.681729985377));
#3779=CARTESIAN_POINT('',(-24.5000002682209,150.712038229744,157.681729985377));
#3780=CARTESIAN_POINT('Origin',(-23.84,152.6,157.021729717156));
#3781=CARTESIAN_POINT('',(-24.5000002682209,154.487961770256,157.681729985377));
#3782=CARTESIAN_POINT('Origin',(-23.84,152.6,157.681729985377));
#3783=CARTESIAN_POINT('Origin',(-23.84,152.6,157.021729717156));
#3784=CARTESIAN_POINT('Origin',(-36.04,152.6,143.181729985377));
#3785=CARTESIAN_POINT('',(-37.0000002682209,195.000002905726,143.181729985377));
#3786=CARTESIAN_POINT('Origin',(-47.5000004470348,233.500003293157,168.681729985377));
#3787=CARTESIAN_POINT('',(-45.5000004470348,233.500003293157,168.681729985377));
#3788=CARTESIAN_POINT('Origin',(-47.5000004470348,233.500003293157,168.681729985377));
#3789=CARTESIAN_POINT('',(-45.5000004470348,233.500003293157,168.681729985377));
#3790=CARTESIAN_POINT('Origin',(-12.5000004470348,208.500003293157,168.681729997974));
#3791=CARTESIAN_POINT('',(-10.5000004470348,208.500003293157,168.681729997974));
#3792=CARTESIAN_POINT('Origin',(-12.5000004470348,208.500003293157,168.681729997974));
#3793=CARTESIAN_POINT('',(-10.5000004470348,208.500003293157,168.681729997974));
#3794=CARTESIAN_POINT('Origin',(-12.5000004470348,233.500003293157,168.681729997974));
#3795=CARTESIAN_POINT('',(-10.5000004470348,233.500003293157,168.681729997974));
#3796=CARTESIAN_POINT('Origin',(-12.5000004470348,233.500003293157,168.681729997974));
#3797=CARTESIAN_POINT('',(-10.5000004470348,233.500003293157,168.681729997974));
#3798=CARTESIAN_POINT('Origin',(-47.5000004470348,208.500003293157,168.681729985377));
#3799=CARTESIAN_POINT('',(-45.5000004470348,208.500003293157,168.681729985377));
#3800=CARTESIAN_POINT('Origin',(-47.5000004470348,208.500003293157,168.681729985377));
#3801=CARTESIAN_POINT('',(-45.5000004470348,208.500003293157,168.681729985377));
#3802=CARTESIAN_POINT('Origin',(-30.0000002682209,225.000003054738,173.681729985377));
#3803=CARTESIAN_POINT('',(-28.0000002682209,225.000003054738,153.681729985377));
#3804=CARTESIAN_POINT('',(-28.0000002682209,225.000003054738,173.681729985377));
#3805=CARTESIAN_POINT('Origin',(-30.0000002682209,225.000003054738,153.681729985377));
#3806=CARTESIAN_POINT('Origin',(-35.0000005215406,210.000002533197,173.681729985377));
#3807=CARTESIAN_POINT('',(-33.0000005215406,210.000002533197,153.681729985377));
#3808=CARTESIAN_POINT('',(-33.0000005215406,210.000002533197,173.681729985377));
#3809=CARTESIAN_POINT('Origin',(-35.0000005215406,210.000002533197,153.681729985377));
#3810=CARTESIAN_POINT('Origin',(-25.0000000149012,240.000003576279,173.681729985377));
#3811=CARTESIAN_POINT('',(-23.0000000149012,240.000003576279,153.681729985377));
#3812=CARTESIAN_POINT('',(-23.0000000149012,240.000003576279,173.681729985377));
#3813=CARTESIAN_POINT('Origin',(-25.0000000149012,240.000003576279,153.681729985377));
#3814=CARTESIAN_POINT('Origin',(-25.0000000149012,210.000002533197,173.681729985377));
#3815=CARTESIAN_POINT('',(-23.0000000149012,210.000002533197,153.681729985377));
#3816=CARTESIAN_POINT('',(-23.0000000149012,210.000002533197,173.681729985377));
#3817=CARTESIAN_POINT('Origin',(-25.0000000149012,210.000002533197,153.681729985377));
#3818=CARTESIAN_POINT('Origin',(-35.0000005215406,240.000003576279,173.681729985377));
#3819=CARTESIAN_POINT('',(-33.0000005215406,240.000003576279,153.681729985377));
#3820=CARTESIAN_POINT('',(-33.0000005215406,240.000003576279,173.681729985377));
#3821=CARTESIAN_POINT('Origin',(-35.0000005215406,240.000003576279,153.681729985377));
#3822=CARTESIAN_POINT('Origin',(-23.84,200.8,173.681729985377));
#3823=CARTESIAN_POINT('',(-21.84,200.8,146.381729985377));
#3824=CARTESIAN_POINT('Origin',(-23.84,200.8,146.381729985377));
#3825=CARTESIAN_POINT('',(-21.84,200.8,173.681729985377));
#3826=CARTESIAN_POINT('Origin',(-36.04,200.8,173.681729985377));
#3827=CARTESIAN_POINT('',(-34.04,200.8,146.381729985377));
#3828=CARTESIAN_POINT('Origin',(-36.04,200.8,146.381729985377));
#3829=CARTESIAN_POINT('',(-34.04,200.8,173.681729985377));
#3830=CARTESIAN_POINT('Origin',(-36.04,200.8,146.381729985377));
#3831=CARTESIAN_POINT('Origin',(-23.84,200.8,146.381729985377));
#3832=CARTESIAN_POINT('Origin',(-37.9708763763087,246.916754779175,169.652605869947));
#3833=CARTESIAN_POINT('',(-37.3585038959094,246.916754734472,170.264978305643));
#3834=CARTESIAN_POINT('',(-38.583248856708,246.916754823879,169.040233434252));
#3835=CARTESIAN_POINT('Origin',(-22.0291241414387,246.916754818005,169.652605777233));
#3836=CARTESIAN_POINT('',(-21.4167516965611,246.916754790459,169.0402333599));
#3837=CARTESIAN_POINT('',(-22.6414965863163,246.91675484555,170.264978194565));
#3838=CARTESIAN_POINT('Origin',(-30.0000004470348,244.250003054738,172.931729985377));
#3839=CARTESIAN_POINT('Origin',(-41.2500007003546,244.250003054738,165.731729985377));
#3840=CARTESIAN_POINT('Origin',(-18.7500002682209,244.250003054738,165.731729985377));
#3841=CARTESIAN_POINT('Origin',(-41.2500006335122,244.250003054738,165.731729985377));
#3842=CARTESIAN_POINT('',(-40.5000006411757,245.000003054738,139.303050344263));
#3843=CARTESIAN_POINT('Origin',(-53.8446705399589,244.250003054738,151.587060071267));
#3844=CARTESIAN_POINT('',(-40.5000006258488,243.500003054738,137.181729985377));
#3845=CARTESIAN_POINT('',(-39.8786802822892,245.000003054738,138.681729985377));
#3846=CARTESIAN_POINT('',(-54.3750006258488,243.500003054738,151.056729985377));
#3847=CARTESIAN_POINT('Origin',(-36.0000005364418,244.250003054738,137.931729985377));
#3848=CARTESIAN_POINT('',(-19.5000002682209,243.500003054738,137.181729985377));
#3849=CARTESIAN_POINT('',(-20.1213206117805,245.000003054738,138.681729985377));
#3850=CARTESIAN_POINT('',(-36.0000005364418,243.500003054738,137.181729985377));
#3851=CARTESIAN_POINT('Origin',(-18.7500002682209,244.250003061614,165.731729985377));
#3852=CARTESIAN_POINT('',(-18.0000002682209,243.50000306849,138.681729985377));
#3853=CARTESIAN_POINT('Origin',(-12.1553304435178,244.250003054738,145.58705998186));
#3854=CARTESIAN_POINT('',(-11.6250003576278,243.500003054738,145.05672989597));
#3855=CARTESIAN_POINT('Origin',(-41.2500006258488,165.000002458692,137.931729985377));
#3856=CARTESIAN_POINT('',(-40.5000006258488,151.121322840601,137.181729985377));
#3857=CARTESIAN_POINT('',(-40.5000006258488,205.000003054738,137.181729985377));
#3858=CARTESIAN_POINT('',(-42.0000006258488,150.500002235174,138.681729985377));
#3859=CARTESIAN_POINT('Origin',(-30.0000004470348,180.000002682209,137.181729985377));
#3860=CARTESIAN_POINT('',(-19.5000002682209,151.121322840601,137.181729985377));
#3861=CARTESIAN_POINT('',(-19.5000002682209,195.000002905726,137.181729985377));
#3862=CARTESIAN_POINT('',(-20.1213212439836,150.500002235174,137.181729985377));
#3863=CARTESIAN_POINT('',(-15.0606618449847,155.560658617786,137.181729985377));
#3864=CARTESIAN_POINT('',(-39.8786796500861,150.500002235174,137.181729985377));
#3865=CARTESIAN_POINT('',(-24.0000003576279,150.500002235174,137.181729985377));
#3866=CARTESIAN_POINT('',(-44.939339049085,155.560658617786,137.181729985377));
#3867=CARTESIAN_POINT('Origin',(-18.7500002682209,195.000002905726,137.931729985377));
#3868=CARTESIAN_POINT('',(-19.5000002682209,151.121322840601,137.181729985377));
#3869=CARTESIAN_POINT('Origin',(-18.7500002007487,244.250003054738,165.731729985377));
#3870=CARTESIAN_POINT('Origin',(-41.2500006258488,244.250003054738,165.731729985377));
#3871=CARTESIAN_POINT('Origin',(-47.0000007748604,240.000003054738,179.181729985377));
#3872=CARTESIAN_POINT('Origin',(-30.0000002682209,225.000003054738,153.681729985377));
#3873=CARTESIAN_POINT('Origin',(-25.0000000149012,210.000002533197,153.681729985377));
#3874=CARTESIAN_POINT('Origin',(-25.0000000149012,240.000003576279,153.681729985377));
#3875=CARTESIAN_POINT('Origin',(-35.0000005215406,210.000002533197,153.681729985377));
#3876=CARTESIAN_POINT('Origin',(-35.0000005215406,240.000003576279,153.681729985377));
#3877=CARTESIAN_POINT('Origin',(-36.2500002682209,210.000003129244,156.931729985377));
#3878=CARTESIAN_POINT('',(-37.0000002682209,149.000003129244,156.181729985377));
#3879=CARTESIAN_POINT('',(-35.5000002682209,210.000003129244,157.681729985377));
#3880=CARTESIAN_POINT('Origin',(-36.2500002682209,210.000003129244,156.931729985377));
#3881=CARTESIAN_POINT('',(-35.5000002682209,149.000003129244,157.681729985377));
#3882=CARTESIAN_POINT('',(-35.5000002682209,149.000003129244,157.681729985377));
#3883=CARTESIAN_POINT('',(-37.0000002682209,149.000003129244,156.181729985377));
#3884=CARTESIAN_POINT('',(-35.4750002682208,149.000003129244,157.706729985377));
#3885=CARTESIAN_POINT('',(-37.0000002682209,210.000003129244,156.181729985377));
#3886=CARTESIAN_POINT('Origin',(-37.0000002682209,210.000003129244,157.681729985377));
#3887=CARTESIAN_POINT('',(-24.5000002682209,149.000003129244,157.681729985377));
#3888=CARTESIAN_POINT('',(-24.5000002682209,210.000003129244,157.681729985377));
#3889=CARTESIAN_POINT('',(-37.0000002682209,149.000003129244,157.681729985377));
#3890=CARTESIAN_POINT('',(-24.5000002682209,149.000003129244,157.681729985377));
#3891=CARTESIAN_POINT('Origin',(-23.7500002682209,210.000003129244,156.931729985377));
#3892=CARTESIAN_POINT('',(-23.0000002682209,210.000003129244,156.181729985377));
#3893=CARTESIAN_POINT('Origin',(-23.7500002682209,210.000003129244,156.931729985377));
#3894=CARTESIAN_POINT('',(-23.0000002682209,149.000003129244,156.181729985377));
#3895=CARTESIAN_POINT('',(-23.0000002682209,149.000003129244,156.181729985377));
#3896=CARTESIAN_POINT('',(-18.5250002682209,149.000003129244,151.706729985377));
#3897=CARTESIAN_POINT('Origin',(-36.2500002682209,195.000002905726,142.431729985377));
#3898=CARTESIAN_POINT('',(-37.0000002682209,195.000002905726,143.181729985377));
#3899=CARTESIAN_POINT('',(-37.0000002682209,149.000003129244,143.181729985377));
#3900=CARTESIAN_POINT('',(-37.0000002682209,195.000002905726,143.181729985377));
#3901=CARTESIAN_POINT('',(-31.5250002682209,149.000003129244,137.706729985377));
#3902=CARTESIAN_POINT('Origin',(-23.7500002682209,195.000002905726,142.431729985377));
#3903=CARTESIAN_POINT('',(-23.0000002682209,149.000003129244,143.181729985377));
#3904=CARTESIAN_POINT('',(-22.4750002682209,149.000003129244,143.706729985377));
#3905=CARTESIAN_POINT('',(-23.0000002682209,195.000002905726,143.181729985377));
#3906=CARTESIAN_POINT('',(-23.0000002682209,195.000002905726,143.181729985377));
#3907=CARTESIAN_POINT('',(-23.0000002682209,195.000002905726,143.181729985377));
#3908=CARTESIAN_POINT('Origin',(-37.0000002682209,210.000003129244,141.681729985377));
#3909=CARTESIAN_POINT('Origin',(-37.0000002682209,210.000003129244,141.681729985377));
#3910=CARTESIAN_POINT('',(-37.0000002682209,149.000003129244,141.681729985377));
#3911=CARTESIAN_POINT('Origin',(-23.0000002682209,210.000003129244,166.681729985377));
#3912=CARTESIAN_POINT('Origin',(-23.0000002682209,210.000003129244,166.681729985377));
#3913=CARTESIAN_POINT('',(-23.0000002682209,149.000003129244,166.681729985377));
#3914=CARTESIAN_POINT('Origin',(-23.84,152.6,143.181729985377));
#3915=CARTESIAN_POINT('Origin',(-41.2500006258489,149.750002682209,141.781729985377));
#3916=CARTESIAN_POINT('',(-40.500000625849,149.000003129244,138.681729985377));
#3917=CARTESIAN_POINT('',(-45.9999989047634,154.499998129905,138.681729985377));
#3918=CARTESIAN_POINT('',(-40.500000625849,149.000003129244,141.781729985377));
#3919=CARTESIAN_POINT('Origin',(-18.0000002682209,149.000003129244,141.781729985377));
#3920=CARTESIAN_POINT('',(-19.5000002682206,149.000003129244,138.681729985377));
#3921=CARTESIAN_POINT('',(-24.0000003576279,149.000003129244,138.681729985377));
#3922=CARTESIAN_POINT('',(-19.5000002682206,149.000003129244,141.781729985377));
#3923=CARTESIAN_POINT('Origin',(-18.7500002682208,149.750002682209,141.781729985377));
#3924=CARTESIAN_POINT('',(-14.0000019893063,154.499998129905,138.681729985377));
#3925=CARTESIAN_POINT('Origin',(-45.4696689769242,155.030328373845,137.931729985377));
#3926=CARTESIAN_POINT('',(-40.500000625849,149.000003129244,138.681729985377));
#3927=CARTESIAN_POINT('Origin',(-14.5303319171455,155.030328373845,137.931729985377));
#3928=CARTESIAN_POINT('',(-20.1213212439836,150.500002235174,137.181729985377));
#3929=CARTESIAN_POINT('Origin',(-24.0000003576279,149.750002682209,137.931729985377));
#3930=CARTESIAN_POINT('Origin',(-29.94,166.7,132.481729985377));
#3931=CARTESIAN_POINT('',(-31.44,166.7,132.481729985377));
#3932=CARTESIAN_POINT('Origin',(-29.94,166.7,132.481729985377));
#3933=CARTESIAN_POINT('Origin',(-29.94,166.7,132.481729985377));
#3934=CARTESIAN_POINT('',(-31.94,166.7,132.981729985377));
#3935=CARTESIAN_POINT('',(-31.94,166.7,132.481729985377));
#3936=CARTESIAN_POINT('Origin',(-29.94,166.7,132.981729985377));
#3937=CARTESIAN_POINT('Origin',(-29.94,166.7,132.731729985377));
#3938=CARTESIAN_POINT('',(-31.69,166.7,132.731729985377));
#3939=CARTESIAN_POINT('',(0.,0.,0.));
#3940=UNCERTAINTY_MEASURE_WITH_UNIT(LENGTH_MEASURE(0.01),#3946,
'DISTANCE_ACCURACY_VALUE',
'Maximum model space distance between geometric entities at asserted c
onnectivities');
#3941=UNCERTAINTY_MEASURE_WITH_UNIT(LENGTH_MEASURE(0.01),#3946,
'DISTANCE_ACCURACY_VALUE',
'Maximum model space distance between geometric entities at asserted c
onnectivities');
#3942=UNCERTAINTY_MEASURE_WITH_UNIT(LENGTH_MEASURE(0.01),#3946,
'DISTANCE_ACCURACY_VALUE',
'Maximum model space distance between geometric entities at asserted c
onnectivities');
#3943=(
GEOMETRIC_REPRESENTATION_CONTEXT(3)
GLOBAL_UNCERTAINTY_ASSIGNED_CONTEXT((#3940))
GLOBAL_UNIT_ASSIGNED_CONTEXT((#3946,#3948,#3949))
REPRESENTATION_CONTEXT('','3D')
);
#3944=(
GEOMETRIC_REPRESENTATION_CONTEXT(3)
GLOBAL_UNCERTAINTY_ASSIGNED_CONTEXT((#3941))
GLOBAL_UNIT_ASSIGNED_CONTEXT((#3946,#3948,#3949))
REPRESENTATION_CONTEXT('','3D')
);
#3945=(
GEOMETRIC_REPRESENTATION_CONTEXT(3)
GLOBAL_UNCERTAINTY_ASSIGNED_CONTEXT((#3942))
GLOBAL_UNIT_ASSIGNED_CONTEXT((#3946,#3948,#3949))
REPRESENTATION_CONTEXT('','3D')
);
#3946=(
LENGTH_UNIT()
NAMED_UNIT(*)
SI_UNIT(.MILLI.,.METRE.)
);
#3947=(
LENGTH_UNIT()
NAMED_UNIT(*)
SI_UNIT($,.METRE.)
);
#3948=(
NAMED_UNIT(*)
PLANE_ANGLE_UNIT()
SI_UNIT($,.RADIAN.)
);
#3949=(
NAMED_UNIT(*)
SI_UNIT($,.STERADIAN.)
SOLID_ANGLE_UNIT()
);
#3950=SHAPE_DEFINITION_REPRESENTATION(#3952,#3955);
#3951=SHAPE_DEFINITION_REPRESENTATION(#3953,#3956);
#3952=PRODUCT_DEFINITION_SHAPE('',$,#3958);
#3953=PRODUCT_DEFINITION_SHAPE('',$,#3959);
#3954=PRODUCT_DEFINITION_SHAPE($,$,#14);
#3955=SHAPE_REPRESENTATION('',(#2377,#2552),#3943);
#3956=SHAPE_REPRESENTATION('',(#2378),#3944);
#3957=PRODUCT_DEFINITION_CONTEXT('part definition',#3965,'design');
#3958=PRODUCT_DEFINITION('Leg V1','Leg V1 v19',#3960,#3957);
#3959=PRODUCT_DEFINITION('Conector ','Conector ',#3961,#3957);
#3960=PRODUCT_DEFINITION_FORMATION('',$,#3967);
#3961=PRODUCT_DEFINITION_FORMATION('',$,#3968);
#3962=PRODUCT_RELATED_PRODUCT_CATEGORY('Leg V1 v19','Leg V1 v19',(#3967));
#3963=PRODUCT_RELATED_PRODUCT_CATEGORY('Conector ','Conector ',(#3968));
#3964=APPLICATION_PROTOCOL_DEFINITION('international standard',
'automotive_design',2009,#3965);
#3965=APPLICATION_CONTEXT(
'Core Data for Automotive Mechanical Design Process');
#3966=PRODUCT_CONTEXT('part definition',#3965,'mechanical');
#3967=PRODUCT('Leg V1','Leg V1 v19',$,(#3966));
#3968=PRODUCT('Conector ','Conector ',$,(#3966));
#3969=PRESENTATION_STYLE_ASSIGNMENT((#3971));
#3970=PRESENTATION_STYLE_ASSIGNMENT((#3972));
#3971=SURFACE_STYLE_USAGE(.BOTH.,#3973);
#3972=SURFACE_STYLE_USAGE(.BOTH.,#3974);
#3973=SURFACE_SIDE_STYLE('',(#3975));
#3974=SURFACE_SIDE_STYLE('',(#3976));
#3975=SURFACE_STYLE_FILL_AREA(#3977);
#3976=SURFACE_STYLE_FILL_AREA(#3978);
#3977=FILL_AREA_STYLE('Steel - Satin',(#3979));
#3978=FILL_AREA_STYLE('ABS (White)',(#3980));
#3979=FILL_AREA_STYLE_COLOUR('Steel - Satin',#3981);
#3980=FILL_AREA_STYLE_COLOUR('ABS (White)',#3982);
#3981=COLOUR_RGB('Steel - Satin',0.627450980392157,0.627450980392157,0.627450980392157);
#3982=COLOUR_RGB('ABS (White)',0.964705882352941,0.964705882352941,0.952941176470588);
ENDSEC;
END-ISO-10303-21;
