ISO-10303-21;
HEADER;
/* Generated by software containing ST-Developer
 * from STEP Tools, Inc. (www.steptools.com) 
 */

FILE_DESCRIPTION(
/* description */ (''),
/* implementation_level */ '2;1');

FILE_NAME(
/* name */ 'Middle Leg Back.step',
/* time_stamp */ '2025-09-22T17:46:28+02:00',
/* author */ (''),
/* organization */ (''),
/* preprocessor_version */ 'ST-DEVELOPER v20.1',
/* originating_system */ 'Autodesk Translation Framework v14.17.0.0',
/* authorisation */ '');

FILE_SCHEMA (('AUTOMOTIVE_DESIGN { 1 0 10303 214 3 1 1 }'));
ENDSEC;

DATA;
#10=MECHANICAL_DESIGN_GEOMETRIC_PRESENTATION_REPRESENTATION('',(#17),#3667);
#11=ITEM_DEFINED_TRANSFORMATION($,$,#2270,#2429);
#12=(
REPRESENTATION_RELATIONSHIP($,$,#3678,#3677)
REPRESENTATION_RELATIONSHIP_WITH_TRANSFORMATION(#11)
SHAPE_REPRESENTATION_RELATIONSHIP()
);
#13=CONTEXT_DEPENDENT_SHAPE_REPRESENTATION(#12,#3676);
#14=NEXT_ASSEMBLY_USAGE_OCCURRENCE('Middle Leg Back:1',
'Middle Leg Back:1','Middle Leg Back:1',#3680,#3681,'Middle Leg Back:1');
#15=SHAPE_REPRESENTATION_RELATIONSHIP('SRR','None',#3678,#16);
#16=ADVANCED_BREP_SHAPE_REPRESENTATION('',(#18),#3666);
#17=STYLED_ITEM('',(#3692),#18);
#18=MANIFOLD_SOLID_BREP('Middle Leg Back',#2256);
#19=CONICAL_SURFACE('',#2348,1.74999999999999,0.785398163397451);
#20=CONICAL_SURFACE('',#2354,1.74999999999999,0.785398163397457);
#21=CYLINDRICAL_SURFACE('',#2301,1.99999999999999);
#22=CYLINDRICAL_SURFACE('',#2304,2.);
#23=CYLINDRICAL_SURFACE('',#2307,2.);
#24=CYLINDRICAL_SURFACE('',#2326,1.99999999999999);
#25=CYLINDRICAL_SURFACE('',#2328,1.99999999999999);
#26=CYLINDRICAL_SURFACE('',#2330,2.);
#27=CYLINDRICAL_SURFACE('',#2332,1.99999999999999);
#28=CYLINDRICAL_SURFACE('',#2334,2.);
#29=CYLINDRICAL_SURFACE('',#2336,2.00000000000001);
#30=CYLINDRICAL_SURFACE('',#2338,1.99999999999999);
#31=CYLINDRICAL_SURFACE('',#2340,1.99999999999999);
#32=CYLINDRICAL_SURFACE('',#2351,1.99999999999999);
#33=CYLINDRICAL_SURFACE('',#2357,1.99999999999999);
#34=CYLINDRICAL_SURFACE('',#2398,17.);
#35=CYLINDRICAL_SURFACE('',#2400,19.25);
#36=CIRCLE('',#2286,2.00000000000001);
#37=CIRCLE('',#2287,2.00000000000001);
#38=CIRCLE('',#2288,2.);
#39=CIRCLE('',#2289,2.);
#40=CIRCLE('',#2295,1.99999999999999);
#41=CIRCLE('',#2296,1.99999999999999);
#42=CIRCLE('',#2297,1.99999999999999);
#43=CIRCLE('',#2298,1.99999999999999);
#44=CIRCLE('',#2302,1.99999999999999);
#45=CIRCLE('',#2303,1.99999999999999);
#46=CIRCLE('',#2305,2.);
#47=CIRCLE('',#2306,2.);
#48=CIRCLE('',#2308,2.);
#49=CIRCLE('',#2309,2.);
#50=CIRCLE('',#2317,1.99999999999999);
#51=CIRCLE('',#2318,1.99999999999999);
#52=CIRCLE('',#2319,1.99999999999999);
#53=CIRCLE('',#2320,2.);
#54=CIRCLE('',#2327,1.99999999999999);
#55=CIRCLE('',#2329,1.99999999999999);
#56=CIRCLE('',#2331,2.);
#57=CIRCLE('',#2333,1.99999999999999);
#58=CIRCLE('',#2335,2.);
#59=CIRCLE('',#2337,2.00000000000001);
#60=CIRCLE('',#2339,1.99999999999999);
#61=CIRCLE('',#2341,1.99999999999999);
#62=CIRCLE('',#2349,1.49999999999999);
#63=CIRCLE('',#2350,1.99999999999999);
#64=CIRCLE('',#2352,1.99999999999999);
#65=CIRCLE('',#2355,1.49999999999999);
#66=CIRCLE('',#2356,1.99999999999999);
#67=CIRCLE('',#2358,1.99999999999999);
#68=CIRCLE('',#2386,17.);
#69=CIRCLE('',#2387,19.25);
#70=CIRCLE('',#2396,19.25);
#71=CIRCLE('',#2397,17.);
#72=ELLIPSE('',#2284,2.82842712474618,2.00000000000001);
#73=ELLIPSE('',#2291,2.8284271247462,2.);
#74=ELLIPSE('',#2293,2.82842712474619,1.99999999999999);
#75=ELLIPSE('',#2300,2.82842712474616,1.99999999999999);
#76=FACE_BOUND('',#221,.T.);
#77=FACE_BOUND('',#240,.T.);
#78=FACE_BOUND('',#241,.T.);
#79=FACE_BOUND('',#242,.T.);
#80=FACE_BOUND('',#243,.T.);
#81=FACE_BOUND('',#244,.T.);
#82=FACE_BOUND('',#289,.T.);
#83=FACE_BOUND('',#291,.T.);
#84=FACE_BOUND('',#295,.T.);
#85=FACE_BOUND('',#296,.T.);
#86=FACE_BOUND('',#297,.T.);
#87=FACE_BOUND('',#302,.T.);
#88=FACE_BOUND('',#314,.T.);
#89=FACE_BOUND('',#324,.T.);
#90=FACE_BOUND('',#325,.T.);
#91=FACE_BOUND('',#329,.T.);
#92=FACE_BOUND('',#330,.T.);
#93=FACE_OUTER_BOUND('',#211,.T.);
#94=FACE_OUTER_BOUND('',#212,.T.);
#95=FACE_OUTER_BOUND('',#213,.T.);
#96=FACE_OUTER_BOUND('',#214,.T.);
#97=FACE_OUTER_BOUND('',#215,.T.);
#98=FACE_OUTER_BOUND('',#216,.T.);
#99=FACE_OUTER_BOUND('',#217,.T.);
#100=FACE_OUTER_BOUND('',#218,.T.);
#101=FACE_OUTER_BOUND('',#219,.T.);
#102=FACE_OUTER_BOUND('',#220,.T.);
#103=FACE_OUTER_BOUND('',#222,.T.);
#104=FACE_OUTER_BOUND('',#223,.T.);
#105=FACE_OUTER_BOUND('',#224,.T.);
#106=FACE_OUTER_BOUND('',#225,.T.);
#107=FACE_OUTER_BOUND('',#226,.T.);
#108=FACE_OUTER_BOUND('',#227,.T.);
#109=FACE_OUTER_BOUND('',#228,.T.);
#110=FACE_OUTER_BOUND('',#229,.T.);
#111=FACE_OUTER_BOUND('',#230,.T.);
#112=FACE_OUTER_BOUND('',#231,.T.);
#113=FACE_OUTER_BOUND('',#232,.T.);
#114=FACE_OUTER_BOUND('',#233,.T.);
#115=FACE_OUTER_BOUND('',#234,.T.);
#116=FACE_OUTER_BOUND('',#235,.T.);
#117=FACE_OUTER_BOUND('',#236,.T.);
#118=FACE_OUTER_BOUND('',#237,.T.);
#119=FACE_OUTER_BOUND('',#238,.T.);
#120=FACE_OUTER_BOUND('',#239,.T.);
#121=FACE_OUTER_BOUND('',#245,.T.);
#122=FACE_OUTER_BOUND('',#246,.T.);
#123=FACE_OUTER_BOUND('',#247,.T.);
#124=FACE_OUTER_BOUND('',#248,.T.);
#125=FACE_OUTER_BOUND('',#249,.T.);
#126=FACE_OUTER_BOUND('',#250,.T.);
#127=FACE_OUTER_BOUND('',#251,.T.);
#128=FACE_OUTER_BOUND('',#252,.T.);
#129=FACE_OUTER_BOUND('',#253,.T.);
#130=FACE_OUTER_BOUND('',#254,.T.);
#131=FACE_OUTER_BOUND('',#255,.T.);
#132=FACE_OUTER_BOUND('',#256,.T.);
#133=FACE_OUTER_BOUND('',#257,.T.);
#134=FACE_OUTER_BOUND('',#258,.T.);
#135=FACE_OUTER_BOUND('',#259,.T.);
#136=FACE_OUTER_BOUND('',#260,.T.);
#137=FACE_OUTER_BOUND('',#261,.T.);
#138=FACE_OUTER_BOUND('',#262,.T.);
#139=FACE_OUTER_BOUND('',#263,.T.);
#140=FACE_OUTER_BOUND('',#264,.T.);
#141=FACE_OUTER_BOUND('',#265,.T.);
#142=FACE_OUTER_BOUND('',#266,.T.);
#143=FACE_OUTER_BOUND('',#267,.T.);
#144=FACE_OUTER_BOUND('',#268,.T.);
#145=FACE_OUTER_BOUND('',#269,.T.);
#146=FACE_OUTER_BOUND('',#270,.T.);
#147=FACE_OUTER_BOUND('',#271,.T.);
#148=FACE_OUTER_BOUND('',#272,.T.);
#149=FACE_OUTER_BOUND('',#273,.T.);
#150=FACE_OUTER_BOUND('',#274,.T.);
#151=FACE_OUTER_BOUND('',#275,.T.);
#152=FACE_OUTER_BOUND('',#276,.T.);
#153=FACE_OUTER_BOUND('',#277,.T.);
#154=FACE_OUTER_BOUND('',#278,.T.);
#155=FACE_OUTER_BOUND('',#279,.T.);
#156=FACE_OUTER_BOUND('',#280,.T.);
#157=FACE_OUTER_BOUND('',#281,.T.);
#158=FACE_OUTER_BOUND('',#282,.T.);
#159=FACE_OUTER_BOUND('',#283,.T.);
#160=FACE_OUTER_BOUND('',#284,.T.);
#161=FACE_OUTER_BOUND('',#285,.T.);
#162=FACE_OUTER_BOUND('',#286,.T.);
#163=FACE_OUTER_BOUND('',#287,.T.);
#164=FACE_OUTER_BOUND('',#288,.T.);
#165=FACE_OUTER_BOUND('',#290,.T.);
#166=FACE_OUTER_BOUND('',#292,.T.);
#167=FACE_OUTER_BOUND('',#293,.T.);
#168=FACE_OUTER_BOUND('',#294,.T.);
#169=FACE_OUTER_BOUND('',#298,.T.);
#170=FACE_OUTER_BOUND('',#299,.T.);
#171=FACE_OUTER_BOUND('',#300,.T.);
#172=FACE_OUTER_BOUND('',#301,.T.);
#173=FACE_OUTER_BOUND('',#303,.T.);
#174=FACE_OUTER_BOUND('',#304,.T.);
#175=FACE_OUTER_BOUND('',#305,.T.);
#176=FACE_OUTER_BOUND('',#306,.T.);
#177=FACE_OUTER_BOUND('',#307,.T.);
#178=FACE_OUTER_BOUND('',#308,.T.);
#179=FACE_OUTER_BOUND('',#309,.T.);
#180=FACE_OUTER_BOUND('',#310,.T.);
#181=FACE_OUTER_BOUND('',#311,.T.);
#182=FACE_OUTER_BOUND('',#312,.T.);
#183=FACE_OUTER_BOUND('',#313,.T.);
#184=FACE_OUTER_BOUND('',#315,.T.);
#185=FACE_OUTER_BOUND('',#316,.T.);
#186=FACE_OUTER_BOUND('',#317,.T.);
#187=FACE_OUTER_BOUND('',#318,.T.);
#188=FACE_OUTER_BOUND('',#319,.T.);
#189=FACE_OUTER_BOUND('',#320,.T.);
#190=FACE_OUTER_BOUND('',#321,.T.);
#191=FACE_OUTER_BOUND('',#322,.T.);
#192=FACE_OUTER_BOUND('',#323,.T.);
#193=FACE_OUTER_BOUND('',#326,.T.);
#194=FACE_OUTER_BOUND('',#327,.T.);
#195=FACE_OUTER_BOUND('',#328,.T.);
#196=FACE_OUTER_BOUND('',#331,.T.);
#197=FACE_OUTER_BOUND('',#332,.T.);
#198=FACE_OUTER_BOUND('',#333,.T.);
#199=FACE_OUTER_BOUND('',#334,.T.);
#200=FACE_OUTER_BOUND('',#335,.T.);
#201=FACE_OUTER_BOUND('',#336,.T.);
#202=FACE_OUTER_BOUND('',#337,.T.);
#203=FACE_OUTER_BOUND('',#338,.T.);
#204=FACE_OUTER_BOUND('',#339,.T.);
#205=FACE_OUTER_BOUND('',#340,.T.);
#206=FACE_OUTER_BOUND('',#341,.T.);
#207=FACE_OUTER_BOUND('',#342,.T.);
#208=FACE_OUTER_BOUND('',#343,.T.);
#209=FACE_OUTER_BOUND('',#344,.T.);
#210=FACE_OUTER_BOUND('',#345,.T.);
#211=EDGE_LOOP('',(#1409,#1410,#1411,#1412));
#212=EDGE_LOOP('',(#1413,#1414,#1415,#1416,#1417,#1418,#1419));
#213=EDGE_LOOP('',(#1420,#1421,#1422,#1423));
#214=EDGE_LOOP('',(#1424,#1425,#1426,#1427,#1428,#1429,#1430));
#215=EDGE_LOOP('',(#1431,#1432,#1433,#1434,#1435));
#216=EDGE_LOOP('',(#1436,#1437,#1438,#1439,#1440,#1441,#1442));
#217=EDGE_LOOP('',(#1443,#1444,#1445,#1446));
#218=EDGE_LOOP('',(#1447,#1448,#1449,#1450));
#219=EDGE_LOOP('',(#1451,#1452,#1453,#1454));
#220=EDGE_LOOP('',(#1455,#1456,#1457,#1458));
#221=EDGE_LOOP('',(#1459,#1460,#1461,#1462,#1463,#1464,#1465,#1466,#1467,
#1468,#1469,#1470,#1471,#1472));
#222=EDGE_LOOP('',(#1473,#1474,#1475,#1476,#1477,#1478,#1479,#1480,#1481,
#1482,#1483,#1484,#1485,#1486,#1487));
#223=EDGE_LOOP('',(#1488,#1489,#1490,#1491));
#224=EDGE_LOOP('',(#1492,#1493,#1494,#1495,#1496,#1497));
#225=EDGE_LOOP('',(#1498,#1499,#1500,#1501,#1502,#1503,#1504,#1505,#1506,
#1507));
#226=EDGE_LOOP('',(#1508,#1509,#1510,#1511,#1512,#1513));
#227=EDGE_LOOP('',(#1514,#1515,#1516,#1517,#1518,#1519));
#228=EDGE_LOOP('',(#1520,#1521,#1522,#1523,#1524,#1525,#1526,#1527,#1528,
#1529));
#229=EDGE_LOOP('',(#1530,#1531,#1532,#1533,#1534,#1535));
#230=EDGE_LOOP('',(#1536,#1537,#1538,#1539));
#231=EDGE_LOOP('',(#1540,#1541,#1542,#1543));
#232=EDGE_LOOP('',(#1544,#1545,#1546,#1547));
#233=EDGE_LOOP('',(#1548,#1549,#1550,#1551));
#234=EDGE_LOOP('',(#1552,#1553,#1554,#1555));
#235=EDGE_LOOP('',(#1556,#1557,#1558,#1559));
#236=EDGE_LOOP('',(#1560,#1561,#1562,#1563));
#237=EDGE_LOOP('',(#1564,#1565,#1566,#1567));
#238=EDGE_LOOP('',(#1568,#1569,#1570,#1571));
#239=EDGE_LOOP('',(#1572,#1573,#1574,#1575,#1576,#1577,#1578,#1579));
#240=EDGE_LOOP('',(#1580,#1581,#1582,#1583,#1584,#1585,#1586,#1587));
#241=EDGE_LOOP('',(#1588));
#242=EDGE_LOOP('',(#1589));
#243=EDGE_LOOP('',(#1590));
#244=EDGE_LOOP('',(#1591));
#245=EDGE_LOOP('',(#1592,#1593,#1594,#1595));
#246=EDGE_LOOP('',(#1596,#1597,#1598,#1599));
#247=EDGE_LOOP('',(#1600,#1601,#1602,#1603,#1604,#1605,#1606,#1607,#1608,
#1609,#1610,#1611,#1612,#1613,#1614,#1615,#1616));
#248=EDGE_LOOP('',(#1617,#1618,#1619,#1620));
#249=EDGE_LOOP('',(#1621,#1622,#1623,#1624));
#250=EDGE_LOOP('',(#1625,#1626,#1627,#1628));
#251=EDGE_LOOP('',(#1629,#1630,#1631,#1632));
#252=EDGE_LOOP('',(#1633,#1634,#1635,#1636));
#253=EDGE_LOOP('',(#1637,#1638,#1639,#1640));
#254=EDGE_LOOP('',(#1641,#1642,#1643,#1644,#1645,#1646));
#255=EDGE_LOOP('',(#1647,#1648,#1649,#1650,#1651,#1652));
#256=EDGE_LOOP('',(#1653,#1654,#1655,#1656,#1657,#1658));
#257=EDGE_LOOP('',(#1659,#1660,#1661,#1662,#1663,#1664));
#258=EDGE_LOOP('',(#1665,#1666,#1667,#1668));
#259=EDGE_LOOP('',(#1669,#1670,#1671,#1672));
#260=EDGE_LOOP('',(#1673,#1674,#1675,#1676,#1677,#1678,#1679,#1680,#1681,
#1682,#1683,#1684,#1685,#1686));
#261=EDGE_LOOP('',(#1687,#1688,#1689,#1690));
#262=EDGE_LOOP('',(#1691,#1692,#1693,#1694,#1695,#1696,#1697,#1698,#1699,
#1700,#1701,#1702));
#263=EDGE_LOOP('',(#1703,#1704,#1705,#1706));
#264=EDGE_LOOP('',(#1707,#1708,#1709,#1710));
#265=EDGE_LOOP('',(#1711,#1712,#1713,#1714));
#266=EDGE_LOOP('',(#1715));
#267=EDGE_LOOP('',(#1716,#1717,#1718,#1719));
#268=EDGE_LOOP('',(#1720,#1721,#1722,#1723));
#269=EDGE_LOOP('',(#1724));
#270=EDGE_LOOP('',(#1725,#1726,#1727,#1728));
#271=EDGE_LOOP('',(#1729,#1730,#1731));
#272=EDGE_LOOP('',(#1732,#1733,#1734,#1735));
#273=EDGE_LOOP('',(#1736,#1737,#1738));
#274=EDGE_LOOP('',(#1739,#1740,#1741,#1742));
#275=EDGE_LOOP('',(#1743,#1744,#1745,#1746));
#276=EDGE_LOOP('',(#1747,#1748,#1749));
#277=EDGE_LOOP('',(#1750,#1751,#1752,#1753));
#278=EDGE_LOOP('',(#1754,#1755,#1756));
#279=EDGE_LOOP('',(#1757,#1758,#1759,#1760));
#280=EDGE_LOOP('',(#1761,#1762,#1763,#1764));
#281=EDGE_LOOP('',(#1765,#1766,#1767,#1768));
#282=EDGE_LOOP('',(#1769,#1770,#1771,#1772,#1773));
#283=EDGE_LOOP('',(#1774,#1775,#1776,#1777));
#284=EDGE_LOOP('',(#1778,#1779,#1780,#1781));
#285=EDGE_LOOP('',(#1782,#1783,#1784,#1785));
#286=EDGE_LOOP('',(#1786,#1787,#1788,#1789));
#287=EDGE_LOOP('',(#1790,#1791,#1792,#1793));
#288=EDGE_LOOP('',(#1794,#1795,#1796,#1797,#1798));
#289=EDGE_LOOP('',(#1799));
#290=EDGE_LOOP('',(#1800,#1801,#1802,#1803,#1804,#1805,#1806,#1807,#1808,
#1809,#1810,#1811,#1812,#1813,#1814,#1815));
#291=EDGE_LOOP('',(#1816,#1817,#1818,#1819));
#292=EDGE_LOOP('',(#1820,#1821,#1822,#1823,#1824));
#293=EDGE_LOOP('',(#1825,#1826,#1827,#1828));
#294=EDGE_LOOP('',(#1829,#1830,#1831,#1832,#1833,#1834,#1835,#1836));
#295=EDGE_LOOP('',(#1837));
#296=EDGE_LOOP('',(#1838));
#297=EDGE_LOOP('',(#1839));
#298=EDGE_LOOP('',(#1840,#1841,#1842,#1843,#1844,#1845));
#299=EDGE_LOOP('',(#1846,#1847,#1848,#1849));
#300=EDGE_LOOP('',(#1850,#1851,#1852,#1853,#1854,#1855,#1856,#1857));
#301=EDGE_LOOP('',(#1858,#1859,#1860,#1861,#1862));
#302=EDGE_LOOP('',(#1863));
#303=EDGE_LOOP('',(#1864,#1865,#1866,#1867,#1868));
#304=EDGE_LOOP('',(#1869,#1870,#1871,#1872));
#305=EDGE_LOOP('',(#1873,#1874,#1875,#1876));
#306=EDGE_LOOP('',(#1877,#1878,#1879,#1880,#1881,#1882));
#307=EDGE_LOOP('',(#1883,#1884,#1885,#1886,#1887,#1888));
#308=EDGE_LOOP('',(#1889,#1890,#1891,#1892,#1893,#1894));
#309=EDGE_LOOP('',(#1895,#1896,#1897,#1898,#1899,#1900,#1901,#1902));
#310=EDGE_LOOP('',(#1903,#1904,#1905,#1906));
#311=EDGE_LOOP('',(#1907,#1908,#1909,#1910,#1911,#1912));
#312=EDGE_LOOP('',(#1913,#1914,#1915,#1916));
#313=EDGE_LOOP('',(#1917,#1918,#1919,#1920));
#314=EDGE_LOOP('',(#1921,#1922,#1923,#1924,#1925,#1926,#1927,#1928));
#315=EDGE_LOOP('',(#1929,#1930,#1931,#1932));
#316=EDGE_LOOP('',(#1933,#1934,#1935,#1936));
#317=EDGE_LOOP('',(#1937,#1938,#1939,#1940));
#318=EDGE_LOOP('',(#1941,#1942,#1943,#1944));
#319=EDGE_LOOP('',(#1945,#1946,#1947,#1948));
#320=EDGE_LOOP('',(#1949,#1950,#1951,#1952));
#321=EDGE_LOOP('',(#1953));
#322=EDGE_LOOP('',(#1954,#1955,#1956,#1957,#1958));
#323=EDGE_LOOP('',(#1959,#1960,#1961,#1962,#1963,#1964,#1965,#1966));
#324=EDGE_LOOP('',(#1967));
#325=EDGE_LOOP('',(#1968));
#326=EDGE_LOOP('',(#1969,#1970,#1971,#1972));
#327=EDGE_LOOP('',(#1973,#1974,#1975,#1976));
#328=EDGE_LOOP('',(#1977,#1978,#1979,#1980,#1981,#1982,#1983,#1984));
#329=EDGE_LOOP('',(#1985));
#330=EDGE_LOOP('',(#1986));
#331=EDGE_LOOP('',(#1987,#1988,#1989,#1990));
#332=EDGE_LOOP('',(#1991,#1992,#1993,#1994));
#333=EDGE_LOOP('',(#1995,#1996,#1997,#1998));
#334=EDGE_LOOP('',(#1999,#2000,#2001,#2002));
#335=EDGE_LOOP('',(#2003));
#336=EDGE_LOOP('',(#2004));
#337=EDGE_LOOP('',(#2005));
#338=EDGE_LOOP('',(#2006));
#339=EDGE_LOOP('',(#2007,#2008,#2009,#2010,#2011,#2012,#2013,#2014,#2015,
#2016,#2017,#2018));
#340=EDGE_LOOP('',(#2019,#2020,#2021,#2022));
#341=EDGE_LOOP('',(#2023,#2024,#2025,#2026));
#342=EDGE_LOOP('',(#2027,#2028,#2029,#2030));
#343=EDGE_LOOP('',(#2031));
#344=EDGE_LOOP('',(#2032,#2033,#2034,#2035));
#345=EDGE_LOOP('',(#2036));
#346=LINE('',#3031,#620);
#347=LINE('',#3033,#621);
#348=LINE('',#3035,#622);
#349=LINE('',#3036,#623);
#350=LINE('',#3039,#624);
#351=LINE('',#3041,#625);
#352=LINE('',#3043,#626);
#353=LINE('',#3045,#627);
#354=LINE('',#3047,#628);
#355=LINE('',#3048,#629);
#356=LINE('',#3052,#630);
#357=LINE('',#3053,#631);
#358=LINE('',#3054,#632);
#359=LINE('',#3057,#633);
#360=LINE('',#3059,#634);
#361=LINE('',#3061,#635);
#362=LINE('',#3062,#636);
#363=LINE('',#3066,#637);
#364=LINE('',#3067,#638);
#365=LINE('',#3069,#639);
#366=LINE('',#3070,#640);
#367=LINE('',#3073,#641);
#368=LINE('',#3075,#642);
#369=LINE('',#3077,#643);
#370=LINE('',#3078,#644);
#371=LINE('',#3081,#645);
#372=LINE('',#3082,#646);
#373=LINE('',#3086,#647);
#374=LINE('',#3087,#648);
#375=LINE('',#3088,#649);
#376=LINE('',#3091,#650);
#377=LINE('',#3093,#651);
#378=LINE('',#3094,#652);
#379=LINE('',#3098,#653);
#380=LINE('',#3100,#654);
#381=LINE('',#3102,#655);
#382=LINE('',#3103,#656);
#383=LINE('',#3105,#657);
#384=LINE('',#3107,#658);
#385=LINE('',#3109,#659);
#386=LINE('',#3111,#660);
#387=LINE('',#3113,#661);
#388=LINE('',#3115,#662);
#389=LINE('',#3116,#663);
#390=LINE('',#3118,#664);
#391=LINE('',#3120,#665);
#392=LINE('',#3122,#666);
#393=LINE('',#3123,#667);
#394=LINE('',#3126,#668);
#395=LINE('',#3128,#669);
#396=LINE('',#3130,#670);
#397=LINE('',#3132,#671);
#398=LINE('',#3134,#672);
#399=LINE('',#3136,#673);
#400=LINE('',#3138,#674);
#401=LINE('',#3140,#675);
#402=LINE('',#3142,#676);
#403=LINE('',#3144,#677);
#404=LINE('',#3145,#678);
#405=LINE('',#3148,#679);
#406=LINE('',#3150,#680);
#407=LINE('',#3151,#681);
#408=LINE('',#3157,#682);
#409=LINE('',#3159,#683);
#410=LINE('',#3161,#684);
#411=LINE('',#3163,#685);
#412=LINE('',#3164,#686);
#413=LINE('',#3170,#687);
#414=LINE('',#3172,#688);
#415=LINE('',#3178,#689);
#416=LINE('',#3179,#690);
#417=LINE('',#3183,#691);
#418=LINE('',#3185,#692);
#419=LINE('',#3186,#693);
#420=LINE('',#3191,#694);
#421=LINE('',#3193,#695);
#422=LINE('',#3195,#696);
#423=LINE('',#3196,#697);
#424=LINE('',#3202,#698);
#425=LINE('',#3204,#699);
#426=LINE('',#3209,#700);
#427=LINE('',#3213,#701);
#428=LINE('',#3214,#702);
#429=LINE('',#3219,#703);
#430=LINE('',#3225,#704);
#431=LINE('',#3231,#705);
#432=LINE('',#3236,#706);
#433=LINE('',#3238,#707);
#434=LINE('',#3240,#708);
#435=LINE('',#3241,#709);
#436=LINE('',#3245,#710);
#437=LINE('',#3247,#711);
#438=LINE('',#3249,#712);
#439=LINE('',#3250,#713);
#440=LINE('',#3253,#714);
#441=LINE('',#3255,#715);
#442=LINE('',#3256,#716);
#443=LINE('',#3259,#717);
#444=LINE('',#3261,#718);
#445=LINE('',#3262,#719);
#446=LINE('',#3266,#720);
#447=LINE('',#3268,#721);
#448=LINE('',#3270,#722);
#449=LINE('',#3271,#723);
#450=LINE('',#3273,#724);
#451=LINE('',#3274,#725);
#452=LINE('',#3276,#726);
#453=LINE('',#3277,#727);
#454=LINE('',#3280,#728);
#455=LINE('',#3282,#729);
#456=LINE('',#3284,#730);
#457=LINE('',#3286,#731);
#458=LINE('',#3288,#732);
#459=LINE('',#3290,#733);
#460=LINE('',#3292,#734);
#461=LINE('',#3293,#735);
#462=LINE('',#3304,#736);
#463=LINE('',#3306,#737);
#464=LINE('',#3307,#738);
#465=LINE('',#3309,#739);
#466=LINE('',#3310,#740);
#467=LINE('',#3313,#741);
#468=LINE('',#3315,#742);
#469=LINE('',#3317,#743);
#470=LINE('',#3319,#744);
#471=LINE('',#3321,#745);
#472=LINE('',#3323,#746);
#473=LINE('',#3325,#747);
#474=LINE('',#3327,#748);
#475=LINE('',#3329,#749);
#476=LINE('',#3331,#750);
#477=LINE('',#3333,#751);
#478=LINE('',#3334,#752);
#479=LINE('',#3337,#753);
#480=LINE('',#3338,#754);
#481=LINE('',#3341,#755);
#482=LINE('',#3342,#756);
#483=LINE('',#3346,#757);
#484=LINE('',#3350,#758);
#485=LINE('',#3354,#759);
#486=LINE('',#3358,#760);
#487=LINE('',#3361,#761);
#488=LINE('',#3365,#762);
#489=LINE('',#3369,#763);
#490=LINE('',#3373,#764);
#491=LINE('',#3376,#765);
#492=LINE('',#3377,#766);
#493=LINE('',#3380,#767);
#494=LINE('',#3382,#768);
#495=LINE('',#3383,#769);
#496=LINE('',#3386,#770);
#497=LINE('',#3388,#771);
#498=LINE('',#3389,#772);
#499=LINE('',#3390,#773);
#500=LINE('',#3393,#774);
#501=LINE('',#3395,#775);
#502=LINE('',#3396,#776);
#503=LINE('',#3400,#777);
#504=LINE('',#3402,#778);
#505=LINE('',#3404,#779);
#506=LINE('',#3405,#780);
#507=LINE('',#3407,#781);
#508=LINE('',#3409,#782);
#509=LINE('',#3410,#783);
#510=LINE('',#3416,#784);
#511=LINE('',#3421,#785);
#512=LINE('',#3427,#786);
#513=LINE('',#3432,#787);
#514=LINE('',#3435,#788);
#515=LINE('',#3436,#789);
#516=LINE('',#3440,#790);
#517=LINE('',#3441,#791);
#518=LINE('',#3442,#792);
#519=LINE('',#3444,#793);
#520=LINE('',#3448,#794);
#521=LINE('',#3450,#795);
#522=LINE('',#3451,#796);
#523=LINE('',#3453,#797);
#524=LINE('',#3455,#798);
#525=LINE('',#3456,#799);
#526=LINE('',#3459,#800);
#527=LINE('',#3461,#801);
#528=LINE('',#3462,#802);
#529=LINE('',#3465,#803);
#530=LINE('',#3467,#804);
#531=LINE('',#3468,#805);
#532=LINE('',#3471,#806);
#533=LINE('',#3472,#807);
#534=LINE('',#3476,#808);
#535=LINE('',#3478,#809);
#536=LINE('',#3479,#810);
#537=LINE('',#3481,#811);
#538=LINE('',#3482,#812);
#539=LINE('',#3486,#813);
#540=LINE('',#3487,#814);
#541=LINE('',#3488,#815);
#542=LINE('',#3491,#816);
#543=LINE('',#3493,#817);
#544=LINE('',#3494,#818);
#545=LINE('',#3497,#819);
#546=LINE('',#3499,#820);
#547=LINE('',#3500,#821);
#548=LINE('',#3502,#822);
#549=LINE('',#3503,#823);
#550=LINE('',#3506,#824);
#551=LINE('',#3507,#825);
#552=LINE('',#3509,#826);
#553=LINE('',#3511,#827);
#554=LINE('',#3512,#828);
#555=LINE('',#3515,#829);
#556=LINE('',#3516,#830);
#557=LINE('',#3519,#831);
#558=LINE('',#3521,#832);
#559=LINE('',#3522,#833);
#560=LINE('',#3524,#834);
#561=LINE('',#3526,#835);
#562=LINE('',#3528,#836);
#563=LINE('',#3529,#837);
#564=LINE('',#3532,#838);
#565=LINE('',#3534,#839);
#566=LINE('',#3536,#840);
#567=LINE('',#3537,#841);
#568=LINE('',#3540,#842);
#569=LINE('',#3542,#843);
#570=LINE('',#3543,#844);
#571=LINE('',#3545,#845);
#572=LINE('',#3549,#846);
#573=LINE('',#3551,#847);
#574=LINE('',#3553,#848);
#575=LINE('',#3555,#849);
#576=LINE('',#3556,#850);
#577=LINE('',#3558,#851);
#578=LINE('',#3559,#852);
#579=LINE('',#3561,#853);
#580=LINE('',#3563,#854);
#581=LINE('',#3568,#855);
#582=LINE('',#3570,#856);
#583=LINE('',#3572,#857);
#584=LINE('',#3575,#858);
#585=LINE('',#3579,#859);
#586=LINE('',#3581,#860);
#587=LINE('',#3582,#861);
#588=LINE('',#3586,#862);
#589=LINE('',#3587,#863);
#590=LINE('',#3588,#864);
#591=LINE('',#3590,#865);
#592=LINE('',#3591,#866);
#593=LINE('',#3595,#867);
#594=LINE('',#3596,#868);
#595=LINE('',#3597,#869);
#596=LINE('',#3600,#870);
#597=LINE('',#3601,#871);
#598=LINE('',#3605,#872);
#599=LINE('',#3608,#873);
#600=LINE('',#3612,#874);
#601=LINE('',#3614,#875);
#602=LINE('',#3616,#876);
#603=LINE('',#3617,#877);
#604=LINE('',#3619,#878);
#605=LINE('',#3620,#879);
#606=LINE('',#3622,#880);
#607=LINE('',#3624,#881);
#608=LINE('',#3626,#882);
#609=LINE('',#3628,#883);
#610=LINE('',#3632,#884);
#611=LINE('',#3634,#885);
#612=LINE('',#3637,#886);
#613=LINE('',#3638,#887);
#614=LINE('',#3640,#888);
#615=LINE('',#3642,#889);
#616=LINE('',#3644,#890);
#617=LINE('',#3647,#891);
#618=LINE('',#3653,#892);
#619=LINE('',#3654,#893);
#620=VECTOR('',#2436,10.);
#621=VECTOR('',#2437,10.);
#622=VECTOR('',#2438,10.);
#623=VECTOR('',#2439,10.);
#624=VECTOR('',#2442,10.);
#625=VECTOR('',#2443,10.);
#626=VECTOR('',#2444,10.);
#627=VECTOR('',#2445,10.);
#628=VECTOR('',#2446,10.);
#629=VECTOR('',#2447,10.);
#630=VECTOR('',#2450,10.);
#631=VECTOR('',#2451,10.);
#632=VECTOR('',#2452,10.);
#633=VECTOR('',#2455,10.);
#634=VECTOR('',#2456,10.);
#635=VECTOR('',#2457,10.);
#636=VECTOR('',#2458,10.);
#637=VECTOR('',#2461,10.);
#638=VECTOR('',#2462,10.);
#639=VECTOR('',#2463,10.);
#640=VECTOR('',#2464,10.);
#641=VECTOR('',#2467,10.);
#642=VECTOR('',#2468,10.);
#643=VECTOR('',#2469,10.);
#644=VECTOR('',#2470,10.);
#645=VECTOR('',#2473,10.);
#646=VECTOR('',#2474,10.);
#647=VECTOR('',#2477,10.);
#648=VECTOR('',#2478,10.);
#649=VECTOR('',#2479,10.);
#650=VECTOR('',#2482,10.);
#651=VECTOR('',#2483,10.);
#652=VECTOR('',#2484,10.);
#653=VECTOR('',#2487,10.);
#654=VECTOR('',#2488,10.);
#655=VECTOR('',#2489,10.);
#656=VECTOR('',#2490,10.);
#657=VECTOR('',#2491,10.);
#658=VECTOR('',#2492,10.);
#659=VECTOR('',#2493,10.);
#660=VECTOR('',#2494,10.);
#661=VECTOR('',#2495,10.);
#662=VECTOR('',#2496,10.);
#663=VECTOR('',#2497,10.);
#664=VECTOR('',#2498,10.);
#665=VECTOR('',#2499,10.);
#666=VECTOR('',#2500,10.);
#667=VECTOR('',#2501,10.);
#668=VECTOR('',#2504,10.);
#669=VECTOR('',#2505,10.);
#670=VECTOR('',#2506,10.);
#671=VECTOR('',#2507,10.);
#672=VECTOR('',#2508,10.);
#673=VECTOR('',#2509,10.);
#674=VECTOR('',#2510,10.);
#675=VECTOR('',#2511,10.);
#676=VECTOR('',#2512,10.);
#677=VECTOR('',#2513,10.);
#678=VECTOR('',#2514,10.);
#679=VECTOR('',#2517,10.);
#680=VECTOR('',#2518,10.);
#681=VECTOR('',#2519,10.);
#682=VECTOR('',#2524,10.);
#683=VECTOR('',#2525,10.);
#684=VECTOR('',#2526,10.);
#685=VECTOR('',#2527,10.);
#686=VECTOR('',#2528,10.);
#687=VECTOR('',#2535,10.);
#688=VECTOR('',#2536,10.);
#689=VECTOR('',#2541,10.);
#690=VECTOR('',#2542,10.);
#691=VECTOR('',#2547,10.);
#692=VECTOR('',#2548,10.);
#693=VECTOR('',#2549,10.);
#694=VECTOR('',#2554,10.);
#695=VECTOR('',#2555,10.);
#696=VECTOR('',#2556,10.);
#697=VECTOR('',#2557,10.);
#698=VECTOR('',#2564,10.);
#699=VECTOR('',#2565,10.);
#700=VECTOR('',#2570,10.);
#701=VECTOR('',#2575,10.);
#702=VECTOR('',#2576,10.);
#703=VECTOR('',#2581,1.99999999999999);
#704=VECTOR('',#2588,2.);
#705=VECTOR('',#2595,2.);
#706=VECTOR('',#2600,10.);
#707=VECTOR('',#2601,10.);
#708=VECTOR('',#2602,10.);
#709=VECTOR('',#2603,10.);
#710=VECTOR('',#2606,10.);
#711=VECTOR('',#2607,10.);
#712=VECTOR('',#2608,10.);
#713=VECTOR('',#2609,10.);
#714=VECTOR('',#2612,10.);
#715=VECTOR('',#2613,10.);
#716=VECTOR('',#2614,10.);
#717=VECTOR('',#2617,10.);
#718=VECTOR('',#2618,10.);
#719=VECTOR('',#2619,10.);
#720=VECTOR('',#2622,10.);
#721=VECTOR('',#2623,10.);
#722=VECTOR('',#2624,10.);
#723=VECTOR('',#2625,10.);
#724=VECTOR('',#2628,10.);
#725=VECTOR('',#2629,10.);
#726=VECTOR('',#2632,10.);
#727=VECTOR('',#2633,10.);
#728=VECTOR('',#2634,10.);
#729=VECTOR('',#2635,10.);
#730=VECTOR('',#2636,10.);
#731=VECTOR('',#2637,10.);
#732=VECTOR('',#2638,10.);
#733=VECTOR('',#2639,10.);
#734=VECTOR('',#2640,10.);
#735=VECTOR('',#2641,10.);
#736=VECTOR('',#2652,10.);
#737=VECTOR('',#2653,10.);
#738=VECTOR('',#2654,10.);
#739=VECTOR('',#2657,10.);
#740=VECTOR('',#2658,10.);
#741=VECTOR('',#2661,10.);
#742=VECTOR('',#2662,10.);
#743=VECTOR('',#2663,10.);
#744=VECTOR('',#2664,10.);
#745=VECTOR('',#2665,10.);
#746=VECTOR('',#2666,10.);
#747=VECTOR('',#2667,10.);
#748=VECTOR('',#2668,10.);
#749=VECTOR('',#2669,10.);
#750=VECTOR('',#2670,10.);
#751=VECTOR('',#2671,10.);
#752=VECTOR('',#2672,10.);
#753=VECTOR('',#2675,10.);
#754=VECTOR('',#2676,10.);
#755=VECTOR('',#2679,10.);
#756=VECTOR('',#2680,10.);
#757=VECTOR('',#2685,1.99999999999999);
#758=VECTOR('',#2690,1.99999999999999);
#759=VECTOR('',#2695,2.);
#760=VECTOR('',#2700,1.99999999999999);
#761=VECTOR('',#2703,2.);
#762=VECTOR('',#2708,2.00000000000001);
#763=VECTOR('',#2713,1.99999999999999);
#764=VECTOR('',#2718,1.99999999999999);
#765=VECTOR('',#2723,10.);
#766=VECTOR('',#2724,10.);
#767=VECTOR('',#2727,10.);
#768=VECTOR('',#2728,10.);
#769=VECTOR('',#2729,10.);
#770=VECTOR('',#2732,10.);
#771=VECTOR('',#2733,10.);
#772=VECTOR('',#2734,10.);
#773=VECTOR('',#2735,10.);
#774=VECTOR('',#2738,10.);
#775=VECTOR('',#2739,10.);
#776=VECTOR('',#2740,10.);
#777=VECTOR('',#2743,10.);
#778=VECTOR('',#2744,10.);
#779=VECTOR('',#2745,10.);
#780=VECTOR('',#2746,10.);
#781=VECTOR('',#2747,10.);
#782=VECTOR('',#2748,10.);
#783=VECTOR('',#2749,10.);
#784=VECTOR('',#2756,1.74999999999999);
#785=VECTOR('',#2763,1.99999999999999);
#786=VECTOR('',#2770,1.74999999999999);
#787=VECTOR('',#2777,1.99999999999999);
#788=VECTOR('',#2782,10.);
#789=VECTOR('',#2783,10.);
#790=VECTOR('',#2786,10.);
#791=VECTOR('',#2787,10.);
#792=VECTOR('',#2788,10.);
#793=VECTOR('',#2791,10.);
#794=VECTOR('',#2794,10.);
#795=VECTOR('',#2795,10.);
#796=VECTOR('',#2796,10.);
#797=VECTOR('',#2799,10.);
#798=VECTOR('',#2800,10.);
#799=VECTOR('',#2801,10.);
#800=VECTOR('',#2804,10.);
#801=VECTOR('',#2805,10.);
#802=VECTOR('',#2806,10.);
#803=VECTOR('',#2809,10.);
#804=VECTOR('',#2810,10.);
#805=VECTOR('',#2811,10.);
#806=VECTOR('',#2814,10.);
#807=VECTOR('',#2815,10.);
#808=VECTOR('',#2818,10.);
#809=VECTOR('',#2819,10.);
#810=VECTOR('',#2820,10.);
#811=VECTOR('',#2823,10.);
#812=VECTOR('',#2824,10.);
#813=VECTOR('',#2827,10.);
#814=VECTOR('',#2828,10.);
#815=VECTOR('',#2829,10.);
#816=VECTOR('',#2832,10.);
#817=VECTOR('',#2833,10.);
#818=VECTOR('',#2834,10.);
#819=VECTOR('',#2837,10.);
#820=VECTOR('',#2838,10.);
#821=VECTOR('',#2839,10.);
#822=VECTOR('',#2842,10.);
#823=VECTOR('',#2843,10.);
#824=VECTOR('',#2846,10.);
#825=VECTOR('',#2847,10.);
#826=VECTOR('',#2850,10.);
#827=VECTOR('',#2853,10.);
#828=VECTOR('',#2854,10.);
#829=VECTOR('',#2857,10.);
#830=VECTOR('',#2858,10.);
#831=VECTOR('',#2863,10.);
#832=VECTOR('',#2864,10.);
#833=VECTOR('',#2865,10.);
#834=VECTOR('',#2866,10.);
#835=VECTOR('',#2867,10.);
#836=VECTOR('',#2868,10.);
#837=VECTOR('',#2869,10.);
#838=VECTOR('',#2870,10.);
#839=VECTOR('',#2871,10.);
#840=VECTOR('',#2872,10.);
#841=VECTOR('',#2873,10.);
#842=VECTOR('',#2876,10.);
#843=VECTOR('',#2877,10.);
#844=VECTOR('',#2878,10.);
#845=VECTOR('',#2881,10.);
#846=VECTOR('',#2884,10.);
#847=VECTOR('',#2885,10.);
#848=VECTOR('',#2886,10.);
#849=VECTOR('',#2887,10.);
#850=VECTOR('',#2888,10.);
#851=VECTOR('',#2889,10.);
#852=VECTOR('',#2890,10.);
#853=VECTOR('',#2893,10.);
#854=VECTOR('',#2896,10.);
#855=VECTOR('',#2901,10.);
#856=VECTOR('',#2902,10.);
#857=VECTOR('',#2903,10.);
#858=VECTOR('',#2908,10.);
#859=VECTOR('',#2913,10.);
#860=VECTOR('',#2914,10.);
#861=VECTOR('',#2915,10.);
#862=VECTOR('',#2918,10.);
#863=VECTOR('',#2919,10.);
#864=VECTOR('',#2920,10.);
#865=VECTOR('',#2923,10.);
#866=VECTOR('',#2924,10.);
#867=VECTOR('',#2927,10.);
#868=VECTOR('',#2928,10.);
#869=VECTOR('',#2929,10.);
#870=VECTOR('',#2932,10.);
#871=VECTOR('',#2933,10.);
#872=VECTOR('',#2938,10.);
#873=VECTOR('',#2943,10.);
#874=VECTOR('',#2950,10.);
#875=VECTOR('',#2951,10.);
#876=VECTOR('',#2952,10.);
#877=VECTOR('',#2953,10.);
#878=VECTOR('',#2956,10.);
#879=VECTOR('',#2957,10.);
#880=VECTOR('',#2960,10.);
#881=VECTOR('',#2963,10.);
#882=VECTOR('',#2966,10.);
#883=VECTOR('',#2969,10.);
#884=VECTOR('',#2976,10.);
#885=VECTOR('',#2979,10.);
#886=VECTOR('',#2984,10.);
#887=VECTOR('',#2985,10.);
#888=VECTOR('',#2988,10.);
#889=VECTOR('',#2991,10.);
#890=VECTOR('',#2994,10.);
#891=VECTOR('',#2999,10.);
#892=VECTOR('',#3010,10.);
#893=VECTOR('',#3011,10.);
#894=VERTEX_POINT('',#3029);
#895=VERTEX_POINT('',#3030);
#896=VERTEX_POINT('',#3032);
#897=VERTEX_POINT('',#3034);
#898=VERTEX_POINT('',#3038);
#899=VERTEX_POINT('',#3040);
#900=VERTEX_POINT('',#3042);
#901=VERTEX_POINT('',#3044);
#902=VERTEX_POINT('',#3046);
#903=VERTEX_POINT('',#3050);
#904=VERTEX_POINT('',#3051);
#905=VERTEX_POINT('',#3056);
#906=VERTEX_POINT('',#3058);
#907=VERTEX_POINT('',#3060);
#908=VERTEX_POINT('',#3064);
#909=VERTEX_POINT('',#3065);
#910=VERTEX_POINT('',#3068);
#911=VERTEX_POINT('',#3072);
#912=VERTEX_POINT('',#3074);
#913=VERTEX_POINT('',#3076);
#914=VERTEX_POINT('',#3080);
#915=VERTEX_POINT('',#3084);
#916=VERTEX_POINT('',#3085);
#917=VERTEX_POINT('',#3090);
#918=VERTEX_POINT('',#3092);
#919=VERTEX_POINT('',#3096);
#920=VERTEX_POINT('',#3097);
#921=VERTEX_POINT('',#3099);
#922=VERTEX_POINT('',#3101);
#923=VERTEX_POINT('',#3104);
#924=VERTEX_POINT('',#3106);
#925=VERTEX_POINT('',#3108);
#926=VERTEX_POINT('',#3110);
#927=VERTEX_POINT('',#3112);
#928=VERTEX_POINT('',#3114);
#929=VERTEX_POINT('',#3117);
#930=VERTEX_POINT('',#3119);
#931=VERTEX_POINT('',#3121);
#932=VERTEX_POINT('',#3125);
#933=VERTEX_POINT('',#3127);
#934=VERTEX_POINT('',#3129);
#935=VERTEX_POINT('',#3131);
#936=VERTEX_POINT('',#3133);
#937=VERTEX_POINT('',#3135);
#938=VERTEX_POINT('',#3137);
#939=VERTEX_POINT('',#3139);
#940=VERTEX_POINT('',#3141);
#941=VERTEX_POINT('',#3143);
#942=VERTEX_POINT('',#3147);
#943=VERTEX_POINT('',#3149);
#944=VERTEX_POINT('',#3153);
#945=VERTEX_POINT('',#3154);
#946=VERTEX_POINT('',#3156);
#947=VERTEX_POINT('',#3158);
#948=VERTEX_POINT('',#3160);
#949=VERTEX_POINT('',#3162);
#950=VERTEX_POINT('',#3166);
#951=VERTEX_POINT('',#3169);
#952=VERTEX_POINT('',#3171);
#953=VERTEX_POINT('',#3173);
#954=VERTEX_POINT('',#3175);
#955=VERTEX_POINT('',#3177);
#956=VERTEX_POINT('',#3182);
#957=VERTEX_POINT('',#3184);
#958=VERTEX_POINT('',#3188);
#959=VERTEX_POINT('',#3189);
#960=VERTEX_POINT('',#3192);
#961=VERTEX_POINT('',#3194);
#962=VERTEX_POINT('',#3198);
#963=VERTEX_POINT('',#3201);
#964=VERTEX_POINT('',#3203);
#965=VERTEX_POINT('',#3205);
#966=VERTEX_POINT('',#3207);
#967=VERTEX_POINT('',#3212);
#968=VERTEX_POINT('',#3216);
#969=VERTEX_POINT('',#3218);
#970=VERTEX_POINT('',#3222);
#971=VERTEX_POINT('',#3224);
#972=VERTEX_POINT('',#3228);
#973=VERTEX_POINT('',#3230);
#974=VERTEX_POINT('',#3234);
#975=VERTEX_POINT('',#3235);
#976=VERTEX_POINT('',#3237);
#977=VERTEX_POINT('',#3239);
#978=VERTEX_POINT('',#3243);
#979=VERTEX_POINT('',#3244);
#980=VERTEX_POINT('',#3246);
#981=VERTEX_POINT('',#3248);
#982=VERTEX_POINT('',#3252);
#983=VERTEX_POINT('',#3254);
#984=VERTEX_POINT('',#3258);
#985=VERTEX_POINT('',#3260);
#986=VERTEX_POINT('',#3264);
#987=VERTEX_POINT('',#3265);
#988=VERTEX_POINT('',#3267);
#989=VERTEX_POINT('',#3269);
#990=VERTEX_POINT('',#3278);
#991=VERTEX_POINT('',#3279);
#992=VERTEX_POINT('',#3281);
#993=VERTEX_POINT('',#3283);
#994=VERTEX_POINT('',#3285);
#995=VERTEX_POINT('',#3287);
#996=VERTEX_POINT('',#3289);
#997=VERTEX_POINT('',#3291);
#998=VERTEX_POINT('',#3294);
#999=VERTEX_POINT('',#3296);
#1000=VERTEX_POINT('',#3298);
#1001=VERTEX_POINT('',#3300);
#1002=VERTEX_POINT('',#3303);
#1003=VERTEX_POINT('',#3305);
#1004=VERTEX_POINT('',#3312);
#1005=VERTEX_POINT('',#3314);
#1006=VERTEX_POINT('',#3316);
#1007=VERTEX_POINT('',#3318);
#1008=VERTEX_POINT('',#3320);
#1009=VERTEX_POINT('',#3322);
#1010=VERTEX_POINT('',#3324);
#1011=VERTEX_POINT('',#3326);
#1012=VERTEX_POINT('',#3328);
#1013=VERTEX_POINT('',#3330);
#1014=VERTEX_POINT('',#3332);
#1015=VERTEX_POINT('',#3336);
#1016=VERTEX_POINT('',#3340);
#1017=VERTEX_POINT('',#3344);
#1018=VERTEX_POINT('',#3348);
#1019=VERTEX_POINT('',#3352);
#1020=VERTEX_POINT('',#3356);
#1021=VERTEX_POINT('',#3360);
#1022=VERTEX_POINT('',#3364);
#1023=VERTEX_POINT('',#3368);
#1024=VERTEX_POINT('',#3372);
#1025=VERTEX_POINT('',#3379);
#1026=VERTEX_POINT('',#3381);
#1027=VERTEX_POINT('',#3385);
#1028=VERTEX_POINT('',#3387);
#1029=VERTEX_POINT('',#3392);
#1030=VERTEX_POINT('',#3394);
#1031=VERTEX_POINT('',#3398);
#1032=VERTEX_POINT('',#3399);
#1033=VERTEX_POINT('',#3401);
#1034=VERTEX_POINT('',#3403);
#1035=VERTEX_POINT('',#3406);
#1036=VERTEX_POINT('',#3408);
#1037=VERTEX_POINT('',#3413);
#1038=VERTEX_POINT('',#3415);
#1039=VERTEX_POINT('',#3419);
#1040=VERTEX_POINT('',#3424);
#1041=VERTEX_POINT('',#3426);
#1042=VERTEX_POINT('',#3430);
#1043=VERTEX_POINT('',#3438);
#1044=VERTEX_POINT('',#3439);
#1045=VERTEX_POINT('',#3446);
#1046=VERTEX_POINT('',#3447);
#1047=VERTEX_POINT('',#3449);
#1048=VERTEX_POINT('',#3454);
#1049=VERTEX_POINT('',#3458);
#1050=VERTEX_POINT('',#3460);
#1051=VERTEX_POINT('',#3464);
#1052=VERTEX_POINT('',#3466);
#1053=VERTEX_POINT('',#3470);
#1054=VERTEX_POINT('',#3474);
#1055=VERTEX_POINT('',#3475);
#1056=VERTEX_POINT('',#3477);
#1057=VERTEX_POINT('',#3484);
#1058=VERTEX_POINT('',#3485);
#1059=VERTEX_POINT('',#3490);
#1060=VERTEX_POINT('',#3492);
#1061=VERTEX_POINT('',#3496);
#1062=VERTEX_POINT('',#3498);
#1063=VERTEX_POINT('',#3505);
#1064=VERTEX_POINT('',#3514);
#1065=VERTEX_POINT('',#3520);
#1066=VERTEX_POINT('',#3523);
#1067=VERTEX_POINT('',#3525);
#1068=VERTEX_POINT('',#3527);
#1069=VERTEX_POINT('',#3530);
#1070=VERTEX_POINT('',#3531);
#1071=VERTEX_POINT('',#3533);
#1072=VERTEX_POINT('',#3535);
#1073=VERTEX_POINT('',#3539);
#1074=VERTEX_POINT('',#3541);
#1075=VERTEX_POINT('',#3547);
#1076=VERTEX_POINT('',#3548);
#1077=VERTEX_POINT('',#3550);
#1078=VERTEX_POINT('',#3552);
#1079=VERTEX_POINT('',#3554);
#1080=VERTEX_POINT('',#3557);
#1081=VERTEX_POINT('',#3565);
#1082=VERTEX_POINT('',#3567);
#1083=VERTEX_POINT('',#3569);
#1084=VERTEX_POINT('',#3571);
#1085=VERTEX_POINT('',#3578);
#1086=VERTEX_POINT('',#3580);
#1087=VERTEX_POINT('',#3584);
#1088=VERTEX_POINT('',#3585);
#1089=VERTEX_POINT('',#3593);
#1090=VERTEX_POINT('',#3594);
#1091=VERTEX_POINT('',#3599);
#1092=VERTEX_POINT('',#3604);
#1093=VERTEX_POINT('',#3613);
#1094=VERTEX_POINT('',#3615);
#1095=EDGE_CURVE('',#894,#895,#346,.F.);
#1096=EDGE_CURVE('',#895,#896,#347,.T.);
#1097=EDGE_CURVE('',#896,#897,#348,.F.);
#1098=EDGE_CURVE('',#897,#894,#349,.T.);
#1099=EDGE_CURVE('',#895,#898,#350,.T.);
#1100=EDGE_CURVE('',#899,#898,#351,.F.);
#1101=EDGE_CURVE('',#900,#899,#352,.T.);
#1102=EDGE_CURVE('',#901,#900,#353,.T.);
#1103=EDGE_CURVE('',#902,#901,#354,.F.);
#1104=EDGE_CURVE('',#902,#896,#355,.T.);
#1105=EDGE_CURVE('',#903,#904,#356,.T.);
#1106=EDGE_CURVE('',#904,#899,#357,.T.);
#1107=EDGE_CURVE('',#898,#903,#358,.T.);
#1108=EDGE_CURVE('',#894,#905,#359,.T.);
#1109=EDGE_CURVE('',#906,#905,#360,.T.);
#1110=EDGE_CURVE('',#906,#907,#361,.T.);
#1111=EDGE_CURVE('',#907,#903,#362,.T.);
#1112=EDGE_CURVE('',#908,#909,#363,.T.);
#1113=EDGE_CURVE('',#909,#902,#364,.T.);
#1114=EDGE_CURVE('',#901,#910,#365,.T.);
#1115=EDGE_CURVE('',#908,#910,#366,.T.);
#1116=EDGE_CURVE('',#911,#909,#367,.T.);
#1117=EDGE_CURVE('',#911,#912,#368,.T.);
#1118=EDGE_CURVE('',#913,#912,#369,.T.);
#1119=EDGE_CURVE('',#913,#897,#370,.T.);
#1120=EDGE_CURVE('',#908,#914,#371,.T.);
#1121=EDGE_CURVE('',#914,#911,#372,.T.);
#1122=EDGE_CURVE('',#915,#916,#373,.T.);
#1123=EDGE_CURVE('',#915,#908,#374,.T.);
#1124=EDGE_CURVE('',#916,#910,#375,.T.);
#1125=EDGE_CURVE('',#916,#917,#376,.T.);
#1126=EDGE_CURVE('',#917,#918,#377,.T.);
#1127=EDGE_CURVE('',#918,#915,#378,.T.);
#1128=EDGE_CURVE('',#919,#920,#379,.T.);
#1129=EDGE_CURVE('',#921,#919,#380,.T.);
#1130=EDGE_CURVE('',#922,#921,#381,.T.);
#1131=EDGE_CURVE('',#920,#922,#382,.T.);
#1132=EDGE_CURVE('',#918,#923,#383,.T.);
#1133=EDGE_CURVE('',#924,#923,#384,.T.);
#1134=EDGE_CURVE('',#925,#924,#385,.T.);
#1135=EDGE_CURVE('',#926,#925,#386,.T.);
#1136=EDGE_CURVE('',#926,#927,#387,.T.);
#1137=EDGE_CURVE('',#928,#927,#388,.T.);
#1138=EDGE_CURVE('',#904,#928,#389,.T.);
#1139=EDGE_CURVE('',#904,#929,#390,.T.);
#1140=EDGE_CURVE('',#930,#929,#391,.T.);
#1141=EDGE_CURVE('',#931,#930,#392,.T.);
#1142=EDGE_CURVE('',#914,#931,#393,.T.);
#1143=EDGE_CURVE('',#932,#928,#394,.T.);
#1144=EDGE_CURVE('',#933,#932,#395,.T.);
#1145=EDGE_CURVE('',#934,#933,#396,.F.);
#1146=EDGE_CURVE('',#934,#935,#397,.T.);
#1147=EDGE_CURVE('',#936,#935,#398,.F.);
#1148=EDGE_CURVE('',#936,#937,#399,.T.);
#1149=EDGE_CURVE('',#938,#937,#400,.F.);
#1150=EDGE_CURVE('',#938,#939,#401,.T.);
#1151=EDGE_CURVE('',#940,#939,#402,.F.);
#1152=EDGE_CURVE('',#940,#941,#403,.T.);
#1153=EDGE_CURVE('',#941,#901,#404,.T.);
#1154=EDGE_CURVE('',#942,#933,#405,.T.);
#1155=EDGE_CURVE('',#932,#943,#406,.T.);
#1156=EDGE_CURVE('',#943,#942,#407,.T.);
#1157=EDGE_CURVE('',#944,#945,#72,.F.);
#1158=EDGE_CURVE('',#944,#946,#408,.T.);
#1159=EDGE_CURVE('',#946,#947,#409,.T.);
#1160=EDGE_CURVE('',#947,#948,#410,.T.);
#1161=EDGE_CURVE('',#948,#949,#411,.T.);
#1162=EDGE_CURVE('',#949,#945,#412,.T.);
#1163=EDGE_CURVE('',#944,#950,#36,.T.);
#1164=EDGE_CURVE('',#950,#945,#37,.T.);
#1165=EDGE_CURVE('',#949,#951,#413,.T.);
#1166=EDGE_CURVE('',#952,#951,#414,.T.);
#1167=EDGE_CURVE('',#952,#953,#38,.T.);
#1168=EDGE_CURVE('',#953,#954,#39,.T.);
#1169=EDGE_CURVE('',#955,#954,#415,.T.);
#1170=EDGE_CURVE('',#955,#946,#416,.T.);
#1171=EDGE_CURVE('',#952,#954,#73,.F.);
#1172=EDGE_CURVE('',#951,#956,#417,.T.);
#1173=EDGE_CURVE('',#956,#957,#418,.T.);
#1174=EDGE_CURVE('',#957,#955,#419,.T.);
#1175=EDGE_CURVE('',#958,#959,#74,.F.);
#1176=EDGE_CURVE('',#958,#924,#420,.T.);
#1177=EDGE_CURVE('',#923,#960,#421,.T.);
#1178=EDGE_CURVE('',#960,#961,#422,.T.);
#1179=EDGE_CURVE('',#961,#959,#423,.T.);
#1180=EDGE_CURVE('',#958,#962,#40,.T.);
#1181=EDGE_CURVE('',#962,#959,#41,.T.);
#1182=EDGE_CURVE('',#961,#963,#424,.T.);
#1183=EDGE_CURVE('',#964,#963,#425,.T.);
#1184=EDGE_CURVE('',#964,#965,#42,.T.);
#1185=EDGE_CURVE('',#965,#966,#43,.T.);
#1186=EDGE_CURVE('',#925,#966,#426,.T.);
#1187=EDGE_CURVE('',#964,#966,#75,.F.);
#1188=EDGE_CURVE('',#963,#967,#427,.T.);
#1189=EDGE_CURVE('',#967,#926,#428,.T.);
#1190=EDGE_CURVE('',#968,#968,#44,.T.);
#1191=EDGE_CURVE('',#968,#969,#429,.T.);
#1192=EDGE_CURVE('',#969,#969,#45,.T.);
#1193=EDGE_CURVE('',#970,#970,#46,.T.);
#1194=EDGE_CURVE('',#970,#971,#430,.T.);
#1195=EDGE_CURVE('',#971,#971,#47,.T.);
#1196=EDGE_CURVE('',#972,#972,#48,.T.);
#1197=EDGE_CURVE('',#972,#973,#431,.T.);
#1198=EDGE_CURVE('',#973,#973,#49,.T.);
#1199=EDGE_CURVE('',#974,#975,#432,.T.);
#1200=EDGE_CURVE('',#974,#976,#433,.T.);
#1201=EDGE_CURVE('',#977,#976,#434,.T.);
#1202=EDGE_CURVE('',#975,#977,#435,.T.);
#1203=EDGE_CURVE('',#978,#979,#436,.T.);
#1204=EDGE_CURVE('',#978,#980,#437,.T.);
#1205=EDGE_CURVE('',#981,#980,#438,.T.);
#1206=EDGE_CURVE('',#979,#981,#439,.T.);
#1207=EDGE_CURVE('',#979,#982,#440,.T.);
#1208=EDGE_CURVE('',#983,#981,#441,.T.);
#1209=EDGE_CURVE('',#982,#983,#442,.T.);
#1210=EDGE_CURVE('',#982,#984,#443,.T.);
#1211=EDGE_CURVE('',#985,#983,#444,.T.);
#1212=EDGE_CURVE('',#984,#985,#445,.T.);
#1213=EDGE_CURVE('',#986,#987,#446,.T.);
#1214=EDGE_CURVE('',#986,#988,#447,.T.);
#1215=EDGE_CURVE('',#989,#988,#448,.T.);
#1216=EDGE_CURVE('',#987,#989,#449,.T.);
#1217=EDGE_CURVE('',#987,#974,#450,.T.);
#1218=EDGE_CURVE('',#976,#989,#451,.T.);
#1219=EDGE_CURVE('',#988,#985,#452,.T.);
#1220=EDGE_CURVE('',#980,#977,#453,.T.);
#1221=EDGE_CURVE('',#990,#991,#454,.T.);
#1222=EDGE_CURVE('',#992,#990,#455,.F.);
#1223=EDGE_CURVE('',#993,#992,#456,.T.);
#1224=EDGE_CURVE('',#994,#993,#457,.F.);
#1225=EDGE_CURVE('',#995,#994,#458,.T.);
#1226=EDGE_CURVE('',#996,#995,#459,.F.);
#1227=EDGE_CURVE('',#997,#996,#460,.T.);
#1228=EDGE_CURVE('',#991,#997,#461,.F.);
#1229=EDGE_CURVE('',#998,#998,#50,.T.);
#1230=EDGE_CURVE('',#999,#999,#51,.T.);
#1231=EDGE_CURVE('',#1000,#1000,#52,.T.);
#1232=EDGE_CURVE('',#1001,#1001,#53,.T.);
#1233=EDGE_CURVE('',#1002,#994,#462,.T.);
#1234=EDGE_CURVE('',#1003,#1002,#463,.T.);
#1235=EDGE_CURVE('',#995,#1003,#464,.T.);
#1236=EDGE_CURVE('',#984,#938,#465,.T.);
#1237=EDGE_CURVE('',#937,#982,#466,.T.);
#1238=EDGE_CURVE('',#1004,#986,#467,.T.);
#1239=EDGE_CURVE('',#1005,#1004,#468,.T.);
#1240=EDGE_CURVE('',#1006,#1005,#469,.T.);
#1241=EDGE_CURVE('',#1006,#1007,#470,.T.);
#1242=EDGE_CURVE('',#1008,#1007,#471,.T.);
#1243=EDGE_CURVE('',#1009,#1008,#472,.T.);
#1244=EDGE_CURVE('',#1010,#1009,#473,.T.);
#1245=EDGE_CURVE('',#1011,#1010,#474,.T.);
#1246=EDGE_CURVE('',#1012,#1011,#475,.T.);
#1247=EDGE_CURVE('',#1013,#1012,#476,.T.);
#1248=EDGE_CURVE('',#1014,#1013,#477,.T.);
#1249=EDGE_CURVE('',#939,#1014,#478,.T.);
#1250=EDGE_CURVE('',#987,#1015,#479,.T.);
#1251=EDGE_CURVE('',#1015,#1004,#480,.F.);
#1252=EDGE_CURVE('',#1016,#974,#481,.T.);
#1253=EDGE_CURVE('',#1015,#1016,#482,.T.);
#1254=EDGE_CURVE('',#1017,#1017,#54,.T.);
#1255=EDGE_CURVE('',#1017,#999,#483,.T.);
#1256=EDGE_CURVE('',#1018,#1018,#55,.T.);
#1257=EDGE_CURVE('',#1018,#1000,#484,.T.);
#1258=EDGE_CURVE('',#1019,#1019,#56,.T.);
#1259=EDGE_CURVE('',#1019,#1001,#485,.T.);
#1260=EDGE_CURVE('',#1020,#1020,#57,.T.);
#1261=EDGE_CURVE('',#1020,#998,#486,.T.);
#1262=EDGE_CURVE('',#953,#1021,#487,.T.);
#1263=EDGE_CURVE('',#1021,#1021,#58,.T.);
#1264=EDGE_CURVE('',#950,#1022,#488,.T.);
#1265=EDGE_CURVE('',#1022,#1022,#59,.T.);
#1266=EDGE_CURVE('',#962,#1023,#489,.T.);
#1267=EDGE_CURVE('',#1023,#1023,#60,.T.);
#1268=EDGE_CURVE('',#965,#1024,#490,.T.);
#1269=EDGE_CURVE('',#1024,#1024,#61,.T.);
#1270=EDGE_CURVE('',#943,#967,#491,.T.);
#1271=EDGE_CURVE('',#927,#943,#492,.T.);
#1272=EDGE_CURVE('',#1025,#956,#493,.T.);
#1273=EDGE_CURVE('',#1026,#1025,#494,.T.);
#1274=EDGE_CURVE('',#957,#1026,#495,.T.);
#1275=EDGE_CURVE('',#1027,#940,#496,.T.);
#1276=EDGE_CURVE('',#1028,#1027,#497,.T.);
#1277=EDGE_CURVE('',#942,#1028,#498,.T.);
#1278=EDGE_CURVE('',#960,#917,#499,.T.);
#1279=EDGE_CURVE('',#1029,#947,#500,.T.);
#1280=EDGE_CURVE('',#1030,#1029,#501,.T.);
#1281=EDGE_CURVE('',#948,#1030,#502,.T.);
#1282=EDGE_CURVE('',#1031,#1032,#503,.T.);
#1283=EDGE_CURVE('',#1033,#1032,#504,.T.);
#1284=EDGE_CURVE('',#1034,#1033,#505,.T.);
#1285=EDGE_CURVE('',#1025,#1034,#506,.T.);
#1286=EDGE_CURVE('',#1035,#1030,#507,.T.);
#1287=EDGE_CURVE('',#1036,#1035,#508,.T.);
#1288=EDGE_CURVE('',#1031,#1036,#509,.T.);
#1289=EDGE_CURVE('',#1037,#1037,#62,.T.);
#1290=EDGE_CURVE('',#1037,#1038,#510,.T.);
#1291=EDGE_CURVE('',#1038,#1038,#63,.T.);
#1292=EDGE_CURVE('',#1039,#1039,#64,.T.);
#1293=EDGE_CURVE('',#1039,#1038,#511,.T.);
#1294=EDGE_CURVE('',#1040,#1040,#65,.T.);
#1295=EDGE_CURVE('',#1040,#1041,#512,.T.);
#1296=EDGE_CURVE('',#1041,#1041,#66,.T.);
#1297=EDGE_CURVE('',#1042,#1042,#67,.T.);
#1298=EDGE_CURVE('',#1042,#1041,#513,.T.);
#1299=EDGE_CURVE('',#921,#1013,#514,.T.);
#1300=EDGE_CURVE('',#1012,#922,#515,.T.);
#1301=EDGE_CURVE('',#1043,#1044,#516,.T.);
#1302=EDGE_CURVE('',#1011,#1043,#517,.T.);
#1303=EDGE_CURVE('',#1044,#1011,#518,.T.);
#1304=EDGE_CURVE('',#1043,#922,#519,.T.);
#1305=EDGE_CURVE('',#1045,#1046,#520,.T.);
#1306=EDGE_CURVE('',#1047,#1045,#521,.T.);
#1307=EDGE_CURVE('',#1046,#1047,#522,.T.);
#1308=EDGE_CURVE('',#920,#1047,#523,.T.);
#1309=EDGE_CURVE('',#1045,#1048,#524,.T.);
#1310=EDGE_CURVE('',#1048,#920,#525,.T.);
#1311=EDGE_CURVE('',#1049,#1046,#526,.T.);
#1312=EDGE_CURVE('',#1047,#1050,#527,.T.);
#1313=EDGE_CURVE('',#1050,#1049,#528,.T.);
#1314=EDGE_CURVE('',#1008,#1051,#529,.T.);
#1315=EDGE_CURVE('',#1052,#1008,#530,.T.);
#1316=EDGE_CURVE('',#1051,#1052,#531,.T.);
#1317=EDGE_CURVE('',#1007,#1053,#532,.T.);
#1318=EDGE_CURVE('',#1053,#1052,#533,.T.);
#1319=EDGE_CURVE('',#1054,#1055,#534,.T.);
#1320=EDGE_CURVE('',#1056,#1054,#535,.T.);
#1321=EDGE_CURVE('',#1055,#1056,#536,.T.);
#1322=EDGE_CURVE('',#1054,#1051,#537,.T.);
#1323=EDGE_CURVE('',#1052,#1056,#538,.T.);
#1324=EDGE_CURVE('',#1057,#1058,#539,.T.);
#1325=EDGE_CURVE('',#1058,#1055,#540,.T.);
#1326=EDGE_CURVE('',#1056,#1057,#541,.T.);
#1327=EDGE_CURVE('',#1059,#1054,#542,.T.);
#1328=EDGE_CURVE('',#1055,#1060,#543,.T.);
#1329=EDGE_CURVE('',#1060,#1059,#544,.T.);
#1330=EDGE_CURVE('',#1051,#1061,#545,.T.);
#1331=EDGE_CURVE('',#1061,#1062,#546,.T.);
#1332=EDGE_CURVE('',#1062,#1009,#547,.T.);
#1333=EDGE_CURVE('',#1060,#1045,#548,.T.);
#1334=EDGE_CURVE('',#1046,#1059,#549,.T.);
#1335=EDGE_CURVE('',#1010,#1063,#550,.T.);
#1336=EDGE_CURVE('',#1063,#1044,#551,.T.);
#1337=EDGE_CURVE('',#1063,#1062,#552,.T.);
#1338=EDGE_CURVE('',#1050,#1043,#553,.T.);
#1339=EDGE_CURVE('',#1044,#1049,#554,.T.);
#1340=EDGE_CURVE('',#1048,#1064,#555,.T.);
#1341=EDGE_CURVE('',#1064,#919,#556,.T.);
#1342=EDGE_CURVE('',#935,#978,#557,.T.);
#1343=EDGE_CURVE('',#1065,#934,#558,.T.);
#1344=EDGE_CURVE('',#1064,#1065,#559,.T.);
#1345=EDGE_CURVE('',#1066,#1058,#560,.T.);
#1346=EDGE_CURVE('',#1067,#1066,#561,.T.);
#1347=EDGE_CURVE('',#1068,#1067,#562,.T.);
#1348=EDGE_CURVE('',#975,#1068,#563,.T.);
#1349=EDGE_CURVE('',#1069,#1070,#564,.T.);
#1350=EDGE_CURVE('',#1071,#1069,#565,.T.);
#1351=EDGE_CURVE('',#1072,#1071,#566,.T.);
#1352=EDGE_CURVE('',#1070,#1072,#567,.T.);
#1353=EDGE_CURVE('',#1073,#1049,#568,.T.);
#1354=EDGE_CURVE('',#1074,#1073,#569,.T.);
#1355=EDGE_CURVE('',#1059,#1074,#570,.T.);
#1356=EDGE_CURVE('',#1073,#1063,#571,.T.);
#1357=EDGE_CURVE('',#1075,#1076,#572,.T.);
#1358=EDGE_CURVE('',#1075,#1077,#573,.T.);
#1359=EDGE_CURVE('',#1078,#1077,#574,.T.);
#1360=EDGE_CURVE('',#1078,#1079,#575,.T.);
#1361=EDGE_CURVE('',#1003,#1079,#576,.T.);
#1362=EDGE_CURVE('',#1080,#1002,#577,.T.);
#1363=EDGE_CURVE('',#1080,#1076,#578,.T.);
#1364=EDGE_CURVE('',#931,#907,#579,.T.);
#1365=EDGE_CURVE('',#907,#911,#580,.T.);
#1366=EDGE_CURVE('',#913,#1081,#68,.T.);
#1367=EDGE_CURVE('',#1082,#1081,#581,.T.);
#1368=EDGE_CURVE('',#1083,#1082,#582,.T.);
#1369=EDGE_CURVE('',#1084,#1083,#583,.T.);
#1370=EDGE_CURVE('',#905,#1084,#69,.F.);
#1371=EDGE_CURVE('',#1061,#1074,#584,.F.);
#1372=EDGE_CURVE('',#1071,#1085,#585,.T.);
#1373=EDGE_CURVE('',#1085,#1086,#586,.T.);
#1374=EDGE_CURVE('',#1072,#1086,#587,.T.);
#1375=EDGE_CURVE('',#1087,#1088,#588,.T.);
#1376=EDGE_CURVE('',#1088,#1069,#589,.T.);
#1377=EDGE_CURVE('',#1070,#1087,#590,.T.);
#1378=EDGE_CURVE('',#1088,#1083,#591,.T.);
#1379=EDGE_CURVE('',#1082,#1085,#592,.T.);
#1380=EDGE_CURVE('',#1089,#1090,#593,.T.);
#1381=EDGE_CURVE('',#1090,#1087,#594,.T.);
#1382=EDGE_CURVE('',#1086,#1089,#595,.T.);
#1383=EDGE_CURVE('',#1090,#1091,#596,.T.);
#1384=EDGE_CURVE('',#1084,#1091,#597,.T.);
#1385=EDGE_CURVE('',#1091,#906,#70,.T.);
#1386=EDGE_CURVE('',#1092,#1089,#598,.T.);
#1387=EDGE_CURVE('',#912,#1092,#71,.T.);
#1388=EDGE_CURVE('',#1092,#1081,#599,.T.);
#1389=EDGE_CURVE('',#1057,#1053,#600,.T.);
#1390=EDGE_CURVE('',#1093,#1026,#601,.T.);
#1391=EDGE_CURVE('',#1094,#1093,#602,.T.);
#1392=EDGE_CURVE('',#1029,#1094,#603,.T.);
#1393=EDGE_CURVE('',#1076,#992,#604,.T.);
#1394=EDGE_CURVE('',#990,#1075,#605,.T.);
#1395=EDGE_CURVE('',#1077,#991,#606,.T.);
#1396=EDGE_CURVE('',#997,#1078,#607,.T.);
#1397=EDGE_CURVE('',#993,#1080,#608,.T.);
#1398=EDGE_CURVE('',#1079,#996,#609,.T.);
#1399=EDGE_CURVE('',#1028,#1065,#610,.T.);
#1400=EDGE_CURVE('',#1014,#1027,#611,.T.);
#1401=EDGE_CURVE('',#1066,#1031,#612,.T.);
#1402=EDGE_CURVE('',#1036,#1067,#613,.F.);
#1403=EDGE_CURVE('',#1032,#1006,#614,.T.);
#1404=EDGE_CURVE('',#1005,#1033,#615,.F.);
#1405=EDGE_CURVE('',#979,#936,#616,.T.);
#1406=EDGE_CURVE('',#1068,#1016,#617,.F.);
#1407=EDGE_CURVE('',#1094,#1035,#618,.T.);
#1408=EDGE_CURVE('',#1034,#1093,#619,.T.);
#1409=ORIENTED_EDGE('',*,*,#1095,.T.);
#1410=ORIENTED_EDGE('',*,*,#1096,.T.);
#1411=ORIENTED_EDGE('',*,*,#1097,.T.);
#1412=ORIENTED_EDGE('',*,*,#1098,.T.);
#1413=ORIENTED_EDGE('',*,*,#1096,.F.);
#1414=ORIENTED_EDGE('',*,*,#1099,.T.);
#1415=ORIENTED_EDGE('',*,*,#1100,.F.);
#1416=ORIENTED_EDGE('',*,*,#1101,.F.);
#1417=ORIENTED_EDGE('',*,*,#1102,.F.);
#1418=ORIENTED_EDGE('',*,*,#1103,.F.);
#1419=ORIENTED_EDGE('',*,*,#1104,.T.);
#1420=ORIENTED_EDGE('',*,*,#1105,.T.);
#1421=ORIENTED_EDGE('',*,*,#1106,.T.);
#1422=ORIENTED_EDGE('',*,*,#1100,.T.);
#1423=ORIENTED_EDGE('',*,*,#1107,.T.);
#1424=ORIENTED_EDGE('',*,*,#1107,.F.);
#1425=ORIENTED_EDGE('',*,*,#1099,.F.);
#1426=ORIENTED_EDGE('',*,*,#1095,.F.);
#1427=ORIENTED_EDGE('',*,*,#1108,.T.);
#1428=ORIENTED_EDGE('',*,*,#1109,.F.);
#1429=ORIENTED_EDGE('',*,*,#1110,.T.);
#1430=ORIENTED_EDGE('',*,*,#1111,.T.);
#1431=ORIENTED_EDGE('',*,*,#1112,.T.);
#1432=ORIENTED_EDGE('',*,*,#1113,.T.);
#1433=ORIENTED_EDGE('',*,*,#1103,.T.);
#1434=ORIENTED_EDGE('',*,*,#1114,.T.);
#1435=ORIENTED_EDGE('',*,*,#1115,.F.);
#1436=ORIENTED_EDGE('',*,*,#1113,.F.);
#1437=ORIENTED_EDGE('',*,*,#1116,.F.);
#1438=ORIENTED_EDGE('',*,*,#1117,.T.);
#1439=ORIENTED_EDGE('',*,*,#1118,.F.);
#1440=ORIENTED_EDGE('',*,*,#1119,.T.);
#1441=ORIENTED_EDGE('',*,*,#1097,.F.);
#1442=ORIENTED_EDGE('',*,*,#1104,.F.);
#1443=ORIENTED_EDGE('',*,*,#1112,.F.);
#1444=ORIENTED_EDGE('',*,*,#1120,.T.);
#1445=ORIENTED_EDGE('',*,*,#1121,.T.);
#1446=ORIENTED_EDGE('',*,*,#1116,.T.);
#1447=ORIENTED_EDGE('',*,*,#1122,.F.);
#1448=ORIENTED_EDGE('',*,*,#1123,.T.);
#1449=ORIENTED_EDGE('',*,*,#1115,.T.);
#1450=ORIENTED_EDGE('',*,*,#1124,.F.);
#1451=ORIENTED_EDGE('',*,*,#1122,.T.);
#1452=ORIENTED_EDGE('',*,*,#1125,.T.);
#1453=ORIENTED_EDGE('',*,*,#1126,.T.);
#1454=ORIENTED_EDGE('',*,*,#1127,.T.);
#1455=ORIENTED_EDGE('',*,*,#1128,.F.);
#1456=ORIENTED_EDGE('',*,*,#1129,.F.);
#1457=ORIENTED_EDGE('',*,*,#1130,.F.);
#1458=ORIENTED_EDGE('',*,*,#1131,.F.);
#1459=ORIENTED_EDGE('',*,*,#1123,.F.);
#1460=ORIENTED_EDGE('',*,*,#1127,.F.);
#1461=ORIENTED_EDGE('',*,*,#1132,.T.);
#1462=ORIENTED_EDGE('',*,*,#1133,.F.);
#1463=ORIENTED_EDGE('',*,*,#1134,.F.);
#1464=ORIENTED_EDGE('',*,*,#1135,.F.);
#1465=ORIENTED_EDGE('',*,*,#1136,.T.);
#1466=ORIENTED_EDGE('',*,*,#1137,.F.);
#1467=ORIENTED_EDGE('',*,*,#1138,.F.);
#1468=ORIENTED_EDGE('',*,*,#1139,.T.);
#1469=ORIENTED_EDGE('',*,*,#1140,.F.);
#1470=ORIENTED_EDGE('',*,*,#1141,.F.);
#1471=ORIENTED_EDGE('',*,*,#1142,.F.);
#1472=ORIENTED_EDGE('',*,*,#1120,.F.);
#1473=ORIENTED_EDGE('',*,*,#1106,.F.);
#1474=ORIENTED_EDGE('',*,*,#1138,.T.);
#1475=ORIENTED_EDGE('',*,*,#1143,.F.);
#1476=ORIENTED_EDGE('',*,*,#1144,.F.);
#1477=ORIENTED_EDGE('',*,*,#1145,.F.);
#1478=ORIENTED_EDGE('',*,*,#1146,.T.);
#1479=ORIENTED_EDGE('',*,*,#1147,.F.);
#1480=ORIENTED_EDGE('',*,*,#1148,.T.);
#1481=ORIENTED_EDGE('',*,*,#1149,.F.);
#1482=ORIENTED_EDGE('',*,*,#1150,.T.);
#1483=ORIENTED_EDGE('',*,*,#1151,.F.);
#1484=ORIENTED_EDGE('',*,*,#1152,.T.);
#1485=ORIENTED_EDGE('',*,*,#1153,.T.);
#1486=ORIENTED_EDGE('',*,*,#1102,.T.);
#1487=ORIENTED_EDGE('',*,*,#1101,.T.);
#1488=ORIENTED_EDGE('',*,*,#1154,.T.);
#1489=ORIENTED_EDGE('',*,*,#1144,.T.);
#1490=ORIENTED_EDGE('',*,*,#1155,.T.);
#1491=ORIENTED_EDGE('',*,*,#1156,.T.);
#1492=ORIENTED_EDGE('',*,*,#1157,.F.);
#1493=ORIENTED_EDGE('',*,*,#1158,.T.);
#1494=ORIENTED_EDGE('',*,*,#1159,.T.);
#1495=ORIENTED_EDGE('',*,*,#1160,.T.);
#1496=ORIENTED_EDGE('',*,*,#1161,.T.);
#1497=ORIENTED_EDGE('',*,*,#1162,.T.);
#1498=ORIENTED_EDGE('',*,*,#1158,.F.);
#1499=ORIENTED_EDGE('',*,*,#1163,.T.);
#1500=ORIENTED_EDGE('',*,*,#1164,.T.);
#1501=ORIENTED_EDGE('',*,*,#1162,.F.);
#1502=ORIENTED_EDGE('',*,*,#1165,.T.);
#1503=ORIENTED_EDGE('',*,*,#1166,.F.);
#1504=ORIENTED_EDGE('',*,*,#1167,.T.);
#1505=ORIENTED_EDGE('',*,*,#1168,.T.);
#1506=ORIENTED_EDGE('',*,*,#1169,.F.);
#1507=ORIENTED_EDGE('',*,*,#1170,.T.);
#1508=ORIENTED_EDGE('',*,*,#1171,.F.);
#1509=ORIENTED_EDGE('',*,*,#1166,.T.);
#1510=ORIENTED_EDGE('',*,*,#1172,.T.);
#1511=ORIENTED_EDGE('',*,*,#1173,.T.);
#1512=ORIENTED_EDGE('',*,*,#1174,.T.);
#1513=ORIENTED_EDGE('',*,*,#1169,.T.);
#1514=ORIENTED_EDGE('',*,*,#1175,.F.);
#1515=ORIENTED_EDGE('',*,*,#1176,.T.);
#1516=ORIENTED_EDGE('',*,*,#1133,.T.);
#1517=ORIENTED_EDGE('',*,*,#1177,.T.);
#1518=ORIENTED_EDGE('',*,*,#1178,.T.);
#1519=ORIENTED_EDGE('',*,*,#1179,.T.);
#1520=ORIENTED_EDGE('',*,*,#1176,.F.);
#1521=ORIENTED_EDGE('',*,*,#1180,.T.);
#1522=ORIENTED_EDGE('',*,*,#1181,.T.);
#1523=ORIENTED_EDGE('',*,*,#1179,.F.);
#1524=ORIENTED_EDGE('',*,*,#1182,.T.);
#1525=ORIENTED_EDGE('',*,*,#1183,.F.);
#1526=ORIENTED_EDGE('',*,*,#1184,.T.);
#1527=ORIENTED_EDGE('',*,*,#1185,.T.);
#1528=ORIENTED_EDGE('',*,*,#1186,.F.);
#1529=ORIENTED_EDGE('',*,*,#1134,.T.);
#1530=ORIENTED_EDGE('',*,*,#1187,.F.);
#1531=ORIENTED_EDGE('',*,*,#1183,.T.);
#1532=ORIENTED_EDGE('',*,*,#1188,.T.);
#1533=ORIENTED_EDGE('',*,*,#1189,.T.);
#1534=ORIENTED_EDGE('',*,*,#1135,.T.);
#1535=ORIENTED_EDGE('',*,*,#1186,.T.);
#1536=ORIENTED_EDGE('',*,*,#1190,.F.);
#1537=ORIENTED_EDGE('',*,*,#1191,.T.);
#1538=ORIENTED_EDGE('',*,*,#1192,.F.);
#1539=ORIENTED_EDGE('',*,*,#1191,.F.);
#1540=ORIENTED_EDGE('',*,*,#1193,.F.);
#1541=ORIENTED_EDGE('',*,*,#1194,.T.);
#1542=ORIENTED_EDGE('',*,*,#1195,.F.);
#1543=ORIENTED_EDGE('',*,*,#1194,.F.);
#1544=ORIENTED_EDGE('',*,*,#1196,.F.);
#1545=ORIENTED_EDGE('',*,*,#1197,.T.);
#1546=ORIENTED_EDGE('',*,*,#1198,.F.);
#1547=ORIENTED_EDGE('',*,*,#1197,.F.);
#1548=ORIENTED_EDGE('',*,*,#1199,.F.);
#1549=ORIENTED_EDGE('',*,*,#1200,.T.);
#1550=ORIENTED_EDGE('',*,*,#1201,.F.);
#1551=ORIENTED_EDGE('',*,*,#1202,.F.);
#1552=ORIENTED_EDGE('',*,*,#1203,.F.);
#1553=ORIENTED_EDGE('',*,*,#1204,.T.);
#1554=ORIENTED_EDGE('',*,*,#1205,.F.);
#1555=ORIENTED_EDGE('',*,*,#1206,.F.);
#1556=ORIENTED_EDGE('',*,*,#1207,.F.);
#1557=ORIENTED_EDGE('',*,*,#1206,.T.);
#1558=ORIENTED_EDGE('',*,*,#1208,.F.);
#1559=ORIENTED_EDGE('',*,*,#1209,.F.);
#1560=ORIENTED_EDGE('',*,*,#1210,.F.);
#1561=ORIENTED_EDGE('',*,*,#1209,.T.);
#1562=ORIENTED_EDGE('',*,*,#1211,.F.);
#1563=ORIENTED_EDGE('',*,*,#1212,.F.);
#1564=ORIENTED_EDGE('',*,*,#1213,.F.);
#1565=ORIENTED_EDGE('',*,*,#1214,.T.);
#1566=ORIENTED_EDGE('',*,*,#1215,.F.);
#1567=ORIENTED_EDGE('',*,*,#1216,.F.);
#1568=ORIENTED_EDGE('',*,*,#1217,.F.);
#1569=ORIENTED_EDGE('',*,*,#1216,.T.);
#1570=ORIENTED_EDGE('',*,*,#1218,.F.);
#1571=ORIENTED_EDGE('',*,*,#1200,.F.);
#1572=ORIENTED_EDGE('',*,*,#1218,.T.);
#1573=ORIENTED_EDGE('',*,*,#1215,.T.);
#1574=ORIENTED_EDGE('',*,*,#1219,.T.);
#1575=ORIENTED_EDGE('',*,*,#1211,.T.);
#1576=ORIENTED_EDGE('',*,*,#1208,.T.);
#1577=ORIENTED_EDGE('',*,*,#1205,.T.);
#1578=ORIENTED_EDGE('',*,*,#1220,.T.);
#1579=ORIENTED_EDGE('',*,*,#1201,.T.);
#1580=ORIENTED_EDGE('',*,*,#1221,.F.);
#1581=ORIENTED_EDGE('',*,*,#1222,.F.);
#1582=ORIENTED_EDGE('',*,*,#1223,.F.);
#1583=ORIENTED_EDGE('',*,*,#1224,.F.);
#1584=ORIENTED_EDGE('',*,*,#1225,.F.);
#1585=ORIENTED_EDGE('',*,*,#1226,.F.);
#1586=ORIENTED_EDGE('',*,*,#1227,.F.);
#1587=ORIENTED_EDGE('',*,*,#1228,.F.);
#1588=ORIENTED_EDGE('',*,*,#1229,.T.);
#1589=ORIENTED_EDGE('',*,*,#1230,.T.);
#1590=ORIENTED_EDGE('',*,*,#1231,.T.);
#1591=ORIENTED_EDGE('',*,*,#1232,.T.);
#1592=ORIENTED_EDGE('',*,*,#1225,.T.);
#1593=ORIENTED_EDGE('',*,*,#1233,.F.);
#1594=ORIENTED_EDGE('',*,*,#1234,.F.);
#1595=ORIENTED_EDGE('',*,*,#1235,.F.);
#1596=ORIENTED_EDGE('',*,*,#1210,.T.);
#1597=ORIENTED_EDGE('',*,*,#1236,.T.);
#1598=ORIENTED_EDGE('',*,*,#1149,.T.);
#1599=ORIENTED_EDGE('',*,*,#1237,.T.);
#1600=ORIENTED_EDGE('',*,*,#1238,.F.);
#1601=ORIENTED_EDGE('',*,*,#1239,.F.);
#1602=ORIENTED_EDGE('',*,*,#1240,.F.);
#1603=ORIENTED_EDGE('',*,*,#1241,.T.);
#1604=ORIENTED_EDGE('',*,*,#1242,.F.);
#1605=ORIENTED_EDGE('',*,*,#1243,.F.);
#1606=ORIENTED_EDGE('',*,*,#1244,.F.);
#1607=ORIENTED_EDGE('',*,*,#1245,.F.);
#1608=ORIENTED_EDGE('',*,*,#1246,.F.);
#1609=ORIENTED_EDGE('',*,*,#1247,.F.);
#1610=ORIENTED_EDGE('',*,*,#1248,.F.);
#1611=ORIENTED_EDGE('',*,*,#1249,.F.);
#1612=ORIENTED_EDGE('',*,*,#1150,.F.);
#1613=ORIENTED_EDGE('',*,*,#1236,.F.);
#1614=ORIENTED_EDGE('',*,*,#1212,.T.);
#1615=ORIENTED_EDGE('',*,*,#1219,.F.);
#1616=ORIENTED_EDGE('',*,*,#1214,.F.);
#1617=ORIENTED_EDGE('',*,*,#1213,.T.);
#1618=ORIENTED_EDGE('',*,*,#1250,.T.);
#1619=ORIENTED_EDGE('',*,*,#1251,.T.);
#1620=ORIENTED_EDGE('',*,*,#1238,.T.);
#1621=ORIENTED_EDGE('',*,*,#1217,.T.);
#1622=ORIENTED_EDGE('',*,*,#1252,.F.);
#1623=ORIENTED_EDGE('',*,*,#1253,.F.);
#1624=ORIENTED_EDGE('',*,*,#1250,.F.);
#1625=ORIENTED_EDGE('',*,*,#1254,.F.);
#1626=ORIENTED_EDGE('',*,*,#1255,.T.);
#1627=ORIENTED_EDGE('',*,*,#1230,.F.);
#1628=ORIENTED_EDGE('',*,*,#1255,.F.);
#1629=ORIENTED_EDGE('',*,*,#1256,.F.);
#1630=ORIENTED_EDGE('',*,*,#1257,.T.);
#1631=ORIENTED_EDGE('',*,*,#1231,.F.);
#1632=ORIENTED_EDGE('',*,*,#1257,.F.);
#1633=ORIENTED_EDGE('',*,*,#1258,.F.);
#1634=ORIENTED_EDGE('',*,*,#1259,.T.);
#1635=ORIENTED_EDGE('',*,*,#1232,.F.);
#1636=ORIENTED_EDGE('',*,*,#1259,.F.);
#1637=ORIENTED_EDGE('',*,*,#1260,.F.);
#1638=ORIENTED_EDGE('',*,*,#1261,.T.);
#1639=ORIENTED_EDGE('',*,*,#1229,.F.);
#1640=ORIENTED_EDGE('',*,*,#1261,.F.);
#1641=ORIENTED_EDGE('',*,*,#1167,.F.);
#1642=ORIENTED_EDGE('',*,*,#1171,.T.);
#1643=ORIENTED_EDGE('',*,*,#1168,.F.);
#1644=ORIENTED_EDGE('',*,*,#1262,.T.);
#1645=ORIENTED_EDGE('',*,*,#1263,.F.);
#1646=ORIENTED_EDGE('',*,*,#1262,.F.);
#1647=ORIENTED_EDGE('',*,*,#1163,.F.);
#1648=ORIENTED_EDGE('',*,*,#1157,.T.);
#1649=ORIENTED_EDGE('',*,*,#1164,.F.);
#1650=ORIENTED_EDGE('',*,*,#1264,.T.);
#1651=ORIENTED_EDGE('',*,*,#1265,.F.);
#1652=ORIENTED_EDGE('',*,*,#1264,.F.);
#1653=ORIENTED_EDGE('',*,*,#1180,.F.);
#1654=ORIENTED_EDGE('',*,*,#1175,.T.);
#1655=ORIENTED_EDGE('',*,*,#1181,.F.);
#1656=ORIENTED_EDGE('',*,*,#1266,.T.);
#1657=ORIENTED_EDGE('',*,*,#1267,.F.);
#1658=ORIENTED_EDGE('',*,*,#1266,.F.);
#1659=ORIENTED_EDGE('',*,*,#1184,.F.);
#1660=ORIENTED_EDGE('',*,*,#1187,.T.);
#1661=ORIENTED_EDGE('',*,*,#1185,.F.);
#1662=ORIENTED_EDGE('',*,*,#1268,.T.);
#1663=ORIENTED_EDGE('',*,*,#1269,.F.);
#1664=ORIENTED_EDGE('',*,*,#1268,.F.);
#1665=ORIENTED_EDGE('',*,*,#1189,.F.);
#1666=ORIENTED_EDGE('',*,*,#1270,.F.);
#1667=ORIENTED_EDGE('',*,*,#1271,.F.);
#1668=ORIENTED_EDGE('',*,*,#1136,.F.);
#1669=ORIENTED_EDGE('',*,*,#1173,.F.);
#1670=ORIENTED_EDGE('',*,*,#1272,.F.);
#1671=ORIENTED_EDGE('',*,*,#1273,.F.);
#1672=ORIENTED_EDGE('',*,*,#1274,.F.);
#1673=ORIENTED_EDGE('',*,*,#1114,.F.);
#1674=ORIENTED_EDGE('',*,*,#1153,.F.);
#1675=ORIENTED_EDGE('',*,*,#1152,.F.);
#1676=ORIENTED_EDGE('',*,*,#1275,.F.);
#1677=ORIENTED_EDGE('',*,*,#1276,.F.);
#1678=ORIENTED_EDGE('',*,*,#1277,.F.);
#1679=ORIENTED_EDGE('',*,*,#1156,.F.);
#1680=ORIENTED_EDGE('',*,*,#1270,.T.);
#1681=ORIENTED_EDGE('',*,*,#1188,.F.);
#1682=ORIENTED_EDGE('',*,*,#1182,.F.);
#1683=ORIENTED_EDGE('',*,*,#1178,.F.);
#1684=ORIENTED_EDGE('',*,*,#1278,.T.);
#1685=ORIENTED_EDGE('',*,*,#1125,.F.);
#1686=ORIENTED_EDGE('',*,*,#1124,.T.);
#1687=ORIENTED_EDGE('',*,*,#1160,.F.);
#1688=ORIENTED_EDGE('',*,*,#1279,.F.);
#1689=ORIENTED_EDGE('',*,*,#1280,.F.);
#1690=ORIENTED_EDGE('',*,*,#1281,.F.);
#1691=ORIENTED_EDGE('',*,*,#1282,.T.);
#1692=ORIENTED_EDGE('',*,*,#1283,.F.);
#1693=ORIENTED_EDGE('',*,*,#1284,.F.);
#1694=ORIENTED_EDGE('',*,*,#1285,.F.);
#1695=ORIENTED_EDGE('',*,*,#1272,.T.);
#1696=ORIENTED_EDGE('',*,*,#1172,.F.);
#1697=ORIENTED_EDGE('',*,*,#1165,.F.);
#1698=ORIENTED_EDGE('',*,*,#1161,.F.);
#1699=ORIENTED_EDGE('',*,*,#1281,.T.);
#1700=ORIENTED_EDGE('',*,*,#1286,.F.);
#1701=ORIENTED_EDGE('',*,*,#1287,.F.);
#1702=ORIENTED_EDGE('',*,*,#1288,.F.);
#1703=ORIENTED_EDGE('',*,*,#1177,.F.);
#1704=ORIENTED_EDGE('',*,*,#1132,.F.);
#1705=ORIENTED_EDGE('',*,*,#1126,.F.);
#1706=ORIENTED_EDGE('',*,*,#1278,.F.);
#1707=ORIENTED_EDGE('',*,*,#1289,.T.);
#1708=ORIENTED_EDGE('',*,*,#1290,.T.);
#1709=ORIENTED_EDGE('',*,*,#1291,.T.);
#1710=ORIENTED_EDGE('',*,*,#1290,.F.);
#1711=ORIENTED_EDGE('',*,*,#1292,.F.);
#1712=ORIENTED_EDGE('',*,*,#1293,.T.);
#1713=ORIENTED_EDGE('',*,*,#1291,.F.);
#1714=ORIENTED_EDGE('',*,*,#1293,.F.);
#1715=ORIENTED_EDGE('',*,*,#1289,.F.);
#1716=ORIENTED_EDGE('',*,*,#1294,.T.);
#1717=ORIENTED_EDGE('',*,*,#1295,.T.);
#1718=ORIENTED_EDGE('',*,*,#1296,.T.);
#1719=ORIENTED_EDGE('',*,*,#1295,.F.);
#1720=ORIENTED_EDGE('',*,*,#1297,.F.);
#1721=ORIENTED_EDGE('',*,*,#1298,.T.);
#1722=ORIENTED_EDGE('',*,*,#1296,.F.);
#1723=ORIENTED_EDGE('',*,*,#1298,.F.);
#1724=ORIENTED_EDGE('',*,*,#1294,.F.);
#1725=ORIENTED_EDGE('',*,*,#1130,.T.);
#1726=ORIENTED_EDGE('',*,*,#1299,.T.);
#1727=ORIENTED_EDGE('',*,*,#1247,.T.);
#1728=ORIENTED_EDGE('',*,*,#1300,.T.);
#1729=ORIENTED_EDGE('',*,*,#1301,.F.);
#1730=ORIENTED_EDGE('',*,*,#1302,.F.);
#1731=ORIENTED_EDGE('',*,*,#1303,.F.);
#1732=ORIENTED_EDGE('',*,*,#1246,.T.);
#1733=ORIENTED_EDGE('',*,*,#1302,.T.);
#1734=ORIENTED_EDGE('',*,*,#1304,.T.);
#1735=ORIENTED_EDGE('',*,*,#1300,.F.);
#1736=ORIENTED_EDGE('',*,*,#1305,.F.);
#1737=ORIENTED_EDGE('',*,*,#1306,.F.);
#1738=ORIENTED_EDGE('',*,*,#1307,.F.);
#1739=ORIENTED_EDGE('',*,*,#1308,.T.);
#1740=ORIENTED_EDGE('',*,*,#1306,.T.);
#1741=ORIENTED_EDGE('',*,*,#1309,.T.);
#1742=ORIENTED_EDGE('',*,*,#1310,.T.);
#1743=ORIENTED_EDGE('',*,*,#1311,.T.);
#1744=ORIENTED_EDGE('',*,*,#1307,.T.);
#1745=ORIENTED_EDGE('',*,*,#1312,.T.);
#1746=ORIENTED_EDGE('',*,*,#1313,.T.);
#1747=ORIENTED_EDGE('',*,*,#1314,.F.);
#1748=ORIENTED_EDGE('',*,*,#1315,.F.);
#1749=ORIENTED_EDGE('',*,*,#1316,.F.);
#1750=ORIENTED_EDGE('',*,*,#1317,.T.);
#1751=ORIENTED_EDGE('',*,*,#1318,.T.);
#1752=ORIENTED_EDGE('',*,*,#1315,.T.);
#1753=ORIENTED_EDGE('',*,*,#1242,.T.);
#1754=ORIENTED_EDGE('',*,*,#1319,.F.);
#1755=ORIENTED_EDGE('',*,*,#1320,.F.);
#1756=ORIENTED_EDGE('',*,*,#1321,.F.);
#1757=ORIENTED_EDGE('',*,*,#1320,.T.);
#1758=ORIENTED_EDGE('',*,*,#1322,.T.);
#1759=ORIENTED_EDGE('',*,*,#1316,.T.);
#1760=ORIENTED_EDGE('',*,*,#1323,.T.);
#1761=ORIENTED_EDGE('',*,*,#1324,.T.);
#1762=ORIENTED_EDGE('',*,*,#1325,.T.);
#1763=ORIENTED_EDGE('',*,*,#1321,.T.);
#1764=ORIENTED_EDGE('',*,*,#1326,.T.);
#1765=ORIENTED_EDGE('',*,*,#1327,.T.);
#1766=ORIENTED_EDGE('',*,*,#1319,.T.);
#1767=ORIENTED_EDGE('',*,*,#1328,.T.);
#1768=ORIENTED_EDGE('',*,*,#1329,.T.);
#1769=ORIENTED_EDGE('',*,*,#1243,.T.);
#1770=ORIENTED_EDGE('',*,*,#1314,.T.);
#1771=ORIENTED_EDGE('',*,*,#1330,.T.);
#1772=ORIENTED_EDGE('',*,*,#1331,.T.);
#1773=ORIENTED_EDGE('',*,*,#1332,.T.);
#1774=ORIENTED_EDGE('',*,*,#1333,.T.);
#1775=ORIENTED_EDGE('',*,*,#1305,.T.);
#1776=ORIENTED_EDGE('',*,*,#1334,.T.);
#1777=ORIENTED_EDGE('',*,*,#1329,.F.);
#1778=ORIENTED_EDGE('',*,*,#1335,.T.);
#1779=ORIENTED_EDGE('',*,*,#1336,.T.);
#1780=ORIENTED_EDGE('',*,*,#1303,.T.);
#1781=ORIENTED_EDGE('',*,*,#1245,.T.);
#1782=ORIENTED_EDGE('',*,*,#1337,.F.);
#1783=ORIENTED_EDGE('',*,*,#1335,.F.);
#1784=ORIENTED_EDGE('',*,*,#1244,.T.);
#1785=ORIENTED_EDGE('',*,*,#1332,.F.);
#1786=ORIENTED_EDGE('',*,*,#1338,.T.);
#1787=ORIENTED_EDGE('',*,*,#1301,.T.);
#1788=ORIENTED_EDGE('',*,*,#1339,.T.);
#1789=ORIENTED_EDGE('',*,*,#1313,.F.);
#1790=ORIENTED_EDGE('',*,*,#1340,.T.);
#1791=ORIENTED_EDGE('',*,*,#1341,.T.);
#1792=ORIENTED_EDGE('',*,*,#1128,.T.);
#1793=ORIENTED_EDGE('',*,*,#1310,.F.);
#1794=ORIENTED_EDGE('',*,*,#1304,.F.);
#1795=ORIENTED_EDGE('',*,*,#1338,.F.);
#1796=ORIENTED_EDGE('',*,*,#1312,.F.);
#1797=ORIENTED_EDGE('',*,*,#1308,.F.);
#1798=ORIENTED_EDGE('',*,*,#1131,.T.);
#1799=ORIENTED_EDGE('',*,*,#1297,.T.);
#1800=ORIENTED_EDGE('',*,*,#1342,.F.);
#1801=ORIENTED_EDGE('',*,*,#1146,.F.);
#1802=ORIENTED_EDGE('',*,*,#1343,.F.);
#1803=ORIENTED_EDGE('',*,*,#1344,.F.);
#1804=ORIENTED_EDGE('',*,*,#1340,.F.);
#1805=ORIENTED_EDGE('',*,*,#1309,.F.);
#1806=ORIENTED_EDGE('',*,*,#1333,.F.);
#1807=ORIENTED_EDGE('',*,*,#1328,.F.);
#1808=ORIENTED_EDGE('',*,*,#1325,.F.);
#1809=ORIENTED_EDGE('',*,*,#1345,.F.);
#1810=ORIENTED_EDGE('',*,*,#1346,.F.);
#1811=ORIENTED_EDGE('',*,*,#1347,.F.);
#1812=ORIENTED_EDGE('',*,*,#1348,.F.);
#1813=ORIENTED_EDGE('',*,*,#1202,.T.);
#1814=ORIENTED_EDGE('',*,*,#1220,.F.);
#1815=ORIENTED_EDGE('',*,*,#1204,.F.);
#1816=ORIENTED_EDGE('',*,*,#1349,.F.);
#1817=ORIENTED_EDGE('',*,*,#1350,.F.);
#1818=ORIENTED_EDGE('',*,*,#1351,.F.);
#1819=ORIENTED_EDGE('',*,*,#1352,.F.);
#1820=ORIENTED_EDGE('',*,*,#1334,.F.);
#1821=ORIENTED_EDGE('',*,*,#1311,.F.);
#1822=ORIENTED_EDGE('',*,*,#1353,.F.);
#1823=ORIENTED_EDGE('',*,*,#1354,.F.);
#1824=ORIENTED_EDGE('',*,*,#1355,.F.);
#1825=ORIENTED_EDGE('',*,*,#1339,.F.);
#1826=ORIENTED_EDGE('',*,*,#1336,.F.);
#1827=ORIENTED_EDGE('',*,*,#1356,.F.);
#1828=ORIENTED_EDGE('',*,*,#1353,.T.);
#1829=ORIENTED_EDGE('',*,*,#1357,.F.);
#1830=ORIENTED_EDGE('',*,*,#1358,.T.);
#1831=ORIENTED_EDGE('',*,*,#1359,.F.);
#1832=ORIENTED_EDGE('',*,*,#1360,.T.);
#1833=ORIENTED_EDGE('',*,*,#1361,.F.);
#1834=ORIENTED_EDGE('',*,*,#1234,.T.);
#1835=ORIENTED_EDGE('',*,*,#1362,.F.);
#1836=ORIENTED_EDGE('',*,*,#1363,.T.);
#1837=ORIENTED_EDGE('',*,*,#1192,.T.);
#1838=ORIENTED_EDGE('',*,*,#1195,.T.);
#1839=ORIENTED_EDGE('',*,*,#1198,.T.);
#1840=ORIENTED_EDGE('',*,*,#1105,.F.);
#1841=ORIENTED_EDGE('',*,*,#1111,.F.);
#1842=ORIENTED_EDGE('',*,*,#1364,.F.);
#1843=ORIENTED_EDGE('',*,*,#1141,.T.);
#1844=ORIENTED_EDGE('',*,*,#1140,.T.);
#1845=ORIENTED_EDGE('',*,*,#1139,.F.);
#1846=ORIENTED_EDGE('',*,*,#1365,.T.);
#1847=ORIENTED_EDGE('',*,*,#1121,.F.);
#1848=ORIENTED_EDGE('',*,*,#1142,.T.);
#1849=ORIENTED_EDGE('',*,*,#1364,.T.);
#1850=ORIENTED_EDGE('',*,*,#1098,.F.);
#1851=ORIENTED_EDGE('',*,*,#1119,.F.);
#1852=ORIENTED_EDGE('',*,*,#1366,.T.);
#1853=ORIENTED_EDGE('',*,*,#1367,.F.);
#1854=ORIENTED_EDGE('',*,*,#1368,.F.);
#1855=ORIENTED_EDGE('',*,*,#1369,.F.);
#1856=ORIENTED_EDGE('',*,*,#1370,.F.);
#1857=ORIENTED_EDGE('',*,*,#1108,.F.);
#1858=ORIENTED_EDGE('',*,*,#1327,.F.);
#1859=ORIENTED_EDGE('',*,*,#1355,.T.);
#1860=ORIENTED_EDGE('',*,*,#1371,.F.);
#1861=ORIENTED_EDGE('',*,*,#1330,.F.);
#1862=ORIENTED_EDGE('',*,*,#1322,.F.);
#1863=ORIENTED_EDGE('',*,*,#1292,.T.);
#1864=ORIENTED_EDGE('',*,*,#1337,.T.);
#1865=ORIENTED_EDGE('',*,*,#1331,.F.);
#1866=ORIENTED_EDGE('',*,*,#1371,.T.);
#1867=ORIENTED_EDGE('',*,*,#1354,.T.);
#1868=ORIENTED_EDGE('',*,*,#1356,.T.);
#1869=ORIENTED_EDGE('',*,*,#1351,.T.);
#1870=ORIENTED_EDGE('',*,*,#1372,.T.);
#1871=ORIENTED_EDGE('',*,*,#1373,.T.);
#1872=ORIENTED_EDGE('',*,*,#1374,.F.);
#1873=ORIENTED_EDGE('',*,*,#1375,.T.);
#1874=ORIENTED_EDGE('',*,*,#1376,.T.);
#1875=ORIENTED_EDGE('',*,*,#1349,.T.);
#1876=ORIENTED_EDGE('',*,*,#1377,.T.);
#1877=ORIENTED_EDGE('',*,*,#1350,.T.);
#1878=ORIENTED_EDGE('',*,*,#1376,.F.);
#1879=ORIENTED_EDGE('',*,*,#1378,.T.);
#1880=ORIENTED_EDGE('',*,*,#1368,.T.);
#1881=ORIENTED_EDGE('',*,*,#1379,.T.);
#1882=ORIENTED_EDGE('',*,*,#1372,.F.);
#1883=ORIENTED_EDGE('',*,*,#1380,.T.);
#1884=ORIENTED_EDGE('',*,*,#1381,.T.);
#1885=ORIENTED_EDGE('',*,*,#1377,.F.);
#1886=ORIENTED_EDGE('',*,*,#1352,.T.);
#1887=ORIENTED_EDGE('',*,*,#1374,.T.);
#1888=ORIENTED_EDGE('',*,*,#1382,.T.);
#1889=ORIENTED_EDGE('',*,*,#1375,.F.);
#1890=ORIENTED_EDGE('',*,*,#1381,.F.);
#1891=ORIENTED_EDGE('',*,*,#1383,.T.);
#1892=ORIENTED_EDGE('',*,*,#1384,.F.);
#1893=ORIENTED_EDGE('',*,*,#1369,.T.);
#1894=ORIENTED_EDGE('',*,*,#1378,.F.);
#1895=ORIENTED_EDGE('',*,*,#1365,.F.);
#1896=ORIENTED_EDGE('',*,*,#1110,.F.);
#1897=ORIENTED_EDGE('',*,*,#1385,.F.);
#1898=ORIENTED_EDGE('',*,*,#1383,.F.);
#1899=ORIENTED_EDGE('',*,*,#1380,.F.);
#1900=ORIENTED_EDGE('',*,*,#1386,.F.);
#1901=ORIENTED_EDGE('',*,*,#1387,.F.);
#1902=ORIENTED_EDGE('',*,*,#1117,.F.);
#1903=ORIENTED_EDGE('',*,*,#1387,.T.);
#1904=ORIENTED_EDGE('',*,*,#1388,.T.);
#1905=ORIENTED_EDGE('',*,*,#1366,.F.);
#1906=ORIENTED_EDGE('',*,*,#1118,.T.);
#1907=ORIENTED_EDGE('',*,*,#1373,.F.);
#1908=ORIENTED_EDGE('',*,*,#1379,.F.);
#1909=ORIENTED_EDGE('',*,*,#1367,.T.);
#1910=ORIENTED_EDGE('',*,*,#1388,.F.);
#1911=ORIENTED_EDGE('',*,*,#1386,.T.);
#1912=ORIENTED_EDGE('',*,*,#1382,.F.);
#1913=ORIENTED_EDGE('',*,*,#1385,.T.);
#1914=ORIENTED_EDGE('',*,*,#1109,.T.);
#1915=ORIENTED_EDGE('',*,*,#1370,.T.);
#1916=ORIENTED_EDGE('',*,*,#1384,.T.);
#1917=ORIENTED_EDGE('',*,*,#1326,.F.);
#1918=ORIENTED_EDGE('',*,*,#1323,.F.);
#1919=ORIENTED_EDGE('',*,*,#1318,.F.);
#1920=ORIENTED_EDGE('',*,*,#1389,.F.);
#1921=ORIENTED_EDGE('',*,*,#1274,.T.);
#1922=ORIENTED_EDGE('',*,*,#1390,.F.);
#1923=ORIENTED_EDGE('',*,*,#1391,.F.);
#1924=ORIENTED_EDGE('',*,*,#1392,.F.);
#1925=ORIENTED_EDGE('',*,*,#1279,.T.);
#1926=ORIENTED_EDGE('',*,*,#1159,.F.);
#1927=ORIENTED_EDGE('',*,*,#1170,.F.);
#1928=ORIENTED_EDGE('',*,*,#1174,.F.);
#1929=ORIENTED_EDGE('',*,*,#1357,.T.);
#1930=ORIENTED_EDGE('',*,*,#1393,.T.);
#1931=ORIENTED_EDGE('',*,*,#1222,.T.);
#1932=ORIENTED_EDGE('',*,*,#1394,.T.);
#1933=ORIENTED_EDGE('',*,*,#1221,.T.);
#1934=ORIENTED_EDGE('',*,*,#1395,.F.);
#1935=ORIENTED_EDGE('',*,*,#1358,.F.);
#1936=ORIENTED_EDGE('',*,*,#1394,.F.);
#1937=ORIENTED_EDGE('',*,*,#1359,.T.);
#1938=ORIENTED_EDGE('',*,*,#1395,.T.);
#1939=ORIENTED_EDGE('',*,*,#1228,.T.);
#1940=ORIENTED_EDGE('',*,*,#1396,.T.);
#1941=ORIENTED_EDGE('',*,*,#1362,.T.);
#1942=ORIENTED_EDGE('',*,*,#1233,.T.);
#1943=ORIENTED_EDGE('',*,*,#1224,.T.);
#1944=ORIENTED_EDGE('',*,*,#1397,.T.);
#1945=ORIENTED_EDGE('',*,*,#1361,.T.);
#1946=ORIENTED_EDGE('',*,*,#1398,.T.);
#1947=ORIENTED_EDGE('',*,*,#1226,.T.);
#1948=ORIENTED_EDGE('',*,*,#1235,.T.);
#1949=ORIENTED_EDGE('',*,*,#1396,.F.);
#1950=ORIENTED_EDGE('',*,*,#1227,.T.);
#1951=ORIENTED_EDGE('',*,*,#1398,.F.);
#1952=ORIENTED_EDGE('',*,*,#1360,.F.);
#1953=ORIENTED_EDGE('',*,*,#1196,.T.);
#1954=ORIENTED_EDGE('',*,*,#1399,.T.);
#1955=ORIENTED_EDGE('',*,*,#1343,.T.);
#1956=ORIENTED_EDGE('',*,*,#1145,.T.);
#1957=ORIENTED_EDGE('',*,*,#1154,.F.);
#1958=ORIENTED_EDGE('',*,*,#1277,.T.);
#1959=ORIENTED_EDGE('',*,*,#1299,.F.);
#1960=ORIENTED_EDGE('',*,*,#1129,.T.);
#1961=ORIENTED_EDGE('',*,*,#1341,.F.);
#1962=ORIENTED_EDGE('',*,*,#1344,.T.);
#1963=ORIENTED_EDGE('',*,*,#1399,.F.);
#1964=ORIENTED_EDGE('',*,*,#1276,.T.);
#1965=ORIENTED_EDGE('',*,*,#1400,.F.);
#1966=ORIENTED_EDGE('',*,*,#1248,.T.);
#1967=ORIENTED_EDGE('',*,*,#1267,.T.);
#1968=ORIENTED_EDGE('',*,*,#1269,.T.);
#1969=ORIENTED_EDGE('',*,*,#1400,.T.);
#1970=ORIENTED_EDGE('',*,*,#1275,.T.);
#1971=ORIENTED_EDGE('',*,*,#1151,.T.);
#1972=ORIENTED_EDGE('',*,*,#1249,.T.);
#1973=ORIENTED_EDGE('',*,*,#1401,.T.);
#1974=ORIENTED_EDGE('',*,*,#1288,.T.);
#1975=ORIENTED_EDGE('',*,*,#1402,.T.);
#1976=ORIENTED_EDGE('',*,*,#1346,.T.);
#1977=ORIENTED_EDGE('',*,*,#1317,.F.);
#1978=ORIENTED_EDGE('',*,*,#1241,.F.);
#1979=ORIENTED_EDGE('',*,*,#1403,.F.);
#1980=ORIENTED_EDGE('',*,*,#1282,.F.);
#1981=ORIENTED_EDGE('',*,*,#1401,.F.);
#1982=ORIENTED_EDGE('',*,*,#1345,.T.);
#1983=ORIENTED_EDGE('',*,*,#1324,.F.);
#1984=ORIENTED_EDGE('',*,*,#1389,.T.);
#1985=ORIENTED_EDGE('',*,*,#1263,.T.);
#1986=ORIENTED_EDGE('',*,*,#1265,.T.);
#1987=ORIENTED_EDGE('',*,*,#1403,.T.);
#1988=ORIENTED_EDGE('',*,*,#1240,.T.);
#1989=ORIENTED_EDGE('',*,*,#1404,.T.);
#1990=ORIENTED_EDGE('',*,*,#1283,.T.);
#1991=ORIENTED_EDGE('',*,*,#1207,.T.);
#1992=ORIENTED_EDGE('',*,*,#1237,.F.);
#1993=ORIENTED_EDGE('',*,*,#1148,.F.);
#1994=ORIENTED_EDGE('',*,*,#1405,.F.);
#1995=ORIENTED_EDGE('',*,*,#1203,.T.);
#1996=ORIENTED_EDGE('',*,*,#1405,.T.);
#1997=ORIENTED_EDGE('',*,*,#1147,.T.);
#1998=ORIENTED_EDGE('',*,*,#1342,.T.);
#1999=ORIENTED_EDGE('',*,*,#1199,.T.);
#2000=ORIENTED_EDGE('',*,*,#1348,.T.);
#2001=ORIENTED_EDGE('',*,*,#1406,.T.);
#2002=ORIENTED_EDGE('',*,*,#1252,.T.);
#2003=ORIENTED_EDGE('',*,*,#1260,.T.);
#2004=ORIENTED_EDGE('',*,*,#1258,.T.);
#2005=ORIENTED_EDGE('',*,*,#1254,.T.);
#2006=ORIENTED_EDGE('',*,*,#1256,.T.);
#2007=ORIENTED_EDGE('',*,*,#1284,.T.);
#2008=ORIENTED_EDGE('',*,*,#1404,.F.);
#2009=ORIENTED_EDGE('',*,*,#1239,.T.);
#2010=ORIENTED_EDGE('',*,*,#1251,.F.);
#2011=ORIENTED_EDGE('',*,*,#1253,.T.);
#2012=ORIENTED_EDGE('',*,*,#1406,.F.);
#2013=ORIENTED_EDGE('',*,*,#1347,.T.);
#2014=ORIENTED_EDGE('',*,*,#1402,.F.);
#2015=ORIENTED_EDGE('',*,*,#1287,.T.);
#2016=ORIENTED_EDGE('',*,*,#1407,.F.);
#2017=ORIENTED_EDGE('',*,*,#1391,.T.);
#2018=ORIENTED_EDGE('',*,*,#1408,.F.);
#2019=ORIENTED_EDGE('',*,*,#1392,.T.);
#2020=ORIENTED_EDGE('',*,*,#1407,.T.);
#2021=ORIENTED_EDGE('',*,*,#1286,.T.);
#2022=ORIENTED_EDGE('',*,*,#1280,.T.);
#2023=ORIENTED_EDGE('',*,*,#1390,.T.);
#2024=ORIENTED_EDGE('',*,*,#1273,.T.);
#2025=ORIENTED_EDGE('',*,*,#1285,.T.);
#2026=ORIENTED_EDGE('',*,*,#1408,.T.);
#2027=ORIENTED_EDGE('',*,*,#1143,.T.);
#2028=ORIENTED_EDGE('',*,*,#1137,.T.);
#2029=ORIENTED_EDGE('',*,*,#1271,.T.);
#2030=ORIENTED_EDGE('',*,*,#1155,.F.);
#2031=ORIENTED_EDGE('',*,*,#1193,.T.);
#2032=ORIENTED_EDGE('',*,*,#1393,.F.);
#2033=ORIENTED_EDGE('',*,*,#1363,.F.);
#2034=ORIENTED_EDGE('',*,*,#1397,.F.);
#2035=ORIENTED_EDGE('',*,*,#1223,.T.);
#2036=ORIENTED_EDGE('',*,*,#1190,.T.);
#2037=PLANE('',#2271);
#2038=PLANE('',#2272);
#2039=PLANE('',#2273);
#2040=PLANE('',#2274);
#2041=PLANE('',#2275);
#2042=PLANE('',#2276);
#2043=PLANE('',#2277);
#2044=PLANE('',#2278);
#2045=PLANE('',#2279);
#2046=PLANE('',#2280);
#2047=PLANE('',#2281);
#2048=PLANE('',#2282);
#2049=PLANE('',#2283);
#2050=PLANE('',#2285);
#2051=PLANE('',#2290);
#2052=PLANE('',#2292);
#2053=PLANE('',#2294);
#2054=PLANE('',#2299);
#2055=PLANE('',#2310);
#2056=PLANE('',#2311);
#2057=PLANE('',#2312);
#2058=PLANE('',#2313);
#2059=PLANE('',#2314);
#2060=PLANE('',#2315);
#2061=PLANE('',#2316);
#2062=PLANE('',#2321);
#2063=PLANE('',#2322);
#2064=PLANE('',#2323);
#2065=PLANE('',#2324);
#2066=PLANE('',#2325);
#2067=PLANE('',#2342);
#2068=PLANE('',#2343);
#2069=PLANE('',#2344);
#2070=PLANE('',#2345);
#2071=PLANE('',#2346);
#2072=PLANE('',#2347);
#2073=PLANE('',#2353);
#2074=PLANE('',#2359);
#2075=PLANE('',#2360);
#2076=PLANE('',#2361);
#2077=PLANE('',#2362);
#2078=PLANE('',#2363);
#2079=PLANE('',#2364);
#2080=PLANE('',#2365);
#2081=PLANE('',#2366);
#2082=PLANE('',#2367);
#2083=PLANE('',#2368);
#2084=PLANE('',#2369);
#2085=PLANE('',#2370);
#2086=PLANE('',#2371);
#2087=PLANE('',#2372);
#2088=PLANE('',#2373);
#2089=PLANE('',#2374);
#2090=PLANE('',#2375);
#2091=PLANE('',#2376);
#2092=PLANE('',#2377);
#2093=PLANE('',#2378);
#2094=PLANE('',#2379);
#2095=PLANE('',#2380);
#2096=PLANE('',#2381);
#2097=PLANE('',#2382);
#2098=PLANE('',#2383);
#2099=PLANE('',#2384);
#2100=PLANE('',#2385);
#2101=PLANE('',#2388);
#2102=PLANE('',#2389);
#2103=PLANE('',#2390);
#2104=PLANE('',#2391);
#2105=PLANE('',#2392);
#2106=PLANE('',#2393);
#2107=PLANE('',#2394);
#2108=PLANE('',#2395);
#2109=PLANE('',#2399);
#2110=PLANE('',#2401);
#2111=PLANE('',#2402);
#2112=PLANE('',#2403);
#2113=PLANE('',#2404);
#2114=PLANE('',#2405);
#2115=PLANE('',#2406);
#2116=PLANE('',#2407);
#2117=PLANE('',#2408);
#2118=PLANE('',#2409);
#2119=PLANE('',#2410);
#2120=PLANE('',#2411);
#2121=PLANE('',#2412);
#2122=PLANE('',#2413);
#2123=PLANE('',#2414);
#2124=PLANE('',#2415);
#2125=PLANE('',#2416);
#2126=PLANE('',#2417);
#2127=PLANE('',#2418);
#2128=PLANE('',#2419);
#2129=PLANE('',#2420);
#2130=PLANE('',#2421);
#2131=PLANE('',#2422);
#2132=PLANE('',#2423);
#2133=PLANE('',#2424);
#2134=PLANE('',#2425);
#2135=PLANE('',#2426);
#2136=PLANE('',#2427);
#2137=PLANE('',#2428);
#2138=ADVANCED_FACE('',(#93),#2037,.T.);
#2139=ADVANCED_FACE('',(#94),#2038,.F.);
#2140=ADVANCED_FACE('',(#95),#2039,.T.);
#2141=ADVANCED_FACE('',(#96),#2040,.F.);
#2142=ADVANCED_FACE('',(#97),#2041,.T.);
#2143=ADVANCED_FACE('',(#98),#2042,.F.);
#2144=ADVANCED_FACE('',(#99),#2043,.T.);
#2145=ADVANCED_FACE('',(#100),#2044,.F.);
#2146=ADVANCED_FACE('',(#101),#2045,.T.);
#2147=ADVANCED_FACE('',(#102,#76),#2046,.T.);
#2148=ADVANCED_FACE('',(#103),#2047,.F.);
#2149=ADVANCED_FACE('',(#104),#2048,.T.);
#2150=ADVANCED_FACE('',(#105),#2049,.T.);
#2151=ADVANCED_FACE('',(#106),#2050,.T.);
#2152=ADVANCED_FACE('',(#107),#2051,.T.);
#2153=ADVANCED_FACE('',(#108),#2052,.T.);
#2154=ADVANCED_FACE('',(#109),#2053,.T.);
#2155=ADVANCED_FACE('',(#110),#2054,.T.);
#2156=ADVANCED_FACE('',(#111),#21,.F.);
#2157=ADVANCED_FACE('',(#112),#22,.F.);
#2158=ADVANCED_FACE('',(#113),#23,.F.);
#2159=ADVANCED_FACE('',(#114),#2055,.T.);
#2160=ADVANCED_FACE('',(#115),#2056,.T.);
#2161=ADVANCED_FACE('',(#116),#2057,.T.);
#2162=ADVANCED_FACE('',(#117),#2058,.T.);
#2163=ADVANCED_FACE('',(#118),#2059,.T.);
#2164=ADVANCED_FACE('',(#119),#2060,.T.);
#2165=ADVANCED_FACE('',(#120,#77,#78,#79,#80,#81),#2061,.T.);
#2166=ADVANCED_FACE('',(#121),#2062,.T.);
#2167=ADVANCED_FACE('',(#122),#2063,.T.);
#2168=ADVANCED_FACE('',(#123),#2064,.T.);
#2169=ADVANCED_FACE('',(#124),#2065,.T.);
#2170=ADVANCED_FACE('',(#125),#2066,.T.);
#2171=ADVANCED_FACE('',(#126),#24,.F.);
#2172=ADVANCED_FACE('',(#127),#25,.F.);
#2173=ADVANCED_FACE('',(#128),#26,.F.);
#2174=ADVANCED_FACE('',(#129),#27,.F.);
#2175=ADVANCED_FACE('',(#130),#28,.F.);
#2176=ADVANCED_FACE('',(#131),#29,.F.);
#2177=ADVANCED_FACE('',(#132),#30,.F.);
#2178=ADVANCED_FACE('',(#133),#31,.F.);
#2179=ADVANCED_FACE('',(#134),#2067,.F.);
#2180=ADVANCED_FACE('',(#135),#2068,.F.);
#2181=ADVANCED_FACE('',(#136),#2069,.T.);
#2182=ADVANCED_FACE('',(#137),#2070,.F.);
#2183=ADVANCED_FACE('',(#138),#2071,.T.);
#2184=ADVANCED_FACE('',(#139),#2072,.F.);
#2185=ADVANCED_FACE('',(#140),#19,.T.);
#2186=ADVANCED_FACE('',(#141),#32,.T.);
#2187=ADVANCED_FACE('',(#142),#2073,.T.);
#2188=ADVANCED_FACE('',(#143),#20,.T.);
#2189=ADVANCED_FACE('',(#144),#33,.T.);
#2190=ADVANCED_FACE('',(#145),#2074,.T.);
#2191=ADVANCED_FACE('',(#146),#2075,.T.);
#2192=ADVANCED_FACE('',(#147),#2076,.T.);
#2193=ADVANCED_FACE('',(#148),#2077,.T.);
#2194=ADVANCED_FACE('',(#149),#2078,.T.);
#2195=ADVANCED_FACE('',(#150),#2079,.T.);
#2196=ADVANCED_FACE('',(#151),#2080,.T.);
#2197=ADVANCED_FACE('',(#152),#2081,.T.);
#2198=ADVANCED_FACE('',(#153),#2082,.T.);
#2199=ADVANCED_FACE('',(#154),#2083,.T.);
#2200=ADVANCED_FACE('',(#155),#2084,.T.);
#2201=ADVANCED_FACE('',(#156),#2085,.T.);
#2202=ADVANCED_FACE('',(#157),#2086,.T.);
#2203=ADVANCED_FACE('',(#158),#2087,.T.);
#2204=ADVANCED_FACE('',(#159),#2088,.T.);
#2205=ADVANCED_FACE('',(#160),#2089,.T.);
#2206=ADVANCED_FACE('',(#161),#2090,.T.);
#2207=ADVANCED_FACE('',(#162),#2091,.T.);
#2208=ADVANCED_FACE('',(#163),#2092,.T.);
#2209=ADVANCED_FACE('',(#164,#82),#2093,.T.);
#2210=ADVANCED_FACE('',(#165,#83),#2094,.T.);
#2211=ADVANCED_FACE('',(#166),#2095,.F.);
#2212=ADVANCED_FACE('',(#167),#2096,.T.);
#2213=ADVANCED_FACE('',(#168,#84,#85,#86),#2097,.T.);
#2214=ADVANCED_FACE('',(#169),#2098,.T.);
#2215=ADVANCED_FACE('',(#170),#2099,.T.);
#2216=ADVANCED_FACE('',(#171),#2100,.F.);
#2217=ADVANCED_FACE('',(#172,#87),#2101,.T.);
#2218=ADVANCED_FACE('',(#173),#2102,.T.);
#2219=ADVANCED_FACE('',(#174),#2103,.T.);
#2220=ADVANCED_FACE('',(#175),#2104,.T.);
#2221=ADVANCED_FACE('',(#176),#2105,.T.);
#2222=ADVANCED_FACE('',(#177),#2106,.T.);
#2223=ADVANCED_FACE('',(#178),#2107,.F.);
#2224=ADVANCED_FACE('',(#179),#2108,.T.);
#2225=ADVANCED_FACE('',(#180),#34,.F.);
#2226=ADVANCED_FACE('',(#181),#2109,.F.);
#2227=ADVANCED_FACE('',(#182),#35,.T.);
#2228=ADVANCED_FACE('',(#183,#88),#2110,.T.);
#2229=ADVANCED_FACE('',(#184),#2111,.T.);
#2230=ADVANCED_FACE('',(#185),#2112,.T.);
#2231=ADVANCED_FACE('',(#186),#2113,.T.);
#2232=ADVANCED_FACE('',(#187),#2114,.T.);
#2233=ADVANCED_FACE('',(#188),#2115,.T.);
#2234=ADVANCED_FACE('',(#189),#2116,.T.);
#2235=ADVANCED_FACE('',(#190),#2117,.F.);
#2236=ADVANCED_FACE('',(#191),#2118,.T.);
#2237=ADVANCED_FACE('',(#192,#89,#90),#2119,.T.);
#2238=ADVANCED_FACE('',(#193),#2120,.T.);
#2239=ADVANCED_FACE('',(#194),#2121,.T.);
#2240=ADVANCED_FACE('',(#195,#91,#92),#2122,.T.);
#2241=ADVANCED_FACE('',(#196),#2123,.T.);
#2242=ADVANCED_FACE('',(#197),#2124,.T.);
#2243=ADVANCED_FACE('',(#198),#2125,.T.);
#2244=ADVANCED_FACE('',(#199),#2126,.T.);
#2245=ADVANCED_FACE('',(#200),#2127,.F.);
#2246=ADVANCED_FACE('',(#201),#2128,.F.);
#2247=ADVANCED_FACE('',(#202),#2129,.F.);
#2248=ADVANCED_FACE('',(#203),#2130,.F.);
#2249=ADVANCED_FACE('',(#204),#2131,.F.);
#2250=ADVANCED_FACE('',(#205),#2132,.T.);
#2251=ADVANCED_FACE('',(#206),#2133,.T.);
#2252=ADVANCED_FACE('',(#207),#2134,.T.);
#2253=ADVANCED_FACE('',(#208),#2135,.F.);
#2254=ADVANCED_FACE('',(#209),#2136,.T.);
#2255=ADVANCED_FACE('',(#210),#2137,.F.);
#2256=CLOSED_SHELL('',(#2138,#2139,#2140,#2141,#2142,#2143,#2144,#2145,
#2146,#2147,#2148,#2149,#2150,#2151,#2152,#2153,#2154,#2155,#2156,#2157,
#2158,#2159,#2160,#2161,#2162,#2163,#2164,#2165,#2166,#2167,#2168,#2169,
#2170,#2171,#2172,#2173,#2174,#2175,#2176,#2177,#2178,#2179,#2180,#2181,
#2182,#2183,#2184,#2185,#2186,#2187,#2188,#2189,#2190,#2191,#2192,#2193,
#2194,#2195,#2196,#2197,#2198,#2199,#2200,#2201,#2202,#2203,#2204,#2205,
#2206,#2207,#2208,#2209,#2210,#2211,#2212,#2213,#2214,#2215,#2216,#2217,
#2218,#2219,#2220,#2221,#2222,#2223,#2224,#2225,#2226,#2227,#2228,#2229,
#2230,#2231,#2232,#2233,#2234,#2235,#2236,#2237,#2238,#2239,#2240,#2241,
#2242,#2243,#2244,#2245,#2246,#2247,#2248,#2249,#2250,#2251,#2252,#2253,
#2254,#2255));
#2257=DERIVED_UNIT_ELEMENT(#2259,1.);
#2258=DERIVED_UNIT_ELEMENT(#3669,-3.);
#2259=(
MASS_UNIT()
NAMED_UNIT(*)
SI_UNIT(.KILO.,.GRAM.)
);
#2260=DERIVED_UNIT((#2257,#2258));
#2261=MEASURE_REPRESENTATION_ITEM('density measure',
POSITIVE_RATIO_MEASURE(7850.),#2260);
#2262=PROPERTY_DEFINITION_REPRESENTATION(#2267,#2264);
#2263=PROPERTY_DEFINITION_REPRESENTATION(#2268,#2265);
#2264=REPRESENTATION('material name',(#2266),#3666);
#2265=REPRESENTATION('density',(#2261),#3666);
#2266=DESCRIPTIVE_REPRESENTATION_ITEM('Steel','Steel');
#2267=PROPERTY_DEFINITION('material property','material name',#3681);
#2268=PROPERTY_DEFINITION('material property','density of part',#3681);
#2269=AXIS2_PLACEMENT_3D('',#3026,#2430,#2431);
#2270=AXIS2_PLACEMENT_3D('',#3027,#2432,#2433);
#2271=AXIS2_PLACEMENT_3D('',#3028,#2434,#2435);
#2272=AXIS2_PLACEMENT_3D('',#3037,#2440,#2441);
#2273=AXIS2_PLACEMENT_3D('',#3049,#2448,#2449);
#2274=AXIS2_PLACEMENT_3D('',#3055,#2453,#2454);
#2275=AXIS2_PLACEMENT_3D('',#3063,#2459,#2460);
#2276=AXIS2_PLACEMENT_3D('',#3071,#2465,#2466);
#2277=AXIS2_PLACEMENT_3D('',#3079,#2471,#2472);
#2278=AXIS2_PLACEMENT_3D('',#3083,#2475,#2476);
#2279=AXIS2_PLACEMENT_3D('',#3089,#2480,#2481);
#2280=AXIS2_PLACEMENT_3D('',#3095,#2485,#2486);
#2281=AXIS2_PLACEMENT_3D('',#3124,#2502,#2503);
#2282=AXIS2_PLACEMENT_3D('',#3146,#2515,#2516);
#2283=AXIS2_PLACEMENT_3D('',#3152,#2520,#2521);
#2284=AXIS2_PLACEMENT_3D('',#3155,#2522,#2523);
#2285=AXIS2_PLACEMENT_3D('',#3165,#2529,#2530);
#2286=AXIS2_PLACEMENT_3D('',#3167,#2531,#2532);
#2287=AXIS2_PLACEMENT_3D('',#3168,#2533,#2534);
#2288=AXIS2_PLACEMENT_3D('',#3174,#2537,#2538);
#2289=AXIS2_PLACEMENT_3D('',#3176,#2539,#2540);
#2290=AXIS2_PLACEMENT_3D('',#3180,#2543,#2544);
#2291=AXIS2_PLACEMENT_3D('',#3181,#2545,#2546);
#2292=AXIS2_PLACEMENT_3D('',#3187,#2550,#2551);
#2293=AXIS2_PLACEMENT_3D('',#3190,#2552,#2553);
#2294=AXIS2_PLACEMENT_3D('',#3197,#2558,#2559);
#2295=AXIS2_PLACEMENT_3D('',#3199,#2560,#2561);
#2296=AXIS2_PLACEMENT_3D('',#3200,#2562,#2563);
#2297=AXIS2_PLACEMENT_3D('',#3206,#2566,#2567);
#2298=AXIS2_PLACEMENT_3D('',#3208,#2568,#2569);
#2299=AXIS2_PLACEMENT_3D('',#3210,#2571,#2572);
#2300=AXIS2_PLACEMENT_3D('',#3211,#2573,#2574);
#2301=AXIS2_PLACEMENT_3D('',#3215,#2577,#2578);
#2302=AXIS2_PLACEMENT_3D('',#3217,#2579,#2580);
#2303=AXIS2_PLACEMENT_3D('',#3220,#2582,#2583);
#2304=AXIS2_PLACEMENT_3D('',#3221,#2584,#2585);
#2305=AXIS2_PLACEMENT_3D('',#3223,#2586,#2587);
#2306=AXIS2_PLACEMENT_3D('',#3226,#2589,#2590);
#2307=AXIS2_PLACEMENT_3D('',#3227,#2591,#2592);
#2308=AXIS2_PLACEMENT_3D('',#3229,#2593,#2594);
#2309=AXIS2_PLACEMENT_3D('',#3232,#2596,#2597);
#2310=AXIS2_PLACEMENT_3D('',#3233,#2598,#2599);
#2311=AXIS2_PLACEMENT_3D('',#3242,#2604,#2605);
#2312=AXIS2_PLACEMENT_3D('',#3251,#2610,#2611);
#2313=AXIS2_PLACEMENT_3D('',#3257,#2615,#2616);
#2314=AXIS2_PLACEMENT_3D('',#3263,#2620,#2621);
#2315=AXIS2_PLACEMENT_3D('',#3272,#2626,#2627);
#2316=AXIS2_PLACEMENT_3D('',#3275,#2630,#2631);
#2317=AXIS2_PLACEMENT_3D('',#3295,#2642,#2643);
#2318=AXIS2_PLACEMENT_3D('',#3297,#2644,#2645);
#2319=AXIS2_PLACEMENT_3D('',#3299,#2646,#2647);
#2320=AXIS2_PLACEMENT_3D('',#3301,#2648,#2649);
#2321=AXIS2_PLACEMENT_3D('',#3302,#2650,#2651);
#2322=AXIS2_PLACEMENT_3D('',#3308,#2655,#2656);
#2323=AXIS2_PLACEMENT_3D('',#3311,#2659,#2660);
#2324=AXIS2_PLACEMENT_3D('',#3335,#2673,#2674);
#2325=AXIS2_PLACEMENT_3D('',#3339,#2677,#2678);
#2326=AXIS2_PLACEMENT_3D('',#3343,#2681,#2682);
#2327=AXIS2_PLACEMENT_3D('',#3345,#2683,#2684);
#2328=AXIS2_PLACEMENT_3D('',#3347,#2686,#2687);
#2329=AXIS2_PLACEMENT_3D('',#3349,#2688,#2689);
#2330=AXIS2_PLACEMENT_3D('',#3351,#2691,#2692);
#2331=AXIS2_PLACEMENT_3D('',#3353,#2693,#2694);
#2332=AXIS2_PLACEMENT_3D('',#3355,#2696,#2697);
#2333=AXIS2_PLACEMENT_3D('',#3357,#2698,#2699);
#2334=AXIS2_PLACEMENT_3D('',#3359,#2701,#2702);
#2335=AXIS2_PLACEMENT_3D('',#3362,#2704,#2705);
#2336=AXIS2_PLACEMENT_3D('',#3363,#2706,#2707);
#2337=AXIS2_PLACEMENT_3D('',#3366,#2709,#2710);
#2338=AXIS2_PLACEMENT_3D('',#3367,#2711,#2712);
#2339=AXIS2_PLACEMENT_3D('',#3370,#2714,#2715);
#2340=AXIS2_PLACEMENT_3D('',#3371,#2716,#2717);
#2341=AXIS2_PLACEMENT_3D('',#3374,#2719,#2720);
#2342=AXIS2_PLACEMENT_3D('',#3375,#2721,#2722);
#2343=AXIS2_PLACEMENT_3D('',#3378,#2725,#2726);
#2344=AXIS2_PLACEMENT_3D('',#3384,#2730,#2731);
#2345=AXIS2_PLACEMENT_3D('',#3391,#2736,#2737);
#2346=AXIS2_PLACEMENT_3D('',#3397,#2741,#2742);
#2347=AXIS2_PLACEMENT_3D('',#3411,#2750,#2751);
#2348=AXIS2_PLACEMENT_3D('',#3412,#2752,#2753);
#2349=AXIS2_PLACEMENT_3D('',#3414,#2754,#2755);
#2350=AXIS2_PLACEMENT_3D('',#3417,#2757,#2758);
#2351=AXIS2_PLACEMENT_3D('',#3418,#2759,#2760);
#2352=AXIS2_PLACEMENT_3D('',#3420,#2761,#2762);
#2353=AXIS2_PLACEMENT_3D('',#3422,#2764,#2765);
#2354=AXIS2_PLACEMENT_3D('',#3423,#2766,#2767);
#2355=AXIS2_PLACEMENT_3D('',#3425,#2768,#2769);
#2356=AXIS2_PLACEMENT_3D('',#3428,#2771,#2772);
#2357=AXIS2_PLACEMENT_3D('',#3429,#2773,#2774);
#2358=AXIS2_PLACEMENT_3D('',#3431,#2775,#2776);
#2359=AXIS2_PLACEMENT_3D('',#3433,#2778,#2779);
#2360=AXIS2_PLACEMENT_3D('',#3434,#2780,#2781);
#2361=AXIS2_PLACEMENT_3D('',#3437,#2784,#2785);
#2362=AXIS2_PLACEMENT_3D('',#3443,#2789,#2790);
#2363=AXIS2_PLACEMENT_3D('',#3445,#2792,#2793);
#2364=AXIS2_PLACEMENT_3D('',#3452,#2797,#2798);
#2365=AXIS2_PLACEMENT_3D('',#3457,#2802,#2803);
#2366=AXIS2_PLACEMENT_3D('',#3463,#2807,#2808);
#2367=AXIS2_PLACEMENT_3D('',#3469,#2812,#2813);
#2368=AXIS2_PLACEMENT_3D('',#3473,#2816,#2817);
#2369=AXIS2_PLACEMENT_3D('',#3480,#2821,#2822);
#2370=AXIS2_PLACEMENT_3D('',#3483,#2825,#2826);
#2371=AXIS2_PLACEMENT_3D('',#3489,#2830,#2831);
#2372=AXIS2_PLACEMENT_3D('',#3495,#2835,#2836);
#2373=AXIS2_PLACEMENT_3D('',#3501,#2840,#2841);
#2374=AXIS2_PLACEMENT_3D('',#3504,#2844,#2845);
#2375=AXIS2_PLACEMENT_3D('',#3508,#2848,#2849);
#2376=AXIS2_PLACEMENT_3D('',#3510,#2851,#2852);
#2377=AXIS2_PLACEMENT_3D('',#3513,#2855,#2856);
#2378=AXIS2_PLACEMENT_3D('',#3517,#2859,#2860);
#2379=AXIS2_PLACEMENT_3D('',#3518,#2861,#2862);
#2380=AXIS2_PLACEMENT_3D('',#3538,#2874,#2875);
#2381=AXIS2_PLACEMENT_3D('',#3544,#2879,#2880);
#2382=AXIS2_PLACEMENT_3D('',#3546,#2882,#2883);
#2383=AXIS2_PLACEMENT_3D('',#3560,#2891,#2892);
#2384=AXIS2_PLACEMENT_3D('',#3562,#2894,#2895);
#2385=AXIS2_PLACEMENT_3D('',#3564,#2897,#2898);
#2386=AXIS2_PLACEMENT_3D('',#3566,#2899,#2900);
#2387=AXIS2_PLACEMENT_3D('',#3573,#2904,#2905);
#2388=AXIS2_PLACEMENT_3D('',#3574,#2906,#2907);
#2389=AXIS2_PLACEMENT_3D('',#3576,#2909,#2910);
#2390=AXIS2_PLACEMENT_3D('',#3577,#2911,#2912);
#2391=AXIS2_PLACEMENT_3D('',#3583,#2916,#2917);
#2392=AXIS2_PLACEMENT_3D('',#3589,#2921,#2922);
#2393=AXIS2_PLACEMENT_3D('',#3592,#2925,#2926);
#2394=AXIS2_PLACEMENT_3D('',#3598,#2930,#2931);
#2395=AXIS2_PLACEMENT_3D('',#3602,#2934,#2935);
#2396=AXIS2_PLACEMENT_3D('',#3603,#2936,#2937);
#2397=AXIS2_PLACEMENT_3D('',#3606,#2939,#2940);
#2398=AXIS2_PLACEMENT_3D('',#3607,#2941,#2942);
#2399=AXIS2_PLACEMENT_3D('',#3609,#2944,#2945);
#2400=AXIS2_PLACEMENT_3D('',#3610,#2946,#2947);
#2401=AXIS2_PLACEMENT_3D('',#3611,#2948,#2949);
#2402=AXIS2_PLACEMENT_3D('',#3618,#2954,#2955);
#2403=AXIS2_PLACEMENT_3D('',#3621,#2958,#2959);
#2404=AXIS2_PLACEMENT_3D('',#3623,#2961,#2962);
#2405=AXIS2_PLACEMENT_3D('',#3625,#2964,#2965);
#2406=AXIS2_PLACEMENT_3D('',#3627,#2967,#2968);
#2407=AXIS2_PLACEMENT_3D('',#3629,#2970,#2971);
#2408=AXIS2_PLACEMENT_3D('',#3630,#2972,#2973);
#2409=AXIS2_PLACEMENT_3D('',#3631,#2974,#2975);
#2410=AXIS2_PLACEMENT_3D('',#3633,#2977,#2978);
#2411=AXIS2_PLACEMENT_3D('',#3635,#2980,#2981);
#2412=AXIS2_PLACEMENT_3D('',#3636,#2982,#2983);
#2413=AXIS2_PLACEMENT_3D('',#3639,#2986,#2987);
#2414=AXIS2_PLACEMENT_3D('',#3641,#2989,#2990);
#2415=AXIS2_PLACEMENT_3D('',#3643,#2992,#2993);
#2416=AXIS2_PLACEMENT_3D('',#3645,#2995,#2996);
#2417=AXIS2_PLACEMENT_3D('',#3646,#2997,#2998);
#2418=AXIS2_PLACEMENT_3D('',#3648,#3000,#3001);
#2419=AXIS2_PLACEMENT_3D('',#3649,#3002,#3003);
#2420=AXIS2_PLACEMENT_3D('',#3650,#3004,#3005);
#2421=AXIS2_PLACEMENT_3D('',#3651,#3006,#3007);
#2422=AXIS2_PLACEMENT_3D('',#3652,#3008,#3009);
#2423=AXIS2_PLACEMENT_3D('',#3655,#3012,#3013);
#2424=AXIS2_PLACEMENT_3D('',#3656,#3014,#3015);
#2425=AXIS2_PLACEMENT_3D('',#3657,#3016,#3017);
#2426=AXIS2_PLACEMENT_3D('',#3658,#3018,#3019);
#2427=AXIS2_PLACEMENT_3D('',#3659,#3020,#3021);
#2428=AXIS2_PLACEMENT_3D('',#3660,#3022,#3023);
#2429=AXIS2_PLACEMENT_3D('',#3661,#3024,#3025);
#2430=DIRECTION('axis',(0.,0.,1.));
#2431=DIRECTION('refdir',(1.,0.,0.));
#2432=DIRECTION('axis',(0.,0.,1.));
#2433=DIRECTION('refdir',(1.,0.,0.));
#2434=DIRECTION('center_axis',(-0.707106781186532,0.707106781186563,0.));
#2435=DIRECTION('ref_axis',(0.,0.,1.));
#2436=DIRECTION('',(-0.707106781186563,-0.707106781186532,0.));
#2437=DIRECTION('',(0.,0.,-1.));
#2438=DIRECTION('',(0.707106781186563,0.707106781186532,0.));
#2439=DIRECTION('',(0.,0.,1.));
#2440=DIRECTION('center_axis',(0.,-1.,0.));
#2441=DIRECTION('ref_axis',(0.,0.,-1.));
#2442=DIRECTION('',(1.,0.,0.));
#2443=DIRECTION('',(0.707105495706341,0.,0.707108066664417));
#2444=DIRECTION('',(0.,0.,1.));
#2445=DIRECTION('',(0.,0.,1.));
#2446=DIRECTION('',(-0.707106781186548,0.,0.707106781186548));
#2447=DIRECTION('',(-1.,0.,0.));
#2448=DIRECTION('center_axis',(0.707108066664417,0.,-0.707105495706341));
#2449=DIRECTION('ref_axis',(-0.707105495706341,0.,-0.707108066664417));
#2450=DIRECTION('',(0.577348869737295,0.577350968914536,0.577350968914502));
#2451=DIRECTION('',(0.,-1.,0.));
#2452=DIRECTION('',(0.,1.,0.));
#2453=DIRECTION('center_axis',(0.,0.,1.));
#2454=DIRECTION('ref_axis',(0.,-1.,0.));
#2455=DIRECTION('',(0.,-1.,0.));
#2456=DIRECTION('',(1.,0.,0.));
#2457=DIRECTION('',(0.,1.,0.));
#2458=DIRECTION('',(1.,0.,0.));
#2459=DIRECTION('center_axis',(0.707106781186548,0.,0.707106781186548));
#2460=DIRECTION('ref_axis',(0.707106781186548,0.,-0.707106781186548));
#2461=DIRECTION('',(-0.577350269189614,-0.577350269189649,0.577350269189614));
#2462=DIRECTION('',(0.,-1.,0.));
#2463=DIRECTION('',(0.707106781186548,0.,-0.707106781186548));
#2464=DIRECTION('',(0.,-1.,0.));
#2465=DIRECTION('center_axis',(0.,0.,-1.));
#2466=DIRECTION('ref_axis',(0.,1.,0.));
#2467=DIRECTION('',(1.,0.,0.));
#2468=DIRECTION('',(0.,-1.,0.));
#2469=DIRECTION('',(-1.,0.,0.));
#2470=DIRECTION('',(0.,1.,0.));
#2471=DIRECTION('center_axis',(0.,0.707106781186527,0.707106781186568));
#2472=DIRECTION('ref_axis',(1.,0.,0.));
#2473=DIRECTION('',(-1.,0.,0.));
#2474=DIRECTION('',(0.57735026918966,-0.577350269189626,0.577350269189592));
#2475=DIRECTION('center_axis',(0.,0.,-1.));
#2476=DIRECTION('ref_axis',(0.,-1.,0.));
#2477=DIRECTION('',(0.,-1.,0.));
#2478=DIRECTION('',(-1.,0.,0.));
#2479=DIRECTION('',(-1.,0.,0.));
#2480=DIRECTION('center_axis',(0.707106781186546,0.,0.707106781186549));
#2481=DIRECTION('ref_axis',(0.707106781186549,0.,-0.707106781186546));
#2482=DIRECTION('',(0.707106781186549,0.,-0.707106781186546));
#2483=DIRECTION('',(0.,1.,0.));
#2484=DIRECTION('',(-0.707106781186549,0.,0.707106781186546));
#2485=DIRECTION('center_axis',(0.,1.,0.));
#2486=DIRECTION('ref_axis',(0.,0.,1.));
#2487=DIRECTION('',(-1.,0.,0.));
#2488=DIRECTION('',(0.,0.,1.));
#2489=DIRECTION('',(1.,0.,0.));
#2490=DIRECTION('',(0.,0.,-1.));
#2491=DIRECTION('',(1.,0.,0.));
#2492=DIRECTION('',(-0.707106781186549,0.,-0.707106781186546));
#2493=DIRECTION('',(0.,0.,-1.));
#2494=DIRECTION('',(0.707106781186543,0.,-0.707106781186552));
#2495=DIRECTION('',(-1.,0.,0.));
#2496=DIRECTION('',(0.707106781186549,0.,0.707106781186546));
#2497=DIRECTION('',(0.,0.,1.));
#2498=DIRECTION('',(-1.,0.,-1.22172259485386E-16));
#2499=DIRECTION('',(1.,0.,0.));
#2500=DIRECTION('',(1.,0.,0.));
#2501=DIRECTION('',(0.,0.,1.));
#2502=DIRECTION('center_axis',(-1.,0.,0.));
#2503=DIRECTION('ref_axis',(0.,-1.,0.));
#2504=DIRECTION('',(0.,1.,0.));
#2505=DIRECTION('',(0.,0.,-1.));
#2506=DIRECTION('',(0.,0.707106781186541,0.707106781186554));
#2507=DIRECTION('',(0.,-1.,0.));
#2508=DIRECTION('',(0.,0.707106781186541,-0.707106781186554));
#2509=DIRECTION('',(0.,0.,-1.));
#2510=DIRECTION('',(0.,-0.707106781186541,-0.707106781186554));
#2511=DIRECTION('',(0.,1.,0.));
#2512=DIRECTION('',(0.,-0.707106781186554,0.707106781186541));
#2513=DIRECTION('',(0.,0.,1.));
#2514=DIRECTION('',(0.,0.,1.));
#2515=DIRECTION('center_axis',(0.707106781186548,-0.707106781186548,0.));
#2516=DIRECTION('ref_axis',(0.,0.,-1.));
#2517=DIRECTION('',(-0.577350269189622,-0.577350269189622,-0.577350269189633));
#2518=DIRECTION('',(0.577350269189627,0.577350269189627,0.577350269189624));
#2519=DIRECTION('',(0.,0.,1.));
#2520=DIRECTION('center_axis',(-0.707106781186552,0.,-0.707106781186543));
#2521=DIRECTION('ref_axis',(-0.707106781186543,0.,0.707106781186552));
#2522=DIRECTION('center_axis',(0.707106781186552,0.,0.707106781186543));
#2523=DIRECTION('ref_axis',(0.707106781186543,-6.9106182160377E-18,-0.707106781186552));
#2524=DIRECTION('',(0.,-1.,0.));
#2525=DIRECTION('',(-0.707106781186543,0.,0.707106781186552));
#2526=DIRECTION('',(0.,1.,0.));
#2527=DIRECTION('',(0.707106781186543,0.,-0.707106781186552));
#2528=DIRECTION('',(0.,-1.,0.));
#2529=DIRECTION('center_axis',(-1.,0.,0.));
#2530=DIRECTION('ref_axis',(0.,0.,1.));
#2531=DIRECTION('center_axis',(1.,-1.38777878078145E-17,0.));
#2532=DIRECTION('ref_axis',(8.67361737988401E-18,1.,0.));
#2533=DIRECTION('center_axis',(1.,-1.38777878078145E-17,0.));
#2534=DIRECTION('ref_axis',(8.67361737988401E-18,1.,0.));
#2535=DIRECTION('',(0.,0.,-1.));
#2536=DIRECTION('',(0.,1.,0.));
#2537=DIRECTION('center_axis',(1.,-1.38777878078145E-17,0.));
#2538=DIRECTION('ref_axis',(8.67361737988402E-18,1.,0.));
#2539=DIRECTION('center_axis',(1.,-1.38777878078145E-17,0.));
#2540=DIRECTION('ref_axis',(8.67361737988402E-18,1.,0.));
#2541=DIRECTION('',(0.,1.,0.));
#2542=DIRECTION('',(0.,0.,1.));
#2543=DIRECTION('center_axis',(-0.707106781186546,0.,0.707106781186549));
#2544=DIRECTION('ref_axis',(0.707106781186549,0.,0.707106781186546));
#2545=DIRECTION('center_axis',(0.707106781186546,0.,-0.707106781186549));
#2546=DIRECTION('ref_axis',(-0.707106781186549,6.91061821603776E-18,-0.707106781186546));
#2547=DIRECTION('',(-0.707106781186549,0.,-0.707106781186546));
#2548=DIRECTION('',(0.,-1.,0.));
#2549=DIRECTION('',(0.707106781186549,0.,0.707106781186546));
#2550=DIRECTION('center_axis',(-0.707106781186546,0.,0.707106781186549));
#2551=DIRECTION('ref_axis',(0.707106781186549,0.,0.707106781186546));
#2552=DIRECTION('center_axis',(0.707106781186546,0.,-0.707106781186549));
#2553=DIRECTION('ref_axis',(-0.707106781186549,0.,-0.707106781186546));
#2554=DIRECTION('',(0.,1.,0.));
#2555=DIRECTION('',(0.,-1.,0.));
#2556=DIRECTION('',(0.707106781186549,0.,0.707106781186546));
#2557=DIRECTION('',(0.,1.,0.));
#2558=DIRECTION('center_axis',(-1.,0.,0.));
#2559=DIRECTION('ref_axis',(0.,0.,1.));
#2560=DIRECTION('center_axis',(1.,-1.38777878078145E-17,0.));
#2561=DIRECTION('ref_axis',(8.67361737988406E-18,1.,0.));
#2562=DIRECTION('center_axis',(1.,-1.38777878078145E-17,0.));
#2563=DIRECTION('ref_axis',(8.67361737988406E-18,1.,0.));
#2564=DIRECTION('',(0.,0.,1.));
#2565=DIRECTION('',(0.,-1.,0.));
#2566=DIRECTION('center_axis',(1.,-1.38777878078145E-17,0.));
#2567=DIRECTION('ref_axis',(8.67361737988406E-18,1.,0.));
#2568=DIRECTION('center_axis',(1.,-1.38777878078145E-17,0.));
#2569=DIRECTION('ref_axis',(8.67361737988406E-18,1.,0.));
#2570=DIRECTION('',(0.,-1.,0.));
#2571=DIRECTION('center_axis',(-0.707106781186552,0.,-0.707106781186543));
#2572=DIRECTION('ref_axis',(-0.707106781186543,0.,0.707106781186552));
#2573=DIRECTION('center_axis',(0.707106781186552,0.,0.707106781186543));
#2574=DIRECTION('ref_axis',(0.707106781186543,0.,-0.707106781186552));
#2575=DIRECTION('',(-0.707106781186543,0.,0.707106781186552));
#2576=DIRECTION('',(0.,1.,0.));
#2577=DIRECTION('center_axis',(-1.,0.,0.));
#2578=DIRECTION('ref_axis',(0.,1.,0.));
#2579=DIRECTION('center_axis',(1.,0.,0.));
#2580=DIRECTION('ref_axis',(0.,1.,0.));
#2581=DIRECTION('',(1.,0.,0.));
#2582=DIRECTION('center_axis',(-1.,1.38777878078145E-17,0.));
#2583=DIRECTION('ref_axis',(8.67361737988406E-18,1.,0.));
#2584=DIRECTION('center_axis',(-1.,0.,0.));
#2585=DIRECTION('ref_axis',(0.,1.,0.));
#2586=DIRECTION('center_axis',(1.,0.,0.));
#2587=DIRECTION('ref_axis',(0.,1.,0.));
#2588=DIRECTION('',(1.,0.,0.));
#2589=DIRECTION('center_axis',(-1.,1.38777878078145E-17,0.));
#2590=DIRECTION('ref_axis',(8.67361737988403E-18,1.,0.));
#2591=DIRECTION('center_axis',(-1.,0.,0.));
#2592=DIRECTION('ref_axis',(0.,1.,0.));
#2593=DIRECTION('center_axis',(1.,0.,0.));
#2594=DIRECTION('ref_axis',(0.,1.,0.));
#2595=DIRECTION('',(1.,0.,0.));
#2596=DIRECTION('center_axis',(-1.,1.38777878078145E-17,0.));
#2597=DIRECTION('ref_axis',(8.67361737988403E-18,1.,0.));
#2598=DIRECTION('center_axis',(-9.92876227912949E-10,-0.707106781186554,
0.707106781186541));
#2599=DIRECTION('ref_axis',(-9.92873589896156E-10,-0.707106781186541,-0.707106781186554));
#2600=DIRECTION('',(9.92873589896156E-10,0.707106781186541,0.707106781186554));
#2601=DIRECTION('',(1.,-1.40413902727232E-9,0.));
#2602=DIRECTION('',(-9.92873589896156E-10,-0.707106781186541,-0.707106781186554));
#2603=DIRECTION('',(1.,-1.40413902727232E-9,0.));
#2604=DIRECTION('center_axis',(9.92876227912949E-10,0.707106781186554,0.707106781186541));
#2605=DIRECTION('ref_axis',(-9.92873831820764E-10,-0.707106781186541,0.707106781186554));
#2606=DIRECTION('',(9.92873831820764E-10,0.707106781186541,-0.707106781186554));
#2607=DIRECTION('',(1.,-1.40413902727232E-9,0.));
#2608=DIRECTION('',(-9.92873831820764E-10,-0.707106781186541,0.707106781186554));
#2609=DIRECTION('',(1.,-1.40413902727232E-9,0.));
#2610=DIRECTION('center_axis',(1.40413902727232E-9,1.,2.40201191894211E-25));
#2611=DIRECTION('ref_axis',(-1.71066530613301E-16,0.,1.));
#2612=DIRECTION('',(1.71066530613301E-16,0.,-1.));
#2613=DIRECTION('',(-1.71066530613301E-16,0.,1.));
#2614=DIRECTION('',(1.,-1.40413902727232E-9,0.));
#2615=DIRECTION('center_axis',(9.92876227912949E-10,0.707106781186554,-0.707106781186541));
#2616=DIRECTION('ref_axis',(9.92873589896156E-10,0.707106781186541,0.707106781186554));
#2617=DIRECTION('',(-9.92873589896156E-10,-0.707106781186541,-0.707106781186554));
#2618=DIRECTION('',(9.92873589896156E-10,0.707106781186541,0.707106781186554));
#2619=DIRECTION('',(1.,-1.40413902727232E-9,0.));
#2620=DIRECTION('center_axis',(-9.92876227912936E-10,-0.707106781186544,
-0.707106781186551));
#2621=DIRECTION('ref_axis',(9.92873831820777E-10,0.707106781186551,-0.707106781186544));
#2622=DIRECTION('',(-9.92873831820777E-10,-0.707106781186551,0.707106781186544));
#2623=DIRECTION('',(1.,-1.40413902727232E-9,0.));
#2624=DIRECTION('',(9.92873831820777E-10,0.707106781186551,-0.707106781186544));
#2625=DIRECTION('',(1.,-1.40413902727232E-9,0.));
#2626=DIRECTION('center_axis',(-1.40413902727232E-9,-1.,-2.40201191894211E-25));
#2627=DIRECTION('ref_axis',(1.71066530613301E-16,0.,-1.));
#2628=DIRECTION('',(-1.71066530613301E-16,0.,1.));
#2629=DIRECTION('',(1.71066530613301E-16,0.,-1.));
#2630=DIRECTION('center_axis',(1.,-1.40413546761975E-9,1.71066530613301E-16));
#2631=DIRECTION('ref_axis',(1.40413546761975E-9,1.,0.));
#2632=DIRECTION('',(1.40413546761975E-9,1.,0.));
#2633=DIRECTION('',(-1.40413546761975E-9,-1.,0.));
#2634=DIRECTION('',(1.40413546761975E-9,1.,0.));
#2635=DIRECTION('',(0.,-0.707106781186548,0.707106781186548));
#2636=DIRECTION('',(0.,0.,-1.));
#2637=DIRECTION('',(0.,0.707106781186541,0.707106781186554));
#2638=DIRECTION('',(-1.40413546761975E-9,-1.,0.));
#2639=DIRECTION('',(0.,0.707106781186541,-0.707106781186554));
#2640=DIRECTION('',(0.,0.,1.));
#2641=DIRECTION('',(0.,-0.707106781186541,-0.707106781186554));
#2642=DIRECTION('center_axis',(-1.,1.40413546761975E-9,-1.71066530613301E-16));
#2643=DIRECTION('ref_axis',(1.40413552208659E-9,1.,0.));
#2644=DIRECTION('center_axis',(-1.,1.40413546761975E-9,-1.71066530613301E-16));
#2645=DIRECTION('ref_axis',(1.40413552208659E-9,1.,0.));
#2646=DIRECTION('center_axis',(-1.,1.40413546761975E-9,-1.71066530613301E-16));
#2647=DIRECTION('ref_axis',(1.40413552208659E-9,1.,0.));
#2648=DIRECTION('center_axis',(-1.,1.40413546761975E-9,-1.71066530613301E-16));
#2649=DIRECTION('ref_axis',(1.40413552208659E-9,1.,0.));
#2650=DIRECTION('center_axis',(0.,0.,1.));
#2651=DIRECTION('ref_axis',(0.,-1.,0.));
#2652=DIRECTION('',(-1.,0.,0.));
#2653=DIRECTION('',(0.,-1.,0.));
#2654=DIRECTION('',(1.,0.,0.));
#2655=DIRECTION('center_axis',(0.,0.707106781186554,-0.707106781186541));
#2656=DIRECTION('ref_axis',(-1.,0.,0.));
#2657=DIRECTION('',(-1.,0.,0.));
#2658=DIRECTION('',(1.,0.,0.));
#2659=DIRECTION('center_axis',(0.,0.,-1.));
#2660=DIRECTION('ref_axis',(0.,1.,0.));
#2661=DIRECTION('',(1.,0.,0.));
#2662=DIRECTION('',(0.,1.,0.));
#2663=DIRECTION('',(-1.,0.,0.));
#2664=DIRECTION('',(0.,-1.,0.));
#2665=DIRECTION('',(1.,0.,0.));
#2666=DIRECTION('',(0.,-1.,0.));
#2667=DIRECTION('',(1.,0.,0.));
#2668=DIRECTION('',(1.,0.,0.));
#2669=DIRECTION('',(0.,-1.,0.));
#2670=DIRECTION('',(-1.,0.,0.));
#2671=DIRECTION('',(0.,1.,0.));
#2672=DIRECTION('',(1.,0.,0.));
#2673=DIRECTION('center_axis',(0.,-0.707106781186544,-0.707106781186551));
#2674=DIRECTION('ref_axis',(-1.,0.,0.));
#2675=DIRECTION('',(-1.,0.,0.));
#2676=DIRECTION('',(0.,-0.707106781186551,0.707106781186544));
#2677=DIRECTION('center_axis',(0.,-1.,0.));
#2678=DIRECTION('ref_axis',(0.,0.,-1.));
#2679=DIRECTION('',(1.,0.,0.));
#2680=DIRECTION('',(0.,0.,1.));
#2681=DIRECTION('center_axis',(-1.,1.40413552208659E-9,0.));
#2682=DIRECTION('ref_axis',(1.40413552208659E-9,1.,0.));
#2683=DIRECTION('center_axis',(1.,0.,0.));
#2684=DIRECTION('ref_axis',(0.,1.,0.));
#2685=DIRECTION('',(1.,-1.40413552208659E-9,0.));
#2686=DIRECTION('center_axis',(-1.,1.40413552208659E-9,0.));
#2687=DIRECTION('ref_axis',(1.40413552208659E-9,1.,0.));
#2688=DIRECTION('center_axis',(1.,0.,0.));
#2689=DIRECTION('ref_axis',(0.,1.,0.));
#2690=DIRECTION('',(1.,-1.40413552208659E-9,0.));
#2691=DIRECTION('center_axis',(-1.,1.40413552208659E-9,0.));
#2692=DIRECTION('ref_axis',(1.40413552208659E-9,1.,0.));
#2693=DIRECTION('center_axis',(1.,0.,0.));
#2694=DIRECTION('ref_axis',(0.,1.,0.));
#2695=DIRECTION('',(1.,-1.40413552208659E-9,0.));
#2696=DIRECTION('center_axis',(-1.,1.40413552208659E-9,0.));
#2697=DIRECTION('ref_axis',(1.40413552208659E-9,1.,0.));
#2698=DIRECTION('center_axis',(1.,0.,0.));
#2699=DIRECTION('ref_axis',(0.,1.,0.));
#2700=DIRECTION('',(1.,-1.40413552208659E-9,0.));
#2701=DIRECTION('center_axis',(-1.,9.77309000550314E-18,0.));
#2702=DIRECTION('ref_axis',(9.77309000550314E-18,1.,0.));
#2703=DIRECTION('',(1.,-9.77309000550314E-18,0.));
#2704=DIRECTION('center_axis',(-1.,1.38777878078145E-17,0.));
#2705=DIRECTION('ref_axis',(8.67361737988402E-18,1.,0.));
#2706=DIRECTION('center_axis',(-1.,9.77309000550314E-18,0.));
#2707=DIRECTION('ref_axis',(9.77309000550314E-18,1.,0.));
#2708=DIRECTION('',(1.,-9.77309000550314E-18,0.));
#2709=DIRECTION('center_axis',(-1.,1.38777878078145E-17,0.));
#2710=DIRECTION('ref_axis',(8.67361737988401E-18,1.,0.));
#2711=DIRECTION('center_axis',(-1.,0.,0.));
#2712=DIRECTION('ref_axis',(0.,1.,0.));
#2713=DIRECTION('',(1.,0.,0.));
#2714=DIRECTION('center_axis',(-1.,1.38777878078145E-17,0.));
#2715=DIRECTION('ref_axis',(8.67361737988406E-18,1.,0.));
#2716=DIRECTION('center_axis',(-1.,0.,0.));
#2717=DIRECTION('ref_axis',(0.,1.,0.));
#2718=DIRECTION('',(1.,0.,0.));
#2719=DIRECTION('center_axis',(-1.,1.38777878078145E-17,0.));
#2720=DIRECTION('ref_axis',(8.67361737988406E-18,1.,0.));
#2721=DIRECTION('center_axis',(0.,0.,1.));
#2722=DIRECTION('ref_axis',(1.,0.,0.));
#2723=DIRECTION('',(1.,0.,0.));
#2724=DIRECTION('',(0.,-1.,0.));
#2725=DIRECTION('center_axis',(0.,0.,-1.));
#2726=DIRECTION('ref_axis',(-1.,0.,0.));
#2727=DIRECTION('',(1.,0.,0.));
#2728=DIRECTION('',(0.,1.,0.));
#2729=DIRECTION('',(-1.,0.,0.));
#2730=DIRECTION('center_axis',(0.,-1.,0.));
#2731=DIRECTION('ref_axis',(0.,0.,-1.));
#2732=DIRECTION('',(-1.,0.,0.));
#2733=DIRECTION('',(0.,0.,-1.));
#2734=DIRECTION('',(1.,0.,0.));
#2735=DIRECTION('',(-1.,0.,0.));
#2736=DIRECTION('center_axis',(0.,0.,1.));
#2737=DIRECTION('ref_axis',(1.,0.,0.));
#2738=DIRECTION('',(1.,0.,0.));
#2739=DIRECTION('',(0.,-1.,0.));
#2740=DIRECTION('',(-1.,0.,0.));
#2741=DIRECTION('center_axis',(0.,1.,0.));
#2742=DIRECTION('ref_axis',(0.,0.,1.));
#2743=DIRECTION('',(0.,0.,-1.));
#2744=DIRECTION('',(1.,0.,0.));
#2745=DIRECTION('',(0.,0.,-1.));
#2746=DIRECTION('',(-0.707106781186549,0.,0.707106781186546));
#2747=DIRECTION('',(0.707106781186549,0.,0.707106781186546));
#2748=DIRECTION('',(0.,0.,-1.));
#2749=DIRECTION('',(-1.,0.,0.));
#2750=DIRECTION('center_axis',(0.,0.,-1.));
#2751=DIRECTION('ref_axis',(-1.,0.,0.));
#2752=DIRECTION('center_axis',(1.,0.,0.));
#2753=DIRECTION('ref_axis',(0.,-1.,0.));
#2754=DIRECTION('center_axis',(1.,0.,0.));
#2755=DIRECTION('ref_axis',(0.,-1.,0.));
#2756=DIRECTION('',(0.707106781186546,0.707106781186549,-8.65956056235495E-17));
#2757=DIRECTION('center_axis',(-1.,0.,0.));
#2758=DIRECTION('ref_axis',(0.,-1.,0.));
#2759=DIRECTION('center_axis',(1.,0.,0.));
#2760=DIRECTION('ref_axis',(0.,-1.,0.));
#2761=DIRECTION('center_axis',(1.,0.,0.));
#2762=DIRECTION('ref_axis',(0.,-1.,0.));
#2763=DIRECTION('',(-1.,0.,0.));
#2764=DIRECTION('center_axis',(-1.,0.,0.));
#2765=DIRECTION('ref_axis',(0.,-1.,0.));
#2766=DIRECTION('center_axis',(1.,0.,0.));
#2767=DIRECTION('ref_axis',(0.,-1.,0.));
#2768=DIRECTION('center_axis',(1.,0.,0.));
#2769=DIRECTION('ref_axis',(0.,-1.,0.));
#2770=DIRECTION('',(0.707106781186541,0.707106781186554,-8.65956056235501E-17));
#2771=DIRECTION('center_axis',(-1.,0.,0.));
#2772=DIRECTION('ref_axis',(0.,-1.,0.));
#2773=DIRECTION('center_axis',(1.,0.,0.));
#2774=DIRECTION('ref_axis',(0.,-1.,0.));
#2775=DIRECTION('center_axis',(1.,0.,0.));
#2776=DIRECTION('ref_axis',(0.,-1.,0.));
#2777=DIRECTION('',(-1.,0.,0.));
#2778=DIRECTION('center_axis',(-1.,0.,0.));
#2779=DIRECTION('ref_axis',(0.,-1.,0.));
#2780=DIRECTION('center_axis',(0.,0.707106781186554,-0.707106781186541));
#2781=DIRECTION('ref_axis',(-1.,0.,0.));
#2782=DIRECTION('',(0.,-0.707106781186541,-0.707106781186554));
#2783=DIRECTION('',(-0.577350269189626,0.577350269189626,0.577350269189626));
#2784=DIRECTION('center_axis',(-0.56732428981318,-0.333147689452156,-0.753097448674912));
#2785=DIRECTION('ref_axis',(-0.7987248823015,0.,0.601696403838726));
#2786=DIRECTION('',(0.657816264286539,-0.73349319855273,-0.171071593541966));
#2787=DIRECTION('',(-0.657816264286541,-0.366818108713567,0.657816264286541));
#2788=DIRECTION('',(0.,0.914514270138787,-0.404553642564891));
#2789=DIRECTION('center_axis',(-0.707106781186548,0.,-0.707106781186548));
#2790=DIRECTION('ref_axis',(-0.707106781186548,0.,0.707106781186548));
#2791=DIRECTION('',(0.,1.,0.));
#2792=DIRECTION('center_axis',(-0.577350269189629,-0.577350269189629,0.577350269189619));
#2793=DIRECTION('ref_axis',(0.707106781186541,0.,0.707106781186554));
#2794=DIRECTION('',(0.,-0.707106781186541,-0.707106781186554));
#2795=DIRECTION('',(0.707106781186541,0.,0.707106781186554));
#2796=DIRECTION('',(-0.707106781186548,0.707106781186548,0.));
#2797=DIRECTION('center_axis',(-0.707106781186554,0.,0.707106781186541));
#2798=DIRECTION('ref_axis',(0.707106781186541,0.,0.707106781186554));
#2799=DIRECTION('',(0.,-1.,0.));
#2800=DIRECTION('',(0.,1.,0.));
#2801=DIRECTION('',(-0.577350269189619,0.577350269189629,-0.577350269189629));
#2802=DIRECTION('center_axis',(-0.707106781186548,-0.707106781186548,0.));
#2803=DIRECTION('ref_axis',(0.,0.,1.));
#2804=DIRECTION('',(0.,0.,1.));
#2805=DIRECTION('',(0.,0.,-1.));
#2806=DIRECTION('',(0.682079236735008,-0.682079236735008,-0.263696472539884));
#2807=DIRECTION('center_axis',(-0.577350269189631,-0.577350269189628,-0.577350269189618));
#2808=DIRECTION('ref_axis',(-0.70710678118654,0.,0.707106781186555));
#2809=DIRECTION('',(-0.707106781186541,0.,0.707106781186554));
#2810=DIRECTION('',(0.,0.707106781186541,-0.707106781186554));
#2811=DIRECTION('',(0.707106781186546,-0.707106781186549,0.));
#2812=DIRECTION('center_axis',(0.,-0.707106781186554,-0.707106781186541));
#2813=DIRECTION('ref_axis',(-1.,0.,0.));
#2814=DIRECTION('',(0.,-0.707106781186541,0.707106781186554));
#2815=DIRECTION('',(-1.,0.,0.));
#2816=DIRECTION('center_axis',(-0.57735026918963,-0.577350269189628,0.57735026918962));
#2817=DIRECTION('ref_axis',(0.707106781186541,0.,0.707106781186554));
#2818=DIRECTION('',(0.707106781186541,0.,0.707106781186554));
#2819=DIRECTION('',(-0.707106781186546,0.707106781186549,0.));
#2820=DIRECTION('',(0.,-0.707106781186543,-0.707106781186552));
#2821=DIRECTION('center_axis',(-0.707106781186549,-0.707106781186546,0.));
#2822=DIRECTION('ref_axis',(0.,0.,1.));
#2823=DIRECTION('',(0.,0.,-1.));
#2824=DIRECTION('',(0.,0.,1.));
#2825=DIRECTION('center_axis',(0.,-0.707106781186552,0.707106781186543));
#2826=DIRECTION('ref_axis',(1.,0.,0.));
#2827=DIRECTION('',(0.,0.707106781186543,0.707106781186552));
#2828=DIRECTION('',(-1.,0.,0.));
#2829=DIRECTION('',(1.,0.,0.));
#2830=DIRECTION('center_axis',(-0.707106781186554,0.,0.707106781186541));
#2831=DIRECTION('ref_axis',(0.707106781186541,0.,0.707106781186554));
#2832=DIRECTION('',(0.,-1.,0.));
#2833=DIRECTION('',(0.,1.,0.));
#2834=DIRECTION('',(-0.577350269189622,-0.577350269189622,-0.577350269189633));
#2835=DIRECTION('center_axis',(-0.707106781186554,0.,-0.707106781186541));
#2836=DIRECTION('ref_axis',(-0.707106781186541,0.,0.707106781186554));
#2837=DIRECTION('',(0.,1.,0.));
#2838=DIRECTION('',(0.594811877479456,0.540738070435879,-0.594811877479466));
#2839=DIRECTION('',(0.375026821030342,0.847767519438994,-0.375026821030351));
#2840=DIRECTION('center_axis',(0.,-0.707106781186554,0.707106781186541));
#2841=DIRECTION('ref_axis',(1.,0.,0.));
#2842=DIRECTION('',(-1.,0.,0.));
#2843=DIRECTION('',(1.,0.,0.));
#2844=DIRECTION('center_axis',(0.,-0.404553642564891,-0.914514270138787));
#2845=DIRECTION('ref_axis',(-1.,0.,0.));
#2846=DIRECTION('',(0.,-0.914514295677304,0.404553584833758));
#2847=DIRECTION('',(-1.,0.,0.));
#2848=DIRECTION('center_axis',(0.,-0.40455358483376,-0.914514295677303));
#2849=DIRECTION('ref_axis',(-1.,0.,0.));
#2850=DIRECTION('',(1.,0.,0.));
#2851=DIRECTION('center_axis',(-0.707106781186548,-0.523216703623459,-0.475651428095617));
#2852=DIRECTION('ref_axis',(-0.558145518818421,0.,0.829743080611653));
#2853=DIRECTION('',(0.,0.672672700574954,-0.739940158324441));
#2854=DIRECTION('',(0.,-0.672672700574954,0.739940158324441));
#2855=DIRECTION('center_axis',(0.,0.707106781186548,0.707106781186548));
#2856=DIRECTION('ref_axis',(1.,0.,0.));
#2857=DIRECTION('',(1.,0.,0.));
#2858=DIRECTION('',(0.,0.707106781186548,-0.707106781186548));
#2859=DIRECTION('center_axis',(-1.,0.,0.));
#2860=DIRECTION('ref_axis',(0.,-1.,0.));
#2861=DIRECTION('center_axis',(0.,0.,1.));
#2862=DIRECTION('ref_axis',(0.,-1.,0.));
#2863=DIRECTION('',(1.,0.,0.));
#2864=DIRECTION('',(-1.,0.,0.));
#2865=DIRECTION('',(0.,-1.,0.));
#2866=DIRECTION('',(0.,-1.,0.));
#2867=DIRECTION('',(1.,0.,0.));
#2868=DIRECTION('',(0.,-1.,0.));
#2869=DIRECTION('',(-1.,0.,0.));
#2870=DIRECTION('',(-1.,0.,0.));
#2871=DIRECTION('',(0.,1.,0.));
#2872=DIRECTION('',(1.,0.,0.));
#2873=DIRECTION('',(0.,-1.,0.));
#2874=DIRECTION('center_axis',(0.,1.,0.));
#2875=DIRECTION('ref_axis',(1.,0.,0.));
#2876=DIRECTION('',(-1.,0.,0.));
#2877=DIRECTION('',(-1.,0.,0.));
#2878=DIRECTION('',(0.,0.,-1.));
#2879=DIRECTION('center_axis',(0.,-0.739940158324441,-0.672672700574954));
#2880=DIRECTION('ref_axis',(0.,0.672672700574954,-0.739940158324441));
#2881=DIRECTION('',(0.,0.672672793996313,-0.739940073395944));
#2882=DIRECTION('center_axis',(1.,0.,0.));
#2883=DIRECTION('ref_axis',(0.,1.,0.));
#2884=DIRECTION('',(0.,-0.707106781186548,0.707106781186548));
#2885=DIRECTION('',(0.,1.,0.));
#2886=DIRECTION('',(0.,-0.707106781186541,-0.707106781186554));
#2887=DIRECTION('',(0.,0.,1.));
#2888=DIRECTION('',(0.,0.707106781186541,-0.707106781186554));
#2889=DIRECTION('',(0.,0.707106781186541,0.707106781186554));
#2890=DIRECTION('',(0.,0.,-1.));
#2891=DIRECTION('center_axis',(0.,0.707106781186527,-0.707106781186568));
#2892=DIRECTION('ref_axis',(-1.,0.,0.));
#2893=DIRECTION('',(0.577350269189649,-0.577350269189614,-0.577350269189614));
#2894=DIRECTION('center_axis',(0.707106781186537,0.707106781186558,0.));
#2895=DIRECTION('ref_axis',(0.,0.,-1.));
#2896=DIRECTION('',(0.,0.,-1.));
#2897=DIRECTION('center_axis',(1.,0.,0.));
#2898=DIRECTION('ref_axis',(0.,0.,-1.));
#2899=DIRECTION('center_axis',(-1.,0.,0.));
#2900=DIRECTION('ref_axis',(0.,-0.381447358669535,-0.924390562783954));
#2901=DIRECTION('',(0.,0.70899582512807,-0.705212677105969));
#2902=DIRECTION('',(0.,-1.,0.));
#2903=DIRECTION('',(0.,-0.70899582512807,0.705212677105969));
#2904=DIRECTION('center_axis',(1.,0.,0.));
#2905=DIRECTION('ref_axis',(0.,-0.381447358669535,-0.924390562783954));
#2906=DIRECTION('center_axis',(-1.,0.,0.));
#2907=DIRECTION('ref_axis',(0.,0.,1.));
#2908=DIRECTION('',(0.,0.672672793996313,-0.739940073395944));
#2909=DIRECTION('center_axis',(0.,-0.739940073395944,-0.672672793996313));
#2910=DIRECTION('ref_axis',(-1.,0.,0.));
#2911=DIRECTION('center_axis',(0.,0.503852427720669,0.863789749348757));
#2912=DIRECTION('ref_axis',(1.,0.,0.));
#2913=DIRECTION('',(-0.244293205472324,0.837618140204874,-0.488586410944661));
#2914=DIRECTION('',(-1.,0.,0.));
#2915=DIRECTION('',(0.24429320547233,0.837618140204873,-0.48858641094466));
#2916=DIRECTION('center_axis',(0.,-0.958781846270537,-0.284143223149982));
#2917=DIRECTION('ref_axis',(0.,0.284143223149982,-0.958781846270537));
#2918=DIRECTION('',(1.,0.,0.));
#2919=DIRECTION('',(0.432284633466266,-0.25622251724749,0.864569266932555));
#2920=DIRECTION('',(0.432284633466275,0.256222517247489,-0.864569266932551));
#2921=DIRECTION('center_axis',(-0.894427190999919,0.,0.447213595499952));
#2922=DIRECTION('ref_axis',(0.447213595499952,0.,0.894427190999919));
#2923=DIRECTION('',(-0.332539299827964,0.668646446449557,-0.665078599655941));
#2924=DIRECTION('',(0.332539299827964,-0.668646446449557,0.665078599655941));
#2925=DIRECTION('center_axis',(0.894427190999919,0.,0.447213595499952));
#2926=DIRECTION('ref_axis',(0.447213595499952,0.,-0.894427190999919));
#2927=DIRECTION('',(0.,1.,0.));
#2928=DIRECTION('',(-0.332539299827964,-0.668646446449557,0.665078599655941));
#2929=DIRECTION('',(0.332539299827964,0.668646446449557,-0.665078599655941));
#2930=DIRECTION('center_axis',(0.,0.705212677105969,0.70899582512807));
#2931=DIRECTION('ref_axis',(0.,-0.70899582512807,0.705212677105969));
#2932=DIRECTION('',(0.,0.70899582512807,-0.705212677105969));
#2933=DIRECTION('',(-1.,0.,0.));
#2934=DIRECTION('center_axis',(1.,0.,0.));
#2935=DIRECTION('ref_axis',(0.,0.,-1.));
#2936=DIRECTION('center_axis',(1.,0.,0.));
#2937=DIRECTION('ref_axis',(0.,-0.381447358669535,-0.924390562783954));
#2938=DIRECTION('',(0.,-0.70899582512807,0.705212677105969));
#2939=DIRECTION('center_axis',(-1.,0.,0.));
#2940=DIRECTION('ref_axis',(0.,-0.381447358669535,-0.924390562783954));
#2941=DIRECTION('center_axis',(1.,0.,0.));
#2942=DIRECTION('ref_axis',(0.,-0.381447358669535,-0.924390562783954));
#2943=DIRECTION('',(1.,0.,0.));
#2944=DIRECTION('center_axis',(0.,-0.705212677105969,-0.70899582512807));
#2945=DIRECTION('ref_axis',(0.,0.70899582512807,-0.705212677105969));
#2946=DIRECTION('center_axis',(1.,0.,0.));
#2947=DIRECTION('ref_axis',(0.,-0.381447358669535,-0.924390562783954));
#2948=DIRECTION('center_axis',(0.,-1.,0.));
#2949=DIRECTION('ref_axis',(0.,0.,-1.));
#2950=DIRECTION('',(0.,0.,-1.));
#2951=DIRECTION('',(0.707106781186549,0.,-0.707106781186546));
#2952=DIRECTION('',(0.,0.,-1.));
#2953=DIRECTION('',(-0.707106781186549,0.,-0.707106781186546));
#2954=DIRECTION('center_axis',(0.,-0.707106781186548,-0.707106781186548));
#2955=DIRECTION('ref_axis',(-1.,0.,0.));
#2956=DIRECTION('',(-1.,0.,0.));
#2957=DIRECTION('',(1.,0.,0.));
#2958=DIRECTION('center_axis',(0.,0.,-1.));
#2959=DIRECTION('ref_axis',(0.,1.,0.));
#2960=DIRECTION('',(-1.,0.,0.));
#2961=DIRECTION('center_axis',(0.,0.707106781186554,-0.707106781186541));
#2962=DIRECTION('ref_axis',(-1.,0.,0.));
#2963=DIRECTION('',(1.,0.,0.));
#2964=DIRECTION('center_axis',(0.,-0.707106781186554,0.707106781186541));
#2965=DIRECTION('ref_axis',(1.,0.,0.));
#2966=DIRECTION('',(1.,0.,0.));
#2967=DIRECTION('center_axis',(0.,0.707106781186554,0.707106781186541));
#2968=DIRECTION('ref_axis',(1.,0.,0.));
#2969=DIRECTION('',(-1.,0.,0.));
#2970=DIRECTION('center_axis',(0.,1.,0.));
#2971=DIRECTION('ref_axis',(0.,0.,1.));
#2972=DIRECTION('center_axis',(-1.,0.,0.));
#2973=DIRECTION('ref_axis',(0.,-1.,0.));
#2974=DIRECTION('center_axis',(0.,-0.707106781186554,0.707106781186541));
#2975=DIRECTION('ref_axis',(1.,0.,0.));
#2976=DIRECTION('',(0.,0.707106781186541,0.707106781186554));
#2977=DIRECTION('center_axis',(1.,0.,0.));
#2978=DIRECTION('ref_axis',(0.,0.,-1.));
#2979=DIRECTION('',(0.,-0.707106781186554,0.707106781186541));
#2980=DIRECTION('center_axis',(0.,-0.707106781186541,-0.707106781186554));
#2981=DIRECTION('ref_axis',(-1.,0.,0.));
#2982=DIRECTION('center_axis',(0.,0.707106781186554,0.707106781186541));
#2983=DIRECTION('ref_axis',(1.,0.,0.));
#2984=DIRECTION('',(0.,0.707106781186541,-0.707106781186554));
#2985=DIRECTION('',(0.,0.707106781186541,-0.707106781186554));
#2986=DIRECTION('center_axis',(1.,0.,0.));
#2987=DIRECTION('ref_axis',(0.,0.,-1.));
#2988=DIRECTION('',(0.,-0.707106785137823,-0.707106777235272));
#2989=DIRECTION('center_axis',(0.,0.707106777235272,-0.707106785137823));
#2990=DIRECTION('ref_axis',(-1.,0.,0.));
#2991=DIRECTION('',(0.,-0.707106785137823,-0.707106777235272));
#2992=DIRECTION('center_axis',(0.,1.,0.));
#2993=DIRECTION('ref_axis',(0.,0.,1.));
#2994=DIRECTION('',(-1.,0.,0.));
#2995=DIRECTION('center_axis',(0.,0.707106781186554,0.707106781186541));
#2996=DIRECTION('ref_axis',(1.,0.,0.));
#2997=DIRECTION('center_axis',(0.,-0.707106781186554,0.707106781186541));
#2998=DIRECTION('ref_axis',(1.,0.,0.));
#2999=DIRECTION('',(0.,0.707106781186541,0.707106781186554));
#3000=DIRECTION('center_axis',(-1.,0.,0.));
#3001=DIRECTION('ref_axis',(0.,-1.,0.));
#3002=DIRECTION('center_axis',(-1.,0.,0.));
#3003=DIRECTION('ref_axis',(0.,-1.,0.));
#3004=DIRECTION('center_axis',(-1.,0.,0.));
#3005=DIRECTION('ref_axis',(0.,-1.,0.));
#3006=DIRECTION('center_axis',(-1.,0.,0.));
#3007=DIRECTION('ref_axis',(0.,-1.,0.));
#3008=DIRECTION('center_axis',(-1.,0.,0.));
#3009=DIRECTION('ref_axis',(0.,-1.,0.));
#3010=DIRECTION('',(0.,1.,0.));
#3011=DIRECTION('',(0.,-1.,0.));
#3012=DIRECTION('center_axis',(0.707106781186546,0.,-0.707106781186549));
#3013=DIRECTION('ref_axis',(-0.707106781186549,0.,-0.707106781186546));
#3014=DIRECTION('center_axis',(0.707106781186546,0.,0.707106781186549));
#3015=DIRECTION('ref_axis',(0.707106781186549,0.,-0.707106781186546));
#3016=DIRECTION('center_axis',(0.707106781186546,0.,-0.707106781186549));
#3017=DIRECTION('ref_axis',(-0.707106781186549,0.,-0.707106781186546));
#3018=DIRECTION('center_axis',(-1.,0.,0.));
#3019=DIRECTION('ref_axis',(0.,-1.,0.));
#3020=DIRECTION('center_axis',(0.,-1.,0.));
#3021=DIRECTION('ref_axis',(0.,0.,-1.));
#3022=DIRECTION('center_axis',(-1.,0.,0.));
#3023=DIRECTION('ref_axis',(0.,-1.,0.));
#3024=DIRECTION('',(0.,0.,1.));
#3025=DIRECTION('',(1.,0.,0.));
#3026=CARTESIAN_POINT('',(0.,0.,0.));
#3027=CARTESIAN_POINT('',(0.,0.,0.));
#3028=CARTESIAN_POINT('Origin',(-48.6000000000001,115.100001847744,162.010925219957));
#3029=CARTESIAN_POINT('',(-48.8,114.900001847744,165.00000230968));
#3030=CARTESIAN_POINT('',(-48.4,115.300001847744,165.00000230968));
#3031=CARTESIAN_POINT('',(-48.6750000000002,115.025001847744,165.00000230968));
#3032=CARTESIAN_POINT('',(-48.4,115.300001847744,155.021843070629));
#3033=CARTESIAN_POINT('',(-48.4,115.300001847744,162.010925219957));
#3034=CARTESIAN_POINT('',(-48.8,114.900001847744,155.021843070629));
#3035=CARTESIAN_POINT('',(-60.9063492304432,102.793652617301,155.021843070629));
#3036=CARTESIAN_POINT('',(-48.8,114.900001847744,162.010925219957));
#3037=CARTESIAN_POINT('Origin',(-48.1609197903886,115.300001847744,160.010927690155));
#3038=CARTESIAN_POINT('',(-48.0999989092349,115.300001847744,165.00000230968));
#3039=CARTESIAN_POINT('',(-48.4804598951943,115.300001847744,165.00000230968));
#3040=CARTESIAN_POINT('',(-47.8,115.300001847744,165.300002309678));
#3041=CARTESIAN_POINT('',(-49.2874980017124,115.300001847744,163.812498899586));
#3042=CARTESIAN_POINT('',(-47.8,115.299997422844,155.000002399087));
#3043=CARTESIAN_POINT('',(-47.8,115.300001847744,161.005464977566));
#3044=CARTESIAN_POINT('',(-47.8,115.299997422844,154.999843070629));
#3045=CARTESIAN_POINT('',(-47.8,115.299997422844,167.500002346933));
#3046=CARTESIAN_POINT('',(-47.8220000000001,115.300001847744,155.021843070629));
#3047=CARTESIAN_POINT('',(-49.0790011024786,115.300001847744,156.278844173108));
#3048=CARTESIAN_POINT('',(-48.4804598951943,115.300001847744,155.021843070629));
#3049=CARTESIAN_POINT('Origin',(-47.9499994546175,92.0000013709068,165.150002309679));
#3050=CARTESIAN_POINT('',(-48.0999989092349,123.700001847744,165.00000230968));
#3051=CARTESIAN_POINT('',(-47.8,124.000001847744,165.30000230968));
#3052=CARTESIAN_POINT('',(-54.0666559394615,117.733323123406,159.033323585342));
#3053=CARTESIAN_POINT('',(-47.8,92.0000013709068,165.300002309678));
#3054=CARTESIAN_POINT('',(-48.0999989092349,92.0000013709068,165.00000230968));
#3055=CARTESIAN_POINT('Origin',(-57.8,124.000001847744,165.00000230968));
#3056=CARTESIAN_POINT('',(-48.8,85.9863799296509,165.00000230968));
#3057=CARTESIAN_POINT('',(-48.8,124.000001847744,165.00000230968));
#3058=CARTESIAN_POINT('',(-54.8,85.9863799296509,165.00000230968));
#3059=CARTESIAN_POINT('',(-57.8,85.9863799296509,165.00000230968));
#3060=CARTESIAN_POINT('',(-54.8,123.700001847744,165.00000230968));
#3061=CARTESIAN_POINT('',(-54.8,104.500001557171,165.00000230968));
#3062=CARTESIAN_POINT('',(-48.8,123.700001847744,165.00000230968));
#3063=CARTESIAN_POINT('Origin',(-47.6720000000001,99.537303386858,154.871843070629));
#3064=CARTESIAN_POINT('',(-47.5219989092349,124.000001847744,154.721843070629));
#3065=CARTESIAN_POINT('',(-47.8220000000001,123.700001847744,155.021843070629));
#3066=CARTESIAN_POINT('',(-52.5787830768144,118.943218770929,159.778626147444));
#3067=CARTESIAN_POINT('',(-47.8220000000001,99.537303386858,155.021843070629));
#3068=CARTESIAN_POINT('',(-47.5219989092349,115.300001847744,154.721843070629));
#3069=CARTESIAN_POINT('',(-52.2360398395651,115.299997422844,159.435882910194));
#3070=CARTESIAN_POINT('',(-47.5219989092349,124.000001847744,154.721843070629));
#3071=CARTESIAN_POINT('Origin',(-57.8,75.074604925972,155.021843070629));
#3072=CARTESIAN_POINT('',(-54.8,123.700001847744,155.021843070629));
#3073=CARTESIAN_POINT('',(-52.8,123.700001847744,155.021843070629));
#3074=CARTESIAN_POINT('',(-54.8,82.0896106588871,155.021843070629));
#3075=CARTESIAN_POINT('',(-54.8,80.0373030962853,155.021843070629));
#3076=CARTESIAN_POINT('',(-48.8,82.0896106588871,155.021843070629));
#3077=CARTESIAN_POINT('',(-57.8,82.0896106588871,155.021843070629));
#3078=CARTESIAN_POINT('',(-48.8,62.343777774499,155.021843070629));
#3079=CARTESIAN_POINT('Origin',(-52.8,123.850001847744,154.871843070629));
#3080=CARTESIAN_POINT('',(-55.1000000000001,124.000001847744,154.721843070629));
#3081=CARTESIAN_POINT('',(-52.8,124.000001847744,154.721843070629));
#3082=CARTESIAN_POINT('',(-55.1000000000001,124.000001847744,154.721843070629));
#3083=CARTESIAN_POINT('Origin',(-47.4999989092349,124.000001847744,154.721843070629));
#3084=CARTESIAN_POINT('',(-47.5218406715422,124.000001847744,154.721843070629));
#3085=CARTESIAN_POINT('',(-47.5218406715422,115.300001847744,154.721843070629));
#3086=CARTESIAN_POINT('',(-47.5218406715422,76.2500011362135,154.721843070629));
#3087=CARTESIAN_POINT('',(-52.8,124.000001847744,154.721843070629));
#3088=CARTESIAN_POINT('',(-47.6499994546175,115.299997422844,154.721843070629));
#3089=CARTESIAN_POINT('Origin',(-46.8000000000001,28.5000004246831,154.000002399087));
#3090=CARTESIAN_POINT('',(-45.8,115.299997422844,153.000002399087));
#3091=CARTESIAN_POINT('',(-51.8000000074506,115.299997422844,159.000002406538));
#3092=CARTESIAN_POINT('',(-45.8,124.000001847744,153.000002399087));
#3093=CARTESIAN_POINT('',(-45.8,28.5000004246831,153.000002399087));
#3094=CARTESIAN_POINT('',(-46.2999986123294,124.000001847744,153.500001011416));
#3095=CARTESIAN_POINT('Origin',(-47.8,124.000001847744,150.999996848404));
#3096=CARTESIAN_POINT('',(-15.8,124.000001847744,172.000002428889));
#3097=CARTESIAN_POINT('',(-57.8,124.000001847744,172.000002428889));
#3098=CARTESIAN_POINT('',(-47.8,124.000001847744,172.000002428889));
#3099=CARTESIAN_POINT('',(-15.8,124.000001847744,151.999996848404));
#3100=CARTESIAN_POINT('',(-15.8,124.000001847744,156.499998243526));
#3101=CARTESIAN_POINT('',(-57.8,124.000001847744,151.999996848404));
#3102=CARTESIAN_POINT('',(-47.8,124.000001847744,151.999996848404));
#3103=CARTESIAN_POINT('',(-57.8,124.000001847744,173.000002428889));
#3104=CARTESIAN_POINT('',(-32.0000002980232,124.000001847744,153.000002399087));
#3105=CARTESIAN_POINT('',(-33.9000001490116,124.000001847744,153.000002399087));
#3106=CARTESIAN_POINT('',(-30.0000002980232,124.000001847744,155.000002399087));
#3107=CARTESIAN_POINT('',(-35.9500016111881,124.000001847744,149.050001085922));
#3108=CARTESIAN_POINT('',(-30.0000002980232,124.000001847744,169.000002399087));
#3109=CARTESIAN_POINT('',(-30.0000002980232,124.000001847744,160.999999623746));
#3110=CARTESIAN_POINT('',(-32.0000002980232,124.000001847744,171.000002399087));
#3111=CARTESIAN_POINT('',(-30.4499988358467,124.000001847744,169.45000093691));
#3112=CARTESIAN_POINT('',(-45.8,124.000001847744,171.000002399087));
#3113=CARTESIAN_POINT('',(-47.8,124.000001847744,171.000002399087));
#3114=CARTESIAN_POINT('',(-47.8,124.000001847744,169.000002399087));
#3115=CARTESIAN_POINT('',(-51.8000013876707,124.000001847744,165.000001011416));
#3116=CARTESIAN_POINT('',(-47.8,124.000001862645,168.500002361834));
#3117=CARTESIAN_POINT('',(-48.5,124.000001847744,165.30000230968));
#3118=CARTESIAN_POINT('',(-48.15,124.000001847744,165.299996305257));
#3119=CARTESIAN_POINT('',(-48.7999989092349,124.000001847744,165.299996305257));
#3120=CARTESIAN_POINT('',(-52.8,124.000001847744,165.30000230968));
#3121=CARTESIAN_POINT('',(-55.1000000000001,124.000001847744,165.30000230968));
#3122=CARTESIAN_POINT('',(-52.8,124.000001847744,165.30000230968));
#3123=CARTESIAN_POINT('',(-55.1000000000001,124.000001847744,156.499998243526));
#3124=CARTESIAN_POINT('Origin',(-47.8,60.0000008940697,162.000002264977));
#3125=CARTESIAN_POINT('',(-47.8,113.299997422844,169.000002399087));
#3126=CARTESIAN_POINT('',(-47.8,28.5000004246831,169.000002399087));
#3127=CARTESIAN_POINT('',(-47.8,113.299997422844,170.000002428889));
#3128=CARTESIAN_POINT('',(-47.8,113.299997422844,167.500002346933));
#3129=CARTESIAN_POINT('',(-47.8,116.299997422844,173.000002428889));
#3130=CARTESIAN_POINT('',(-47.8,99.2249982496726,155.925003255717));
#3131=CARTESIAN_POINT('',(-47.8,73.6999983303249,173.000002428889));
#3132=CARTESIAN_POINT('',(-47.8,27.5000004097819,173.000002458692));
#3133=CARTESIAN_POINT('',(-47.8,74.6999983303249,172.000002428889));
#3134=CARTESIAN_POINT('',(-47.8,73.2749990122393,173.425001746975));
#3135=CARTESIAN_POINT('',(-47.8,74.6999983303249,151.999996848404));
#3136=CARTESIAN_POINT('',(-47.8,74.6999983303249,156.49999955669));
#3137=CARTESIAN_POINT('',(-47.8,73.6999983303249,150.999996848404));
#3138=CARTESIAN_POINT('',(-47.8,73.2750003254042,150.574998843484));
#3139=CARTESIAN_POINT('',(-47.8,116.299997422844,150.999996848404));
#3140=CARTESIAN_POINT('',(-47.8,92.5000013783574,151.000002071261));
#3141=CARTESIAN_POINT('',(-47.8,115.299997422844,151.999996848404));
#3142=CARTESIAN_POINT('',(-47.8,99.2249969365073,168.074997334741));
#3143=CARTESIAN_POINT('',(-47.8,115.300001847744,154.721843070629));
#3144=CARTESIAN_POINT('',(-47.8,115.299997422844,167.500002346933));
#3145=CARTESIAN_POINT('',(-47.8,115.299997422844,167.500002346933));
#3146=CARTESIAN_POINT('Origin',(-46.8000000000001,114.299997422844,167.500002346933));
#3147=CARTESIAN_POINT('',(-45.8000000000001,115.299997422844,172.000002428889));
#3148=CARTESIAN_POINT('',(-47.0500000136594,114.049997409185,170.75000241523));
#3149=CARTESIAN_POINT('',(-45.8,115.299997422844,171.000002399087));
#3150=CARTESIAN_POINT('',(-61.5166661750526,99.5833312477916,155.283336224034));
#3151=CARTESIAN_POINT('',(-45.8000000000001,115.299997422844,167.500002346933));
#3152=CARTESIAN_POINT('Origin',(-31.0000002980232,-3.00000004470348,170.000002399087));
#3153=CARTESIAN_POINT('',(-30.,-0.833029230933132,169.000002399087));
#3154=CARTESIAN_POINT('',(-30.,2.83302923093313,169.000002399087));
#3155=CARTESIAN_POINT('Origin',(-29.1999978989364,1.,168.2));
#3156=CARTESIAN_POINT('',(-30.0000002980232,-3.00000004470348,169.000002399087));
#3157=CARTESIAN_POINT('',(-30.0000002980232,-3.00000004470348,169.000002399087));
#3158=CARTESIAN_POINT('',(-32.0000002980232,-3.00000004470348,171.000002399087));
#3159=CARTESIAN_POINT('',(-35.950000230968,-3.00000004470348,174.950002332032));
#3160=CARTESIAN_POINT('',(-32.0000002980232,4.79999989271164,171.000002399087));
#3161=CARTESIAN_POINT('',(-32.0000002980232,-3.00000004470348,171.000002399087));
#3162=CARTESIAN_POINT('',(-30.0000002980232,4.79999989271164,169.000002399087));
#3163=CARTESIAN_POINT('',(-30.5749988330528,4.79999989271164,169.575000934117));
#3164=CARTESIAN_POINT('',(-30.0000002980232,-3.00000004470348,169.000002399087));
#3165=CARTESIAN_POINT('Origin',(-30.0000002980232,-3.00000004470348,171.000002399087));
#3166=CARTESIAN_POINT('',(-30.,-1.00000000000001,168.2));
#3167=CARTESIAN_POINT('Origin',(-30.,1.,168.2));
#3168=CARTESIAN_POINT('Origin',(-30.,1.,168.2));
#3169=CARTESIAN_POINT('',(-30.0000002980232,4.79999989271164,155.000002399087));
#3170=CARTESIAN_POINT('',(-30.0000002980232,4.79999989271164,161.249999618158));
#3171=CARTESIAN_POINT('',(-30.,2.73205219268009,155.000002399087));
#3172=CARTESIAN_POINT('',(-30.0000002980232,-3.00000004470348,155.000002399087));
#3173=CARTESIAN_POINT('',(-30.,-1.,156.));
#3174=CARTESIAN_POINT('Origin',(-30.,1.,156.));
#3175=CARTESIAN_POINT('',(-30.,-0.732052192680095,155.000002399087));
#3176=CARTESIAN_POINT('Origin',(-30.,1.,156.));
#3177=CARTESIAN_POINT('',(-30.0000002980232,-3.00000004470348,155.000002399087));
#3178=CARTESIAN_POINT('',(-30.0000002980232,-3.00000004470348,155.000002399087));
#3179=CARTESIAN_POINT('',(-30.0000002980232,-3.00000004470348,172.000002413988));
#3180=CARTESIAN_POINT('Origin',(-31.0000002980232,-3.00000004470348,154.000002399087));
#3181=CARTESIAN_POINT('Origin',(-29.0000026971101,1.,156.));
#3182=CARTESIAN_POINT('',(-32.0000002980232,4.79999989271164,153.000002399087));
#3183=CARTESIAN_POINT('',(-35.825001613982,4.79999989271164,149.175001083128));
#3184=CARTESIAN_POINT('',(-32.0000002980232,-3.00000004470348,153.000002399087));
#3185=CARTESIAN_POINT('',(-32.0000002980232,-3.00000004470348,153.000002399087));
#3186=CARTESIAN_POINT('',(-30.4500002160669,-3.00000004470348,154.550002481043));
#3187=CARTESIAN_POINT('Origin',(-31.0000002980232,-3.00000004470348,154.000002399087));
#3188=CARTESIAN_POINT('',(-30.,120.836618476741,155.000002399087));
#3189=CARTESIAN_POINT('',(-30.,117.163381523259,155.000002399087));
#3190=CARTESIAN_POINT('Origin',(-29.2082727117331,119.,155.791729985377));
#3191=CARTESIAN_POINT('',(-30.0000002980232,-3.00000004470348,155.000002399087));
#3192=CARTESIAN_POINT('',(-32.0000002980232,115.299997422844,153.000002399087));
#3193=CARTESIAN_POINT('',(-32.0000002980232,-3.00000004470348,153.000002399087));
#3194=CARTESIAN_POINT('',(-30.0000002980232,115.299997422844,155.000002399087));
#3195=CARTESIAN_POINT('',(-30.4500002160669,115.299997422844,154.550002481043));
#3196=CARTESIAN_POINT('',(-30.0000002980232,-3.00000004470348,155.000002399087));
#3197=CARTESIAN_POINT('Origin',(-30.0000002980232,-3.00000004470348,171.000002399087));
#3198=CARTESIAN_POINT('',(-30.,117.,155.791729985377));
#3199=CARTESIAN_POINT('Origin',(-30.,119.,155.791729985377));
#3200=CARTESIAN_POINT('Origin',(-30.,119.,155.791729985377));
#3201=CARTESIAN_POINT('',(-30.0000002980232,115.299997422844,169.000002399087));
#3202=CARTESIAN_POINT('',(-30.0000002980232,115.299997422844,172.000002413988));
#3203=CARTESIAN_POINT('',(-30.,117.272751685555,169.000002399087));
#3204=CARTESIAN_POINT('',(-30.0000002980232,-3.00000004470348,169.000002399087));
#3205=CARTESIAN_POINT('',(-30.,117.,167.991729985377));
#3206=CARTESIAN_POINT('Origin',(-30.,119.,167.991729985377));
#3207=CARTESIAN_POINT('',(-30.,120.727248314445,169.000002399087));
#3208=CARTESIAN_POINT('Origin',(-30.,119.,167.991729985377));
#3209=CARTESIAN_POINT('',(-30.0000002980232,-3.00000004470348,169.000002399087));
#3210=CARTESIAN_POINT('Origin',(-31.0000002980232,-3.00000004470348,170.000002399087));
#3211=CARTESIAN_POINT('Origin',(-28.9917278843134,119.,167.991729985377));
#3212=CARTESIAN_POINT('',(-32.0000002980232,115.299997422844,171.000002399087));
#3213=CARTESIAN_POINT('',(-35.950000230968,115.299997422844,174.950002332032));
#3214=CARTESIAN_POINT('',(-32.0000002980232,-3.00000004470348,171.000002399087));
#3215=CARTESIAN_POINT('Origin',(-10.8,60.0000008940696,169.500002279878));
#3216=CARTESIAN_POINT('',(-47.8,58.0000008940697,169.500002279878));
#3217=CARTESIAN_POINT('Origin',(-47.8,60.0000008940696,169.500002279878));
#3218=CARTESIAN_POINT('',(-10.8,58.0000008940697,169.500002279878));
#3219=CARTESIAN_POINT('',(-10.8,58.0000008940697,169.500002279878));
#3220=CARTESIAN_POINT('Origin',(-10.8,60.0000008940696,169.500002279878));
#3221=CARTESIAN_POINT('Origin',(-10.8,60.0000008940696,156.500002279878));
#3222=CARTESIAN_POINT('',(-47.8,58.0000008940696,156.500002279878));
#3223=CARTESIAN_POINT('Origin',(-47.8,60.0000008940696,156.500002279878));
#3224=CARTESIAN_POINT('',(-10.8,58.0000008940696,156.500002279878));
#3225=CARTESIAN_POINT('',(-10.8,58.0000008940696,156.500002279878));
#3226=CARTESIAN_POINT('Origin',(-10.8,60.0000008940696,156.500002279878));
#3227=CARTESIAN_POINT('Origin',(-10.8,60.0000008940696,163.000002279878));
#3228=CARTESIAN_POINT('',(-47.8,58.0000008940696,163.000002279878));
#3229=CARTESIAN_POINT('Origin',(-47.8,60.0000008940696,163.000002279878));
#3230=CARTESIAN_POINT('',(-10.8,58.0000008940696,163.000002279878));
#3231=CARTESIAN_POINT('',(-10.8,58.0000008940696,163.000002279878));
#3232=CARTESIAN_POINT('Origin',(-10.8,60.0000008940696,163.000002279878));
#3233=CARTESIAN_POINT('Origin',(-16.7999999369617,46.2999989881681,173.000002429591));
#3234=CARTESIAN_POINT('',(-16.7999999383659,45.2999989888702,172.000002428889));
#3235=CARTESIAN_POINT('',(-16.7999999369617,46.2999989888702,173.000002428889));
#3236=CARTESIAN_POINT('',(-16.799999936365,46.7249981972318,173.425001638655));
#3237=CARTESIAN_POINT('',(-15.7999999383659,45.2999989874661,172.000002428889));
#3238=CARTESIAN_POINT('',(-16.7999999383659,45.2999989888702,172.000002428889));
#3239=CARTESIAN_POINT('',(-15.7999999369617,46.2999989874661,173.000002428889));
#3240=CARTESIAN_POINT('',(-15.799999936365,46.7249981958276,173.425001638655));
#3241=CARTESIAN_POINT('',(-16.7999999369617,46.2999989888702,173.000002428889));
#3242=CARTESIAN_POINT('Origin',(-16.7999998970843,74.6999983310269,172.000002428187));
#3243=CARTESIAN_POINT('',(-16.7999998984884,73.699998331729,173.000002428889));
#3244=CARTESIAN_POINT('',(-16.7999998970843,74.699998331729,172.000002428889));
#3245=CARTESIAN_POINT('',(-16.7999998990852,73.2749990994972,173.425001659717));
#3246=CARTESIAN_POINT('',(-15.7999998984884,73.6999983303249,173.000002428889));
#3247=CARTESIAN_POINT('',(-16.7999998984884,73.699998331729,173.000002428889));
#3248=CARTESIAN_POINT('',(-15.7999998970843,74.6999983303249,172.000002428889));
#3249=CARTESIAN_POINT('',(-15.7999998990852,73.274999098093,173.425001659717));
#3250=CARTESIAN_POINT('',(-16.7999998970843,74.699998331729,172.000002428889));
#3251=CARTESIAN_POINT('Origin',(-16.7999998970843,74.6999983303249,151.999996848404));
#3252=CARTESIAN_POINT('',(-16.7999998970843,74.699998331729,151.999996848404));
#3253=CARTESIAN_POINT('',(-16.7999998970843,74.6999983303249,156.499998243526));
#3254=CARTESIAN_POINT('',(-15.7999998970843,74.6999983303249,151.999996848404));
#3255=CARTESIAN_POINT('',(-15.7999998970843,74.6999983289207,156.499998243526));
#3256=CARTESIAN_POINT('',(-16.7999998970843,74.699998331729,151.999996848404));
#3257=CARTESIAN_POINT('Origin',(-16.7999998984884,73.6999983310269,150.999996849106));
#3258=CARTESIAN_POINT('',(-16.7999998984884,73.699998331729,150.999996848404));
#3259=CARTESIAN_POINT('',(-16.7999998990852,73.2749990994972,150.574997617577));
#3260=CARTESIAN_POINT('',(-15.7999998984884,73.6999983303249,150.999996848404));
#3261=CARTESIAN_POINT('',(-15.7999998990852,73.274999098093,150.574997617577));
#3262=CARTESIAN_POINT('',(-16.7999998984884,73.699998331729,150.999996848404));
#3263=CARTESIAN_POINT('Origin',(-16.7999999383659,45.2999989881682,151.999996847702));
#3264=CARTESIAN_POINT('',(-16.7999999369617,46.2999989888702,150.999996848404));
#3265=CARTESIAN_POINT('',(-16.7999999383659,45.2999989888702,151.999996848404));
#3266=CARTESIAN_POINT('',(-16.799999936365,46.7249981972319,150.574997638639));
#3267=CARTESIAN_POINT('',(-15.7999999369617,46.2999989874661,150.999996848404));
#3268=CARTESIAN_POINT('',(-16.7999999369617,46.2999989888702,150.999996848404));
#3269=CARTESIAN_POINT('',(-15.7999999383659,45.2999989874661,151.999996848404));
#3270=CARTESIAN_POINT('',(-15.799999936365,46.7249981958277,150.574997638639));
#3271=CARTESIAN_POINT('',(-16.7999999383659,45.2999989888702,151.999996848404));
#3272=CARTESIAN_POINT('Origin',(-16.7999999383659,45.2999989874661,172.000002428889));
#3273=CARTESIAN_POINT('',(-16.7999999383659,45.2999989874661,167.500001033768));
#3274=CARTESIAN_POINT('',(-15.7999999383659,45.299998986062,167.500001033768));
#3275=CARTESIAN_POINT('Origin',(-15.7999999177251,59.9999986588955,161.999999638647));
#3276=CARTESIAN_POINT('',(-15.7999998789007,87.6499980184036,150.999996848404));
#3277=CARTESIAN_POINT('',(-15.7999999222885,56.7499997055876,173.000002428889));
#3278=CARTESIAN_POINT('',(-15.8,56.0000008195639,152.000002115965));
#3279=CARTESIAN_POINT('',(-15.8,64.0000009685755,152.000002115965));
#3280=CARTESIAN_POINT('',(-15.7999999212354,57.4999997167635,152.000002115965));
#3281=CARTESIAN_POINT('',(-15.8,55.0000008195639,153.000002115965));
#3282=CARTESIAN_POINT('',(-15.8,51.5375012084842,156.462501727045));
#3283=CARTESIAN_POINT('',(-15.8,55.0000008195639,171.000002413988));
#3284=CARTESIAN_POINT('',(-15.8,55.0000008195639,167.000001026317));
#3285=CARTESIAN_POINT('',(-15.8,56.0000008195639,172.000002413988));
#3286=CARTESIAN_POINT('',(-15.8,51.6624998925254,167.66250148695));
#3287=CARTESIAN_POINT('',(-15.8,64.0000009685755,172.000002413988));
#3288=CARTESIAN_POINT('',(-15.7999999142147,62.4999997912693,172.000002413988));
#3289=CARTESIAN_POINT('',(-15.8,65.0000009685755,171.000002413988));
#3290=CARTESIAN_POINT('',(-15.8,63.0375013947488,172.962501987815));
#3291=CARTESIAN_POINT('',(-15.8,65.0000009685755,153.000002115965));
#3292=CARTESIAN_POINT('',(-15.8,65.0000009685755,157.000000877306));
#3293=CARTESIAN_POINT('',(-15.8,63.16250007879,151.162501226179));
#3294=CARTESIAN_POINT('',(-15.799999935698,47.2,168.2));
#3295=CARTESIAN_POINT('Origin',(-15.7999999328897,49.2,168.2));
#3296=CARTESIAN_POINT('',(-15.7999999053687,68.7999999999999,155.791729985377));
#3297=CARTESIAN_POINT('Origin',(-15.7999999025604,70.7999999999999,155.791729985377));
#3298=CARTESIAN_POINT('',(-15.799999935698,47.2,156.));
#3299=CARTESIAN_POINT('Origin',(-15.7999999328897,49.2,156.));
#3300=CARTESIAN_POINT('',(-15.7999999053687,68.7999999999999,167.991729985377));
#3301=CARTESIAN_POINT('Origin',(-15.7999999025604,70.7999999999999,167.991729985377));
#3302=CARTESIAN_POINT('Origin',(-47.8,65.0000009685755,172.000002413988));
#3303=CARTESIAN_POINT('',(-10.8,56.0000008195639,172.000002413988));
#3304=CARTESIAN_POINT('',(-47.8,56.0000008195639,172.000002413988));
#3305=CARTESIAN_POINT('',(-10.8,64.0000009685755,172.000002413988));
#3306=CARTESIAN_POINT('',(-10.8,55.0000008195639,172.000002413988));
#3307=CARTESIAN_POINT('',(-47.8,64.0000009685755,172.000002413988));
#3308=CARTESIAN_POINT('Origin',(-47.8,74.1999983303249,151.499996848404));
#3309=CARTESIAN_POINT('',(-47.8,73.6999983303249,150.999996848404));
#3310=CARTESIAN_POINT('',(-47.8,74.6999983303249,151.999996848404));
#3311=CARTESIAN_POINT('Origin',(-47.8,115.299997422844,150.999996848404));
#3312=CARTESIAN_POINT('',(-47.8,46.2999989874661,150.999996848404));
#3313=CARTESIAN_POINT('',(-47.8,46.2999989874661,150.999996848404));
#3314=CARTESIAN_POINT('',(-47.8,3.79999989271164,150.999996848404));
#3315=CARTESIAN_POINT('',(-47.8,92.5000013783574,151.000002071261));
#3316=CARTESIAN_POINT('',(-15.8,3.79999989271164,150.999996837229));
#3317=CARTESIAN_POINT('',(-47.8,3.79999989271164,150.999996848404));
#3318=CARTESIAN_POINT('',(-15.8,-2.00000004470349,150.999996837229));
#3319=CARTESIAN_POINT('',(-15.8,4.79999989271164,150.999996837229));
#3320=CARTESIAN_POINT('',(-52.8,-2.00000004470349,150.999996848404));
#3321=CARTESIAN_POINT('',(-47.8,-2.00000004470349,150.999996848404));
#3322=CARTESIAN_POINT('',(-52.8,67.0000006854534,150.999996848404));
#3323=CARTESIAN_POINT('',(-52.8,87.6499991584569,150.999996848404));
#3324=CARTESIAN_POINT('',(-55.8,67.0000006854534,150.999996848404));
#3325=CARTESIAN_POINT('',(-49.3000000000001,67.0000006854534,150.999996848404));
#3326=CARTESIAN_POINT('',(-56.8000000000001,67.0000006854534,150.999996848404));
#3327=CARTESIAN_POINT('',(-52.8,67.0000006854534,150.999996848404));
#3328=CARTESIAN_POINT('',(-56.8000000000001,123.000001847744,150.999996848404));
#3329=CARTESIAN_POINT('',(-56.8000000000001,100.149999344721,150.999996848404));
#3330=CARTESIAN_POINT('',(-15.8,123.000001847744,150.999996848404));
#3331=CARTESIAN_POINT('',(-47.8,123.000001847744,150.999996848404));
#3332=CARTESIAN_POINT('',(-15.8,116.299997422844,150.999996848404));
#3333=CARTESIAN_POINT('',(-15.8,115.299997422844,150.999996848404));
#3334=CARTESIAN_POINT('',(-47.8,116.299997422844,150.999996848404));
#3335=CARTESIAN_POINT('Origin',(-47.8,45.7999989874661,151.499996848404));
#3336=CARTESIAN_POINT('',(-47.8,45.2999989874661,151.999996848404));
#3337=CARTESIAN_POINT('',(-47.8,45.2999989874661,151.999996848404));
#3338=CARTESIAN_POINT('',(-47.8,46.724998109974,150.574997725897));
#3339=CARTESIAN_POINT('Origin',(-47.8,45.2999989874661,173.000002428889));
#3340=CARTESIAN_POINT('',(-47.8,45.2999989874661,172.000002428889));
#3341=CARTESIAN_POINT('',(-47.8,45.2999989874661,172.000002428889));
#3342=CARTESIAN_POINT('',(-47.8,45.2999989874661,156.749999551103));
#3343=CARTESIAN_POINT('Origin',(-15.7999999025604,70.7999999999999,155.791729985377));
#3344=CARTESIAN_POINT('',(-45.6999999053687,68.8000000419836,155.791729985377));
#3345=CARTESIAN_POINT('Origin',(-45.7,70.8000000419836,155.791729985377));
#3346=CARTESIAN_POINT('',(-15.7999999053687,68.7999999999999,155.791729985377));
#3347=CARTESIAN_POINT('Origin',(-15.7999999328897,49.2,156.));
#3348=CARTESIAN_POINT('',(-45.699999935698,47.2000000419836,156.));
#3349=CARTESIAN_POINT('Origin',(-45.7,49.2000000419836,156.));
#3350=CARTESIAN_POINT('',(-15.799999935698,47.2,156.));
#3351=CARTESIAN_POINT('Origin',(-15.7999999025604,70.7999999999999,167.991729985377));
#3352=CARTESIAN_POINT('',(-45.6999999053687,68.8000000419836,167.991729985377));
#3353=CARTESIAN_POINT('Origin',(-45.7,70.8000000419836,167.991729985377));
#3354=CARTESIAN_POINT('',(-15.7999999053687,68.7999999999999,167.991729985377));
#3355=CARTESIAN_POINT('Origin',(-15.7999999328897,49.2,168.2));
#3356=CARTESIAN_POINT('',(-45.699999935698,47.2000000419836,168.2));
#3357=CARTESIAN_POINT('Origin',(-45.7,49.2000000419836,168.2));
#3358=CARTESIAN_POINT('',(-15.799999935698,47.2,168.2));
#3359=CARTESIAN_POINT('Origin',(-15.8,1.,156.));
#3360=CARTESIAN_POINT('',(-15.8,-1.,156.));
#3361=CARTESIAN_POINT('',(-15.8,-1.,156.));
#3362=CARTESIAN_POINT('Origin',(-15.8,1.,156.));
#3363=CARTESIAN_POINT('Origin',(-15.8,1.,168.2));
#3364=CARTESIAN_POINT('',(-15.8,-1.00000000000001,168.2));
#3365=CARTESIAN_POINT('',(-15.8,-1.00000000000001,168.2));
#3366=CARTESIAN_POINT('Origin',(-15.8,1.,168.2));
#3367=CARTESIAN_POINT('Origin',(-15.8,119.,155.791729985377));
#3368=CARTESIAN_POINT('',(-15.8,117.,155.791729985377));
#3369=CARTESIAN_POINT('',(-15.8,117.,155.791729985377));
#3370=CARTESIAN_POINT('Origin',(-15.8,119.,155.791729985377));
#3371=CARTESIAN_POINT('Origin',(-15.8,119.,167.991729985377));
#3372=CARTESIAN_POINT('',(-15.8,117.,167.991729985377));
#3373=CARTESIAN_POINT('',(-15.8,117.,167.991729985377));
#3374=CARTESIAN_POINT('Origin',(-15.8,119.,167.991729985377));
#3375=CARTESIAN_POINT('Origin',(-47.8,-3.00000004470348,171.000002399087));
#3376=CARTESIAN_POINT('',(-47.8,115.299997422844,171.000002399087));
#3377=CARTESIAN_POINT('',(-45.8,28.5000004246831,171.000002399087));
#3378=CARTESIAN_POINT('Origin',(-20.0000002980232,-3.00000004470348,153.000002399087));
#3379=CARTESIAN_POINT('',(-45.8,4.79999989271164,153.000002399087));
#3380=CARTESIAN_POINT('',(-33.9000001490116,4.79999989271164,153.000002399087));
#3381=CARTESIAN_POINT('',(-45.8,-3.00000004470348,153.000002399087));
#3382=CARTESIAN_POINT('',(-45.8,28.5000004246831,153.000002399087));
#3383=CARTESIAN_POINT('',(-33.9000001490116,-3.00000004470348,153.000002399087));
#3384=CARTESIAN_POINT('Origin',(-47.8,115.299997422844,173.000002428889));
#3385=CARTESIAN_POINT('',(-15.8,115.299997422844,151.999996848404));
#3386=CARTESIAN_POINT('',(-47.8,115.299997422844,151.999996848404));
#3387=CARTESIAN_POINT('',(-15.8,115.299997422844,172.000002428889));
#3388=CARTESIAN_POINT('',(-15.8,115.299997422844,173.000002428889));
#3389=CARTESIAN_POINT('',(-47.8,115.299997422844,172.000002428889));
#3390=CARTESIAN_POINT('',(-33.9000001490116,115.299997422844,153.000002399087));
#3391=CARTESIAN_POINT('Origin',(-47.8,-3.00000004470348,171.000002399087));
#3392=CARTESIAN_POINT('',(-45.8,-3.00000004470348,171.000002399087));
#3393=CARTESIAN_POINT('',(-47.8,-3.00000004470348,171.000002399087));
#3394=CARTESIAN_POINT('',(-45.8,4.79999989271164,171.000002399087));
#3395=CARTESIAN_POINT('',(-45.8,28.5000004246831,171.000002399087));
#3396=CARTESIAN_POINT('',(-47.8,4.79999989271164,171.000002399087));
#3397=CARTESIAN_POINT('Origin',(-47.8,4.79999989271164,151.499996837229));
#3398=CARTESIAN_POINT('',(-15.8,4.79999989271164,172.000002428889));
#3399=CARTESIAN_POINT('',(-15.8,4.79999989271164,151.999996837229));
#3400=CARTESIAN_POINT('',(-15.8,4.79999989271164,151.499996837229));
#3401=CARTESIAN_POINT('',(-47.8,4.79999989271164,151.999996837229));
#3402=CARTESIAN_POINT('',(-47.8,4.79999989271164,151.999996837229));
#3403=CARTESIAN_POINT('',(-47.8,4.79999989271164,155.000002399087));
#3404=CARTESIAN_POINT('',(-47.8,4.79999989271164,156.749999551103));
#3405=CARTESIAN_POINT('',(-46.4249986095355,4.79999989271164,153.625001008622));
#3406=CARTESIAN_POINT('',(-47.8,4.79999989271164,169.000002399087));
#3407=CARTESIAN_POINT('',(-51.6750013904647,4.79999989271164,165.125001008622));
#3408=CARTESIAN_POINT('',(-47.8,4.79999989271164,172.000002428889));
#3409=CARTESIAN_POINT('',(-47.8,4.79999989271164,156.749999551103));
#3410=CARTESIAN_POINT('',(-47.8,4.79999989271164,172.000002428889));
#3411=CARTESIAN_POINT('Origin',(-20.0000002980232,-3.00000004470348,153.000002399087));
#3412=CARTESIAN_POINT('Origin',(-59.75,15.,162.));
#3413=CARTESIAN_POINT('',(-60.,16.5,162.));
#3414=CARTESIAN_POINT('Origin',(-60.,15.,162.));
#3415=CARTESIAN_POINT('',(-59.5,17.,162.));
#3416=CARTESIAN_POINT('',(-59.75,16.75,162.));
#3417=CARTESIAN_POINT('Origin',(-59.5,15.,162.));
#3418=CARTESIAN_POINT('Origin',(-60.,15.,162.));
#3419=CARTESIAN_POINT('',(-53.8,17.,162.));
#3420=CARTESIAN_POINT('Origin',(-53.8,15.,162.));
#3421=CARTESIAN_POINT('',(-60.,17.,162.));
#3422=CARTESIAN_POINT('Origin',(-60.,15.,162.));
#3423=CARTESIAN_POINT('Origin',(-63.35,104.9,161.891729985377));
#3424=CARTESIAN_POINT('',(-63.6,106.4,161.891729985377));
#3425=CARTESIAN_POINT('Origin',(-63.6,104.9,161.891729985377));
#3426=CARTESIAN_POINT('',(-63.1,106.9,161.891729985377));
#3427=CARTESIAN_POINT('',(-63.35,106.65,161.891729985377));
#3428=CARTESIAN_POINT('Origin',(-63.1,104.9,161.891729985377));
#3429=CARTESIAN_POINT('Origin',(-63.6,104.9,161.891729985377));
#3430=CARTESIAN_POINT('',(-57.8,106.9,161.891729985377));
#3431=CARTESIAN_POINT('Origin',(-57.8,104.9,161.891729985377));
#3432=CARTESIAN_POINT('',(-63.6,106.9,161.891729985377));
#3433=CARTESIAN_POINT('Origin',(-63.6,104.9,161.891729985377));
#3434=CARTESIAN_POINT('Origin',(-47.8,123.500001847744,151.499996848404));
#3435=CARTESIAN_POINT('',(-15.8,125.162501992192,153.162496992853));
#3436=CARTESIAN_POINT('',(-56.8000000000001,123.000001847744,150.999996848404));
#3437=CARTESIAN_POINT('Origin',(-56.8000000000001,67.0000006854534,150.999996848404));
#3438=CARTESIAN_POINT('',(-57.8,66.4423706470544,151.999996848404));
#3439=CARTESIAN_POINT('',(-56.8000000000001,65.3273279848785,151.739937006729));
#3440=CARTESIAN_POINT('',(-57.8,66.4423706470544,151.999996848404));
#3441=CARTESIAN_POINT('',(-56.8000000000001,67.0000006854534,150.999996848404));
#3442=CARTESIAN_POINT('',(-56.8000000000001,65.3273279848785,151.739937006729));
#3443=CARTESIAN_POINT('Origin',(-57.3,100.149999344721,151.499996848404));
#3444=CARTESIAN_POINT('',(-57.8,100.149999344721,151.999996848404));
#3445=CARTESIAN_POINT('Origin',(-57.8,51.0000006854534,172.000002428889));
#3446=CARTESIAN_POINT('',(-56.8000000000001,51.0000006854534,173.000002428889));
#3447=CARTESIAN_POINT('',(-56.8000000000001,50.0000006854534,172.000002428889));
#3448=CARTESIAN_POINT('',(-56.8000000000001,51.0000006854534,173.000002428889));
#3449=CARTESIAN_POINT('',(-57.8,51.0000006854534,172.000002428889));
#3450=CARTESIAN_POINT('',(-57.8,51.0000006854534,172.000002428889));
#3451=CARTESIAN_POINT('',(-56.8000000000001,50.0000006854534,172.000002428889));
#3452=CARTESIAN_POINT('Origin',(-57.3,69.2500010319054,172.500002428889));
#3453=CARTESIAN_POINT('',(-57.8,69.2500010319054,172.000002428889));
#3454=CARTESIAN_POINT('',(-56.8000000000001,123.000001847744,173.000002428889));
#3455=CARTESIAN_POINT('',(-56.8000000000001,69.2500010319054,173.000002428889));
#3456=CARTESIAN_POINT('',(-56.8000000000001,123.000001847744,173.000002428889));
#3457=CARTESIAN_POINT('Origin',(-57.3,50.5000006854534,167.500001033768));
#3458=CARTESIAN_POINT('',(-56.8000000000001,50.0000006854534,168.600001312792));
#3459=CARTESIAN_POINT('',(-56.8000000000001,50.0000006854534,167.500001033768));
#3460=CARTESIAN_POINT('',(-57.8,51.0000006854534,168.986608114961));
#3461=CARTESIAN_POINT('',(-57.8,51.0000006854534,167.500001033768));
#3462=CARTESIAN_POINT('',(-57.8,51.0000006854534,168.986608114961));
#3463=CARTESIAN_POINT('Origin',(-52.8,-3.00000004470348,151.999996848404));
#3464=CARTESIAN_POINT('',(-53.8,-2.00000004470349,151.999996848404));
#3465=CARTESIAN_POINT('',(-52.8,-2.00000004470349,150.999996848404));
#3466=CARTESIAN_POINT('',(-52.8,-3.00000004470348,151.999996848404));
#3467=CARTESIAN_POINT('',(-52.8,-3.00000004470348,151.999996848404));
#3468=CARTESIAN_POINT('',(-53.8,-2.00000004470348,151.999996848404));
#3469=CARTESIAN_POINT('Origin',(-47.8,-2.50000004470349,151.499996848404));
#3470=CARTESIAN_POINT('',(-15.8,-3.00000004470348,151.999996848404));
#3471=CARTESIAN_POINT('',(-15.8,25.4124991777348,123.587497625966));
#3472=CARTESIAN_POINT('',(-47.8,-3.00000004470348,151.999996848404));
#3473=CARTESIAN_POINT('Origin',(-52.8,-3.00000004470348,172.000002428889));
#3474=CARTESIAN_POINT('',(-53.8,-2.00000004470348,172.000002428889));
#3475=CARTESIAN_POINT('',(-52.8,-2.00000004470349,173.000002428889));
#3476=CARTESIAN_POINT('',(-53.8,-2.00000004470349,172.000002428889));
#3477=CARTESIAN_POINT('',(-52.8,-3.00000004470348,172.000002428889));
#3478=CARTESIAN_POINT('',(-52.8,-3.00000004470348,172.000002428889));
#3479=CARTESIAN_POINT('',(-52.8,-2.00000004470348,173.000002428889));
#3480=CARTESIAN_POINT('Origin',(-53.3,-2.50000004470348,167.500002346933));
#3481=CARTESIAN_POINT('',(-53.8,-2.00000004470348,167.500002346933));
#3482=CARTESIAN_POINT('',(-52.8,-3.00000004470348,167.500002346933));
#3483=CARTESIAN_POINT('Origin',(-47.8,-2.50000004470348,172.500002428889));
#3484=CARTESIAN_POINT('',(-15.8,-3.00000004470348,172.000002428889));
#3485=CARTESIAN_POINT('',(-15.8,-2.00000004470349,173.000002428889));
#3486=CARTESIAN_POINT('',(-15.8,25.4124991777349,200.412501651328));
#3487=CARTESIAN_POINT('',(-47.8,-2.00000004470348,173.000002428889));
#3488=CARTESIAN_POINT('',(-47.8,-3.00000004470348,172.000002428889));
#3489=CARTESIAN_POINT('Origin',(-53.3,56.7500008456409,172.500002428889));
#3490=CARTESIAN_POINT('',(-53.8,50.0000006854534,172.000002428889));
#3491=CARTESIAN_POINT('',(-53.8,56.7500008456409,172.000002428889));
#3492=CARTESIAN_POINT('',(-52.8,51.0000006854534,173.000002428889));
#3493=CARTESIAN_POINT('',(-52.8,56.7500008456409,173.000002428889));
#3494=CARTESIAN_POINT('',(-52.8,51.0000006854534,173.000002428889));
#3495=CARTESIAN_POINT('Origin',(-53.3,87.6499991584569,151.499996848404));
#3496=CARTESIAN_POINT('',(-53.8,65.0909097763625,151.999996848404));
#3497=CARTESIAN_POINT('',(-53.8,87.6499991584569,151.999996848404));
#3498=CARTESIAN_POINT('',(-53.539940073396,65.3273278914571,151.7399369218));
#3499=CARTESIAN_POINT('',(-52.695468081827,66.0950297019744,150.895464930231));
#3500=CARTESIAN_POINT('',(-53.539940073396,65.3273278914571,151.7399369218));
#3501=CARTESIAN_POINT('Origin',(-52.8,50.5000006854534,172.500002428889));
#3502=CARTESIAN_POINT('',(-52.8,51.0000006854534,173.000002428889));
#3503=CARTESIAN_POINT('',(-52.8,50.0000006854534,172.000002428889));
#3504=CARTESIAN_POINT('Origin',(-52.8,66.1636643351659,151.369966927567));
#3505=CARTESIAN_POINT('',(-55.8,65.3273278914571,151.7399369218));
#3506=CARTESIAN_POINT('',(-55.8,67.0000006854534,150.999996848404));
#3507=CARTESIAN_POINT('',(-52.8,65.3273279848785,151.739937006729));
#3508=CARTESIAN_POINT('Origin',(-49.3000000000001,66.1636642884553,151.369966885102));
#3509=CARTESIAN_POINT('',(-49.3000000000001,65.3273278914571,151.7399369218));
#3510=CARTESIAN_POINT('Origin',(-57.3,57.9310550465291,160.619142843249));
#3511=CARTESIAN_POINT('',(-57.8,58.3010251256913,160.955479193537));
#3512=CARTESIAN_POINT('',(-56.8000000000001,57.5610849673668,160.282806492962));
#3513=CARTESIAN_POINT('Origin',(-47.8,123.500001847744,172.500002428889));
#3514=CARTESIAN_POINT('',(-15.8,123.000001847744,173.000002428889));
#3515=CARTESIAN_POINT('',(-47.8,123.000001847744,173.000002428889));
#3516=CARTESIAN_POINT('',(-15.8,125.162501992192,170.837502284441));
#3517=CARTESIAN_POINT('Origin',(-57.8,85.0000012665987,161.999999638647));
#3518=CARTESIAN_POINT('Origin',(-47.8,53.5000007972121,173.000002428889));
#3519=CARTESIAN_POINT('',(-47.8,73.6999983303249,173.000002428889));
#3520=CARTESIAN_POINT('',(-15.8,116.299997422844,173.000002428889));
#3521=CARTESIAN_POINT('',(-47.8,116.299997422844,173.000002428889));
#3522=CARTESIAN_POINT('',(-15.8,124.000001847744,173.000002428889));
#3523=CARTESIAN_POINT('',(-15.8,3.79999989271164,173.000002428889));
#3524=CARTESIAN_POINT('',(-15.8,86.5750002162531,173.000002428889));
#3525=CARTESIAN_POINT('',(-47.8,3.79999989271164,173.000002428889));
#3526=CARTESIAN_POINT('',(-47.8,3.79999989271164,173.000002428889));
#3527=CARTESIAN_POINT('',(-47.8,46.2999989874661,173.000002428889));
#3528=CARTESIAN_POINT('',(-47.8,27.5000004097819,173.000002458692));
#3529=CARTESIAN_POINT('',(-47.8,46.2999989874661,173.000002428889));
#3530=CARTESIAN_POINT('',(-48.3,70.5000010430813,173.000002428889));
#3531=CARTESIAN_POINT('',(-55.3,70.5000010430813,173.000002428889));
#3532=CARTESIAN_POINT('',(-52.8,70.5000010430813,173.000002428889));
#3533=CARTESIAN_POINT('',(-48.3,56.5000008493662,173.000002428889));
#3534=CARTESIAN_POINT('',(-48.3,72.0000010728836,173.000002428889));
#3535=CARTESIAN_POINT('',(-55.3,56.5000008493662,173.000002428889));
#3536=CARTESIAN_POINT('',(-52.8,56.5000008493662,173.000002428889));
#3537=CARTESIAN_POINT('',(-55.3,69.2500010319054,173.000002428889));
#3538=CARTESIAN_POINT('Origin',(-57.8,50.0000006854534,173.000002428889));
#3539=CARTESIAN_POINT('',(-55.8,50.0000006854534,168.599996848404));
#3540=CARTESIAN_POINT('',(-57.8,50.0000006854534,168.600001312792));
#3541=CARTESIAN_POINT('',(-53.8,50.0000006854534,168.599996848404));
#3542=CARTESIAN_POINT('',(-54.3000000000001,50.0000006854534,168.599996848404));
#3543=CARTESIAN_POINT('',(-53.8,50.0000006854534,173.000002428889));
#3544=CARTESIAN_POINT('Origin',(-57.8,46.0000006854534,173.000002428889));
#3545=CARTESIAN_POINT('',(-55.8,62.5610860953807,154.782802897484));
#3546=CARTESIAN_POINT('Origin',(-10.8,60.0000008940697,162.000002264977));
#3547=CARTESIAN_POINT('',(-10.8,56.0000008195639,152.000002115965));
#3548=CARTESIAN_POINT('',(-10.8,55.0000008195639,153.000002115965));
#3549=CARTESIAN_POINT('',(-10.8,54.2500008009374,153.750002134591));
#3550=CARTESIAN_POINT('',(-10.8,64.0000009685755,152.000002115965));
#3551=CARTESIAN_POINT('',(-10.8,65.0000009685755,152.000002115965));
#3552=CARTESIAN_POINT('',(-10.8,65.0000009685755,153.000002115965));
#3553=CARTESIAN_POINT('',(-10.8000000000001,65.7500009872019,153.750002134591));
#3554=CARTESIAN_POINT('',(-10.8,65.0000009685755,171.000002413988));
#3555=CARTESIAN_POINT('',(-10.8,65.0000009685755,172.000002413988));
#3556=CARTESIAN_POINT('',(-10.8000000000001,65.7500009872019,170.250002395362));
#3557=CARTESIAN_POINT('',(-10.8,55.0000008195639,171.000002413988));
#3558=CARTESIAN_POINT('',(-10.8000000000001,54.2500008009374,170.250002395362));
#3559=CARTESIAN_POINT('',(-10.8,55.0000008195639,152.000002115965));
#3560=CARTESIAN_POINT('Origin',(-52.8,123.850001847744,165.15000230968));
#3561=CARTESIAN_POINT('',(-55.1000000000001,124.000001847744,165.30000230968));
#3562=CARTESIAN_POINT('Origin',(-54.95,123.850001847744,156.499998243526));
#3563=CARTESIAN_POINT('',(-54.8,123.700001847744,156.499998243526));
#3564=CARTESIAN_POINT('Origin',(-48.8,90.5000013485551,164.010922749759));
#3565=CARTESIAN_POINT('',(-48.8,70.1009951480856,159.968914043452));
#3566=CARTESIAN_POINT('Origin',(-48.8,82.0896106588871,172.021843070629));
#3567=CARTESIAN_POINT('',(-48.8,58.0053653984518,172.000002428889));
#3568=CARTESIAN_POINT('',(-48.8,75.074604925972,155.021843070629));
#3569=CARTESIAN_POINT('',(-48.8,71.0053655921669,172.000002428889));
#3570=CARTESIAN_POINT('',(-48.8,72.0000010728836,172.000002428889));
#3571=CARTESIAN_POINT('',(-48.8,72.411035895361,170.601832675965));
#3572=CARTESIAN_POINT('',(-48.8,70.0000010430813,173.000002428889));
#3573=CARTESIAN_POINT('Origin',(-48.8,85.9863799296509,184.25000230968));
#3574=CARTESIAN_POINT('Origin',(-53.8,60.0000008940697,162.000002264977));
#3575=CARTESIAN_POINT('',(-53.8,56.9049767602016,161.004523166181));
#3576=CARTESIAN_POINT('Origin',(-50.8,56.0000006854534,161.999996848404));
#3577=CARTESIAN_POINT('Origin',(-52.8,57.1044987619302,172.647396090336));
#3578=CARTESIAN_POINT('',(-48.652606338553,57.7089966744942,172.294789751783));
#3579=CARTESIAN_POINT('',(-48.3,56.5000008493662,173.000002428889));
#3580=CARTESIAN_POINT('',(-54.9473936614471,57.7089966744942,172.294789751783));
#3581=CARTESIAN_POINT('',(-52.8,57.7089966744942,172.294789751783));
#3582=CARTESIAN_POINT('',(-55.3,56.5000008493662,173.000002428889));
#3583=CARTESIAN_POINT('Origin',(-52.8,70.6044989556453,172.647396090336));
#3584=CARTESIAN_POINT('',(-54.9473936614471,70.7089968682094,172.294789751783));
#3585=CARTESIAN_POINT('',(-48.652606338553,70.7089968682094,172.294789751783));
#3586=CARTESIAN_POINT('',(-52.8,70.7089968682094,172.294789751783));
#3587=CARTESIAN_POINT('',(-48.652606338553,70.7089968682094,172.294789751783));
#3588=CARTESIAN_POINT('',(-55.3,70.5000010430813,173.000002428889));
#3589=CARTESIAN_POINT('Origin',(-48.55,72.0000010728836,172.500002428889));
#3590=CARTESIAN_POINT('',(-50.8955668034688,75.2189827410631,167.808868821952));
#3591=CARTESIAN_POINT('',(-50.5620145077348,61.5482992405538,168.47597341342));
#3592=CARTESIAN_POINT('Origin',(-55.05,69.2500010319054,172.500002428889));
#3593=CARTESIAN_POINT('',(-54.8,58.0053653984518,172.000002428889));
#3594=CARTESIAN_POINT('',(-54.8,71.0053655921669,172.000002428889));
#3595=CARTESIAN_POINT('',(-54.8,69.2500010319054,172.000002428889));
#3596=CARTESIAN_POINT('',(-53.6736604457278,73.2701293083632,169.747323320345));
#3597=CARTESIAN_POINT('',(-54.0072127414618,59.5994458078539,170.414427911813));
#3598=CARTESIAN_POINT('Origin',(-57.8,78.0429175556146,165.00000230968));
#3599=CARTESIAN_POINT('',(-54.8,72.411035895361,170.601832675965));
#3600=CARTESIAN_POINT('',(-54.8,80.54148379487,162.514768230631));
#3601=CARTESIAN_POINT('',(-57.8,72.411035895361,170.601832675965));
#3602=CARTESIAN_POINT('Origin',(-54.8,85.0000012665987,161.999999638647));
#3603=CARTESIAN_POINT('Origin',(-54.8,85.9863799296509,184.25000230968));
#3604=CARTESIAN_POINT('',(-54.8,70.1009951480856,159.968914043452));
#3605=CARTESIAN_POINT('',(-54.8,66.7874134138948,163.264814756486));
#3606=CARTESIAN_POINT('Origin',(-54.8,82.0896106588871,172.021843070629));
#3607=CARTESIAN_POINT('Origin',(-57.8,82.0896106588871,172.021843070629));
#3608=CARTESIAN_POINT('',(-57.8,70.1009951480856,159.968914043452));
#3609=CARTESIAN_POINT('Origin',(-57.8,57.0000008493662,173.000002428889));
#3610=CARTESIAN_POINT('Origin',(-57.8,85.9863799296509,184.25000230968));
#3611=CARTESIAN_POINT('Origin',(-47.8,-3.00000004470348,173.000002428889));
#3612=CARTESIAN_POINT('',(-15.8,-3.00000004470348,151.499996837229));
#3613=CARTESIAN_POINT('',(-47.8,-3.00000004470348,155.000002399087));
#3614=CARTESIAN_POINT('',(-51.8000000074506,-3.00000004470348,159.000002406538));
#3615=CARTESIAN_POINT('',(-47.8,-3.00000004470348,169.000002399087));
#3616=CARTESIAN_POINT('',(-47.8,-3.0000000745058,155.500002168119));
#3617=CARTESIAN_POINT('',(-46.2999999925495,-3.00000004470348,170.500002406538));
#3618=CARTESIAN_POINT('Origin',(-47.8,55.5000008195639,152.500002115965));
#3619=CARTESIAN_POINT('',(-47.8,55.0000008195639,153.000002115965));
#3620=CARTESIAN_POINT('',(-47.8,56.0000008195639,152.000002115965));
#3621=CARTESIAN_POINT('Origin',(-47.8,55.0000008195639,152.000002115965));
#3622=CARTESIAN_POINT('',(-47.8,64.0000009685755,152.000002115965));
#3623=CARTESIAN_POINT('Origin',(-47.8,64.5000009685755,152.500002115965));
#3624=CARTESIAN_POINT('',(-47.8,65.0000009685755,153.000002115965));
#3625=CARTESIAN_POINT('Origin',(-47.8,55.5000008195639,171.500002413988));
#3626=CARTESIAN_POINT('',(-47.8,55.0000008195639,171.000002413988));
#3627=CARTESIAN_POINT('Origin',(-47.8,64.5000009685755,171.500002413988));
#3628=CARTESIAN_POINT('',(-47.8,65.0000009685755,171.000002413988));
#3629=CARTESIAN_POINT('Origin',(-47.8,65.0000009685755,152.000002115965));
#3630=CARTESIAN_POINT('Origin',(-47.8,60.0000008940697,162.000002264977));
#3631=CARTESIAN_POINT('Origin',(-47.8,115.799997422844,172.500002428889));
#3632=CARTESIAN_POINT('',(-15.8,114.137497278396,170.837502284441));
#3633=CARTESIAN_POINT('Origin',(-15.8,119.649999635294,161.999999638647));
#3634=CARTESIAN_POINT('',(-15.8,114.137497278396,153.162496992852));
#3635=CARTESIAN_POINT('Origin',(-47.8,115.799997422844,151.499996848404));
#3636=CARTESIAN_POINT('Origin',(-47.8,4.29999989271164,172.500002428889));
#3637=CARTESIAN_POINT('',(-15.8,6.01250059949236,170.787501722109));
#3638=CARTESIAN_POINT('',(-47.8,20.8500001840291,155.950002137572));
#3639=CARTESIAN_POINT('Origin',(-15.8,119.649999635294,161.999999638647));
#3640=CARTESIAN_POINT('',(-15.8,6.13750058859585,153.337497518165));
#3641=CARTESIAN_POINT('Origin',(-47.8,4.29999989271164,151.499996842816));
#3642=CARTESIAN_POINT('',(-47.8,20.8500016542155,168.049998419359));
#3643=CARTESIAN_POINT('Origin',(-47.8,74.6999983303249,150.999996848404));
#3644=CARTESIAN_POINT('',(-47.8,74.6999983303249,172.000002428889));
#3645=CARTESIAN_POINT('Origin',(-47.8,74.1999983303249,172.500002428889));
#3646=CARTESIAN_POINT('Origin',(-47.8,45.7999989874661,172.500002428889));
#3647=CARTESIAN_POINT('',(-47.8,46.7249994231387,173.425002864562));
#3648=CARTESIAN_POINT('Origin',(-45.7,49.2,168.2));
#3649=CARTESIAN_POINT('Origin',(-45.7,70.8,167.991729985377));
#3650=CARTESIAN_POINT('Origin',(-45.7,70.8,155.791729985377));
#3651=CARTESIAN_POINT('Origin',(-45.7,49.2,156.));
#3652=CARTESIAN_POINT('Origin',(-47.8,60.0000008940697,162.000002264977));
#3653=CARTESIAN_POINT('',(-47.8,28.5000004246831,169.000002399087));
#3654=CARTESIAN_POINT('',(-47.8,28.5000004246831,155.000002399087));
#3655=CARTESIAN_POINT('Origin',(-46.8000000000001,28.5000004246831,170.000002399087));
#3656=CARTESIAN_POINT('Origin',(-46.8000000000001,28.5000004246831,154.000002399087));
#3657=CARTESIAN_POINT('Origin',(-46.8000000000001,28.5000004246831,170.000002399087));
#3658=CARTESIAN_POINT('Origin',(-47.8,60.0000008940697,162.000002264977));
#3659=CARTESIAN_POINT('Origin',(-47.8,55.0000008195639,172.000002413988));
#3660=CARTESIAN_POINT('Origin',(-47.8,60.0000008940697,162.000002264977));
#3661=CARTESIAN_POINT('',(0.,0.,0.));
#3662=UNCERTAINTY_MEASURE_WITH_UNIT(LENGTH_MEASURE(0.01),#3668,
'DISTANCE_ACCURACY_VALUE',
'Maximum model space distance between geometric entities at asserted c
onnectivities');
#3663=UNCERTAINTY_MEASURE_WITH_UNIT(LENGTH_MEASURE(0.01),#3668,
'DISTANCE_ACCURACY_VALUE',
'Maximum model space distance between geometric entities at asserted c
onnectivities');
#3664=UNCERTAINTY_MEASURE_WITH_UNIT(LENGTH_MEASURE(0.01),#3668,
'DISTANCE_ACCURACY_VALUE',
'Maximum model space distance between geometric entities at asserted c
onnectivities');
#3665=(
GEOMETRIC_REPRESENTATION_CONTEXT(3)
GLOBAL_UNCERTAINTY_ASSIGNED_CONTEXT((#3662))
GLOBAL_UNIT_ASSIGNED_CONTEXT((#3668,#3670,#3671))
REPRESENTATION_CONTEXT('','3D')
);
#3666=(
GEOMETRIC_REPRESENTATION_CONTEXT(3)
GLOBAL_UNCERTAINTY_ASSIGNED_CONTEXT((#3663))
GLOBAL_UNIT_ASSIGNED_CONTEXT((#3668,#3670,#3671))
REPRESENTATION_CONTEXT('','3D')
);
#3667=(
GEOMETRIC_REPRESENTATION_CONTEXT(3)
GLOBAL_UNCERTAINTY_ASSIGNED_CONTEXT((#3664))
GLOBAL_UNIT_ASSIGNED_CONTEXT((#3668,#3670,#3671))
REPRESENTATION_CONTEXT('','3D')
);
#3668=(
LENGTH_UNIT()
NAMED_UNIT(*)
SI_UNIT(.MILLI.,.METRE.)
);
#3669=(
LENGTH_UNIT()
NAMED_UNIT(*)
SI_UNIT($,.METRE.)
);
#3670=(
NAMED_UNIT(*)
PLANE_ANGLE_UNIT()
SI_UNIT($,.RADIAN.)
);
#3671=(
NAMED_UNIT(*)
SI_UNIT($,.STERADIAN.)
SOLID_ANGLE_UNIT()
);
#3672=SHAPE_DEFINITION_REPRESENTATION(#3674,#3677);
#3673=SHAPE_DEFINITION_REPRESENTATION(#3675,#3678);
#3674=PRODUCT_DEFINITION_SHAPE('',$,#3680);
#3675=PRODUCT_DEFINITION_SHAPE('',$,#3681);
#3676=PRODUCT_DEFINITION_SHAPE($,$,#14);
#3677=SHAPE_REPRESENTATION('',(#2269,#2429),#3665);
#3678=SHAPE_REPRESENTATION('',(#2270),#3666);
#3679=PRODUCT_DEFINITION_CONTEXT('part definition',#3687,'design');
#3680=PRODUCT_DEFINITION('Leg V1','Leg V1 v19',#3682,#3679);
#3681=PRODUCT_DEFINITION('Middle Leg Back','Middle Leg Back',#3683,#3679);
#3682=PRODUCT_DEFINITION_FORMATION('',$,#3689);
#3683=PRODUCT_DEFINITION_FORMATION('',$,#3690);
#3684=PRODUCT_RELATED_PRODUCT_CATEGORY('Leg V1 v19','Leg V1 v19',(#3689));
#3685=PRODUCT_RELATED_PRODUCT_CATEGORY('Middle Leg Back',
'Middle Leg Back',(#3690));
#3686=APPLICATION_PROTOCOL_DEFINITION('international standard',
'automotive_design',2009,#3687);
#3687=APPLICATION_CONTEXT(
'Core Data for Automotive Mechanical Design Process');
#3688=PRODUCT_CONTEXT('part definition',#3687,'mechanical');
#3689=PRODUCT('Leg V1','Leg V1 v19',$,(#3688));
#3690=PRODUCT('Middle Leg Back','Middle Leg Back',$,(#3688));
#3691=PRESENTATION_STYLE_ASSIGNMENT((#3693));
#3692=PRESENTATION_STYLE_ASSIGNMENT((#3694));
#3693=SURFACE_STYLE_USAGE(.BOTH.,#3695);
#3694=SURFACE_STYLE_USAGE(.BOTH.,#3696);
#3695=SURFACE_SIDE_STYLE('',(#3697));
#3696=SURFACE_SIDE_STYLE('',(#3698));
#3697=SURFACE_STYLE_FILL_AREA(#3699);
#3698=SURFACE_STYLE_FILL_AREA(#3700);
#3699=FILL_AREA_STYLE('Steel - Satin',(#3701));
#3700=FILL_AREA_STYLE('ABS (White)',(#3702));
#3701=FILL_AREA_STYLE_COLOUR('Steel - Satin',#3703);
#3702=FILL_AREA_STYLE_COLOUR('ABS (White)',#3704);
#3703=COLOUR_RGB('Steel - Satin',0.627450980392157,0.627450980392157,0.627450980392157);
#3704=COLOUR_RGB('ABS (White)',0.964705882352941,0.964705882352941,0.952941176470588);
ENDSEC;
END-ISO-10303-21;
