ISO-10303-21;
HEADER;
/* Generated by software containing ST-Developer
 * from STEP Tools, Inc. (www.steptools.com) 
 */

FILE_DESCRIPTION(
/* description */ (''),
/* implementation_level */ '2;1');

FILE_NAME(
/* name */ 'Middle Leg Back.step',
/* time_stamp */ '2025-12-12T13:05:01+01:00',
/* author */ (''),
/* organization */ (''),
/* preprocessor_version */ 'ST-DEVELOPER v20.1',
/* originating_system */ 'Autodesk Translation Framework v14.21.0.0',
/* authorisation */ '');

FILE_SCHEMA (('AUTOMOTIVE_DESIGN { 1 0 10303 214 3 1 1 }'));
ENDSEC;

DATA;
#10=MECHANICAL_DESIGN_GEOMETRIC_PRESENTATION_REPRESENTATION('',(#13),#4023);
#11=SHAPE_REPRESENTATION_RELATIONSHIP('SRR','None',#4030,#12);
#12=ADVANCED_BREP_SHAPE_REPRESENTATION('',(#14),#4022);
#13=STYLED_ITEM('',(#4040),#14);
#14=MANIFOLD_SOLID_BREP('Middle Leg Back',#2452);
#15=ELLIPSE('',#2513,2.96984848098352,2.10000000000001);
#16=ELLIPSE('',#2538,2.96984848098348,2.1);
#17=ELLIPSE('',#2543,2.96984848098351,2.1);
#18=FACE_BOUND('',#883,.T.);
#19=FACE_BOUND('',#885,.T.);
#20=FACE_BOUND('',#889,.T.);
#21=FACE_BOUND('',#895,.T.);
#22=FACE_BOUND('',#897,.T.);
#23=FACE_BOUND('',#898,.T.);
#24=FACE_BOUND('',#908,.T.);
#25=FACE_BOUND('',#909,.T.);
#26=FACE_BOUND('',#910,.T.);
#27=FACE_BOUND('',#911,.T.);
#28=FACE_BOUND('',#912,.T.);
#29=FACE_BOUND('',#919,.T.);
#30=FACE_BOUND('',#920,.T.);
#31=FACE_BOUND('',#924,.T.);
#32=FACE_BOUND('',#935,.T.);
#33=FACE_BOUND('',#936,.T.);
#34=FACE_BOUND('',#937,.T.);
#35=FACE_BOUND('',#946,.T.);
#36=FACE_BOUND('',#989,.T.);
#37=FACE_BOUND('',#1005,.T.);
#38=CYLINDRICAL_SURFACE('',#2475,1.99999999999999);
#39=CYLINDRICAL_SURFACE('',#2479,1.99999999999999);
#40=CYLINDRICAL_SURFACE('',#2490,1.99999999999999);
#41=CYLINDRICAL_SURFACE('',#2506,1.99999999999999);
#42=CYLINDRICAL_SURFACE('',#2507,2.10000000000001);
#43=CYLINDRICAL_SURFACE('',#2510,2.10000000000001);
#44=CYLINDRICAL_SURFACE('',#2518,2.1);
#45=CYLINDRICAL_SURFACE('',#2522,2.1);
#46=CYLINDRICAL_SURFACE('',#2526,2.10000000000001);
#47=CYLINDRICAL_SURFACE('',#2530,2.09999999999999);
#48=CYLINDRICAL_SURFACE('',#2535,2.1);
#49=CYLINDRICAL_SURFACE('',#2540,2.1);
#50=CYLINDRICAL_SURFACE('',#2581,1.99999999999999);
#51=CYLINDRICAL_SURFACE('',#2583,2.);
#52=CYLINDRICAL_SURFACE('',#2585,2.);
#53=CYLINDRICAL_SURFACE('',#2635,17.);
#54=CYLINDRICAL_SURFACE('',#2637,19.25);
#55=LINE('',#3337,#337);
#56=LINE('',#3338,#338);
#57=LINE('',#3340,#339);
#58=LINE('',#3341,#340);
#59=LINE('',#3344,#341);
#60=LINE('',#3346,#342);
#61=LINE('',#3347,#343);
#62=LINE('',#3350,#344);
#63=LINE('',#3355,#345);
#64=LINE('',#3356,#346);
#65=LINE('',#3376,#347);
#66=LINE('',#3378,#348);
#67=LINE('',#3385,#349);
#68=LINE('',#3387,#350);
#69=LINE('',#3397,#351);
#70=LINE('',#3399,#352);
#71=LINE('',#3400,#353);
#72=LINE('',#3403,#354);
#73=LINE('',#3408,#355);
#74=LINE('',#3409,#356);
#75=LINE('',#3414,#357);
#76=LINE('',#3419,#358);
#77=LINE('',#3421,#359);
#78=LINE('',#3423,#360);
#79=LINE('',#3425,#361);
#80=LINE('',#3426,#362);
#81=LINE('',#3441,#363);
#82=LINE('',#3447,#364);
#83=LINE('',#3455,#365);
#84=LINE('',#3457,#366);
#85=LINE('',#3459,#367);
#86=LINE('',#3461,#368);
#87=LINE('',#3462,#369);
#88=LINE('',#3465,#370);
#89=LINE('',#3467,#371);
#90=LINE('',#3468,#372);
#91=LINE('',#3472,#373);
#92=LINE('',#3474,#374);
#93=LINE('',#3476,#375);
#94=LINE('',#3478,#376);
#95=LINE('',#3480,#377);
#96=LINE('',#3482,#378);
#97=LINE('',#3484,#379);
#98=LINE('',#3485,#380);
#99=LINE('',#3490,#381);
#100=LINE('',#3497,#382);
#101=LINE('',#3504,#383);
#102=LINE('',#3511,#384);
#103=LINE('',#3517,#385);
#104=LINE('',#3519,#386);
#105=LINE('',#3521,#387);
#106=LINE('',#3523,#388);
#107=LINE('',#3525,#389);
#108=LINE('',#3527,#390);
#109=LINE('',#3529,#391);
#110=LINE('',#3530,#392);
#111=LINE('',#3533,#393);
#112=LINE('',#3535,#394);
#113=LINE('',#3537,#395);
#114=LINE('',#3539,#396);
#115=LINE('',#3541,#397);
#116=LINE('',#3543,#398);
#117=LINE('',#3545,#399);
#118=LINE('',#3546,#400);
#119=LINE('',#3551,#401);
#120=LINE('',#3561,#402);
#121=LINE('',#3569,#403);
#122=LINE('',#3571,#404);
#123=LINE('',#3573,#405);
#124=LINE('',#3575,#406);
#125=LINE('',#3576,#407);
#126=LINE('',#3579,#408);
#127=LINE('',#3581,#409);
#128=LINE('',#3583,#410);
#129=LINE('',#3585,#411);
#130=LINE('',#3586,#412);
#131=LINE('',#3588,#413);
#132=LINE('',#3589,#414);
#133=LINE('',#3593,#415);
#134=LINE('',#3595,#416);
#135=LINE('',#3597,#417);
#136=LINE('',#3599,#418);
#137=LINE('',#3601,#419);
#138=LINE('',#3603,#420);
#139=LINE('',#3605,#421);
#140=LINE('',#3606,#422);
#141=LINE('',#3610,#423);
#142=LINE('',#3612,#424);
#143=LINE('',#3614,#425);
#144=LINE('',#3616,#426);
#145=LINE('',#3618,#427);
#146=LINE('',#3619,#428);
#147=LINE('',#3622,#429);
#148=LINE('',#3624,#430);
#149=LINE('',#3625,#431);
#150=LINE('',#3627,#432);
#151=LINE('',#3628,#433);
#152=LINE('',#3630,#434);
#153=LINE('',#3631,#435);
#154=LINE('',#3633,#436);
#155=LINE('',#3635,#437);
#156=LINE('',#3637,#438);
#157=LINE('',#3639,#439);
#158=LINE('',#3641,#440);
#159=LINE('',#3642,#441);
#160=LINE('',#3646,#442);
#161=LINE('',#3648,#443);
#162=LINE('',#3650,#444);
#163=LINE('',#3652,#445);
#164=LINE('',#3654,#446);
#165=LINE('',#3655,#447);
#166=LINE('',#3657,#448);
#167=LINE('',#3659,#449);
#168=LINE('',#3661,#450);
#169=LINE('',#3663,#451);
#170=LINE('',#3665,#452);
#171=LINE('',#3667,#453);
#172=LINE('',#3669,#454);
#173=LINE('',#3671,#455);
#174=LINE('',#3672,#456);
#175=LINE('',#3676,#457);
#176=LINE('',#3678,#458);
#177=LINE('',#3680,#459);
#178=LINE('',#3681,#460);
#179=LINE('',#3683,#461);
#180=LINE('',#3684,#462);
#181=LINE('',#3689,#463);
#182=LINE('',#3693,#464);
#183=LINE('',#3695,#465);
#184=LINE('',#3697,#466);
#185=LINE('',#3701,#467);
#186=LINE('',#3703,#468);
#187=LINE('',#3704,#469);
#188=LINE('',#3705,#470);
#189=LINE('',#3709,#471);
#190=LINE('',#3710,#472);
#191=LINE('',#3711,#473);
#192=LINE('',#3714,#474);
#193=LINE('',#3715,#475);
#194=LINE('',#3718,#476);
#195=LINE('',#3720,#477);
#196=LINE('',#3722,#478);
#197=LINE('',#3724,#479);
#198=LINE('',#3726,#480);
#199=LINE('',#3727,#481);
#200=LINE('',#3735,#482);
#201=LINE('',#3737,#483);
#202=LINE('',#3739,#484);
#203=LINE('',#3741,#485);
#204=LINE('',#3743,#486);
#205=LINE('',#3748,#487);
#206=LINE('',#3752,#488);
#207=LINE('',#3754,#489);
#208=LINE('',#3756,#490);
#209=LINE('',#3758,#491);
#210=LINE('',#3759,#492);
#211=LINE('',#3762,#493);
#212=LINE('',#3763,#494);
#213=LINE('',#3766,#495);
#214=LINE('',#3768,#496);
#215=LINE('',#3769,#497);
#216=LINE('',#3773,#498);
#217=LINE('',#3774,#499);
#218=LINE('',#3775,#500);
#219=LINE('',#3778,#501);
#220=LINE('',#3779,#502);
#221=LINE('',#3783,#503);
#222=LINE('',#3787,#504);
#223=LINE('',#3791,#505);
#224=LINE('',#3795,#506);
#225=LINE('',#3796,#507);
#226=LINE('',#3797,#508);
#227=LINE('',#3800,#509);
#228=LINE('',#3801,#510);
#229=LINE('',#3802,#511);
#230=LINE('',#3804,#512);
#231=LINE('',#3807,#513);
#232=LINE('',#3808,#514);
#233=LINE('',#3812,#515);
#234=LINE('',#3813,#516);
#235=LINE('',#3814,#517);
#236=LINE('',#3816,#518);
#237=LINE('',#3818,#519);
#238=LINE('',#3821,#520);
#239=LINE('',#3823,#521);
#240=LINE('',#3824,#522);
#241=LINE('',#3826,#523);
#242=LINE('',#3828,#524);
#243=LINE('',#3830,#525);
#244=LINE('',#3832,#526);
#245=LINE('',#3834,#527);
#246=LINE('',#3835,#528);
#247=LINE('',#3836,#529);
#248=LINE('',#3839,#530);
#249=LINE('',#3840,#531);
#250=LINE('',#3843,#532);
#251=LINE('',#3844,#533);
#252=LINE('',#3846,#534);
#253=LINE('',#3849,#535);
#254=LINE('',#3851,#536);
#255=LINE('',#3852,#537);
#256=LINE('',#3854,#538);
#257=LINE('',#3855,#539);
#258=LINE('',#3856,#540);
#259=LINE('',#3859,#541);
#260=LINE('',#3861,#542);
#261=LINE('',#3862,#543);
#262=LINE('',#3865,#544);
#263=LINE('',#3867,#545);
#264=LINE('',#3868,#546);
#265=LINE('',#3870,#547);
#266=LINE('',#3872,#548);
#267=LINE('',#3873,#549);
#268=LINE('',#3876,#550);
#269=LINE('',#3879,#551);
#270=LINE('',#3880,#552);
#271=LINE('',#3881,#553);
#272=LINE('',#3886,#554);
#273=LINE('',#3887,#555);
#274=LINE('',#3888,#556);
#275=LINE('',#3891,#557);
#276=LINE('',#3892,#558);
#277=LINE('',#3895,#559);
#278=LINE('',#3896,#560);
#279=LINE('',#3898,#561);
#280=LINE('',#3900,#562);
#281=LINE('',#3901,#563);
#282=LINE('',#3903,#564);
#283=LINE('',#3906,#565);
#284=LINE('',#3908,#566);
#285=LINE('',#3909,#567);
#286=LINE('',#3911,#568);
#287=LINE('',#3913,#569);
#288=LINE('',#3914,#570);
#289=LINE('',#3917,#571);
#290=LINE('',#3918,#572);
#291=LINE('',#3921,#573);
#292=LINE('',#3922,#574);
#293=LINE('',#3924,#575);
#294=LINE('',#3925,#576);
#295=LINE('',#3928,#577);
#296=LINE('',#3929,#578);
#297=LINE('',#3931,#579);
#298=LINE('',#3933,#580);
#299=LINE('',#3935,#581);
#300=LINE('',#3937,#582);
#301=LINE('',#3938,#583);
#302=LINE('',#3940,#584);
#303=LINE('',#3942,#585);
#304=LINE('',#3943,#586);
#305=LINE('',#3946,#587);
#306=LINE('',#3948,#588);
#307=LINE('',#3950,#589);
#308=LINE('',#3951,#590);
#309=LINE('',#3954,#591);
#310=LINE('',#3955,#592);
#311=LINE('',#3957,#593);
#312=LINE('',#3959,#594);
#313=LINE('',#3961,#595);
#314=LINE('',#3965,#596);
#315=LINE('',#3967,#597);
#316=LINE('',#3968,#598);
#317=LINE('',#3972,#599);
#318=LINE('',#3973,#600);
#319=LINE('',#3974,#601);
#320=LINE('',#3976,#602);
#321=LINE('',#3977,#603);
#322=LINE('',#3981,#604);
#323=LINE('',#3982,#605);
#324=LINE('',#3983,#606);
#325=LINE('',#3986,#607);
#326=LINE('',#3987,#608);
#327=LINE('',#3991,#609);
#328=LINE('',#3994,#610);
#329=LINE('',#3999,#611);
#330=LINE('',#4001,#612);
#331=LINE('',#4002,#613);
#332=LINE('',#4007,#614);
#333=LINE('',#4009,#615);
#334=LINE('',#4012,#616);
#335=LINE('',#4014,#617);
#336=LINE('',#4015,#618);
#337=VECTOR('',#2667,10.);
#338=VECTOR('',#2668,10.);
#339=VECTOR('',#2671,10.);
#340=VECTOR('',#2672,10.);
#341=VECTOR('',#2675,10.);
#342=VECTOR('',#2676,10.);
#343=VECTOR('',#2677,10.);
#344=VECTOR('',#2680,10.);
#345=VECTOR('',#2687,10.);
#346=VECTOR('',#2688,10.);
#347=VECTOR('',#2701,10.);
#348=VECTOR('',#2702,10.);
#349=VECTOR('',#2705,10.);
#350=VECTOR('',#2706,10.);
#351=VECTOR('',#2715,10.);
#352=VECTOR('',#2716,10.);
#353=VECTOR('',#2717,10.);
#354=VECTOR('',#2720,10.);
#355=VECTOR('',#2727,10.);
#356=VECTOR('',#2728,10.);
#357=VECTOR('',#2733,4.);
#358=VECTOR('',#2738,10.);
#359=VECTOR('',#2739,10.);
#360=VECTOR('',#2740,10.);
#361=VECTOR('',#2741,10.);
#362=VECTOR('',#2742,10.);
#363=VECTOR('',#2765,2.10000000000001);
#364=VECTOR('',#2772,2.10000000000001);
#365=VECTOR('',#2781,10.);
#366=VECTOR('',#2782,10.);
#367=VECTOR('',#2783,10.);
#368=VECTOR('',#2784,10.);
#369=VECTOR('',#2785,10.);
#370=VECTOR('',#2788,10.);
#371=VECTOR('',#2789,10.);
#372=VECTOR('',#2790,10.);
#373=VECTOR('',#2793,10.);
#374=VECTOR('',#2794,10.);
#375=VECTOR('',#2795,10.);
#376=VECTOR('',#2796,10.);
#377=VECTOR('',#2797,10.);
#378=VECTOR('',#2798,10.);
#379=VECTOR('',#2799,10.);
#380=VECTOR('',#2800,10.);
#381=VECTOR('',#2805,2.1);
#382=VECTOR('',#2814,2.1);
#383=VECTOR('',#2823,2.10000000000001);
#384=VECTOR('',#2832,2.09999999999999);
#385=VECTOR('',#2839,10.);
#386=VECTOR('',#2840,10.);
#387=VECTOR('',#2841,10.);
#388=VECTOR('',#2842,10.);
#389=VECTOR('',#2843,10.);
#390=VECTOR('',#2844,10.);
#391=VECTOR('',#2845,10.);
#392=VECTOR('',#2846,10.);
#393=VECTOR('',#2847,10.);
#394=VECTOR('',#2848,10.);
#395=VECTOR('',#2849,10.);
#396=VECTOR('',#2850,10.);
#397=VECTOR('',#2851,10.);
#398=VECTOR('',#2852,10.);
#399=VECTOR('',#2853,10.);
#400=VECTOR('',#2854,10.);
#401=VECTOR('',#2859,2.1);
#402=VECTOR('',#2870,2.1);
#403=VECTOR('',#2879,10.);
#404=VECTOR('',#2880,10.);
#405=VECTOR('',#2881,10.);
#406=VECTOR('',#2882,10.);
#407=VECTOR('',#2883,10.);
#408=VECTOR('',#2886,10.);
#409=VECTOR('',#2887,10.);
#410=VECTOR('',#2888,10.);
#411=VECTOR('',#2889,10.);
#412=VECTOR('',#2890,10.);
#413=VECTOR('',#2893,10.);
#414=VECTOR('',#2894,10.);
#415=VECTOR('',#2897,10.);
#416=VECTOR('',#2898,10.);
#417=VECTOR('',#2899,10.);
#418=VECTOR('',#2900,10.);
#419=VECTOR('',#2901,10.);
#420=VECTOR('',#2902,10.);
#421=VECTOR('',#2903,10.);
#422=VECTOR('',#2904,10.);
#423=VECTOR('',#2907,10.);
#424=VECTOR('',#2908,10.);
#425=VECTOR('',#2909,10.);
#426=VECTOR('',#2910,10.);
#427=VECTOR('',#2911,10.);
#428=VECTOR('',#2912,10.);
#429=VECTOR('',#2915,10.);
#430=VECTOR('',#2916,10.);
#431=VECTOR('',#2917,10.);
#432=VECTOR('',#2920,10.);
#433=VECTOR('',#2921,10.);
#434=VECTOR('',#2922,10.);
#435=VECTOR('',#2923,10.);
#436=VECTOR('',#2924,10.);
#437=VECTOR('',#2925,10.);
#438=VECTOR('',#2926,10.);
#439=VECTOR('',#2927,10.);
#440=VECTOR('',#2928,10.);
#441=VECTOR('',#2929,10.);
#442=VECTOR('',#2932,10.);
#443=VECTOR('',#2933,10.);
#444=VECTOR('',#2934,10.);
#445=VECTOR('',#2935,10.);
#446=VECTOR('',#2936,10.);
#447=VECTOR('',#2937,10.);
#448=VECTOR('',#2940,10.);
#449=VECTOR('',#2941,10.);
#450=VECTOR('',#2942,10.);
#451=VECTOR('',#2943,10.);
#452=VECTOR('',#2944,10.);
#453=VECTOR('',#2945,10.);
#454=VECTOR('',#2946,10.);
#455=VECTOR('',#2947,10.);
#456=VECTOR('',#2948,10.);
#457=VECTOR('',#2951,10.);
#458=VECTOR('',#2952,10.);
#459=VECTOR('',#2953,10.);
#460=VECTOR('',#2954,10.);
#461=VECTOR('',#2957,10.);
#462=VECTOR('',#2958,10.);
#463=VECTOR('',#2965,10.);
#464=VECTOR('',#2968,10.);
#465=VECTOR('',#2969,10.);
#466=VECTOR('',#2970,10.);
#467=VECTOR('',#2975,10.);
#468=VECTOR('',#2976,10.);
#469=VECTOR('',#2977,10.);
#470=VECTOR('',#2978,10.);
#471=VECTOR('',#2981,10.);
#472=VECTOR('',#2982,10.);
#473=VECTOR('',#2983,10.);
#474=VECTOR('',#2986,10.);
#475=VECTOR('',#2987,10.);
#476=VECTOR('',#2990,10.);
#477=VECTOR('',#2991,10.);
#478=VECTOR('',#2992,10.);
#479=VECTOR('',#2993,10.);
#480=VECTOR('',#2994,10.);
#481=VECTOR('',#2995,10.);
#482=VECTOR('',#3004,10.);
#483=VECTOR('',#3007,10.);
#484=VECTOR('',#3010,10.);
#485=VECTOR('',#3013,10.);
#486=VECTOR('',#3016,10.);
#487=VECTOR('',#3023,4.74999999950154);
#488=VECTOR('',#3026,10.);
#489=VECTOR('',#3027,10.);
#490=VECTOR('',#3028,10.);
#491=VECTOR('',#3029,10.);
#492=VECTOR('',#3030,10.);
#493=VECTOR('',#3033,10.);
#494=VECTOR('',#3034,10.);
#495=VECTOR('',#3037,10.);
#496=VECTOR('',#3038,10.);
#497=VECTOR('',#3039,10.);
#498=VECTOR('',#3042,10.);
#499=VECTOR('',#3043,10.);
#500=VECTOR('',#3044,10.);
#501=VECTOR('',#3047,10.);
#502=VECTOR('',#3048,10.);
#503=VECTOR('',#3053,1.99999999999999);
#504=VECTOR('',#3058,2.);
#505=VECTOR('',#3063,2.);
#506=VECTOR('',#3066,10.);
#507=VECTOR('',#3067,10.);
#508=VECTOR('',#3068,10.);
#509=VECTOR('',#3071,10.);
#510=VECTOR('',#3072,10.);
#511=VECTOR('',#3073,10.);
#512=VECTOR('',#3076,10.);
#513=VECTOR('',#3079,10.);
#514=VECTOR('',#3080,10.);
#515=VECTOR('',#3083,10.);
#516=VECTOR('',#3084,10.);
#517=VECTOR('',#3085,10.);
#518=VECTOR('',#3088,10.);
#519=VECTOR('',#3091,10.);
#520=VECTOR('',#3094,10.);
#521=VECTOR('',#3095,10.);
#522=VECTOR('',#3096,10.);
#523=VECTOR('',#3097,10.);
#524=VECTOR('',#3098,10.);
#525=VECTOR('',#3099,10.);
#526=VECTOR('',#3100,10.);
#527=VECTOR('',#3101,10.);
#528=VECTOR('',#3102,10.);
#529=VECTOR('',#3103,10.);
#530=VECTOR('',#3106,10.);
#531=VECTOR('',#3107,10.);
#532=VECTOR('',#3110,10.);
#533=VECTOR('',#3111,10.);
#534=VECTOR('',#3114,10.);
#535=VECTOR('',#3117,10.);
#536=VECTOR('',#3118,10.);
#537=VECTOR('',#3119,10.);
#538=VECTOR('',#3122,10.);
#539=VECTOR('',#3123,10.);
#540=VECTOR('',#3124,10.);
#541=VECTOR('',#3127,10.);
#542=VECTOR('',#3128,10.);
#543=VECTOR('',#3129,10.);
#544=VECTOR('',#3132,10.);
#545=VECTOR('',#3133,10.);
#546=VECTOR('',#3134,10.);
#547=VECTOR('',#3135,10.);
#548=VECTOR('',#3136,10.);
#549=VECTOR('',#3137,10.);
#550=VECTOR('',#3142,10.);
#551=VECTOR('',#3145,10.);
#552=VECTOR('',#3146,10.);
#553=VECTOR('',#3147,10.);
#554=VECTOR('',#3152,10.);
#555=VECTOR('',#3153,10.);
#556=VECTOR('',#3154,10.);
#557=VECTOR('',#3157,10.);
#558=VECTOR('',#3158,10.);
#559=VECTOR('',#3161,10.);
#560=VECTOR('',#3162,10.);
#561=VECTOR('',#3165,10.);
#562=VECTOR('',#3166,10.);
#563=VECTOR('',#3167,10.);
#564=VECTOR('',#3170,10.);
#565=VECTOR('',#3173,10.);
#566=VECTOR('',#3174,10.);
#567=VECTOR('',#3175,10.);
#568=VECTOR('',#3178,10.);
#569=VECTOR('',#3181,10.);
#570=VECTOR('',#3182,10.);
#571=VECTOR('',#3185,10.);
#572=VECTOR('',#3186,10.);
#573=VECTOR('',#3189,10.);
#574=VECTOR('',#3190,10.);
#575=VECTOR('',#3193,10.);
#576=VECTOR('',#3194,10.);
#577=VECTOR('',#3197,10.);
#578=VECTOR('',#3198,10.);
#579=VECTOR('',#3201,10.);
#580=VECTOR('',#3204,10.);
#581=VECTOR('',#3207,10.);
#582=VECTOR('',#3210,10.);
#583=VECTOR('',#3211,10.);
#584=VECTOR('',#3212,10.);
#585=VECTOR('',#3213,10.);
#586=VECTOR('',#3214,10.);
#587=VECTOR('',#3215,10.);
#588=VECTOR('',#3216,10.);
#589=VECTOR('',#3217,10.);
#590=VECTOR('',#3218,10.);
#591=VECTOR('',#3221,10.);
#592=VECTOR('',#3222,10.);
#593=VECTOR('',#3225,10.);
#594=VECTOR('',#3228,10.);
#595=VECTOR('',#3231,10.);
#596=VECTOR('',#3236,10.);
#597=VECTOR('',#3237,10.);
#598=VECTOR('',#3238,10.);
#599=VECTOR('',#3241,10.);
#600=VECTOR('',#3242,10.);
#601=VECTOR('',#3243,10.);
#602=VECTOR('',#3246,10.);
#603=VECTOR('',#3247,10.);
#604=VECTOR('',#3250,10.);
#605=VECTOR('',#3251,10.);
#606=VECTOR('',#3252,10.);
#607=VECTOR('',#3255,10.);
#608=VECTOR('',#3256,10.);
#609=VECTOR('',#3261,10.);
#610=VECTOR('',#3266,10.);
#611=VECTOR('',#3273,10.);
#612=VECTOR('',#3274,10.);
#613=VECTOR('',#3275,10.);
#614=VECTOR('',#3284,10.);
#615=VECTOR('',#3287,10.);
#616=VECTOR('',#3292,10.);
#617=VECTOR('',#3295,10.);
#618=VECTOR('',#3296,10.);
#619=PLANE('',#2472);
#620=PLANE('',#2473);
#621=PLANE('',#2474);
#622=PLANE('',#2477);
#623=PLANE('',#2478);
#624=PLANE('',#2484);
#625=PLANE('',#2485);
#626=PLANE('',#2489);
#627=PLANE('',#2492);
#628=PLANE('',#2493);
#629=PLANE('',#2497);
#630=PLANE('',#2498);
#631=PLANE('',#2499);
#632=PLANE('',#2501);
#633=PLANE('',#2503);
#634=PLANE('',#2515);
#635=PLANE('',#2516);
#636=PLANE('',#2517);
#637=PLANE('',#2521);
#638=PLANE('',#2525);
#639=PLANE('',#2529);
#640=PLANE('',#2533);
#641=PLANE('',#2534);
#642=PLANE('',#2545);
#643=PLANE('',#2546);
#644=PLANE('',#2547);
#645=PLANE('',#2548);
#646=PLANE('',#2549);
#647=PLANE('',#2550);
#648=PLANE('',#2551);
#649=PLANE('',#2552);
#650=PLANE('',#2553);
#651=PLANE('',#2554);
#652=PLANE('',#2555);
#653=PLANE('',#2556);
#654=PLANE('',#2558);
#655=PLANE('',#2561);
#656=PLANE('',#2562);
#657=PLANE('',#2563);
#658=PLANE('',#2564);
#659=PLANE('',#2568);
#660=PLANE('',#2569);
#661=PLANE('',#2570);
#662=PLANE('',#2571);
#663=PLANE('',#2572);
#664=PLANE('',#2573);
#665=PLANE('',#2576);
#666=PLANE('',#2577);
#667=PLANE('',#2578);
#668=PLANE('',#2579);
#669=PLANE('',#2580);
#670=PLANE('',#2587);
#671=PLANE('',#2588);
#672=PLANE('',#2589);
#673=PLANE('',#2590);
#674=PLANE('',#2591);
#675=PLANE('',#2592);
#676=PLANE('',#2593);
#677=PLANE('',#2594);
#678=PLANE('',#2595);
#679=PLANE('',#2596);
#680=PLANE('',#2597);
#681=PLANE('',#2598);
#682=PLANE('',#2599);
#683=PLANE('',#2600);
#684=PLANE('',#2601);
#685=PLANE('',#2602);
#686=PLANE('',#2603);
#687=PLANE('',#2604);
#688=PLANE('',#2605);
#689=PLANE('',#2606);
#690=PLANE('',#2607);
#691=PLANE('',#2608);
#692=PLANE('',#2609);
#693=PLANE('',#2610);
#694=PLANE('',#2611);
#695=PLANE('',#2612);
#696=PLANE('',#2613);
#697=PLANE('',#2614);
#698=PLANE('',#2615);
#699=PLANE('',#2616);
#700=PLANE('',#2617);
#701=PLANE('',#2618);
#702=PLANE('',#2619);
#703=PLANE('',#2620);
#704=PLANE('',#2621);
#705=PLANE('',#2622);
#706=PLANE('',#2623);
#707=PLANE('',#2624);
#708=PLANE('',#2625);
#709=PLANE('',#2626);
#710=PLANE('',#2627);
#711=PLANE('',#2628);
#712=PLANE('',#2629);
#713=PLANE('',#2630);
#714=PLANE('',#2631);
#715=PLANE('',#2632);
#716=PLANE('',#2636);
#717=PLANE('',#2638);
#718=PLANE('',#2639);
#719=PLANE('',#2640);
#720=PLANE('',#2641);
#721=PLANE('',#2642);
#722=PLANE('',#2643);
#723=PLANE('',#2644);
#724=PLANE('',#2645);
#725=PLANE('',#2646);
#726=PLANE('',#2647);
#727=PLANE('',#2648);
#728=PLANE('',#2649);
#729=PLANE('',#2650);
#730=FACE_OUTER_BOUND('',#864,.T.);
#731=FACE_OUTER_BOUND('',#865,.T.);
#732=FACE_OUTER_BOUND('',#866,.T.);
#733=FACE_OUTER_BOUND('',#867,.T.);
#734=FACE_OUTER_BOUND('',#868,.T.);
#735=FACE_OUTER_BOUND('',#869,.T.);
#736=FACE_OUTER_BOUND('',#870,.T.);
#737=FACE_OUTER_BOUND('',#871,.T.);
#738=FACE_OUTER_BOUND('',#872,.T.);
#739=FACE_OUTER_BOUND('',#873,.T.);
#740=FACE_OUTER_BOUND('',#874,.T.);
#741=FACE_OUTER_BOUND('',#875,.T.);
#742=FACE_OUTER_BOUND('',#876,.T.);
#743=FACE_OUTER_BOUND('',#877,.T.);
#744=FACE_OUTER_BOUND('',#878,.T.);
#745=FACE_OUTER_BOUND('',#879,.T.);
#746=FACE_OUTER_BOUND('',#880,.T.);
#747=FACE_OUTER_BOUND('',#881,.T.);
#748=FACE_OUTER_BOUND('',#882,.T.);
#749=FACE_OUTER_BOUND('',#884,.T.);
#750=FACE_OUTER_BOUND('',#886,.T.);
#751=FACE_OUTER_BOUND('',#887,.T.);
#752=FACE_OUTER_BOUND('',#888,.T.);
#753=FACE_OUTER_BOUND('',#890,.T.);
#754=FACE_OUTER_BOUND('',#891,.T.);
#755=FACE_OUTER_BOUND('',#892,.T.);
#756=FACE_OUTER_BOUND('',#893,.T.);
#757=FACE_OUTER_BOUND('',#894,.T.);
#758=FACE_OUTER_BOUND('',#896,.T.);
#759=FACE_OUTER_BOUND('',#899,.T.);
#760=FACE_OUTER_BOUND('',#900,.T.);
#761=FACE_OUTER_BOUND('',#901,.T.);
#762=FACE_OUTER_BOUND('',#902,.T.);
#763=FACE_OUTER_BOUND('',#903,.T.);
#764=FACE_OUTER_BOUND('',#904,.T.);
#765=FACE_OUTER_BOUND('',#905,.T.);
#766=FACE_OUTER_BOUND('',#906,.T.);
#767=FACE_OUTER_BOUND('',#907,.T.);
#768=FACE_OUTER_BOUND('',#913,.T.);
#769=FACE_OUTER_BOUND('',#914,.T.);
#770=FACE_OUTER_BOUND('',#915,.T.);
#771=FACE_OUTER_BOUND('',#916,.T.);
#772=FACE_OUTER_BOUND('',#917,.T.);
#773=FACE_OUTER_BOUND('',#918,.T.);
#774=FACE_OUTER_BOUND('',#921,.T.);
#775=FACE_OUTER_BOUND('',#922,.T.);
#776=FACE_OUTER_BOUND('',#923,.T.);
#777=FACE_OUTER_BOUND('',#925,.T.);
#778=FACE_OUTER_BOUND('',#926,.T.);
#779=FACE_OUTER_BOUND('',#927,.T.);
#780=FACE_OUTER_BOUND('',#928,.T.);
#781=FACE_OUTER_BOUND('',#929,.T.);
#782=FACE_OUTER_BOUND('',#930,.T.);
#783=FACE_OUTER_BOUND('',#931,.T.);
#784=FACE_OUTER_BOUND('',#932,.T.);
#785=FACE_OUTER_BOUND('',#933,.T.);
#786=FACE_OUTER_BOUND('',#934,.T.);
#787=FACE_OUTER_BOUND('',#938,.T.);
#788=FACE_OUTER_BOUND('',#939,.T.);
#789=FACE_OUTER_BOUND('',#940,.T.);
#790=FACE_OUTER_BOUND('',#941,.T.);
#791=FACE_OUTER_BOUND('',#942,.T.);
#792=FACE_OUTER_BOUND('',#943,.T.);
#793=FACE_OUTER_BOUND('',#944,.T.);
#794=FACE_OUTER_BOUND('',#945,.T.);
#795=FACE_OUTER_BOUND('',#947,.T.);
#796=FACE_OUTER_BOUND('',#948,.T.);
#797=FACE_OUTER_BOUND('',#949,.T.);
#798=FACE_OUTER_BOUND('',#950,.T.);
#799=FACE_OUTER_BOUND('',#951,.T.);
#800=FACE_OUTER_BOUND('',#952,.T.);
#801=FACE_OUTER_BOUND('',#953,.T.);
#802=FACE_OUTER_BOUND('',#954,.T.);
#803=FACE_OUTER_BOUND('',#955,.T.);
#804=FACE_OUTER_BOUND('',#956,.T.);
#805=FACE_OUTER_BOUND('',#957,.T.);
#806=FACE_OUTER_BOUND('',#958,.T.);
#807=FACE_OUTER_BOUND('',#959,.T.);
#808=FACE_OUTER_BOUND('',#960,.T.);
#809=FACE_OUTER_BOUND('',#961,.T.);
#810=FACE_OUTER_BOUND('',#962,.T.);
#811=FACE_OUTER_BOUND('',#963,.T.);
#812=FACE_OUTER_BOUND('',#964,.T.);
#813=FACE_OUTER_BOUND('',#965,.T.);
#814=FACE_OUTER_BOUND('',#966,.T.);
#815=FACE_OUTER_BOUND('',#967,.T.);
#816=FACE_OUTER_BOUND('',#968,.T.);
#817=FACE_OUTER_BOUND('',#969,.T.);
#818=FACE_OUTER_BOUND('',#970,.T.);
#819=FACE_OUTER_BOUND('',#971,.T.);
#820=FACE_OUTER_BOUND('',#972,.T.);
#821=FACE_OUTER_BOUND('',#973,.T.);
#822=FACE_OUTER_BOUND('',#974,.T.);
#823=FACE_OUTER_BOUND('',#975,.T.);
#824=FACE_OUTER_BOUND('',#976,.T.);
#825=FACE_OUTER_BOUND('',#977,.T.);
#826=FACE_OUTER_BOUND('',#978,.T.);
#827=FACE_OUTER_BOUND('',#979,.T.);
#828=FACE_OUTER_BOUND('',#980,.T.);
#829=FACE_OUTER_BOUND('',#981,.T.);
#830=FACE_OUTER_BOUND('',#982,.T.);
#831=FACE_OUTER_BOUND('',#983,.T.);
#832=FACE_OUTER_BOUND('',#984,.T.);
#833=FACE_OUTER_BOUND('',#985,.T.);
#834=FACE_OUTER_BOUND('',#986,.T.);
#835=FACE_OUTER_BOUND('',#987,.T.);
#836=FACE_OUTER_BOUND('',#988,.T.);
#837=FACE_OUTER_BOUND('',#990,.T.);
#838=FACE_OUTER_BOUND('',#991,.T.);
#839=FACE_OUTER_BOUND('',#992,.T.);
#840=FACE_OUTER_BOUND('',#993,.T.);
#841=FACE_OUTER_BOUND('',#994,.T.);
#842=FACE_OUTER_BOUND('',#995,.T.);
#843=FACE_OUTER_BOUND('',#996,.T.);
#844=FACE_OUTER_BOUND('',#997,.T.);
#845=FACE_OUTER_BOUND('',#998,.T.);
#846=FACE_OUTER_BOUND('',#999,.T.);
#847=FACE_OUTER_BOUND('',#1000,.T.);
#848=FACE_OUTER_BOUND('',#1001,.T.);
#849=FACE_OUTER_BOUND('',#1002,.T.);
#850=FACE_OUTER_BOUND('',#1003,.T.);
#851=FACE_OUTER_BOUND('',#1004,.T.);
#852=FACE_OUTER_BOUND('',#1006,.T.);
#853=FACE_OUTER_BOUND('',#1007,.T.);
#854=FACE_OUTER_BOUND('',#1008,.T.);
#855=FACE_OUTER_BOUND('',#1009,.T.);
#856=FACE_OUTER_BOUND('',#1010,.T.);
#857=FACE_OUTER_BOUND('',#1011,.T.);
#858=FACE_OUTER_BOUND('',#1012,.T.);
#859=FACE_OUTER_BOUND('',#1013,.T.);
#860=FACE_OUTER_BOUND('',#1014,.T.);
#861=FACE_OUTER_BOUND('',#1015,.T.);
#862=FACE_OUTER_BOUND('',#1016,.T.);
#863=FACE_OUTER_BOUND('',#1017,.T.);
#864=EDGE_LOOP('',(#1630,#1631,#1632,#1633));
#865=EDGE_LOOP('',(#1634,#1635,#1636,#1637));
#866=EDGE_LOOP('',(#1638,#1639,#1640,#1641));
#867=EDGE_LOOP('',(#1642,#1643,#1644,#1645));
#868=EDGE_LOOP('',(#1646,#1647,#1648,#1649));
#869=EDGE_LOOP('',(#1650,#1651,#1652,#1653));
#870=EDGE_LOOP('',(#1654,#1655,#1656,#1657));
#871=EDGE_LOOP('',(#1658,#1659,#1660,#1661));
#872=EDGE_LOOP('',(#1662,#1663,#1664,#1665));
#873=EDGE_LOOP('',(#1666,#1667,#1668,#1669));
#874=EDGE_LOOP('',(#1670,#1671,#1672,#1673));
#875=EDGE_LOOP('',(#1674,#1675,#1676,#1677));
#876=EDGE_LOOP('',(#1678,#1679,#1680,#1681));
#877=EDGE_LOOP('',(#1682,#1683,#1684,#1685));
#878=EDGE_LOOP('',(#1686,#1687,#1688,#1689));
#879=EDGE_LOOP('',(#1690,#1691,#1692,#1693));
#880=EDGE_LOOP('',(#1694,#1695,#1696,#1697));
#881=EDGE_LOOP('',(#1698,#1699,#1700,#1701));
#882=EDGE_LOOP('',(#1702,#1703,#1704,#1705,#1706));
#883=EDGE_LOOP('',(#1707));
#884=EDGE_LOOP('',(#1708));
#885=EDGE_LOOP('',(#1709,#1710,#1711,#1712));
#886=EDGE_LOOP('',(#1713,#1714));
#887=EDGE_LOOP('',(#1715,#1716));
#888=EDGE_LOOP('',(#1717));
#889=EDGE_LOOP('',(#1718,#1719,#1720,#1721));
#890=EDGE_LOOP('',(#1722,#1723,#1724,#1725));
#891=EDGE_LOOP('',(#1726,#1727,#1728,#1729));
#892=EDGE_LOOP('',(#1730,#1731,#1732,#1733,#1734,#1735));
#893=EDGE_LOOP('',(#1736,#1737,#1738,#1739,#1740,#1741));
#894=EDGE_LOOP('',(#1742,#1743,#1744,#1745,#1746,#1747,#1748));
#895=EDGE_LOOP('',(#1749));
#896=EDGE_LOOP('',(#1750,#1751,#1752,#1753,#1754,#1755,#1756,#1757));
#897=EDGE_LOOP('',(#1758));
#898=EDGE_LOOP('',(#1759));
#899=EDGE_LOOP('',(#1760,#1761,#1762,#1763));
#900=EDGE_LOOP('',(#1764));
#901=EDGE_LOOP('',(#1765,#1766,#1767,#1768));
#902=EDGE_LOOP('',(#1769));
#903=EDGE_LOOP('',(#1770,#1771,#1772,#1773));
#904=EDGE_LOOP('',(#1774));
#905=EDGE_LOOP('',(#1775,#1776,#1777,#1778));
#906=EDGE_LOOP('',(#1779));
#907=EDGE_LOOP('',(#1780,#1781,#1782,#1783,#1784,#1785,#1786,#1787));
#908=EDGE_LOOP('',(#1788));
#909=EDGE_LOOP('',(#1789));
#910=EDGE_LOOP('',(#1790));
#911=EDGE_LOOP('',(#1791));
#912=EDGE_LOOP('',(#1792,#1793,#1794,#1795,#1796,#1797,#1798,#1799));
#913=EDGE_LOOP('',(#1800,#1801,#1802,#1803,#1804,#1805));
#914=EDGE_LOOP('',(#1806,#1807,#1808,#1809,#1810,#1811));
#915=EDGE_LOOP('',(#1812,#1813,#1814,#1815,#1816,#1817));
#916=EDGE_LOOP('',(#1818,#1819,#1820,#1821,#1822,#1823));
#917=EDGE_LOOP('',(#1824,#1825,#1826,#1827,#1828,#1829,#1830,#1831,#1832,
#1833));
#918=EDGE_LOOP('',(#1834,#1835,#1836,#1837,#1838,#1839,#1840,#1841));
#919=EDGE_LOOP('',(#1842));
#920=EDGE_LOOP('',(#1843));
#921=EDGE_LOOP('',(#1844,#1845,#1846,#1847,#1848,#1849));
#922=EDGE_LOOP('',(#1850,#1851,#1852,#1853));
#923=EDGE_LOOP('',(#1854,#1855,#1856,#1857));
#924=EDGE_LOOP('',(#1858,#1859,#1860,#1861,#1862,#1863,#1864,#1865,#1866,
#1867,#1868));
#925=EDGE_LOOP('',(#1869,#1870,#1871,#1872,#1873,#1874));
#926=EDGE_LOOP('',(#1875,#1876,#1877,#1878,#1879,#1880,#1881,#1882,#1883,
#1884,#1885));
#927=EDGE_LOOP('',(#1886,#1887,#1888,#1889));
#928=EDGE_LOOP('',(#1890,#1891,#1892,#1893));
#929=EDGE_LOOP('',(#1894,#1895,#1896));
#930=EDGE_LOOP('',(#1897,#1898,#1899,#1900,#1901,#1902,#1903));
#931=EDGE_LOOP('',(#1904,#1905,#1906,#1907,#1908,#1909,#1910,#1911));
#932=EDGE_LOOP('',(#1912,#1913,#1914,#1915));
#933=EDGE_LOOP('',(#1916,#1917,#1918,#1919));
#934=EDGE_LOOP('',(#1920,#1921,#1922,#1923,#1924,#1925,#1926,#1927));
#935=EDGE_LOOP('',(#1928));
#936=EDGE_LOOP('',(#1929));
#937=EDGE_LOOP('',(#1930));
#938=EDGE_LOOP('',(#1931,#1932,#1933,#1934));
#939=EDGE_LOOP('',(#1935,#1936,#1937,#1938));
#940=EDGE_LOOP('',(#1939,#1940,#1941,#1942));
#941=EDGE_LOOP('',(#1943,#1944,#1945,#1946));
#942=EDGE_LOOP('',(#1947,#1948,#1949,#1950));
#943=EDGE_LOOP('',(#1951,#1952,#1953,#1954));
#944=EDGE_LOOP('',(#1955,#1956,#1957,#1958));
#945=EDGE_LOOP('',(#1959,#1960,#1961,#1962,#1963));
#946=EDGE_LOOP('',(#1964));
#947=EDGE_LOOP('',(#1965,#1966,#1967,#1968));
#948=EDGE_LOOP('',(#1969,#1970,#1971,#1972,#1973,#1974));
#949=EDGE_LOOP('',(#1975,#1976,#1977,#1978,#1979,#1980,#1981,#1982));
#950=EDGE_LOOP('',(#1983,#1984,#1985,#1986));
#951=EDGE_LOOP('',(#1987,#1988,#1989,#1990));
#952=EDGE_LOOP('',(#1991,#1992,#1993,#1994));
#953=EDGE_LOOP('',(#1995,#1996,#1997,#1998));
#954=EDGE_LOOP('',(#1999,#2000,#2001,#2002));
#955=EDGE_LOOP('',(#2003,#2004,#2005,#2006));
#956=EDGE_LOOP('',(#2007,#2008,#2009,#2010));
#957=EDGE_LOOP('',(#2011,#2012,#2013,#2014));
#958=EDGE_LOOP('',(#2015,#2016,#2017,#2018));
#959=EDGE_LOOP('',(#2019,#2020,#2021,#2022));
#960=EDGE_LOOP('',(#2023,#2024,#2025,#2026));
#961=EDGE_LOOP('',(#2027,#2028,#2029,#2030,#2031,#2032,#2033,#2034,#2035,
#2036,#2037,#2038,#2039,#2040,#2041,#2042,#2043));
#962=EDGE_LOOP('',(#2044,#2045,#2046,#2047));
#963=EDGE_LOOP('',(#2048,#2049,#2050,#2051));
#964=EDGE_LOOP('',(#2052,#2053,#2054,#2055));
#965=EDGE_LOOP('',(#2056,#2057,#2058,#2059));
#966=EDGE_LOOP('',(#2060,#2061,#2062,#2063,#2064,#2065,#2066,#2067,#2068,
#2069,#2070,#2071));
#967=EDGE_LOOP('',(#2072,#2073,#2074,#2075));
#968=EDGE_LOOP('',(#2076,#2077,#2078,#2079,#2080,#2081,#2082,#2083,#2084,
#2085,#2086,#2087));
#969=EDGE_LOOP('',(#2088,#2089,#2090,#2091));
#970=EDGE_LOOP('',(#2092,#2093,#2094,#2095));
#971=EDGE_LOOP('',(#2096,#2097,#2098));
#972=EDGE_LOOP('',(#2099,#2100,#2101,#2102));
#973=EDGE_LOOP('',(#2103,#2104,#2105));
#974=EDGE_LOOP('',(#2106,#2107,#2108,#2109));
#975=EDGE_LOOP('',(#2110,#2111,#2112,#2113));
#976=EDGE_LOOP('',(#2114,#2115,#2116));
#977=EDGE_LOOP('',(#2117,#2118,#2119,#2120));
#978=EDGE_LOOP('',(#2121,#2122,#2123));
#979=EDGE_LOOP('',(#2124,#2125,#2126,#2127));
#980=EDGE_LOOP('',(#2128,#2129,#2130,#2131));
#981=EDGE_LOOP('',(#2132,#2133,#2134,#2135));
#982=EDGE_LOOP('',(#2136,#2137,#2138,#2139,#2140));
#983=EDGE_LOOP('',(#2141,#2142,#2143,#2144));
#984=EDGE_LOOP('',(#2145,#2146,#2147,#2148));
#985=EDGE_LOOP('',(#2149,#2150,#2151,#2152));
#986=EDGE_LOOP('',(#2153,#2154,#2155,#2156));
#987=EDGE_LOOP('',(#2157,#2158,#2159,#2160));
#988=EDGE_LOOP('',(#2161,#2162,#2163,#2164,#2165,#2166,#2167,#2168,#2169,
#2170,#2171,#2172,#2173,#2174,#2175,#2176));
#989=EDGE_LOOP('',(#2177,#2178,#2179,#2180));
#990=EDGE_LOOP('',(#2181,#2182,#2183,#2184,#2185));
#991=EDGE_LOOP('',(#2186,#2187,#2188,#2189));
#992=EDGE_LOOP('',(#2190,#2191,#2192,#2193));
#993=EDGE_LOOP('',(#2194,#2195,#2196,#2197));
#994=EDGE_LOOP('',(#2198,#2199,#2200,#2201,#2202));
#995=EDGE_LOOP('',(#2203,#2204,#2205,#2206));
#996=EDGE_LOOP('',(#2207,#2208,#2209,#2210));
#997=EDGE_LOOP('',(#2211,#2212,#2213,#2214,#2215,#2216));
#998=EDGE_LOOP('',(#2217,#2218,#2219,#2220,#2221,#2222));
#999=EDGE_LOOP('',(#2223,#2224,#2225,#2226,#2227,#2228));
#1000=EDGE_LOOP('',(#2229,#2230,#2231,#2232,#2233,#2234,#2235,#2236));
#1001=EDGE_LOOP('',(#2237,#2238,#2239,#2240,#2241));
#1002=EDGE_LOOP('',(#2242,#2243,#2244,#2245,#2246,#2247));
#1003=EDGE_LOOP('',(#2248,#2249,#2250,#2251));
#1004=EDGE_LOOP('',(#2252,#2253,#2254,#2255));
#1005=EDGE_LOOP('',(#2256,#2257,#2258,#2259,#2260,#2261,#2262,#2263));
#1006=EDGE_LOOP('',(#2264));
#1007=EDGE_LOOP('',(#2265,#2266,#2267,#2268,#2269));
#1008=EDGE_LOOP('',(#2270,#2271,#2272,#2273));
#1009=EDGE_LOOP('',(#2274,#2275,#2276,#2277));
#1010=EDGE_LOOP('',(#2278,#2279,#2280,#2281));
#1011=EDGE_LOOP('',(#2282,#2283,#2284,#2285));
#1012=EDGE_LOOP('',(#2286,#2287,#2288,#2289));
#1013=EDGE_LOOP('',(#2290,#2291,#2292,#2293,#2294,#2295,#2296,#2297,#2298,
#2299,#2300,#2301));
#1014=EDGE_LOOP('',(#2302,#2303,#2304,#2305));
#1015=EDGE_LOOP('',(#2306,#2307,#2308,#2309));
#1016=EDGE_LOOP('',(#2310));
#1017=EDGE_LOOP('',(#2311));
#1018=B_SPLINE_CURVE_WITH_KNOTS('',3,(#3311,#3312,#3313,#3314),
 .UNSPECIFIED.,.F.,.F.,(4,4),(0.,0.0712813173475804),.UNSPECIFIED.);
#1019=B_SPLINE_CURVE_WITH_KNOTS('',3,(#3317,#3318,#3319,#3320),
 .UNSPECIFIED.,.F.,.F.,(4,4),(0.,0.0713019192854502),.UNSPECIFIED.);
#1020=B_SPLINE_CURVE_WITH_KNOTS('',3,(#3326,#3327,#3328,#3329),
 .UNSPECIFIED.,.F.,.F.,(4,4),(0.,0.0713019192855026),.UNSPECIFIED.);
#1021=B_SPLINE_CURVE_WITH_KNOTS('',3,(#3332,#3333,#3334,#3335),
 .UNSPECIFIED.,.F.,.F.,(4,4),(0.,0.0713019192854418),.UNSPECIFIED.);
#1022=B_SPLINE_CURVE_WITH_KNOTS('',3,(#3364,#3365,#3366,#3367),
 .UNSPECIFIED.,.F.,.F.,(4,4),(0.,0.0712812977418498),.UNSPECIFIED.);
#1023=B_SPLINE_CURVE_WITH_KNOTS('',3,(#3370,#3371,#3372,#3373),
 .UNSPECIFIED.,.F.,.F.,(4,4),(0.,0.0713019393705761),.UNSPECIFIED.);
#1024=B_SPLINE_CURVE_WITH_KNOTS('',3,(#3379,#3380,#3381,#3382),
 .UNSPECIFIED.,.F.,.F.,(4,4),(0.,0.0713018996420931),.UNSPECIFIED.);
#1025=B_SPLINE_CURVE_WITH_KNOTS('',3,(#3388,#3389,#3390,#3391),
 .UNSPECIFIED.,.F.,.F.,(4,4),(0.,0.0713019393705487),.UNSPECIFIED.);
#1026=CIRCLE('',#2467,1.99999999999999);
#1027=CIRCLE('',#2468,1.49999999999999);
#1028=CIRCLE('',#2470,1.49999999999999);
#1029=CIRCLE('',#2471,1.99999999999999);
#1030=CIRCLE('',#2476,1.99999999999999);
#1031=CIRCLE('',#2480,1.99999999999999);
#1032=CIRCLE('',#2482,1.99999999999999);
#1033=CIRCLE('',#2483,1.49999999999999);
#1034=CIRCLE('',#2487,1.99999999999999);
#1035=CIRCLE('',#2488,1.49999999999999);
#1036=CIRCLE('',#2491,1.99999999999999);
#1037=CIRCLE('',#2495,4.49999999999999);
#1038=CIRCLE('',#2496,3.5);
#1039=CIRCLE('',#2500,1.99999999999999);
#1040=CIRCLE('',#2502,1.99999999999999);
#1041=CIRCLE('',#2504,3.5);
#1042=CIRCLE('',#2505,1.99999999999999);
#1043=CIRCLE('',#2508,2.10000000000001);
#1044=CIRCLE('',#2509,2.10000000000001);
#1045=CIRCLE('',#2511,2.10000000000001);
#1046=CIRCLE('',#2512,2.10000000000001);
#1047=CIRCLE('',#2514,2.10000000000001);
#1048=CIRCLE('',#2519,2.1);
#1049=CIRCLE('',#2520,2.1);
#1050=CIRCLE('',#2523,2.1);
#1051=CIRCLE('',#2524,2.1);
#1052=CIRCLE('',#2527,2.10000000000001);
#1053=CIRCLE('',#2528,2.10000000000001);
#1054=CIRCLE('',#2531,2.09999999999999);
#1055=CIRCLE('',#2532,2.09999999999999);
#1056=CIRCLE('',#2536,2.1);
#1057=CIRCLE('',#2537,2.1);
#1058=CIRCLE('',#2539,2.1);
#1059=CIRCLE('',#2541,2.1);
#1060=CIRCLE('',#2542,2.1);
#1061=CIRCLE('',#2544,2.1);
#1062=CIRCLE('',#2557,17.);
#1063=CIRCLE('',#2559,17.);
#1064=CIRCLE('',#2560,19.25);
#1065=CIRCLE('',#2565,2.);
#1066=CIRCLE('',#2566,2.);
#1067=CIRCLE('',#2567,1.99999999999999);
#1068=CIRCLE('',#2575,5.99999999900307);
#1069=CIRCLE('',#2582,1.99999999999999);
#1070=CIRCLE('',#2584,2.);
#1071=CIRCLE('',#2586,2.);
#1072=CIRCLE('',#2633,19.25);
#1073=CIRCLE('',#2634,17.);
#1074=VERTEX_POINT('',#3307);
#1075=VERTEX_POINT('',#3308);
#1076=VERTEX_POINT('',#3310);
#1077=VERTEX_POINT('',#3315);
#1078=VERTEX_POINT('',#3322);
#1079=VERTEX_POINT('',#3323);
#1080=VERTEX_POINT('',#3325);
#1081=VERTEX_POINT('',#3330);
#1082=VERTEX_POINT('',#3343);
#1083=VERTEX_POINT('',#3345);
#1084=VERTEX_POINT('',#3349);
#1085=VERTEX_POINT('',#3354);
#1086=VERTEX_POINT('',#3360);
#1087=VERTEX_POINT('',#3361);
#1088=VERTEX_POINT('',#3363);
#1089=VERTEX_POINT('',#3368);
#1090=VERTEX_POINT('',#3375);
#1091=VERTEX_POINT('',#3377);
#1092=VERTEX_POINT('',#3384);
#1093=VERTEX_POINT('',#3386);
#1094=VERTEX_POINT('',#3396);
#1095=VERTEX_POINT('',#3398);
#1096=VERTEX_POINT('',#3402);
#1097=VERTEX_POINT('',#3407);
#1098=VERTEX_POINT('',#3411);
#1099=VERTEX_POINT('',#3413);
#1100=VERTEX_POINT('',#3417);
#1101=VERTEX_POINT('',#3418);
#1102=VERTEX_POINT('',#3420);
#1103=VERTEX_POINT('',#3422);
#1104=VERTEX_POINT('',#3424);
#1105=VERTEX_POINT('',#3433);
#1106=VERTEX_POINT('',#3438);
#1107=VERTEX_POINT('',#3440);
#1108=VERTEX_POINT('',#3444);
#1109=VERTEX_POINT('',#3446);
#1110=VERTEX_POINT('',#3448);
#1111=VERTEX_POINT('',#3450);
#1112=VERTEX_POINT('',#3454);
#1113=VERTEX_POINT('',#3456);
#1114=VERTEX_POINT('',#3458);
#1115=VERTEX_POINT('',#3460);
#1116=VERTEX_POINT('',#3464);
#1117=VERTEX_POINT('',#3466);
#1118=VERTEX_POINT('',#3470);
#1119=VERTEX_POINT('',#3471);
#1120=VERTEX_POINT('',#3473);
#1121=VERTEX_POINT('',#3475);
#1122=VERTEX_POINT('',#3477);
#1123=VERTEX_POINT('',#3479);
#1124=VERTEX_POINT('',#3481);
#1125=VERTEX_POINT('',#3483);
#1126=VERTEX_POINT('',#3487);
#1127=VERTEX_POINT('',#3489);
#1128=VERTEX_POINT('',#3494);
#1129=VERTEX_POINT('',#3496);
#1130=VERTEX_POINT('',#3501);
#1131=VERTEX_POINT('',#3503);
#1132=VERTEX_POINT('',#3508);
#1133=VERTEX_POINT('',#3510);
#1134=VERTEX_POINT('',#3515);
#1135=VERTEX_POINT('',#3516);
#1136=VERTEX_POINT('',#3518);
#1137=VERTEX_POINT('',#3520);
#1138=VERTEX_POINT('',#3522);
#1139=VERTEX_POINT('',#3524);
#1140=VERTEX_POINT('',#3526);
#1141=VERTEX_POINT('',#3528);
#1142=VERTEX_POINT('',#3531);
#1143=VERTEX_POINT('',#3532);
#1144=VERTEX_POINT('',#3534);
#1145=VERTEX_POINT('',#3536);
#1146=VERTEX_POINT('',#3538);
#1147=VERTEX_POINT('',#3540);
#1148=VERTEX_POINT('',#3542);
#1149=VERTEX_POINT('',#3544);
#1150=VERTEX_POINT('',#3548);
#1151=VERTEX_POINT('',#3550);
#1152=VERTEX_POINT('',#3552);
#1153=VERTEX_POINT('',#3554);
#1154=VERTEX_POINT('',#3558);
#1155=VERTEX_POINT('',#3560);
#1156=VERTEX_POINT('',#3562);
#1157=VERTEX_POINT('',#3564);
#1158=VERTEX_POINT('',#3568);
#1159=VERTEX_POINT('',#3570);
#1160=VERTEX_POINT('',#3572);
#1161=VERTEX_POINT('',#3574);
#1162=VERTEX_POINT('',#3578);
#1163=VERTEX_POINT('',#3580);
#1164=VERTEX_POINT('',#3582);
#1165=VERTEX_POINT('',#3584);
#1166=VERTEX_POINT('',#3591);
#1167=VERTEX_POINT('',#3592);
#1168=VERTEX_POINT('',#3594);
#1169=VERTEX_POINT('',#3596);
#1170=VERTEX_POINT('',#3598);
#1171=VERTEX_POINT('',#3600);
#1172=VERTEX_POINT('',#3602);
#1173=VERTEX_POINT('',#3604);
#1174=VERTEX_POINT('',#3608);
#1175=VERTEX_POINT('',#3609);
#1176=VERTEX_POINT('',#3611);
#1177=VERTEX_POINT('',#3613);
#1178=VERTEX_POINT('',#3615);
#1179=VERTEX_POINT('',#3617);
#1180=VERTEX_POINT('',#3621);
#1181=VERTEX_POINT('',#3623);
#1182=VERTEX_POINT('',#3629);
#1183=VERTEX_POINT('',#3632);
#1184=VERTEX_POINT('',#3634);
#1185=VERTEX_POINT('',#3636);
#1186=VERTEX_POINT('',#3638);
#1187=VERTEX_POINT('',#3640);
#1188=VERTEX_POINT('',#3644);
#1189=VERTEX_POINT('',#3645);
#1190=VERTEX_POINT('',#3647);
#1191=VERTEX_POINT('',#3649);
#1192=VERTEX_POINT('',#3651);
#1193=VERTEX_POINT('',#3653);
#1194=VERTEX_POINT('',#3658);
#1195=VERTEX_POINT('',#3660);
#1196=VERTEX_POINT('',#3662);
#1197=VERTEX_POINT('',#3664);
#1198=VERTEX_POINT('',#3666);
#1199=VERTEX_POINT('',#3668);
#1200=VERTEX_POINT('',#3670);
#1201=VERTEX_POINT('',#3674);
#1202=VERTEX_POINT('',#3675);
#1203=VERTEX_POINT('',#3677);
#1204=VERTEX_POINT('',#3679);
#1205=VERTEX_POINT('',#3688);
#1206=VERTEX_POINT('',#3690);
#1207=VERTEX_POINT('',#3692);
#1208=VERTEX_POINT('',#3694);
#1209=VERTEX_POINT('',#3696);
#1210=VERTEX_POINT('',#3700);
#1211=VERTEX_POINT('',#3702);
#1212=VERTEX_POINT('',#3707);
#1213=VERTEX_POINT('',#3708);
#1214=VERTEX_POINT('',#3713);
#1215=VERTEX_POINT('',#3717);
#1216=VERTEX_POINT('',#3719);
#1217=VERTEX_POINT('',#3721);
#1218=VERTEX_POINT('',#3723);
#1219=VERTEX_POINT('',#3725);
#1220=VERTEX_POINT('',#3728);
#1221=VERTEX_POINT('',#3730);
#1222=VERTEX_POINT('',#3732);
#1223=VERTEX_POINT('',#3746);
#1224=VERTEX_POINT('',#3750);
#1225=VERTEX_POINT('',#3751);
#1226=VERTEX_POINT('',#3753);
#1227=VERTEX_POINT('',#3755);
#1228=VERTEX_POINT('',#3757);
#1229=VERTEX_POINT('',#3761);
#1230=VERTEX_POINT('',#3765);
#1231=VERTEX_POINT('',#3767);
#1232=VERTEX_POINT('',#3771);
#1233=VERTEX_POINT('',#3772);
#1234=VERTEX_POINT('',#3777);
#1235=VERTEX_POINT('',#3781);
#1236=VERTEX_POINT('',#3785);
#1237=VERTEX_POINT('',#3789);
#1238=VERTEX_POINT('',#3793);
#1239=VERTEX_POINT('',#3794);
#1240=VERTEX_POINT('',#3799);
#1241=VERTEX_POINT('',#3806);
#1242=VERTEX_POINT('',#3810);
#1243=VERTEX_POINT('',#3811);
#1244=VERTEX_POINT('',#3820);
#1245=VERTEX_POINT('',#3822);
#1246=VERTEX_POINT('',#3825);
#1247=VERTEX_POINT('',#3827);
#1248=VERTEX_POINT('',#3829);
#1249=VERTEX_POINT('',#3831);
#1250=VERTEX_POINT('',#3833);
#1251=VERTEX_POINT('',#3838);
#1252=VERTEX_POINT('',#3842);
#1253=VERTEX_POINT('',#3848);
#1254=VERTEX_POINT('',#3850);
#1255=VERTEX_POINT('',#3858);
#1256=VERTEX_POINT('',#3860);
#1257=VERTEX_POINT('',#3864);
#1258=VERTEX_POINT('',#3866);
#1259=VERTEX_POINT('',#3869);
#1260=VERTEX_POINT('',#3871);
#1261=VERTEX_POINT('',#3878);
#1262=VERTEX_POINT('',#3884);
#1263=VERTEX_POINT('',#3885);
#1264=VERTEX_POINT('',#3890);
#1265=VERTEX_POINT('',#3894);
#1266=VERTEX_POINT('',#3899);
#1267=VERTEX_POINT('',#3905);
#1268=VERTEX_POINT('',#3907);
#1269=VERTEX_POINT('',#3916);
#1270=VERTEX_POINT('',#3920);
#1271=VERTEX_POINT('',#3927);
#1272=VERTEX_POINT('',#3939);
#1273=VERTEX_POINT('',#3941);
#1274=VERTEX_POINT('',#3944);
#1275=VERTEX_POINT('',#3945);
#1276=VERTEX_POINT('',#3947);
#1277=VERTEX_POINT('',#3949);
#1278=VERTEX_POINT('',#3953);
#1279=VERTEX_POINT('',#3964);
#1280=VERTEX_POINT('',#3966);
#1281=VERTEX_POINT('',#3970);
#1282=VERTEX_POINT('',#3971);
#1283=VERTEX_POINT('',#3979);
#1284=VERTEX_POINT('',#3980);
#1285=VERTEX_POINT('',#3985);
#1286=VERTEX_POINT('',#3990);
#1287=VERTEX_POINT('',#3998);
#1288=VERTEX_POINT('',#4000);
#1289=EDGE_CURVE('',#1074,#1075,#1026,.T.);
#1290=EDGE_CURVE('',#1075,#1076,#1018,.T.);
#1291=EDGE_CURVE('',#1076,#1077,#1027,.T.);
#1292=EDGE_CURVE('',#1077,#1074,#1019,.T.);
#1293=EDGE_CURVE('',#1078,#1079,#1028,.T.);
#1294=EDGE_CURVE('',#1079,#1080,#1020,.T.);
#1295=EDGE_CURVE('',#1080,#1081,#1029,.T.);
#1296=EDGE_CURVE('',#1078,#1081,#1021,.T.);
#1297=EDGE_CURVE('',#1075,#1080,#55,.T.);
#1298=EDGE_CURVE('',#1079,#1076,#56,.T.);
#1299=EDGE_CURVE('',#1081,#1074,#57,.T.);
#1300=EDGE_CURVE('',#1077,#1078,#58,.T.);
#1301=EDGE_CURVE('',#1082,#1081,#59,.T.);
#1302=EDGE_CURVE('',#1082,#1083,#60,.T.);
#1303=EDGE_CURVE('',#1074,#1083,#61,.T.);
#1304=EDGE_CURVE('',#1084,#1080,#62,.T.);
#1305=EDGE_CURVE('',#1084,#1082,#1030,.T.);
#1306=EDGE_CURVE('',#1085,#1075,#63,.T.);
#1307=EDGE_CURVE('',#1085,#1084,#64,.T.);
#1308=EDGE_CURVE('',#1083,#1085,#1031,.T.);
#1309=EDGE_CURVE('',#1086,#1087,#1032,.T.);
#1310=EDGE_CURVE('',#1087,#1088,#1022,.T.);
#1311=EDGE_CURVE('',#1088,#1089,#1033,.T.);
#1312=EDGE_CURVE('',#1089,#1086,#1023,.T.);
#1313=EDGE_CURVE('',#1090,#1088,#65,.T.);
#1314=EDGE_CURVE('',#1087,#1091,#66,.T.);
#1315=EDGE_CURVE('',#1090,#1091,#1024,.T.);
#1316=EDGE_CURVE('',#1092,#1086,#67,.T.);
#1317=EDGE_CURVE('',#1089,#1093,#68,.T.);
#1318=EDGE_CURVE('',#1093,#1092,#1025,.T.);
#1319=EDGE_CURVE('',#1091,#1092,#1034,.T.);
#1320=EDGE_CURVE('',#1093,#1090,#1035,.T.);
#1321=EDGE_CURVE('',#1094,#1087,#69,.T.);
#1322=EDGE_CURVE('',#1094,#1095,#70,.T.);
#1323=EDGE_CURVE('',#1091,#1095,#71,.T.);
#1324=EDGE_CURVE('',#1086,#1096,#72,.T.);
#1325=EDGE_CURVE('',#1096,#1094,#1036,.T.);
#1326=EDGE_CURVE('',#1097,#1092,#73,.T.);
#1327=EDGE_CURVE('',#1097,#1096,#74,.T.);
#1328=EDGE_CURVE('',#1098,#1098,#1037,.T.);
#1329=EDGE_CURVE('',#1098,#1099,#75,.T.);
#1330=EDGE_CURVE('',#1099,#1099,#1038,.T.);
#1331=EDGE_CURVE('',#1100,#1101,#76,.T.);
#1332=EDGE_CURVE('',#1102,#1100,#77,.T.);
#1333=EDGE_CURVE('',#1103,#1102,#78,.T.);
#1334=EDGE_CURVE('',#1104,#1103,#79,.T.);
#1335=EDGE_CURVE('',#1104,#1101,#80,.T.);
#1336=EDGE_CURVE('',#1097,#1096,#1039,.T.);
#1337=EDGE_CURVE('',#1094,#1095,#1040,.T.);
#1338=EDGE_CURVE('',#1105,#1105,#1041,.T.);
#1339=EDGE_CURVE('',#1095,#1097,#1042,.T.);
#1340=EDGE_CURVE('',#1106,#1106,#1043,.T.);
#1341=EDGE_CURVE('',#1106,#1107,#81,.T.);
#1342=EDGE_CURVE('',#1107,#1107,#1044,.T.);
#1343=EDGE_CURVE('',#1108,#1108,#1045,.T.);
#1344=EDGE_CURVE('',#1108,#1109,#82,.T.);
#1345=EDGE_CURVE('',#1110,#1109,#1046,.T.);
#1346=EDGE_CURVE('',#1111,#1110,#15,.T.);
#1347=EDGE_CURVE('',#1109,#1111,#1047,.T.);
#1348=EDGE_CURVE('',#1110,#1112,#83,.T.);
#1349=EDGE_CURVE('',#1112,#1113,#84,.T.);
#1350=EDGE_CURVE('',#1113,#1114,#85,.T.);
#1351=EDGE_CURVE('',#1114,#1115,#86,.T.);
#1352=EDGE_CURVE('',#1115,#1111,#87,.T.);
#1353=EDGE_CURVE('',#1115,#1116,#88,.T.);
#1354=EDGE_CURVE('',#1117,#1116,#89,.T.);
#1355=EDGE_CURVE('',#1117,#1112,#90,.T.);
#1356=EDGE_CURVE('',#1118,#1119,#91,.T.);
#1357=EDGE_CURVE('',#1118,#1120,#92,.T.);
#1358=EDGE_CURVE('',#1121,#1120,#93,.T.);
#1359=EDGE_CURVE('',#1121,#1122,#94,.T.);
#1360=EDGE_CURVE('',#1123,#1122,#95,.T.);
#1361=EDGE_CURVE('',#1123,#1124,#96,.T.);
#1362=EDGE_CURVE('',#1125,#1124,#97,.T.);
#1363=EDGE_CURVE('',#1125,#1119,#98,.T.);
#1364=EDGE_CURVE('',#1126,#1126,#1048,.T.);
#1365=EDGE_CURVE('',#1126,#1127,#99,.T.);
#1366=EDGE_CURVE('',#1127,#1127,#1049,.T.);
#1367=EDGE_CURVE('',#1128,#1128,#1050,.T.);
#1368=EDGE_CURVE('',#1128,#1129,#100,.T.);
#1369=EDGE_CURVE('',#1129,#1129,#1051,.T.);
#1370=EDGE_CURVE('',#1130,#1130,#1052,.T.);
#1371=EDGE_CURVE('',#1130,#1131,#101,.T.);
#1372=EDGE_CURVE('',#1131,#1131,#1053,.T.);
#1373=EDGE_CURVE('',#1132,#1132,#1054,.T.);
#1374=EDGE_CURVE('',#1132,#1133,#102,.T.);
#1375=EDGE_CURVE('',#1133,#1133,#1055,.T.);
#1376=EDGE_CURVE('',#1134,#1135,#103,.T.);
#1377=EDGE_CURVE('',#1135,#1136,#104,.T.);
#1378=EDGE_CURVE('',#1136,#1137,#105,.T.);
#1379=EDGE_CURVE('',#1137,#1138,#106,.T.);
#1380=EDGE_CURVE('',#1138,#1139,#107,.T.);
#1381=EDGE_CURVE('',#1139,#1140,#108,.T.);
#1382=EDGE_CURVE('',#1140,#1141,#109,.T.);
#1383=EDGE_CURVE('',#1141,#1134,#110,.T.);
#1384=EDGE_CURVE('',#1142,#1143,#111,.T.);
#1385=EDGE_CURVE('',#1144,#1142,#112,.F.);
#1386=EDGE_CURVE('',#1144,#1145,#113,.T.);
#1387=EDGE_CURVE('',#1146,#1145,#114,.F.);
#1388=EDGE_CURVE('',#1147,#1146,#115,.T.);
#1389=EDGE_CURVE('',#1148,#1147,#116,.F.);
#1390=EDGE_CURVE('',#1149,#1148,#117,.T.);
#1391=EDGE_CURVE('',#1143,#1149,#118,.F.);
#1392=EDGE_CURVE('',#1150,#1150,#1056,.T.);
#1393=EDGE_CURVE('',#1150,#1151,#119,.T.);
#1394=EDGE_CURVE('',#1152,#1151,#1057,.T.);
#1395=EDGE_CURVE('',#1153,#1152,#16,.T.);
#1396=EDGE_CURVE('',#1151,#1153,#1058,.T.);
#1397=EDGE_CURVE('',#1154,#1154,#1059,.T.);
#1398=EDGE_CURVE('',#1154,#1155,#120,.T.);
#1399=EDGE_CURVE('',#1156,#1155,#1060,.T.);
#1400=EDGE_CURVE('',#1157,#1156,#17,.T.);
#1401=EDGE_CURVE('',#1155,#1157,#1061,.T.);
#1402=EDGE_CURVE('',#1152,#1158,#121,.T.);
#1403=EDGE_CURVE('',#1158,#1159,#122,.T.);
#1404=EDGE_CURVE('',#1159,#1160,#123,.T.);
#1405=EDGE_CURVE('',#1160,#1161,#124,.T.);
#1406=EDGE_CURVE('',#1161,#1153,#125,.T.);
#1407=EDGE_CURVE('',#1156,#1162,#126,.T.);
#1408=EDGE_CURVE('',#1162,#1163,#127,.T.);
#1409=EDGE_CURVE('',#1163,#1164,#128,.T.);
#1410=EDGE_CURVE('',#1164,#1165,#129,.T.);
#1411=EDGE_CURVE('',#1165,#1157,#130,.T.);
#1412=EDGE_CURVE('',#1161,#1162,#131,.T.);
#1413=EDGE_CURVE('',#1165,#1158,#132,.T.);
#1414=EDGE_CURVE('',#1166,#1167,#133,.T.);
#1415=EDGE_CURVE('',#1168,#1166,#134,.T.);
#1416=EDGE_CURVE('',#1169,#1168,#135,.T.);
#1417=EDGE_CURVE('',#1170,#1169,#136,.T.);
#1418=EDGE_CURVE('',#1171,#1170,#137,.T.);
#1419=EDGE_CURVE('',#1171,#1172,#138,.T.);
#1420=EDGE_CURVE('',#1173,#1172,#139,.T.);
#1421=EDGE_CURVE('',#1173,#1167,#140,.T.);
#1422=EDGE_CURVE('',#1174,#1175,#141,.T.);
#1423=EDGE_CURVE('',#1176,#1174,#142,.T.);
#1424=EDGE_CURVE('',#1176,#1177,#143,.T.);
#1425=EDGE_CURVE('',#1178,#1177,#144,.T.);
#1426=EDGE_CURVE('',#1178,#1179,#145,.T.);
#1427=EDGE_CURVE('',#1179,#1175,#146,.T.);
#1428=EDGE_CURVE('',#1180,#1174,#147,.T.);
#1429=EDGE_CURVE('',#1180,#1181,#148,.T.);
#1430=EDGE_CURVE('',#1181,#1176,#149,.T.);
#1431=EDGE_CURVE('',#1120,#1104,#150,.T.);
#1432=EDGE_CURVE('',#1101,#1118,#151,.T.);
#1433=EDGE_CURVE('',#1182,#1180,#152,.T.);
#1434=EDGE_CURVE('',#1182,#1113,#153,.T.);
#1435=EDGE_CURVE('',#1183,#1117,#154,.T.);
#1436=EDGE_CURVE('',#1183,#1184,#155,.T.);
#1437=EDGE_CURVE('',#1185,#1184,#156,.T.);
#1438=EDGE_CURVE('',#1186,#1185,#157,.T.);
#1439=EDGE_CURVE('',#1187,#1186,#158,.T.);
#1440=EDGE_CURVE('',#1181,#1187,#159,.T.);
#1441=EDGE_CURVE('',#1188,#1189,#160,.T.);
#1442=EDGE_CURVE('',#1188,#1190,#161,.T.);
#1443=EDGE_CURVE('',#1191,#1190,#162,.F.);
#1444=EDGE_CURVE('',#1191,#1192,#163,.T.);
#1445=EDGE_CURVE('',#1193,#1192,#164,.F.);
#1446=EDGE_CURVE('',#1193,#1189,#165,.T.);
#1447=EDGE_CURVE('',#1175,#1188,#166,.F.);
#1448=EDGE_CURVE('',#1194,#1179,#167,.T.);
#1449=EDGE_CURVE('',#1195,#1194,#168,.T.);
#1450=EDGE_CURVE('',#1196,#1195,#169,.T.);
#1451=EDGE_CURVE('',#1197,#1196,#170,.T.);
#1452=EDGE_CURVE('',#1198,#1197,#171,.T.);
#1453=EDGE_CURVE('',#1199,#1198,#172,.T.);
#1454=EDGE_CURVE('',#1199,#1200,#173,.T.);
#1455=EDGE_CURVE('',#1190,#1200,#174,.T.);
#1456=EDGE_CURVE('',#1201,#1202,#175,.T.);
#1457=EDGE_CURVE('',#1203,#1202,#176,.T.);
#1458=EDGE_CURVE('',#1203,#1204,#177,.T.);
#1459=EDGE_CURVE('',#1201,#1204,#178,.T.);
#1460=EDGE_CURVE('',#1204,#1185,#179,.T.);
#1461=EDGE_CURVE('',#1184,#1201,#180,.T.);
#1462=EDGE_CURVE('',#1178,#1194,#1062,.T.);
#1463=EDGE_CURVE('',#1205,#1195,#181,.T.);
#1464=EDGE_CURVE('',#1194,#1206,#1063,.T.);
#1465=EDGE_CURVE('',#1207,#1206,#182,.T.);
#1466=EDGE_CURVE('',#1208,#1207,#183,.T.);
#1467=EDGE_CURVE('',#1209,#1208,#184,.T.);
#1468=EDGE_CURVE('',#1205,#1209,#1064,.F.);
#1469=EDGE_CURVE('',#1210,#1203,#185,.F.);
#1470=EDGE_CURVE('',#1210,#1211,#186,.T.);
#1471=EDGE_CURVE('',#1198,#1211,#187,.F.);
#1472=EDGE_CURVE('',#1197,#1186,#188,.T.);
#1473=EDGE_CURVE('',#1212,#1213,#189,.T.);
#1474=EDGE_CURVE('',#1213,#1148,#190,.T.);
#1475=EDGE_CURVE('',#1147,#1212,#191,.T.);
#1476=EDGE_CURVE('',#1214,#1213,#192,.T.);
#1477=EDGE_CURVE('',#1149,#1214,#193,.T.);
#1478=EDGE_CURVE('',#1212,#1215,#194,.T.);
#1479=EDGE_CURVE('',#1216,#1215,#195,.T.);
#1480=EDGE_CURVE('',#1216,#1217,#196,.T.);
#1481=EDGE_CURVE('',#1218,#1217,#197,.T.);
#1482=EDGE_CURVE('',#1218,#1219,#198,.T.);
#1483=EDGE_CURVE('',#1214,#1219,#199,.T.);
#1484=EDGE_CURVE('',#1220,#1220,#1065,.T.);
#1485=EDGE_CURVE('',#1221,#1221,#1066,.T.);
#1486=EDGE_CURVE('',#1222,#1222,#1067,.T.);
#1487=EDGE_CURVE('',#1219,#1143,#200,.T.);
#1488=EDGE_CURVE('',#1142,#1218,#201,.T.);
#1489=EDGE_CURVE('',#1217,#1144,#202,.T.);
#1490=EDGE_CURVE('',#1145,#1216,#203,.T.);
#1491=EDGE_CURVE('',#1215,#1146,#204,.T.);
#1492=EDGE_CURVE('',#1223,#1223,#1068,.T.);
#1493=EDGE_CURVE('',#1223,#1105,#205,.T.);
#1494=EDGE_CURVE('',#1224,#1225,#206,.T.);
#1495=EDGE_CURVE('',#1224,#1226,#207,.T.);
#1496=EDGE_CURVE('',#1227,#1226,#208,.F.);
#1497=EDGE_CURVE('',#1228,#1227,#209,.T.);
#1498=EDGE_CURVE('',#1225,#1228,#210,.T.);
#1499=EDGE_CURVE('',#1229,#1186,#211,.T.);
#1500=EDGE_CURVE('',#1196,#1229,#212,.T.);
#1501=EDGE_CURVE('',#1230,#1205,#213,.T.);
#1502=EDGE_CURVE('',#1230,#1231,#214,.T.);
#1503=EDGE_CURVE('',#1231,#1229,#215,.T.);
#1504=EDGE_CURVE('',#1232,#1233,#216,.T.);
#1505=EDGE_CURVE('',#1233,#1182,#217,.T.);
#1506=EDGE_CURVE('',#1189,#1232,#218,.T.);
#1507=EDGE_CURVE('',#1116,#1234,#219,.T.);
#1508=EDGE_CURVE('',#1234,#1183,#220,.T.);
#1509=EDGE_CURVE('',#1235,#1235,#1069,.T.);
#1510=EDGE_CURVE('',#1235,#1222,#221,.T.);
#1511=EDGE_CURVE('',#1236,#1236,#1070,.T.);
#1512=EDGE_CURVE('',#1236,#1221,#222,.T.);
#1513=EDGE_CURVE('',#1237,#1237,#1071,.T.);
#1514=EDGE_CURVE('',#1237,#1220,#223,.T.);
#1515=EDGE_CURVE('',#1238,#1239,#224,.T.);
#1516=EDGE_CURVE('',#1238,#1134,#225,.T.);
#1517=EDGE_CURVE('',#1239,#1141,#226,.T.);
#1518=EDGE_CURVE('',#1240,#1199,#227,.T.);
#1519=EDGE_CURVE('',#1240,#1140,#228,.T.);
#1520=EDGE_CURVE('',#1199,#1139,#229,.T.);
#1521=EDGE_CURVE('',#1200,#1138,#230,.T.);
#1522=EDGE_CURVE('',#1200,#1241,#231,.T.);
#1523=EDGE_CURVE('',#1241,#1137,#232,.T.);
#1524=EDGE_CURVE('',#1242,#1243,#233,.T.);
#1525=EDGE_CURVE('',#1242,#1136,#234,.T.);
#1526=EDGE_CURVE('',#1243,#1135,#235,.T.);
#1527=EDGE_CURVE('',#1243,#1238,#236,.T.);
#1528=EDGE_CURVE('',#1241,#1191,#237,.T.);
#1529=EDGE_CURVE('',#1244,#1242,#238,.T.);
#1530=EDGE_CURVE('',#1245,#1244,#239,.T.);
#1531=EDGE_CURVE('',#1168,#1245,#240,.T.);
#1532=EDGE_CURVE('',#1246,#1166,#241,.T.);
#1533=EDGE_CURVE('',#1247,#1246,#242,.T.);
#1534=EDGE_CURVE('',#1248,#1247,#243,.T.);
#1535=EDGE_CURVE('',#1249,#1248,#244,.T.);
#1536=EDGE_CURVE('',#1250,#1249,#245,.T.);
#1537=EDGE_CURVE('',#1119,#1250,#246,.T.);
#1538=EDGE_CURVE('',#1192,#1125,#247,.T.);
#1539=EDGE_CURVE('',#1243,#1251,#248,.T.);
#1540=EDGE_CURVE('',#1251,#1244,#249,.F.);
#1541=EDGE_CURVE('',#1252,#1238,#250,.T.);
#1542=EDGE_CURVE('',#1251,#1252,#251,.T.);
#1543=EDGE_CURVE('',#1201,#1234,#252,.T.);
#1544=EDGE_CURVE('',#1253,#1163,#253,.T.);
#1545=EDGE_CURVE('',#1254,#1253,#254,.T.);
#1546=EDGE_CURVE('',#1164,#1254,#255,.T.);
#1547=EDGE_CURVE('',#1124,#1193,#256,.T.);
#1548=EDGE_CURVE('',#1202,#1123,#257,.T.);
#1549=EDGE_CURVE('',#1114,#1233,#258,.T.);
#1550=EDGE_CURVE('',#1255,#1159,#259,.T.);
#1551=EDGE_CURVE('',#1256,#1255,#260,.T.);
#1552=EDGE_CURVE('',#1160,#1256,#261,.T.);
#1553=EDGE_CURVE('',#1257,#1169,#262,.T.);
#1554=EDGE_CURVE('',#1258,#1257,#263,.T.);
#1555=EDGE_CURVE('',#1253,#1258,#264,.T.);
#1556=EDGE_CURVE('',#1259,#1256,#265,.T.);
#1557=EDGE_CURVE('',#1260,#1259,#266,.T.);
#1558=EDGE_CURVE('',#1170,#1260,#267,.T.);
#1559=EDGE_CURVE('',#1250,#1101,#268,.T.);
#1560=EDGE_CURVE('',#1100,#1261,#269,.T.);
#1561=EDGE_CURVE('',#1249,#1100,#270,.T.);
#1562=EDGE_CURVE('',#1261,#1249,#271,.T.);
#1563=EDGE_CURVE('',#1262,#1263,#272,.T.);
#1564=EDGE_CURVE('',#1103,#1262,#273,.T.);
#1565=EDGE_CURVE('',#1263,#1103,#274,.T.);
#1566=EDGE_CURVE('',#1262,#1264,#275,.T.);
#1567=EDGE_CURVE('',#1264,#1104,#276,.T.);
#1568=EDGE_CURVE('',#1265,#1263,#277,.T.);
#1569=EDGE_CURVE('',#1102,#1265,#278,.T.);
#1570=EDGE_CURVE('',#1246,#1228,#279,.T.);
#1571=EDGE_CURVE('',#1266,#1246,#280,.T.);
#1572=EDGE_CURVE('',#1228,#1266,#281,.T.);
#1573=EDGE_CURVE('',#1167,#1266,#282,.T.);
#1574=EDGE_CURVE('',#1225,#1267,#283,.T.);
#1575=EDGE_CURVE('',#1268,#1225,#284,.T.);
#1576=EDGE_CURVE('',#1267,#1268,#285,.T.);
#1577=EDGE_CURVE('',#1266,#1268,#286,.T.);
#1578=EDGE_CURVE('',#1172,#1267,#287,.T.);
#1579=EDGE_CURVE('',#1268,#1173,#288,.T.);
#1580=EDGE_CURVE('',#1267,#1269,#289,.T.);
#1581=EDGE_CURVE('',#1269,#1224,#290,.T.);
#1582=EDGE_CURVE('',#1227,#1270,#291,.T.);
#1583=EDGE_CURVE('',#1270,#1247,#292,.T.);
#1584=EDGE_CURVE('',#1269,#1262,#293,.T.);
#1585=EDGE_CURVE('',#1263,#1224,#294,.T.);
#1586=EDGE_CURVE('',#1248,#1271,#295,.T.);
#1587=EDGE_CURVE('',#1271,#1261,#296,.T.);
#1588=EDGE_CURVE('',#1271,#1270,#297,.T.);
#1589=EDGE_CURVE('',#1261,#1265,#298,.T.);
#1590=EDGE_CURVE('',#1264,#1121,#299,.T.);
#1591=EDGE_CURVE('',#1211,#1240,#300,.T.);
#1592=EDGE_CURVE('',#1122,#1210,#301,.T.);
#1593=EDGE_CURVE('',#1272,#1171,#302,.T.);
#1594=EDGE_CURVE('',#1273,#1272,#303,.T.);
#1595=EDGE_CURVE('',#1239,#1273,#304,.T.);
#1596=EDGE_CURVE('',#1274,#1275,#305,.T.);
#1597=EDGE_CURVE('',#1276,#1274,#306,.T.);
#1598=EDGE_CURVE('',#1277,#1276,#307,.T.);
#1599=EDGE_CURVE('',#1275,#1277,#308,.T.);
#1600=EDGE_CURVE('',#1278,#1265,#309,.T.);
#1601=EDGE_CURVE('',#1226,#1278,#310,.T.);
#1602=EDGE_CURVE('',#1278,#1271,#311,.T.);
#1603=EDGE_CURVE('',#1187,#1231,#312,.T.);
#1604=EDGE_CURVE('',#1231,#1176,#313,.T.);
#1605=EDGE_CURVE('',#1276,#1279,#314,.T.);
#1606=EDGE_CURVE('',#1279,#1280,#315,.T.);
#1607=EDGE_CURVE('',#1277,#1280,#316,.T.);
#1608=EDGE_CURVE('',#1281,#1282,#317,.T.);
#1609=EDGE_CURVE('',#1282,#1274,#318,.T.);
#1610=EDGE_CURVE('',#1275,#1281,#319,.T.);
#1611=EDGE_CURVE('',#1282,#1208,#320,.T.);
#1612=EDGE_CURVE('',#1207,#1279,#321,.T.);
#1613=EDGE_CURVE('',#1283,#1284,#322,.T.);
#1614=EDGE_CURVE('',#1284,#1281,#323,.T.);
#1615=EDGE_CURVE('',#1280,#1283,#324,.T.);
#1616=EDGE_CURVE('',#1284,#1285,#325,.T.);
#1617=EDGE_CURVE('',#1209,#1285,#326,.T.);
#1618=EDGE_CURVE('',#1285,#1230,#1072,.T.);
#1619=EDGE_CURVE('',#1286,#1283,#327,.T.);
#1620=EDGE_CURVE('',#1177,#1286,#1073,.T.);
#1621=EDGE_CURVE('',#1286,#1206,#328,.T.);
#1622=EDGE_CURVE('',#1287,#1254,#329,.T.);
#1623=EDGE_CURVE('',#1288,#1287,#330,.T.);
#1624=EDGE_CURVE('',#1255,#1288,#331,.T.);
#1625=EDGE_CURVE('',#1260,#1272,#332,.F.);
#1626=EDGE_CURVE('',#1245,#1257,#333,.F.);
#1627=EDGE_CURVE('',#1273,#1252,#334,.F.);
#1628=EDGE_CURVE('',#1288,#1259,#335,.T.);
#1629=EDGE_CURVE('',#1258,#1287,#336,.T.);
#1630=ORIENTED_EDGE('',*,*,#1289,.T.);
#1631=ORIENTED_EDGE('',*,*,#1290,.T.);
#1632=ORIENTED_EDGE('',*,*,#1291,.T.);
#1633=ORIENTED_EDGE('',*,*,#1292,.T.);
#1634=ORIENTED_EDGE('',*,*,#1293,.T.);
#1635=ORIENTED_EDGE('',*,*,#1294,.T.);
#1636=ORIENTED_EDGE('',*,*,#1295,.T.);
#1637=ORIENTED_EDGE('',*,*,#1296,.F.);
#1638=ORIENTED_EDGE('',*,*,#1297,.T.);
#1639=ORIENTED_EDGE('',*,*,#1294,.F.);
#1640=ORIENTED_EDGE('',*,*,#1298,.T.);
#1641=ORIENTED_EDGE('',*,*,#1290,.F.);
#1642=ORIENTED_EDGE('',*,*,#1299,.T.);
#1643=ORIENTED_EDGE('',*,*,#1292,.F.);
#1644=ORIENTED_EDGE('',*,*,#1300,.T.);
#1645=ORIENTED_EDGE('',*,*,#1296,.T.);
#1646=ORIENTED_EDGE('',*,*,#1299,.F.);
#1647=ORIENTED_EDGE('',*,*,#1301,.F.);
#1648=ORIENTED_EDGE('',*,*,#1302,.T.);
#1649=ORIENTED_EDGE('',*,*,#1303,.F.);
#1650=ORIENTED_EDGE('',*,*,#1295,.F.);
#1651=ORIENTED_EDGE('',*,*,#1304,.F.);
#1652=ORIENTED_EDGE('',*,*,#1305,.T.);
#1653=ORIENTED_EDGE('',*,*,#1301,.T.);
#1654=ORIENTED_EDGE('',*,*,#1293,.F.);
#1655=ORIENTED_EDGE('',*,*,#1300,.F.);
#1656=ORIENTED_EDGE('',*,*,#1291,.F.);
#1657=ORIENTED_EDGE('',*,*,#1298,.F.);
#1658=ORIENTED_EDGE('',*,*,#1297,.F.);
#1659=ORIENTED_EDGE('',*,*,#1306,.F.);
#1660=ORIENTED_EDGE('',*,*,#1307,.T.);
#1661=ORIENTED_EDGE('',*,*,#1304,.T.);
#1662=ORIENTED_EDGE('',*,*,#1289,.F.);
#1663=ORIENTED_EDGE('',*,*,#1303,.T.);
#1664=ORIENTED_EDGE('',*,*,#1308,.T.);
#1665=ORIENTED_EDGE('',*,*,#1306,.T.);
#1666=ORIENTED_EDGE('',*,*,#1309,.T.);
#1667=ORIENTED_EDGE('',*,*,#1310,.T.);
#1668=ORIENTED_EDGE('',*,*,#1311,.T.);
#1669=ORIENTED_EDGE('',*,*,#1312,.T.);
#1670=ORIENTED_EDGE('',*,*,#1313,.T.);
#1671=ORIENTED_EDGE('',*,*,#1310,.F.);
#1672=ORIENTED_EDGE('',*,*,#1314,.T.);
#1673=ORIENTED_EDGE('',*,*,#1315,.F.);
#1674=ORIENTED_EDGE('',*,*,#1316,.T.);
#1675=ORIENTED_EDGE('',*,*,#1312,.F.);
#1676=ORIENTED_EDGE('',*,*,#1317,.T.);
#1677=ORIENTED_EDGE('',*,*,#1318,.T.);
#1678=ORIENTED_EDGE('',*,*,#1319,.T.);
#1679=ORIENTED_EDGE('',*,*,#1318,.F.);
#1680=ORIENTED_EDGE('',*,*,#1320,.T.);
#1681=ORIENTED_EDGE('',*,*,#1315,.T.);
#1682=ORIENTED_EDGE('',*,*,#1314,.F.);
#1683=ORIENTED_EDGE('',*,*,#1321,.F.);
#1684=ORIENTED_EDGE('',*,*,#1322,.T.);
#1685=ORIENTED_EDGE('',*,*,#1323,.F.);
#1686=ORIENTED_EDGE('',*,*,#1309,.F.);
#1687=ORIENTED_EDGE('',*,*,#1324,.T.);
#1688=ORIENTED_EDGE('',*,*,#1325,.T.);
#1689=ORIENTED_EDGE('',*,*,#1321,.T.);
#1690=ORIENTED_EDGE('',*,*,#1311,.F.);
#1691=ORIENTED_EDGE('',*,*,#1313,.F.);
#1692=ORIENTED_EDGE('',*,*,#1320,.F.);
#1693=ORIENTED_EDGE('',*,*,#1317,.F.);
#1694=ORIENTED_EDGE('',*,*,#1316,.F.);
#1695=ORIENTED_EDGE('',*,*,#1326,.F.);
#1696=ORIENTED_EDGE('',*,*,#1327,.T.);
#1697=ORIENTED_EDGE('',*,*,#1324,.F.);
#1698=ORIENTED_EDGE('',*,*,#1328,.T.);
#1699=ORIENTED_EDGE('',*,*,#1329,.T.);
#1700=ORIENTED_EDGE('',*,*,#1330,.F.);
#1701=ORIENTED_EDGE('',*,*,#1329,.F.);
#1702=ORIENTED_EDGE('',*,*,#1331,.F.);
#1703=ORIENTED_EDGE('',*,*,#1332,.F.);
#1704=ORIENTED_EDGE('',*,*,#1333,.F.);
#1705=ORIENTED_EDGE('',*,*,#1334,.F.);
#1706=ORIENTED_EDGE('',*,*,#1335,.T.);
#1707=ORIENTED_EDGE('',*,*,#1328,.F.);
#1708=ORIENTED_EDGE('',*,*,#1330,.T.);
#1709=ORIENTED_EDGE('',*,*,#1305,.F.);
#1710=ORIENTED_EDGE('',*,*,#1307,.F.);
#1711=ORIENTED_EDGE('',*,*,#1308,.F.);
#1712=ORIENTED_EDGE('',*,*,#1302,.F.);
#1713=ORIENTED_EDGE('',*,*,#1336,.T.);
#1714=ORIENTED_EDGE('',*,*,#1327,.F.);
#1715=ORIENTED_EDGE('',*,*,#1337,.T.);
#1716=ORIENTED_EDGE('',*,*,#1322,.F.);
#1717=ORIENTED_EDGE('',*,*,#1338,.T.);
#1718=ORIENTED_EDGE('',*,*,#1336,.F.);
#1719=ORIENTED_EDGE('',*,*,#1339,.F.);
#1720=ORIENTED_EDGE('',*,*,#1337,.F.);
#1721=ORIENTED_EDGE('',*,*,#1325,.F.);
#1722=ORIENTED_EDGE('',*,*,#1319,.F.);
#1723=ORIENTED_EDGE('',*,*,#1323,.T.);
#1724=ORIENTED_EDGE('',*,*,#1339,.T.);
#1725=ORIENTED_EDGE('',*,*,#1326,.T.);
#1726=ORIENTED_EDGE('',*,*,#1340,.F.);
#1727=ORIENTED_EDGE('',*,*,#1341,.T.);
#1728=ORIENTED_EDGE('',*,*,#1342,.F.);
#1729=ORIENTED_EDGE('',*,*,#1341,.F.);
#1730=ORIENTED_EDGE('',*,*,#1343,.F.);
#1731=ORIENTED_EDGE('',*,*,#1344,.T.);
#1732=ORIENTED_EDGE('',*,*,#1345,.F.);
#1733=ORIENTED_EDGE('',*,*,#1346,.F.);
#1734=ORIENTED_EDGE('',*,*,#1347,.F.);
#1735=ORIENTED_EDGE('',*,*,#1344,.F.);
#1736=ORIENTED_EDGE('',*,*,#1346,.T.);
#1737=ORIENTED_EDGE('',*,*,#1348,.T.);
#1738=ORIENTED_EDGE('',*,*,#1349,.T.);
#1739=ORIENTED_EDGE('',*,*,#1350,.T.);
#1740=ORIENTED_EDGE('',*,*,#1351,.T.);
#1741=ORIENTED_EDGE('',*,*,#1352,.T.);
#1742=ORIENTED_EDGE('',*,*,#1345,.T.);
#1743=ORIENTED_EDGE('',*,*,#1347,.T.);
#1744=ORIENTED_EDGE('',*,*,#1352,.F.);
#1745=ORIENTED_EDGE('',*,*,#1353,.T.);
#1746=ORIENTED_EDGE('',*,*,#1354,.F.);
#1747=ORIENTED_EDGE('',*,*,#1355,.T.);
#1748=ORIENTED_EDGE('',*,*,#1348,.F.);
#1749=ORIENTED_EDGE('',*,*,#1342,.T.);
#1750=ORIENTED_EDGE('',*,*,#1356,.F.);
#1751=ORIENTED_EDGE('',*,*,#1357,.T.);
#1752=ORIENTED_EDGE('',*,*,#1358,.F.);
#1753=ORIENTED_EDGE('',*,*,#1359,.T.);
#1754=ORIENTED_EDGE('',*,*,#1360,.F.);
#1755=ORIENTED_EDGE('',*,*,#1361,.T.);
#1756=ORIENTED_EDGE('',*,*,#1362,.F.);
#1757=ORIENTED_EDGE('',*,*,#1363,.T.);
#1758=ORIENTED_EDGE('',*,*,#1340,.T.);
#1759=ORIENTED_EDGE('',*,*,#1343,.T.);
#1760=ORIENTED_EDGE('',*,*,#1364,.F.);
#1761=ORIENTED_EDGE('',*,*,#1365,.T.);
#1762=ORIENTED_EDGE('',*,*,#1366,.T.);
#1763=ORIENTED_EDGE('',*,*,#1365,.F.);
#1764=ORIENTED_EDGE('',*,*,#1366,.F.);
#1765=ORIENTED_EDGE('',*,*,#1367,.F.);
#1766=ORIENTED_EDGE('',*,*,#1368,.T.);
#1767=ORIENTED_EDGE('',*,*,#1369,.T.);
#1768=ORIENTED_EDGE('',*,*,#1368,.F.);
#1769=ORIENTED_EDGE('',*,*,#1369,.F.);
#1770=ORIENTED_EDGE('',*,*,#1370,.F.);
#1771=ORIENTED_EDGE('',*,*,#1371,.T.);
#1772=ORIENTED_EDGE('',*,*,#1372,.T.);
#1773=ORIENTED_EDGE('',*,*,#1371,.F.);
#1774=ORIENTED_EDGE('',*,*,#1372,.F.);
#1775=ORIENTED_EDGE('',*,*,#1373,.F.);
#1776=ORIENTED_EDGE('',*,*,#1374,.T.);
#1777=ORIENTED_EDGE('',*,*,#1375,.T.);
#1778=ORIENTED_EDGE('',*,*,#1374,.F.);
#1779=ORIENTED_EDGE('',*,*,#1375,.F.);
#1780=ORIENTED_EDGE('',*,*,#1376,.T.);
#1781=ORIENTED_EDGE('',*,*,#1377,.T.);
#1782=ORIENTED_EDGE('',*,*,#1378,.T.);
#1783=ORIENTED_EDGE('',*,*,#1379,.T.);
#1784=ORIENTED_EDGE('',*,*,#1380,.T.);
#1785=ORIENTED_EDGE('',*,*,#1381,.T.);
#1786=ORIENTED_EDGE('',*,*,#1382,.T.);
#1787=ORIENTED_EDGE('',*,*,#1383,.T.);
#1788=ORIENTED_EDGE('',*,*,#1364,.T.);
#1789=ORIENTED_EDGE('',*,*,#1367,.T.);
#1790=ORIENTED_EDGE('',*,*,#1370,.T.);
#1791=ORIENTED_EDGE('',*,*,#1373,.T.);
#1792=ORIENTED_EDGE('',*,*,#1384,.F.);
#1793=ORIENTED_EDGE('',*,*,#1385,.F.);
#1794=ORIENTED_EDGE('',*,*,#1386,.T.);
#1795=ORIENTED_EDGE('',*,*,#1387,.F.);
#1796=ORIENTED_EDGE('',*,*,#1388,.F.);
#1797=ORIENTED_EDGE('',*,*,#1389,.F.);
#1798=ORIENTED_EDGE('',*,*,#1390,.F.);
#1799=ORIENTED_EDGE('',*,*,#1391,.F.);
#1800=ORIENTED_EDGE('',*,*,#1392,.F.);
#1801=ORIENTED_EDGE('',*,*,#1393,.T.);
#1802=ORIENTED_EDGE('',*,*,#1394,.F.);
#1803=ORIENTED_EDGE('',*,*,#1395,.F.);
#1804=ORIENTED_EDGE('',*,*,#1396,.F.);
#1805=ORIENTED_EDGE('',*,*,#1393,.F.);
#1806=ORIENTED_EDGE('',*,*,#1397,.F.);
#1807=ORIENTED_EDGE('',*,*,#1398,.T.);
#1808=ORIENTED_EDGE('',*,*,#1399,.F.);
#1809=ORIENTED_EDGE('',*,*,#1400,.F.);
#1810=ORIENTED_EDGE('',*,*,#1401,.F.);
#1811=ORIENTED_EDGE('',*,*,#1398,.F.);
#1812=ORIENTED_EDGE('',*,*,#1395,.T.);
#1813=ORIENTED_EDGE('',*,*,#1402,.T.);
#1814=ORIENTED_EDGE('',*,*,#1403,.T.);
#1815=ORIENTED_EDGE('',*,*,#1404,.T.);
#1816=ORIENTED_EDGE('',*,*,#1405,.T.);
#1817=ORIENTED_EDGE('',*,*,#1406,.T.);
#1818=ORIENTED_EDGE('',*,*,#1400,.T.);
#1819=ORIENTED_EDGE('',*,*,#1407,.T.);
#1820=ORIENTED_EDGE('',*,*,#1408,.T.);
#1821=ORIENTED_EDGE('',*,*,#1409,.T.);
#1822=ORIENTED_EDGE('',*,*,#1410,.T.);
#1823=ORIENTED_EDGE('',*,*,#1411,.T.);
#1824=ORIENTED_EDGE('',*,*,#1394,.T.);
#1825=ORIENTED_EDGE('',*,*,#1396,.T.);
#1826=ORIENTED_EDGE('',*,*,#1406,.F.);
#1827=ORIENTED_EDGE('',*,*,#1412,.T.);
#1828=ORIENTED_EDGE('',*,*,#1407,.F.);
#1829=ORIENTED_EDGE('',*,*,#1399,.T.);
#1830=ORIENTED_EDGE('',*,*,#1401,.T.);
#1831=ORIENTED_EDGE('',*,*,#1411,.F.);
#1832=ORIENTED_EDGE('',*,*,#1413,.T.);
#1833=ORIENTED_EDGE('',*,*,#1402,.F.);
#1834=ORIENTED_EDGE('',*,*,#1414,.F.);
#1835=ORIENTED_EDGE('',*,*,#1415,.F.);
#1836=ORIENTED_EDGE('',*,*,#1416,.F.);
#1837=ORIENTED_EDGE('',*,*,#1417,.F.);
#1838=ORIENTED_EDGE('',*,*,#1418,.F.);
#1839=ORIENTED_EDGE('',*,*,#1419,.T.);
#1840=ORIENTED_EDGE('',*,*,#1420,.F.);
#1841=ORIENTED_EDGE('',*,*,#1421,.T.);
#1842=ORIENTED_EDGE('',*,*,#1392,.T.);
#1843=ORIENTED_EDGE('',*,*,#1397,.T.);
#1844=ORIENTED_EDGE('',*,*,#1422,.F.);
#1845=ORIENTED_EDGE('',*,*,#1423,.F.);
#1846=ORIENTED_EDGE('',*,*,#1424,.T.);
#1847=ORIENTED_EDGE('',*,*,#1425,.F.);
#1848=ORIENTED_EDGE('',*,*,#1426,.T.);
#1849=ORIENTED_EDGE('',*,*,#1427,.T.);
#1850=ORIENTED_EDGE('',*,*,#1428,.F.);
#1851=ORIENTED_EDGE('',*,*,#1429,.T.);
#1852=ORIENTED_EDGE('',*,*,#1430,.T.);
#1853=ORIENTED_EDGE('',*,*,#1423,.T.);
#1854=ORIENTED_EDGE('',*,*,#1335,.F.);
#1855=ORIENTED_EDGE('',*,*,#1431,.F.);
#1856=ORIENTED_EDGE('',*,*,#1357,.F.);
#1857=ORIENTED_EDGE('',*,*,#1432,.F.);
#1858=ORIENTED_EDGE('',*,*,#1429,.F.);
#1859=ORIENTED_EDGE('',*,*,#1433,.F.);
#1860=ORIENTED_EDGE('',*,*,#1434,.T.);
#1861=ORIENTED_EDGE('',*,*,#1349,.F.);
#1862=ORIENTED_EDGE('',*,*,#1355,.F.);
#1863=ORIENTED_EDGE('',*,*,#1435,.F.);
#1864=ORIENTED_EDGE('',*,*,#1436,.T.);
#1865=ORIENTED_EDGE('',*,*,#1437,.F.);
#1866=ORIENTED_EDGE('',*,*,#1438,.F.);
#1867=ORIENTED_EDGE('',*,*,#1439,.F.);
#1868=ORIENTED_EDGE('',*,*,#1440,.F.);
#1869=ORIENTED_EDGE('',*,*,#1441,.F.);
#1870=ORIENTED_EDGE('',*,*,#1442,.T.);
#1871=ORIENTED_EDGE('',*,*,#1443,.F.);
#1872=ORIENTED_EDGE('',*,*,#1444,.T.);
#1873=ORIENTED_EDGE('',*,*,#1445,.F.);
#1874=ORIENTED_EDGE('',*,*,#1446,.T.);
#1875=ORIENTED_EDGE('',*,*,#1447,.F.);
#1876=ORIENTED_EDGE('',*,*,#1427,.F.);
#1877=ORIENTED_EDGE('',*,*,#1448,.F.);
#1878=ORIENTED_EDGE('',*,*,#1449,.F.);
#1879=ORIENTED_EDGE('',*,*,#1450,.F.);
#1880=ORIENTED_EDGE('',*,*,#1451,.F.);
#1881=ORIENTED_EDGE('',*,*,#1452,.F.);
#1882=ORIENTED_EDGE('',*,*,#1453,.F.);
#1883=ORIENTED_EDGE('',*,*,#1454,.T.);
#1884=ORIENTED_EDGE('',*,*,#1455,.F.);
#1885=ORIENTED_EDGE('',*,*,#1442,.F.);
#1886=ORIENTED_EDGE('',*,*,#1456,.T.);
#1887=ORIENTED_EDGE('',*,*,#1457,.F.);
#1888=ORIENTED_EDGE('',*,*,#1458,.T.);
#1889=ORIENTED_EDGE('',*,*,#1459,.F.);
#1890=ORIENTED_EDGE('',*,*,#1459,.T.);
#1891=ORIENTED_EDGE('',*,*,#1460,.T.);
#1892=ORIENTED_EDGE('',*,*,#1437,.T.);
#1893=ORIENTED_EDGE('',*,*,#1461,.T.);
#1894=ORIENTED_EDGE('',*,*,#1462,.T.);
#1895=ORIENTED_EDGE('',*,*,#1448,.T.);
#1896=ORIENTED_EDGE('',*,*,#1426,.F.);
#1897=ORIENTED_EDGE('',*,*,#1463,.T.);
#1898=ORIENTED_EDGE('',*,*,#1449,.T.);
#1899=ORIENTED_EDGE('',*,*,#1464,.T.);
#1900=ORIENTED_EDGE('',*,*,#1465,.F.);
#1901=ORIENTED_EDGE('',*,*,#1466,.F.);
#1902=ORIENTED_EDGE('',*,*,#1467,.F.);
#1903=ORIENTED_EDGE('',*,*,#1468,.F.);
#1904=ORIENTED_EDGE('',*,*,#1469,.F.);
#1905=ORIENTED_EDGE('',*,*,#1470,.T.);
#1906=ORIENTED_EDGE('',*,*,#1471,.F.);
#1907=ORIENTED_EDGE('',*,*,#1452,.T.);
#1908=ORIENTED_EDGE('',*,*,#1472,.T.);
#1909=ORIENTED_EDGE('',*,*,#1438,.T.);
#1910=ORIENTED_EDGE('',*,*,#1460,.F.);
#1911=ORIENTED_EDGE('',*,*,#1458,.F.);
#1912=ORIENTED_EDGE('',*,*,#1473,.T.);
#1913=ORIENTED_EDGE('',*,*,#1474,.T.);
#1914=ORIENTED_EDGE('',*,*,#1389,.T.);
#1915=ORIENTED_EDGE('',*,*,#1475,.T.);
#1916=ORIENTED_EDGE('',*,*,#1474,.F.);
#1917=ORIENTED_EDGE('',*,*,#1476,.F.);
#1918=ORIENTED_EDGE('',*,*,#1477,.F.);
#1919=ORIENTED_EDGE('',*,*,#1390,.T.);
#1920=ORIENTED_EDGE('',*,*,#1473,.F.);
#1921=ORIENTED_EDGE('',*,*,#1478,.T.);
#1922=ORIENTED_EDGE('',*,*,#1479,.F.);
#1923=ORIENTED_EDGE('',*,*,#1480,.T.);
#1924=ORIENTED_EDGE('',*,*,#1481,.F.);
#1925=ORIENTED_EDGE('',*,*,#1482,.T.);
#1926=ORIENTED_EDGE('',*,*,#1483,.F.);
#1927=ORIENTED_EDGE('',*,*,#1476,.T.);
#1928=ORIENTED_EDGE('',*,*,#1484,.T.);
#1929=ORIENTED_EDGE('',*,*,#1485,.T.);
#1930=ORIENTED_EDGE('',*,*,#1486,.T.);
#1931=ORIENTED_EDGE('',*,*,#1483,.T.);
#1932=ORIENTED_EDGE('',*,*,#1487,.T.);
#1933=ORIENTED_EDGE('',*,*,#1391,.T.);
#1934=ORIENTED_EDGE('',*,*,#1477,.T.);
#1935=ORIENTED_EDGE('',*,*,#1487,.F.);
#1936=ORIENTED_EDGE('',*,*,#1482,.F.);
#1937=ORIENTED_EDGE('',*,*,#1488,.F.);
#1938=ORIENTED_EDGE('',*,*,#1384,.T.);
#1939=ORIENTED_EDGE('',*,*,#1481,.T.);
#1940=ORIENTED_EDGE('',*,*,#1489,.T.);
#1941=ORIENTED_EDGE('',*,*,#1385,.T.);
#1942=ORIENTED_EDGE('',*,*,#1488,.T.);
#1943=ORIENTED_EDGE('',*,*,#1489,.F.);
#1944=ORIENTED_EDGE('',*,*,#1480,.F.);
#1945=ORIENTED_EDGE('',*,*,#1490,.F.);
#1946=ORIENTED_EDGE('',*,*,#1386,.F.);
#1947=ORIENTED_EDGE('',*,*,#1479,.T.);
#1948=ORIENTED_EDGE('',*,*,#1491,.T.);
#1949=ORIENTED_EDGE('',*,*,#1387,.T.);
#1950=ORIENTED_EDGE('',*,*,#1490,.T.);
#1951=ORIENTED_EDGE('',*,*,#1475,.F.);
#1952=ORIENTED_EDGE('',*,*,#1388,.T.);
#1953=ORIENTED_EDGE('',*,*,#1491,.F.);
#1954=ORIENTED_EDGE('',*,*,#1478,.F.);
#1955=ORIENTED_EDGE('',*,*,#1492,.T.);
#1956=ORIENTED_EDGE('',*,*,#1493,.T.);
#1957=ORIENTED_EDGE('',*,*,#1338,.F.);
#1958=ORIENTED_EDGE('',*,*,#1493,.F.);
#1959=ORIENTED_EDGE('',*,*,#1494,.F.);
#1960=ORIENTED_EDGE('',*,*,#1495,.T.);
#1961=ORIENTED_EDGE('',*,*,#1496,.F.);
#1962=ORIENTED_EDGE('',*,*,#1497,.F.);
#1963=ORIENTED_EDGE('',*,*,#1498,.F.);
#1964=ORIENTED_EDGE('',*,*,#1492,.F.);
#1965=ORIENTED_EDGE('',*,*,#1499,.T.);
#1966=ORIENTED_EDGE('',*,*,#1472,.F.);
#1967=ORIENTED_EDGE('',*,*,#1451,.T.);
#1968=ORIENTED_EDGE('',*,*,#1500,.T.);
#1969=ORIENTED_EDGE('',*,*,#1501,.F.);
#1970=ORIENTED_EDGE('',*,*,#1502,.T.);
#1971=ORIENTED_EDGE('',*,*,#1503,.T.);
#1972=ORIENTED_EDGE('',*,*,#1500,.F.);
#1973=ORIENTED_EDGE('',*,*,#1450,.T.);
#1974=ORIENTED_EDGE('',*,*,#1463,.F.);
#1975=ORIENTED_EDGE('',*,*,#1504,.T.);
#1976=ORIENTED_EDGE('',*,*,#1505,.T.);
#1977=ORIENTED_EDGE('',*,*,#1433,.T.);
#1978=ORIENTED_EDGE('',*,*,#1428,.T.);
#1979=ORIENTED_EDGE('',*,*,#1422,.T.);
#1980=ORIENTED_EDGE('',*,*,#1447,.T.);
#1981=ORIENTED_EDGE('',*,*,#1441,.T.);
#1982=ORIENTED_EDGE('',*,*,#1506,.T.);
#1983=ORIENTED_EDGE('',*,*,#1354,.T.);
#1984=ORIENTED_EDGE('',*,*,#1507,.T.);
#1985=ORIENTED_EDGE('',*,*,#1508,.T.);
#1986=ORIENTED_EDGE('',*,*,#1435,.T.);
#1987=ORIENTED_EDGE('',*,*,#1509,.F.);
#1988=ORIENTED_EDGE('',*,*,#1510,.T.);
#1989=ORIENTED_EDGE('',*,*,#1486,.F.);
#1990=ORIENTED_EDGE('',*,*,#1510,.F.);
#1991=ORIENTED_EDGE('',*,*,#1511,.F.);
#1992=ORIENTED_EDGE('',*,*,#1512,.T.);
#1993=ORIENTED_EDGE('',*,*,#1485,.F.);
#1994=ORIENTED_EDGE('',*,*,#1512,.F.);
#1995=ORIENTED_EDGE('',*,*,#1513,.F.);
#1996=ORIENTED_EDGE('',*,*,#1514,.T.);
#1997=ORIENTED_EDGE('',*,*,#1484,.F.);
#1998=ORIENTED_EDGE('',*,*,#1514,.F.);
#1999=ORIENTED_EDGE('',*,*,#1515,.F.);
#2000=ORIENTED_EDGE('',*,*,#1516,.T.);
#2001=ORIENTED_EDGE('',*,*,#1383,.F.);
#2002=ORIENTED_EDGE('',*,*,#1517,.F.);
#2003=ORIENTED_EDGE('',*,*,#1518,.F.);
#2004=ORIENTED_EDGE('',*,*,#1519,.T.);
#2005=ORIENTED_EDGE('',*,*,#1381,.F.);
#2006=ORIENTED_EDGE('',*,*,#1520,.F.);
#2007=ORIENTED_EDGE('',*,*,#1454,.F.);
#2008=ORIENTED_EDGE('',*,*,#1520,.T.);
#2009=ORIENTED_EDGE('',*,*,#1380,.F.);
#2010=ORIENTED_EDGE('',*,*,#1521,.F.);
#2011=ORIENTED_EDGE('',*,*,#1522,.F.);
#2012=ORIENTED_EDGE('',*,*,#1521,.T.);
#2013=ORIENTED_EDGE('',*,*,#1379,.F.);
#2014=ORIENTED_EDGE('',*,*,#1523,.F.);
#2015=ORIENTED_EDGE('',*,*,#1524,.F.);
#2016=ORIENTED_EDGE('',*,*,#1525,.T.);
#2017=ORIENTED_EDGE('',*,*,#1377,.F.);
#2018=ORIENTED_EDGE('',*,*,#1526,.F.);
#2019=ORIENTED_EDGE('',*,*,#1527,.F.);
#2020=ORIENTED_EDGE('',*,*,#1526,.T.);
#2021=ORIENTED_EDGE('',*,*,#1376,.F.);
#2022=ORIENTED_EDGE('',*,*,#1516,.F.);
#2023=ORIENTED_EDGE('',*,*,#1522,.T.);
#2024=ORIENTED_EDGE('',*,*,#1528,.T.);
#2025=ORIENTED_EDGE('',*,*,#1443,.T.);
#2026=ORIENTED_EDGE('',*,*,#1455,.T.);
#2027=ORIENTED_EDGE('',*,*,#1529,.F.);
#2028=ORIENTED_EDGE('',*,*,#1530,.F.);
#2029=ORIENTED_EDGE('',*,*,#1531,.F.);
#2030=ORIENTED_EDGE('',*,*,#1415,.T.);
#2031=ORIENTED_EDGE('',*,*,#1532,.F.);
#2032=ORIENTED_EDGE('',*,*,#1533,.F.);
#2033=ORIENTED_EDGE('',*,*,#1534,.F.);
#2034=ORIENTED_EDGE('',*,*,#1535,.F.);
#2035=ORIENTED_EDGE('',*,*,#1536,.F.);
#2036=ORIENTED_EDGE('',*,*,#1537,.F.);
#2037=ORIENTED_EDGE('',*,*,#1363,.F.);
#2038=ORIENTED_EDGE('',*,*,#1538,.F.);
#2039=ORIENTED_EDGE('',*,*,#1444,.F.);
#2040=ORIENTED_EDGE('',*,*,#1528,.F.);
#2041=ORIENTED_EDGE('',*,*,#1523,.T.);
#2042=ORIENTED_EDGE('',*,*,#1378,.F.);
#2043=ORIENTED_EDGE('',*,*,#1525,.F.);
#2044=ORIENTED_EDGE('',*,*,#1524,.T.);
#2045=ORIENTED_EDGE('',*,*,#1539,.T.);
#2046=ORIENTED_EDGE('',*,*,#1540,.T.);
#2047=ORIENTED_EDGE('',*,*,#1529,.T.);
#2048=ORIENTED_EDGE('',*,*,#1527,.T.);
#2049=ORIENTED_EDGE('',*,*,#1541,.F.);
#2050=ORIENTED_EDGE('',*,*,#1542,.F.);
#2051=ORIENTED_EDGE('',*,*,#1539,.F.);
#2052=ORIENTED_EDGE('',*,*,#1508,.F.);
#2053=ORIENTED_EDGE('',*,*,#1543,.F.);
#2054=ORIENTED_EDGE('',*,*,#1461,.F.);
#2055=ORIENTED_EDGE('',*,*,#1436,.F.);
#2056=ORIENTED_EDGE('',*,*,#1409,.F.);
#2057=ORIENTED_EDGE('',*,*,#1544,.F.);
#2058=ORIENTED_EDGE('',*,*,#1545,.F.);
#2059=ORIENTED_EDGE('',*,*,#1546,.F.);
#2060=ORIENTED_EDGE('',*,*,#1506,.F.);
#2061=ORIENTED_EDGE('',*,*,#1446,.F.);
#2062=ORIENTED_EDGE('',*,*,#1547,.F.);
#2063=ORIENTED_EDGE('',*,*,#1361,.F.);
#2064=ORIENTED_EDGE('',*,*,#1548,.F.);
#2065=ORIENTED_EDGE('',*,*,#1456,.F.);
#2066=ORIENTED_EDGE('',*,*,#1543,.T.);
#2067=ORIENTED_EDGE('',*,*,#1507,.F.);
#2068=ORIENTED_EDGE('',*,*,#1353,.F.);
#2069=ORIENTED_EDGE('',*,*,#1351,.F.);
#2070=ORIENTED_EDGE('',*,*,#1549,.T.);
#2071=ORIENTED_EDGE('',*,*,#1504,.F.);
#2072=ORIENTED_EDGE('',*,*,#1404,.F.);
#2073=ORIENTED_EDGE('',*,*,#1550,.F.);
#2074=ORIENTED_EDGE('',*,*,#1551,.F.);
#2075=ORIENTED_EDGE('',*,*,#1552,.F.);
#2076=ORIENTED_EDGE('',*,*,#1417,.T.);
#2077=ORIENTED_EDGE('',*,*,#1553,.F.);
#2078=ORIENTED_EDGE('',*,*,#1554,.F.);
#2079=ORIENTED_EDGE('',*,*,#1555,.F.);
#2080=ORIENTED_EDGE('',*,*,#1544,.T.);
#2081=ORIENTED_EDGE('',*,*,#1408,.F.);
#2082=ORIENTED_EDGE('',*,*,#1412,.F.);
#2083=ORIENTED_EDGE('',*,*,#1405,.F.);
#2084=ORIENTED_EDGE('',*,*,#1552,.T.);
#2085=ORIENTED_EDGE('',*,*,#1556,.F.);
#2086=ORIENTED_EDGE('',*,*,#1557,.F.);
#2087=ORIENTED_EDGE('',*,*,#1558,.F.);
#2088=ORIENTED_EDGE('',*,*,#1350,.F.);
#2089=ORIENTED_EDGE('',*,*,#1434,.F.);
#2090=ORIENTED_EDGE('',*,*,#1505,.F.);
#2091=ORIENTED_EDGE('',*,*,#1549,.F.);
#2092=ORIENTED_EDGE('',*,*,#1432,.T.);
#2093=ORIENTED_EDGE('',*,*,#1356,.T.);
#2094=ORIENTED_EDGE('',*,*,#1537,.T.);
#2095=ORIENTED_EDGE('',*,*,#1559,.T.);
#2096=ORIENTED_EDGE('',*,*,#1560,.F.);
#2097=ORIENTED_EDGE('',*,*,#1561,.F.);
#2098=ORIENTED_EDGE('',*,*,#1562,.F.);
#2099=ORIENTED_EDGE('',*,*,#1536,.T.);
#2100=ORIENTED_EDGE('',*,*,#1561,.T.);
#2101=ORIENTED_EDGE('',*,*,#1331,.T.);
#2102=ORIENTED_EDGE('',*,*,#1559,.F.);
#2103=ORIENTED_EDGE('',*,*,#1563,.F.);
#2104=ORIENTED_EDGE('',*,*,#1564,.F.);
#2105=ORIENTED_EDGE('',*,*,#1565,.F.);
#2106=ORIENTED_EDGE('',*,*,#1334,.T.);
#2107=ORIENTED_EDGE('',*,*,#1564,.T.);
#2108=ORIENTED_EDGE('',*,*,#1566,.T.);
#2109=ORIENTED_EDGE('',*,*,#1567,.T.);
#2110=ORIENTED_EDGE('',*,*,#1568,.T.);
#2111=ORIENTED_EDGE('',*,*,#1565,.T.);
#2112=ORIENTED_EDGE('',*,*,#1333,.T.);
#2113=ORIENTED_EDGE('',*,*,#1569,.T.);
#2114=ORIENTED_EDGE('',*,*,#1570,.F.);
#2115=ORIENTED_EDGE('',*,*,#1571,.F.);
#2116=ORIENTED_EDGE('',*,*,#1572,.F.);
#2117=ORIENTED_EDGE('',*,*,#1414,.T.);
#2118=ORIENTED_EDGE('',*,*,#1573,.T.);
#2119=ORIENTED_EDGE('',*,*,#1571,.T.);
#2120=ORIENTED_EDGE('',*,*,#1532,.T.);
#2121=ORIENTED_EDGE('',*,*,#1574,.F.);
#2122=ORIENTED_EDGE('',*,*,#1575,.F.);
#2123=ORIENTED_EDGE('',*,*,#1576,.F.);
#2124=ORIENTED_EDGE('',*,*,#1575,.T.);
#2125=ORIENTED_EDGE('',*,*,#1498,.T.);
#2126=ORIENTED_EDGE('',*,*,#1572,.T.);
#2127=ORIENTED_EDGE('',*,*,#1577,.T.);
#2128=ORIENTED_EDGE('',*,*,#1420,.T.);
#2129=ORIENTED_EDGE('',*,*,#1578,.T.);
#2130=ORIENTED_EDGE('',*,*,#1576,.T.);
#2131=ORIENTED_EDGE('',*,*,#1579,.T.);
#2132=ORIENTED_EDGE('',*,*,#1494,.T.);
#2133=ORIENTED_EDGE('',*,*,#1574,.T.);
#2134=ORIENTED_EDGE('',*,*,#1580,.T.);
#2135=ORIENTED_EDGE('',*,*,#1581,.T.);
#2136=ORIENTED_EDGE('',*,*,#1533,.T.);
#2137=ORIENTED_EDGE('',*,*,#1570,.T.);
#2138=ORIENTED_EDGE('',*,*,#1497,.T.);
#2139=ORIENTED_EDGE('',*,*,#1582,.T.);
#2140=ORIENTED_EDGE('',*,*,#1583,.T.);
#2141=ORIENTED_EDGE('',*,*,#1584,.T.);
#2142=ORIENTED_EDGE('',*,*,#1563,.T.);
#2143=ORIENTED_EDGE('',*,*,#1585,.T.);
#2144=ORIENTED_EDGE('',*,*,#1581,.F.);
#2145=ORIENTED_EDGE('',*,*,#1586,.T.);
#2146=ORIENTED_EDGE('',*,*,#1587,.T.);
#2147=ORIENTED_EDGE('',*,*,#1562,.T.);
#2148=ORIENTED_EDGE('',*,*,#1535,.T.);
#2149=ORIENTED_EDGE('',*,*,#1588,.F.);
#2150=ORIENTED_EDGE('',*,*,#1586,.F.);
#2151=ORIENTED_EDGE('',*,*,#1534,.T.);
#2152=ORIENTED_EDGE('',*,*,#1583,.F.);
#2153=ORIENTED_EDGE('',*,*,#1332,.T.);
#2154=ORIENTED_EDGE('',*,*,#1560,.T.);
#2155=ORIENTED_EDGE('',*,*,#1589,.T.);
#2156=ORIENTED_EDGE('',*,*,#1569,.F.);
#2157=ORIENTED_EDGE('',*,*,#1590,.T.);
#2158=ORIENTED_EDGE('',*,*,#1358,.T.);
#2159=ORIENTED_EDGE('',*,*,#1431,.T.);
#2160=ORIENTED_EDGE('',*,*,#1567,.F.);
#2161=ORIENTED_EDGE('',*,*,#1591,.F.);
#2162=ORIENTED_EDGE('',*,*,#1470,.F.);
#2163=ORIENTED_EDGE('',*,*,#1592,.F.);
#2164=ORIENTED_EDGE('',*,*,#1359,.F.);
#2165=ORIENTED_EDGE('',*,*,#1590,.F.);
#2166=ORIENTED_EDGE('',*,*,#1566,.F.);
#2167=ORIENTED_EDGE('',*,*,#1584,.F.);
#2168=ORIENTED_EDGE('',*,*,#1580,.F.);
#2169=ORIENTED_EDGE('',*,*,#1578,.F.);
#2170=ORIENTED_EDGE('',*,*,#1419,.F.);
#2171=ORIENTED_EDGE('',*,*,#1593,.F.);
#2172=ORIENTED_EDGE('',*,*,#1594,.F.);
#2173=ORIENTED_EDGE('',*,*,#1595,.F.);
#2174=ORIENTED_EDGE('',*,*,#1517,.T.);
#2175=ORIENTED_EDGE('',*,*,#1382,.F.);
#2176=ORIENTED_EDGE('',*,*,#1519,.F.);
#2177=ORIENTED_EDGE('',*,*,#1596,.F.);
#2178=ORIENTED_EDGE('',*,*,#1597,.F.);
#2179=ORIENTED_EDGE('',*,*,#1598,.F.);
#2180=ORIENTED_EDGE('',*,*,#1599,.F.);
#2181=ORIENTED_EDGE('',*,*,#1585,.F.);
#2182=ORIENTED_EDGE('',*,*,#1568,.F.);
#2183=ORIENTED_EDGE('',*,*,#1600,.F.);
#2184=ORIENTED_EDGE('',*,*,#1601,.F.);
#2185=ORIENTED_EDGE('',*,*,#1495,.F.);
#2186=ORIENTED_EDGE('',*,*,#1589,.F.);
#2187=ORIENTED_EDGE('',*,*,#1587,.F.);
#2188=ORIENTED_EDGE('',*,*,#1602,.F.);
#2189=ORIENTED_EDGE('',*,*,#1600,.T.);
#2190=ORIENTED_EDGE('',*,*,#1499,.F.);
#2191=ORIENTED_EDGE('',*,*,#1503,.F.);
#2192=ORIENTED_EDGE('',*,*,#1603,.F.);
#2193=ORIENTED_EDGE('',*,*,#1439,.T.);
#2194=ORIENTED_EDGE('',*,*,#1604,.T.);
#2195=ORIENTED_EDGE('',*,*,#1430,.F.);
#2196=ORIENTED_EDGE('',*,*,#1440,.T.);
#2197=ORIENTED_EDGE('',*,*,#1603,.T.);
#2198=ORIENTED_EDGE('',*,*,#1588,.T.);
#2199=ORIENTED_EDGE('',*,*,#1582,.F.);
#2200=ORIENTED_EDGE('',*,*,#1496,.T.);
#2201=ORIENTED_EDGE('',*,*,#1601,.T.);
#2202=ORIENTED_EDGE('',*,*,#1602,.T.);
#2203=ORIENTED_EDGE('',*,*,#1598,.T.);
#2204=ORIENTED_EDGE('',*,*,#1605,.T.);
#2205=ORIENTED_EDGE('',*,*,#1606,.T.);
#2206=ORIENTED_EDGE('',*,*,#1607,.F.);
#2207=ORIENTED_EDGE('',*,*,#1608,.T.);
#2208=ORIENTED_EDGE('',*,*,#1609,.T.);
#2209=ORIENTED_EDGE('',*,*,#1596,.T.);
#2210=ORIENTED_EDGE('',*,*,#1610,.T.);
#2211=ORIENTED_EDGE('',*,*,#1597,.T.);
#2212=ORIENTED_EDGE('',*,*,#1609,.F.);
#2213=ORIENTED_EDGE('',*,*,#1611,.T.);
#2214=ORIENTED_EDGE('',*,*,#1466,.T.);
#2215=ORIENTED_EDGE('',*,*,#1612,.T.);
#2216=ORIENTED_EDGE('',*,*,#1605,.F.);
#2217=ORIENTED_EDGE('',*,*,#1613,.T.);
#2218=ORIENTED_EDGE('',*,*,#1614,.T.);
#2219=ORIENTED_EDGE('',*,*,#1610,.F.);
#2220=ORIENTED_EDGE('',*,*,#1599,.T.);
#2221=ORIENTED_EDGE('',*,*,#1607,.T.);
#2222=ORIENTED_EDGE('',*,*,#1615,.T.);
#2223=ORIENTED_EDGE('',*,*,#1608,.F.);
#2224=ORIENTED_EDGE('',*,*,#1614,.F.);
#2225=ORIENTED_EDGE('',*,*,#1616,.T.);
#2226=ORIENTED_EDGE('',*,*,#1617,.F.);
#2227=ORIENTED_EDGE('',*,*,#1467,.T.);
#2228=ORIENTED_EDGE('',*,*,#1611,.F.);
#2229=ORIENTED_EDGE('',*,*,#1604,.F.);
#2230=ORIENTED_EDGE('',*,*,#1502,.F.);
#2231=ORIENTED_EDGE('',*,*,#1618,.F.);
#2232=ORIENTED_EDGE('',*,*,#1616,.F.);
#2233=ORIENTED_EDGE('',*,*,#1613,.F.);
#2234=ORIENTED_EDGE('',*,*,#1619,.F.);
#2235=ORIENTED_EDGE('',*,*,#1620,.F.);
#2236=ORIENTED_EDGE('',*,*,#1424,.F.);
#2237=ORIENTED_EDGE('',*,*,#1620,.T.);
#2238=ORIENTED_EDGE('',*,*,#1621,.T.);
#2239=ORIENTED_EDGE('',*,*,#1464,.F.);
#2240=ORIENTED_EDGE('',*,*,#1462,.F.);
#2241=ORIENTED_EDGE('',*,*,#1425,.T.);
#2242=ORIENTED_EDGE('',*,*,#1606,.F.);
#2243=ORIENTED_EDGE('',*,*,#1612,.F.);
#2244=ORIENTED_EDGE('',*,*,#1465,.T.);
#2245=ORIENTED_EDGE('',*,*,#1621,.F.);
#2246=ORIENTED_EDGE('',*,*,#1619,.T.);
#2247=ORIENTED_EDGE('',*,*,#1615,.F.);
#2248=ORIENTED_EDGE('',*,*,#1618,.T.);
#2249=ORIENTED_EDGE('',*,*,#1501,.T.);
#2250=ORIENTED_EDGE('',*,*,#1468,.T.);
#2251=ORIENTED_EDGE('',*,*,#1617,.T.);
#2252=ORIENTED_EDGE('',*,*,#1579,.F.);
#2253=ORIENTED_EDGE('',*,*,#1577,.F.);
#2254=ORIENTED_EDGE('',*,*,#1573,.F.);
#2255=ORIENTED_EDGE('',*,*,#1421,.F.);
#2256=ORIENTED_EDGE('',*,*,#1546,.T.);
#2257=ORIENTED_EDGE('',*,*,#1622,.F.);
#2258=ORIENTED_EDGE('',*,*,#1623,.F.);
#2259=ORIENTED_EDGE('',*,*,#1624,.F.);
#2260=ORIENTED_EDGE('',*,*,#1550,.T.);
#2261=ORIENTED_EDGE('',*,*,#1403,.F.);
#2262=ORIENTED_EDGE('',*,*,#1413,.F.);
#2263=ORIENTED_EDGE('',*,*,#1410,.F.);
#2264=ORIENTED_EDGE('',*,*,#1513,.T.);
#2265=ORIENTED_EDGE('',*,*,#1457,.T.);
#2266=ORIENTED_EDGE('',*,*,#1548,.T.);
#2267=ORIENTED_EDGE('',*,*,#1360,.T.);
#2268=ORIENTED_EDGE('',*,*,#1592,.T.);
#2269=ORIENTED_EDGE('',*,*,#1469,.T.);
#2270=ORIENTED_EDGE('',*,*,#1362,.T.);
#2271=ORIENTED_EDGE('',*,*,#1547,.T.);
#2272=ORIENTED_EDGE('',*,*,#1445,.T.);
#2273=ORIENTED_EDGE('',*,*,#1538,.T.);
#2274=ORIENTED_EDGE('',*,*,#1418,.T.);
#2275=ORIENTED_EDGE('',*,*,#1558,.T.);
#2276=ORIENTED_EDGE('',*,*,#1625,.T.);
#2277=ORIENTED_EDGE('',*,*,#1593,.T.);
#2278=ORIENTED_EDGE('',*,*,#1416,.T.);
#2279=ORIENTED_EDGE('',*,*,#1531,.T.);
#2280=ORIENTED_EDGE('',*,*,#1626,.T.);
#2281=ORIENTED_EDGE('',*,*,#1553,.T.);
#2282=ORIENTED_EDGE('',*,*,#1518,.T.);
#2283=ORIENTED_EDGE('',*,*,#1453,.T.);
#2284=ORIENTED_EDGE('',*,*,#1471,.T.);
#2285=ORIENTED_EDGE('',*,*,#1591,.T.);
#2286=ORIENTED_EDGE('',*,*,#1515,.T.);
#2287=ORIENTED_EDGE('',*,*,#1595,.T.);
#2288=ORIENTED_EDGE('',*,*,#1627,.T.);
#2289=ORIENTED_EDGE('',*,*,#1541,.T.);
#2290=ORIENTED_EDGE('',*,*,#1554,.T.);
#2291=ORIENTED_EDGE('',*,*,#1626,.F.);
#2292=ORIENTED_EDGE('',*,*,#1530,.T.);
#2293=ORIENTED_EDGE('',*,*,#1540,.F.);
#2294=ORIENTED_EDGE('',*,*,#1542,.T.);
#2295=ORIENTED_EDGE('',*,*,#1627,.F.);
#2296=ORIENTED_EDGE('',*,*,#1594,.T.);
#2297=ORIENTED_EDGE('',*,*,#1625,.F.);
#2298=ORIENTED_EDGE('',*,*,#1557,.T.);
#2299=ORIENTED_EDGE('',*,*,#1628,.F.);
#2300=ORIENTED_EDGE('',*,*,#1623,.T.);
#2301=ORIENTED_EDGE('',*,*,#1629,.F.);
#2302=ORIENTED_EDGE('',*,*,#1624,.T.);
#2303=ORIENTED_EDGE('',*,*,#1628,.T.);
#2304=ORIENTED_EDGE('',*,*,#1556,.T.);
#2305=ORIENTED_EDGE('',*,*,#1551,.T.);
#2306=ORIENTED_EDGE('',*,*,#1622,.T.);
#2307=ORIENTED_EDGE('',*,*,#1545,.T.);
#2308=ORIENTED_EDGE('',*,*,#1555,.T.);
#2309=ORIENTED_EDGE('',*,*,#1629,.T.);
#2310=ORIENTED_EDGE('',*,*,#1511,.T.);
#2311=ORIENTED_EDGE('',*,*,#1509,.T.);
#2312=CONICAL_SURFACE('',#2466,1.74999999999999,0.785398163397457);
#2313=CONICAL_SURFACE('',#2469,1.74999999999999,0.785398163397457);
#2314=CONICAL_SURFACE('',#2481,1.74999999999999,0.785398163397449);
#2315=CONICAL_SURFACE('',#2486,1.74999999999999,0.785398163397449);
#2316=CONICAL_SURFACE('',#2494,3.99999999999999,0.785398163397448);
#2317=CONICAL_SURFACE('',#2574,4.74999999950154,0.785398163397448);
#2318=ADVANCED_FACE('',(#730),#2312,.T.);
#2319=ADVANCED_FACE('',(#731),#2313,.T.);
#2320=ADVANCED_FACE('',(#732),#619,.T.);
#2321=ADVANCED_FACE('',(#733),#620,.T.);
#2322=ADVANCED_FACE('',(#734),#621,.F.);
#2323=ADVANCED_FACE('',(#735),#38,.T.);
#2324=ADVANCED_FACE('',(#736),#622,.T.);
#2325=ADVANCED_FACE('',(#737),#623,.F.);
#2326=ADVANCED_FACE('',(#738),#39,.T.);
#2327=ADVANCED_FACE('',(#739),#2314,.T.);
#2328=ADVANCED_FACE('',(#740),#624,.T.);
#2329=ADVANCED_FACE('',(#741),#625,.T.);
#2330=ADVANCED_FACE('',(#742),#2315,.T.);
#2331=ADVANCED_FACE('',(#743),#626,.F.);
#2332=ADVANCED_FACE('',(#744),#40,.T.);
#2333=ADVANCED_FACE('',(#745),#627,.T.);
#2334=ADVANCED_FACE('',(#746),#628,.F.);
#2335=ADVANCED_FACE('',(#747),#2316,.T.);
#2336=ADVANCED_FACE('',(#748,#18),#629,.T.);
#2337=ADVANCED_FACE('',(#749,#19),#630,.T.);
#2338=ADVANCED_FACE('',(#750),#631,.F.);
#2339=ADVANCED_FACE('',(#751),#632,.F.);
#2340=ADVANCED_FACE('',(#752,#20),#633,.T.);
#2341=ADVANCED_FACE('',(#753),#41,.T.);
#2342=ADVANCED_FACE('',(#754),#42,.F.);
#2343=ADVANCED_FACE('',(#755),#43,.F.);
#2344=ADVANCED_FACE('',(#756),#634,.T.);
#2345=ADVANCED_FACE('',(#757,#21),#635,.T.);
#2346=ADVANCED_FACE('',(#758,#22,#23),#636,.T.);
#2347=ADVANCED_FACE('',(#759),#44,.F.);
#2348=ADVANCED_FACE('',(#760),#637,.T.);
#2349=ADVANCED_FACE('',(#761),#45,.F.);
#2350=ADVANCED_FACE('',(#762),#638,.T.);
#2351=ADVANCED_FACE('',(#763),#46,.F.);
#2352=ADVANCED_FACE('',(#764),#639,.T.);
#2353=ADVANCED_FACE('',(#765),#47,.F.);
#2354=ADVANCED_FACE('',(#766),#640,.T.);
#2355=ADVANCED_FACE('',(#767,#24,#25,#26,#27,#28),#641,.T.);
#2356=ADVANCED_FACE('',(#768),#48,.F.);
#2357=ADVANCED_FACE('',(#769),#49,.F.);
#2358=ADVANCED_FACE('',(#770),#642,.T.);
#2359=ADVANCED_FACE('',(#771),#643,.T.);
#2360=ADVANCED_FACE('',(#772),#644,.T.);
#2361=ADVANCED_FACE('',(#773,#29,#30),#645,.T.);
#2362=ADVANCED_FACE('',(#774),#646,.F.);
#2363=ADVANCED_FACE('',(#775),#647,.T.);
#2364=ADVANCED_FACE('',(#776,#31),#648,.T.);
#2365=ADVANCED_FACE('',(#777),#649,.F.);
#2366=ADVANCED_FACE('',(#778),#650,.T.);
#2367=ADVANCED_FACE('',(#779),#651,.F.);
#2368=ADVANCED_FACE('',(#780),#652,.T.);
#2369=ADVANCED_FACE('',(#781),#653,.F.);
#2370=ADVANCED_FACE('',(#782),#654,.F.);
#2371=ADVANCED_FACE('',(#783),#655,.F.);
#2372=ADVANCED_FACE('',(#784),#656,.T.);
#2373=ADVANCED_FACE('',(#785),#657,.T.);
#2374=ADVANCED_FACE('',(#786,#32,#33,#34),#658,.T.);
#2375=ADVANCED_FACE('',(#787),#659,.T.);
#2376=ADVANCED_FACE('',(#788),#660,.T.);
#2377=ADVANCED_FACE('',(#789),#661,.T.);
#2378=ADVANCED_FACE('',(#790),#662,.F.);
#2379=ADVANCED_FACE('',(#791),#663,.T.);
#2380=ADVANCED_FACE('',(#792),#664,.T.);
#2381=ADVANCED_FACE('',(#793),#2317,.T.);
#2382=ADVANCED_FACE('',(#794,#35),#665,.T.);
#2383=ADVANCED_FACE('',(#795),#666,.T.);
#2384=ADVANCED_FACE('',(#796),#667,.F.);
#2385=ADVANCED_FACE('',(#797),#668,.T.);
#2386=ADVANCED_FACE('',(#798),#669,.T.);
#2387=ADVANCED_FACE('',(#799),#50,.F.);
#2388=ADVANCED_FACE('',(#800),#51,.F.);
#2389=ADVANCED_FACE('',(#801),#52,.F.);
#2390=ADVANCED_FACE('',(#802),#670,.T.);
#2391=ADVANCED_FACE('',(#803),#671,.T.);
#2392=ADVANCED_FACE('',(#804),#672,.T.);
#2393=ADVANCED_FACE('',(#805),#673,.T.);
#2394=ADVANCED_FACE('',(#806),#674,.T.);
#2395=ADVANCED_FACE('',(#807),#675,.T.);
#2396=ADVANCED_FACE('',(#808),#676,.T.);
#2397=ADVANCED_FACE('',(#809),#677,.T.);
#2398=ADVANCED_FACE('',(#810),#678,.T.);
#2399=ADVANCED_FACE('',(#811),#679,.T.);
#2400=ADVANCED_FACE('',(#812),#680,.F.);
#2401=ADVANCED_FACE('',(#813),#681,.F.);
#2402=ADVANCED_FACE('',(#814),#682,.T.);
#2403=ADVANCED_FACE('',(#815),#683,.F.);
#2404=ADVANCED_FACE('',(#816),#684,.T.);
#2405=ADVANCED_FACE('',(#817),#685,.F.);
#2406=ADVANCED_FACE('',(#818),#686,.T.);
#2407=ADVANCED_FACE('',(#819),#687,.T.);
#2408=ADVANCED_FACE('',(#820),#688,.T.);
#2409=ADVANCED_FACE('',(#821),#689,.T.);
#2410=ADVANCED_FACE('',(#822),#690,.T.);
#2411=ADVANCED_FACE('',(#823),#691,.T.);
#2412=ADVANCED_FACE('',(#824),#692,.T.);
#2413=ADVANCED_FACE('',(#825),#693,.T.);
#2414=ADVANCED_FACE('',(#826),#694,.T.);
#2415=ADVANCED_FACE('',(#827),#695,.T.);
#2416=ADVANCED_FACE('',(#828),#696,.T.);
#2417=ADVANCED_FACE('',(#829),#697,.T.);
#2418=ADVANCED_FACE('',(#830),#698,.T.);
#2419=ADVANCED_FACE('',(#831),#699,.T.);
#2420=ADVANCED_FACE('',(#832),#700,.T.);
#2421=ADVANCED_FACE('',(#833),#701,.T.);
#2422=ADVANCED_FACE('',(#834),#702,.T.);
#2423=ADVANCED_FACE('',(#835),#703,.T.);
#2424=ADVANCED_FACE('',(#836,#36),#704,.T.);
#2425=ADVANCED_FACE('',(#837),#705,.F.);
#2426=ADVANCED_FACE('',(#838),#706,.T.);
#2427=ADVANCED_FACE('',(#839),#707,.T.);
#2428=ADVANCED_FACE('',(#840),#708,.T.);
#2429=ADVANCED_FACE('',(#841),#709,.T.);
#2430=ADVANCED_FACE('',(#842),#710,.T.);
#2431=ADVANCED_FACE('',(#843),#711,.T.);
#2432=ADVANCED_FACE('',(#844),#712,.T.);
#2433=ADVANCED_FACE('',(#845),#713,.T.);
#2434=ADVANCED_FACE('',(#846),#714,.F.);
#2435=ADVANCED_FACE('',(#847),#715,.T.);
#2436=ADVANCED_FACE('',(#848),#53,.F.);
#2437=ADVANCED_FACE('',(#849),#716,.F.);
#2438=ADVANCED_FACE('',(#850),#54,.T.);
#2439=ADVANCED_FACE('',(#851,#37),#717,.T.);
#2440=ADVANCED_FACE('',(#852),#718,.F.);
#2441=ADVANCED_FACE('',(#853),#719,.T.);
#2442=ADVANCED_FACE('',(#854),#720,.T.);
#2443=ADVANCED_FACE('',(#855),#721,.T.);
#2444=ADVANCED_FACE('',(#856),#722,.T.);
#2445=ADVANCED_FACE('',(#857),#723,.T.);
#2446=ADVANCED_FACE('',(#858),#724,.T.);
#2447=ADVANCED_FACE('',(#859),#725,.F.);
#2448=ADVANCED_FACE('',(#860),#726,.T.);
#2449=ADVANCED_FACE('',(#861),#727,.T.);
#2450=ADVANCED_FACE('',(#862),#728,.F.);
#2451=ADVANCED_FACE('',(#863),#729,.F.);
#2452=CLOSED_SHELL('',(#2318,#2319,#2320,#2321,#2322,#2323,#2324,#2325,
#2326,#2327,#2328,#2329,#2330,#2331,#2332,#2333,#2334,#2335,#2336,#2337,
#2338,#2339,#2340,#2341,#2342,#2343,#2344,#2345,#2346,#2347,#2348,#2349,
#2350,#2351,#2352,#2353,#2354,#2355,#2356,#2357,#2358,#2359,#2360,#2361,
#2362,#2363,#2364,#2365,#2366,#2367,#2368,#2369,#2370,#2371,#2372,#2373,
#2374,#2375,#2376,#2377,#2378,#2379,#2380,#2381,#2382,#2383,#2384,#2385,
#2386,#2387,#2388,#2389,#2390,#2391,#2392,#2393,#2394,#2395,#2396,#2397,
#2398,#2399,#2400,#2401,#2402,#2403,#2404,#2405,#2406,#2407,#2408,#2409,
#2410,#2411,#2412,#2413,#2414,#2415,#2416,#2417,#2418,#2419,#2420,#2421,
#2422,#2423,#2424,#2425,#2426,#2427,#2428,#2429,#2430,#2431,#2432,#2433,
#2434,#2435,#2436,#2437,#2438,#2439,#2440,#2441,#2442,#2443,#2444,#2445,
#2446,#2447,#2448,#2449,#2450,#2451));
#2453=DERIVED_UNIT_ELEMENT(#2455,1.);
#2454=DERIVED_UNIT_ELEMENT(#4025,-3.);
#2455=(
MASS_UNIT()
NAMED_UNIT(*)
SI_UNIT(.KILO.,.GRAM.)
);
#2456=DERIVED_UNIT((#2453,#2454));
#2457=MEASURE_REPRESENTATION_ITEM('density measure',
POSITIVE_RATIO_MEASURE(7850.),#2456);
#2458=PROPERTY_DEFINITION_REPRESENTATION(#2463,#2460);
#2459=PROPERTY_DEFINITION_REPRESENTATION(#2464,#2461);
#2460=REPRESENTATION('material name',(#2462),#4022);
#2461=REPRESENTATION('density',(#2457),#4022);
#2462=DESCRIPTIVE_REPRESENTATION_ITEM('Steel','Steel');
#2463=PROPERTY_DEFINITION('material property','material name',#4032);
#2464=PROPERTY_DEFINITION('material property','density of part',#4032);
#2465=AXIS2_PLACEMENT_3D('',#3305,#2651,#2652);
#2466=AXIS2_PLACEMENT_3D('',#3306,#2653,#2654);
#2467=AXIS2_PLACEMENT_3D('',#3309,#2655,#2656);
#2468=AXIS2_PLACEMENT_3D('',#3316,#2657,#2658);
#2469=AXIS2_PLACEMENT_3D('',#3321,#2659,#2660);
#2470=AXIS2_PLACEMENT_3D('',#3324,#2661,#2662);
#2471=AXIS2_PLACEMENT_3D('',#3331,#2663,#2664);
#2472=AXIS2_PLACEMENT_3D('',#3336,#2665,#2666);
#2473=AXIS2_PLACEMENT_3D('',#3339,#2669,#2670);
#2474=AXIS2_PLACEMENT_3D('',#3342,#2673,#2674);
#2475=AXIS2_PLACEMENT_3D('',#3348,#2678,#2679);
#2476=AXIS2_PLACEMENT_3D('',#3351,#2681,#2682);
#2477=AXIS2_PLACEMENT_3D('',#3352,#2683,#2684);
#2478=AXIS2_PLACEMENT_3D('',#3353,#2685,#2686);
#2479=AXIS2_PLACEMENT_3D('',#3357,#2689,#2690);
#2480=AXIS2_PLACEMENT_3D('',#3358,#2691,#2692);
#2481=AXIS2_PLACEMENT_3D('',#3359,#2693,#2694);
#2482=AXIS2_PLACEMENT_3D('',#3362,#2695,#2696);
#2483=AXIS2_PLACEMENT_3D('',#3369,#2697,#2698);
#2484=AXIS2_PLACEMENT_3D('',#3374,#2699,#2700);
#2485=AXIS2_PLACEMENT_3D('',#3383,#2703,#2704);
#2486=AXIS2_PLACEMENT_3D('',#3392,#2707,#2708);
#2487=AXIS2_PLACEMENT_3D('',#3393,#2709,#2710);
#2488=AXIS2_PLACEMENT_3D('',#3394,#2711,#2712);
#2489=AXIS2_PLACEMENT_3D('',#3395,#2713,#2714);
#2490=AXIS2_PLACEMENT_3D('',#3401,#2718,#2719);
#2491=AXIS2_PLACEMENT_3D('',#3404,#2721,#2722);
#2492=AXIS2_PLACEMENT_3D('',#3405,#2723,#2724);
#2493=AXIS2_PLACEMENT_3D('',#3406,#2725,#2726);
#2494=AXIS2_PLACEMENT_3D('',#3410,#2729,#2730);
#2495=AXIS2_PLACEMENT_3D('',#3412,#2731,#2732);
#2496=AXIS2_PLACEMENT_3D('',#3415,#2734,#2735);
#2497=AXIS2_PLACEMENT_3D('',#3416,#2736,#2737);
#2498=AXIS2_PLACEMENT_3D('',#3427,#2743,#2744);
#2499=AXIS2_PLACEMENT_3D('',#3428,#2745,#2746);
#2500=AXIS2_PLACEMENT_3D('',#3429,#2747,#2748);
#2501=AXIS2_PLACEMENT_3D('',#3430,#2749,#2750);
#2502=AXIS2_PLACEMENT_3D('',#3431,#2751,#2752);
#2503=AXIS2_PLACEMENT_3D('',#3432,#2753,#2754);
#2504=AXIS2_PLACEMENT_3D('',#3434,#2755,#2756);
#2505=AXIS2_PLACEMENT_3D('',#3435,#2757,#2758);
#2506=AXIS2_PLACEMENT_3D('',#3436,#2759,#2760);
#2507=AXIS2_PLACEMENT_3D('',#3437,#2761,#2762);
#2508=AXIS2_PLACEMENT_3D('',#3439,#2763,#2764);
#2509=AXIS2_PLACEMENT_3D('',#3442,#2766,#2767);
#2510=AXIS2_PLACEMENT_3D('',#3443,#2768,#2769);
#2511=AXIS2_PLACEMENT_3D('',#3445,#2770,#2771);
#2512=AXIS2_PLACEMENT_3D('',#3449,#2773,#2774);
#2513=AXIS2_PLACEMENT_3D('',#3451,#2775,#2776);
#2514=AXIS2_PLACEMENT_3D('',#3452,#2777,#2778);
#2515=AXIS2_PLACEMENT_3D('',#3453,#2779,#2780);
#2516=AXIS2_PLACEMENT_3D('',#3463,#2786,#2787);
#2517=AXIS2_PLACEMENT_3D('',#3469,#2791,#2792);
#2518=AXIS2_PLACEMENT_3D('',#3486,#2801,#2802);
#2519=AXIS2_PLACEMENT_3D('',#3488,#2803,#2804);
#2520=AXIS2_PLACEMENT_3D('',#3491,#2806,#2807);
#2521=AXIS2_PLACEMENT_3D('',#3492,#2808,#2809);
#2522=AXIS2_PLACEMENT_3D('',#3493,#2810,#2811);
#2523=AXIS2_PLACEMENT_3D('',#3495,#2812,#2813);
#2524=AXIS2_PLACEMENT_3D('',#3498,#2815,#2816);
#2525=AXIS2_PLACEMENT_3D('',#3499,#2817,#2818);
#2526=AXIS2_PLACEMENT_3D('',#3500,#2819,#2820);
#2527=AXIS2_PLACEMENT_3D('',#3502,#2821,#2822);
#2528=AXIS2_PLACEMENT_3D('',#3505,#2824,#2825);
#2529=AXIS2_PLACEMENT_3D('',#3506,#2826,#2827);
#2530=AXIS2_PLACEMENT_3D('',#3507,#2828,#2829);
#2531=AXIS2_PLACEMENT_3D('',#3509,#2830,#2831);
#2532=AXIS2_PLACEMENT_3D('',#3512,#2833,#2834);
#2533=AXIS2_PLACEMENT_3D('',#3513,#2835,#2836);
#2534=AXIS2_PLACEMENT_3D('',#3514,#2837,#2838);
#2535=AXIS2_PLACEMENT_3D('',#3547,#2855,#2856);
#2536=AXIS2_PLACEMENT_3D('',#3549,#2857,#2858);
#2537=AXIS2_PLACEMENT_3D('',#3553,#2860,#2861);
#2538=AXIS2_PLACEMENT_3D('',#3555,#2862,#2863);
#2539=AXIS2_PLACEMENT_3D('',#3556,#2864,#2865);
#2540=AXIS2_PLACEMENT_3D('',#3557,#2866,#2867);
#2541=AXIS2_PLACEMENT_3D('',#3559,#2868,#2869);
#2542=AXIS2_PLACEMENT_3D('',#3563,#2871,#2872);
#2543=AXIS2_PLACEMENT_3D('',#3565,#2873,#2874);
#2544=AXIS2_PLACEMENT_3D('',#3566,#2875,#2876);
#2545=AXIS2_PLACEMENT_3D('',#3567,#2877,#2878);
#2546=AXIS2_PLACEMENT_3D('',#3577,#2884,#2885);
#2547=AXIS2_PLACEMENT_3D('',#3587,#2891,#2892);
#2548=AXIS2_PLACEMENT_3D('',#3590,#2895,#2896);
#2549=AXIS2_PLACEMENT_3D('',#3607,#2905,#2906);
#2550=AXIS2_PLACEMENT_3D('',#3620,#2913,#2914);
#2551=AXIS2_PLACEMENT_3D('',#3626,#2918,#2919);
#2552=AXIS2_PLACEMENT_3D('',#3643,#2930,#2931);
#2553=AXIS2_PLACEMENT_3D('',#3656,#2938,#2939);
#2554=AXIS2_PLACEMENT_3D('',#3673,#2949,#2950);
#2555=AXIS2_PLACEMENT_3D('',#3682,#2955,#2956);
#2556=AXIS2_PLACEMENT_3D('',#3685,#2959,#2960);
#2557=AXIS2_PLACEMENT_3D('',#3686,#2961,#2962);
#2558=AXIS2_PLACEMENT_3D('',#3687,#2963,#2964);
#2559=AXIS2_PLACEMENT_3D('',#3691,#2966,#2967);
#2560=AXIS2_PLACEMENT_3D('',#3698,#2971,#2972);
#2561=AXIS2_PLACEMENT_3D('',#3699,#2973,#2974);
#2562=AXIS2_PLACEMENT_3D('',#3706,#2979,#2980);
#2563=AXIS2_PLACEMENT_3D('',#3712,#2984,#2985);
#2564=AXIS2_PLACEMENT_3D('',#3716,#2988,#2989);
#2565=AXIS2_PLACEMENT_3D('',#3729,#2996,#2997);
#2566=AXIS2_PLACEMENT_3D('',#3731,#2998,#2999);
#2567=AXIS2_PLACEMENT_3D('',#3733,#3000,#3001);
#2568=AXIS2_PLACEMENT_3D('',#3734,#3002,#3003);
#2569=AXIS2_PLACEMENT_3D('',#3736,#3005,#3006);
#2570=AXIS2_PLACEMENT_3D('',#3738,#3008,#3009);
#2571=AXIS2_PLACEMENT_3D('',#3740,#3011,#3012);
#2572=AXIS2_PLACEMENT_3D('',#3742,#3014,#3015);
#2573=AXIS2_PLACEMENT_3D('',#3744,#3017,#3018);
#2574=AXIS2_PLACEMENT_3D('',#3745,#3019,#3020);
#2575=AXIS2_PLACEMENT_3D('',#3747,#3021,#3022);
#2576=AXIS2_PLACEMENT_3D('',#3749,#3024,#3025);
#2577=AXIS2_PLACEMENT_3D('',#3760,#3031,#3032);
#2578=AXIS2_PLACEMENT_3D('',#3764,#3035,#3036);
#2579=AXIS2_PLACEMENT_3D('',#3770,#3040,#3041);
#2580=AXIS2_PLACEMENT_3D('',#3776,#3045,#3046);
#2581=AXIS2_PLACEMENT_3D('',#3780,#3049,#3050);
#2582=AXIS2_PLACEMENT_3D('',#3782,#3051,#3052);
#2583=AXIS2_PLACEMENT_3D('',#3784,#3054,#3055);
#2584=AXIS2_PLACEMENT_3D('',#3786,#3056,#3057);
#2585=AXIS2_PLACEMENT_3D('',#3788,#3059,#3060);
#2586=AXIS2_PLACEMENT_3D('',#3790,#3061,#3062);
#2587=AXIS2_PLACEMENT_3D('',#3792,#3064,#3065);
#2588=AXIS2_PLACEMENT_3D('',#3798,#3069,#3070);
#2589=AXIS2_PLACEMENT_3D('',#3803,#3074,#3075);
#2590=AXIS2_PLACEMENT_3D('',#3805,#3077,#3078);
#2591=AXIS2_PLACEMENT_3D('',#3809,#3081,#3082);
#2592=AXIS2_PLACEMENT_3D('',#3815,#3086,#3087);
#2593=AXIS2_PLACEMENT_3D('',#3817,#3089,#3090);
#2594=AXIS2_PLACEMENT_3D('',#3819,#3092,#3093);
#2595=AXIS2_PLACEMENT_3D('',#3837,#3104,#3105);
#2596=AXIS2_PLACEMENT_3D('',#3841,#3108,#3109);
#2597=AXIS2_PLACEMENT_3D('',#3845,#3112,#3113);
#2598=AXIS2_PLACEMENT_3D('',#3847,#3115,#3116);
#2599=AXIS2_PLACEMENT_3D('',#3853,#3120,#3121);
#2600=AXIS2_PLACEMENT_3D('',#3857,#3125,#3126);
#2601=AXIS2_PLACEMENT_3D('',#3863,#3130,#3131);
#2602=AXIS2_PLACEMENT_3D('',#3874,#3138,#3139);
#2603=AXIS2_PLACEMENT_3D('',#3875,#3140,#3141);
#2604=AXIS2_PLACEMENT_3D('',#3877,#3143,#3144);
#2605=AXIS2_PLACEMENT_3D('',#3882,#3148,#3149);
#2606=AXIS2_PLACEMENT_3D('',#3883,#3150,#3151);
#2607=AXIS2_PLACEMENT_3D('',#3889,#3155,#3156);
#2608=AXIS2_PLACEMENT_3D('',#3893,#3159,#3160);
#2609=AXIS2_PLACEMENT_3D('',#3897,#3163,#3164);
#2610=AXIS2_PLACEMENT_3D('',#3902,#3168,#3169);
#2611=AXIS2_PLACEMENT_3D('',#3904,#3171,#3172);
#2612=AXIS2_PLACEMENT_3D('',#3910,#3176,#3177);
#2613=AXIS2_PLACEMENT_3D('',#3912,#3179,#3180);
#2614=AXIS2_PLACEMENT_3D('',#3915,#3183,#3184);
#2615=AXIS2_PLACEMENT_3D('',#3919,#3187,#3188);
#2616=AXIS2_PLACEMENT_3D('',#3923,#3191,#3192);
#2617=AXIS2_PLACEMENT_3D('',#3926,#3195,#3196);
#2618=AXIS2_PLACEMENT_3D('',#3930,#3199,#3200);
#2619=AXIS2_PLACEMENT_3D('',#3932,#3202,#3203);
#2620=AXIS2_PLACEMENT_3D('',#3934,#3205,#3206);
#2621=AXIS2_PLACEMENT_3D('',#3936,#3208,#3209);
#2622=AXIS2_PLACEMENT_3D('',#3952,#3219,#3220);
#2623=AXIS2_PLACEMENT_3D('',#3956,#3223,#3224);
#2624=AXIS2_PLACEMENT_3D('',#3958,#3226,#3227);
#2625=AXIS2_PLACEMENT_3D('',#3960,#3229,#3230);
#2626=AXIS2_PLACEMENT_3D('',#3962,#3232,#3233);
#2627=AXIS2_PLACEMENT_3D('',#3963,#3234,#3235);
#2628=AXIS2_PLACEMENT_3D('',#3969,#3239,#3240);
#2629=AXIS2_PLACEMENT_3D('',#3975,#3244,#3245);
#2630=AXIS2_PLACEMENT_3D('',#3978,#3248,#3249);
#2631=AXIS2_PLACEMENT_3D('',#3984,#3253,#3254);
#2632=AXIS2_PLACEMENT_3D('',#3988,#3257,#3258);
#2633=AXIS2_PLACEMENT_3D('',#3989,#3259,#3260);
#2634=AXIS2_PLACEMENT_3D('',#3992,#3262,#3263);
#2635=AXIS2_PLACEMENT_3D('',#3993,#3264,#3265);
#2636=AXIS2_PLACEMENT_3D('',#3995,#3267,#3268);
#2637=AXIS2_PLACEMENT_3D('',#3996,#3269,#3270);
#2638=AXIS2_PLACEMENT_3D('',#3997,#3271,#3272);
#2639=AXIS2_PLACEMENT_3D('',#4003,#3276,#3277);
#2640=AXIS2_PLACEMENT_3D('',#4004,#3278,#3279);
#2641=AXIS2_PLACEMENT_3D('',#4005,#3280,#3281);
#2642=AXIS2_PLACEMENT_3D('',#4006,#3282,#3283);
#2643=AXIS2_PLACEMENT_3D('',#4008,#3285,#3286);
#2644=AXIS2_PLACEMENT_3D('',#4010,#3288,#3289);
#2645=AXIS2_PLACEMENT_3D('',#4011,#3290,#3291);
#2646=AXIS2_PLACEMENT_3D('',#4013,#3293,#3294);
#2647=AXIS2_PLACEMENT_3D('',#4016,#3297,#3298);
#2648=AXIS2_PLACEMENT_3D('',#4017,#3299,#3300);
#2649=AXIS2_PLACEMENT_3D('',#4018,#3301,#3302);
#2650=AXIS2_PLACEMENT_3D('',#4019,#3303,#3304);
#2651=DIRECTION('axis',(0.,0.,1.));
#2652=DIRECTION('refdir',(1.,0.,0.));
#2653=DIRECTION('center_axis',(1.,0.,0.));
#2654=DIRECTION('ref_axis',(-2.52773992213763E-17,-1.,1.55388220811555E-33));
#2655=DIRECTION('center_axis',(-1.,5.89805981832115E-17,6.1473183791847E-17));
#2656=DIRECTION('ref_axis',(0.,-1.,0.));
#2657=DIRECTION('center_axis',(1.,-5.89805981832115E-17,-6.1473183791847E-17));
#2658=DIRECTION('ref_axis',(-5.89805981832115E-17,-1.,3.62572515226963E-33));
#2659=DIRECTION('center_axis',(1.,0.,0.));
#2660=DIRECTION('ref_axis',(2.52773992213763E-17,1.,-1.55388220811555E-33));
#2661=DIRECTION('center_axis',(1.,-5.89805981832115E-17,-6.1473183791847E-17));
#2662=DIRECTION('ref_axis',(5.89805981832115E-17,1.,-3.62572515226963E-33));
#2663=DIRECTION('center_axis',(-1.,5.89805981832115E-17,6.1473183791847E-17));
#2664=DIRECTION('ref_axis',(0.,1.,0.));
#2665=DIRECTION('center_axis',(-0.70710678118656,4.17055809401194E-17,0.707106781186535));
#2666=DIRECTION('ref_axis',(0.707106781186535,0.,0.70710678118656));
#2667=DIRECTION('',(5.89805981832115E-17,1.,-8.95325262914919E-27));
#2668=DIRECTION('',(-5.89805981832115E-17,-1.,8.95325262914919E-27));
#2669=DIRECTION('center_axis',(-0.707106781186554,4.17055809274573E-17,
-0.707106781186541));
#2670=DIRECTION('ref_axis',(-0.707106781186541,0.,0.707106781186554));
#2671=DIRECTION('',(-5.89805981832115E-17,-1.,8.95325262914919E-27));
#2672=DIRECTION('',(5.89805981832115E-17,1.,-8.95325262914919E-27));
#2673=DIRECTION('center_axis',(0.,8.95325262914919E-27,1.));
#2674=DIRECTION('ref_axis',(-5.89805981832115E-17,-1.,8.95325262914919E-27));
#2675=DIRECTION('',(-1.,0.,0.));
#2676=DIRECTION('',(-5.89805981832114E-17,-1.,8.95325262914919E-27));
#2677=DIRECTION('',(1.,0.,0.));
#2678=DIRECTION('center_axis',(1.,0.,0.));
#2679=DIRECTION('ref_axis',(0.,1.,2.06823107110214E-13));
#2680=DIRECTION('',(-1.,0.,0.));
#2681=DIRECTION('center_axis',(-1.,5.89805981832114E-17,6.1473182279265E-17));
#2682=DIRECTION('ref_axis',(0.,-1.,0.));
#2683=DIRECTION('center_axis',(-1.,5.89805981832115E-17,6.1473183791847E-17));
#2684=DIRECTION('ref_axis',(-5.89805981832115E-17,-1.,8.95325262914919E-27));
#2685=DIRECTION('center_axis',(0.,-8.95325262914919E-27,-1.));
#2686=DIRECTION('ref_axis',(5.89805981832115E-17,1.,-8.95325262914919E-27));
#2687=DIRECTION('',(-1.,0.,0.));
#2688=DIRECTION('',(5.89805981832114E-17,1.,-8.95325262914919E-27));
#2689=DIRECTION('center_axis',(1.,0.,0.));
#2690=DIRECTION('ref_axis',(0.,-1.,0.));
#2691=DIRECTION('center_axis',(-1.,5.89805981832114E-17,6.1473182279265E-17));
#2692=DIRECTION('ref_axis',(0.,-1.,0.));
#2693=DIRECTION('center_axis',(1.,0.,0.));
#2694=DIRECTION('ref_axis',(0.,1.,0.));
#2695=DIRECTION('center_axis',(-1.,0.,0.));
#2696=DIRECTION('ref_axis',(0.,1.,0.));
#2697=DIRECTION('center_axis',(1.,0.,0.));
#2698=DIRECTION('ref_axis',(0.,1.,0.));
#2699=DIRECTION('center_axis',(-0.707106781186554,-6.33090564774762E-27,
-0.707106781186541));
#2700=DIRECTION('ref_axis',(-0.707106781186541,0.,0.707106781186554));
#2701=DIRECTION('',(0.,1.,-8.95325262914919E-27));
#2702=DIRECTION('',(0.,-1.,8.95325262914919E-27));
#2703=DIRECTION('center_axis',(-0.707106781186554,6.33090564774762E-27,
0.707106781186541));
#2704=DIRECTION('ref_axis',(0.707106781186541,0.,0.707106781186554));
#2705=DIRECTION('',(0.,1.,-8.95325262914919E-27));
#2706=DIRECTION('',(0.,-1.,8.95325262914919E-27));
#2707=DIRECTION('center_axis',(1.,0.,0.));
#2708=DIRECTION('ref_axis',(0.,-1.,0.));
#2709=DIRECTION('center_axis',(-1.,0.,0.));
#2710=DIRECTION('ref_axis',(0.,-1.,0.));
#2711=DIRECTION('center_axis',(1.,0.,0.));
#2712=DIRECTION('ref_axis',(0.,-1.,0.));
#2713=DIRECTION('center_axis',(0.,8.95325262914919E-27,1.));
#2714=DIRECTION('ref_axis',(-5.89805981832115E-17,-1.,8.95325262914919E-27));
#2715=DIRECTION('',(-1.,0.,0.));
#2716=DIRECTION('',(-5.89805981832115E-17,-1.,8.95325262914919E-27));
#2717=DIRECTION('',(1.,0.,0.));
#2718=DIRECTION('center_axis',(1.,0.,0.));
#2719=DIRECTION('ref_axis',(0.,0.999999999991374,-4.15355100635789E-6));
#2720=DIRECTION('',(1.,0.,0.));
#2721=DIRECTION('center_axis',(-1.,-3.98771774282047E-10,-2.93743906803985E-40));
#2722=DIRECTION('ref_axis',(3.98771774282047E-10,-1.,0.));
#2723=DIRECTION('center_axis',(-1.,0.,0.));
#2724=DIRECTION('ref_axis',(0.,-1.,0.));
#2725=DIRECTION('center_axis',(0.,-8.95325262914919E-27,-1.));
#2726=DIRECTION('ref_axis',(5.89805981832115E-17,1.,-8.95325262914919E-27));
#2727=DIRECTION('',(-1.,0.,0.));
#2728=DIRECTION('',(5.89805981832115E-17,1.,-8.95325262914919E-27));
#2729=DIRECTION('center_axis',(1.,0.,0.));
#2730=DIRECTION('ref_axis',(0.,-1.,0.));
#2731=DIRECTION('center_axis',(-1.,0.,0.));
#2732=DIRECTION('ref_axis',(0.,-1.,0.));
#2733=DIRECTION('',(-0.707106781186548,-0.707106781186548,-8.65956056235493E-17));
#2734=DIRECTION('center_axis',(-1.,5.89805981832114E-17,6.1473182279265E-17));
#2735=DIRECTION('ref_axis',(-5.89805981832114E-17,-1.,0.));
#2736=DIRECTION('center_axis',(-1.,0.,0.));
#2737=DIRECTION('ref_axis',(0.,-1.,0.));
#2738=DIRECTION('',(0.,1.,0.));
#2739=DIRECTION('',(0.,0.672672700574954,-0.739940158324441));
#2740=DIRECTION('',(0.,0.,-1.));
#2741=DIRECTION('',(0.,-1.,0.));
#2742=DIRECTION('',(0.,0.,-1.));
#2743=DIRECTION('center_axis',(-1.,5.89805981832114E-17,6.1473182279265E-17));
#2744=DIRECTION('ref_axis',(-5.89805981832114E-17,-1.,0.));
#2745=DIRECTION('center_axis',(1.,0.,0.));
#2746=DIRECTION('ref_axis',(0.,0.,-1.));
#2747=DIRECTION('center_axis',(-1.,-3.98771774282047E-10,-2.93743906803985E-40));
#2748=DIRECTION('ref_axis',(3.98771774282047E-10,-1.,0.));
#2749=DIRECTION('center_axis',(1.,0.,0.));
#2750=DIRECTION('ref_axis',(0.,0.,-1.));
#2751=DIRECTION('center_axis',(-1.,-3.98771774282047E-10,-2.93743906803985E-40));
#2752=DIRECTION('ref_axis',(3.98771774282047E-10,-1.,0.));
#2753=DIRECTION('center_axis',(-1.,-3.98771774282047E-10,-2.93743906803985E-40));
#2754=DIRECTION('ref_axis',(3.98771774282047E-10,-1.,-1.10195719386051E-34));
#2755=DIRECTION('center_axis',(-1.,-3.98771774282047E-10,-2.93743906803985E-40));
#2756=DIRECTION('ref_axis',(3.98771774529865E-10,-1.,-1.10195719386051E-34));
#2757=DIRECTION('center_axis',(-1.,-3.98771774282047E-10,-2.93743906803985E-40));
#2758=DIRECTION('ref_axis',(3.98771774282047E-10,-1.,0.));
#2759=DIRECTION('center_axis',(1.,0.,0.));
#2760=DIRECTION('ref_axis',(0.,-1.,0.));
#2761=DIRECTION('center_axis',(-1.,0.,0.));
#2762=DIRECTION('ref_axis',(0.,1.,0.));
#2763=DIRECTION('center_axis',(-1.,0.,0.));
#2764=DIRECTION('ref_axis',(0.,1.,0.));
#2765=DIRECTION('',(-1.,0.,0.));
#2766=DIRECTION('center_axis',(1.,0.,0.));
#2767=DIRECTION('ref_axis',(0.,1.,0.));
#2768=DIRECTION('center_axis',(-1.,0.,0.));
#2769=DIRECTION('ref_axis',(0.,1.,0.));
#2770=DIRECTION('center_axis',(-1.,0.,0.));
#2771=DIRECTION('ref_axis',(0.,1.,0.));
#2772=DIRECTION('',(-1.,0.,0.));
#2773=DIRECTION('center_axis',(1.,0.,0.));
#2774=DIRECTION('ref_axis',(0.,1.,0.));
#2775=DIRECTION('center_axis',(0.707106781186546,0.,-0.707106781186549));
#2776=DIRECTION('ref_axis',(-0.707106781186549,0.,-0.707106781186546));
#2777=DIRECTION('center_axis',(1.,0.,0.));
#2778=DIRECTION('ref_axis',(0.,1.,0.));
#2779=DIRECTION('center_axis',(-0.707106781186546,0.,0.707106781186549));
#2780=DIRECTION('ref_axis',(0.707106781186549,0.,0.707106781186546));
#2781=DIRECTION('',(0.,1.,0.));
#2782=DIRECTION('',(-0.707106781186549,0.,-0.707106781186546));
#2783=DIRECTION('',(0.,-1.,0.));
#2784=DIRECTION('',(0.707106781186549,0.,0.707106781186546));
#2785=DIRECTION('',(0.,1.,0.));
#2786=DIRECTION('center_axis',(-1.,0.,0.));
#2787=DIRECTION('ref_axis',(0.,0.,1.));
#2788=DIRECTION('',(0.,0.,1.));
#2789=DIRECTION('',(0.,-1.,0.));
#2790=DIRECTION('',(0.,0.,-1.));
#2791=DIRECTION('center_axis',(1.,0.,0.));
#2792=DIRECTION('ref_axis',(0.,0.,-1.));
#2793=DIRECTION('',(0.,-0.707106781186541,-0.707106781186554));
#2794=DIRECTION('',(0.,0.,1.));
#2795=DIRECTION('',(0.,0.707106781186548,-0.707106781186548));
#2796=DIRECTION('',(0.,-1.,0.));
#2797=DIRECTION('',(0.,0.707106781186541,0.707106781186554));
#2798=DIRECTION('',(0.,0.,-1.));
#2799=DIRECTION('',(0.,-0.707106781186554,0.707106781186541));
#2800=DIRECTION('',(0.,1.,0.));
#2801=DIRECTION('center_axis',(-1.,0.,0.));
#2802=DIRECTION('ref_axis',(0.,1.,0.));
#2803=DIRECTION('center_axis',(-1.,1.40413546761975E-9,-1.71066530613301E-16));
#2804=DIRECTION('ref_axis',(1.40413546761975E-9,1.,0.));
#2805=DIRECTION('',(-1.,0.,0.));
#2806=DIRECTION('center_axis',(-1.,5.89805981832114E-17,6.1473182279265E-17));
#2807=DIRECTION('ref_axis',(5.89805981832114E-17,1.,0.));
#2808=DIRECTION('center_axis',(1.,-5.89805981832114E-17,-6.1473182279265E-17));
#2809=DIRECTION('ref_axis',(5.89805981832114E-17,1.,0.));
#2810=DIRECTION('center_axis',(-1.,0.,0.));
#2811=DIRECTION('ref_axis',(0.,1.,0.));
#2812=DIRECTION('center_axis',(-1.,1.40413546761975E-9,-1.71066530613301E-16));
#2813=DIRECTION('ref_axis',(1.40413546761975E-9,1.,0.));
#2814=DIRECTION('',(-1.,0.,0.));
#2815=DIRECTION('center_axis',(-1.,5.89805981832114E-17,6.1473182279265E-17));
#2816=DIRECTION('ref_axis',(5.89805981832114E-17,1.,0.));
#2817=DIRECTION('center_axis',(1.,-5.89805981832114E-17,-6.1473182279265E-17));
#2818=DIRECTION('ref_axis',(5.89805981832114E-17,1.,0.));
#2819=DIRECTION('center_axis',(-1.,0.,0.));
#2820=DIRECTION('ref_axis',(0.,1.,0.));
#2821=DIRECTION('center_axis',(-1.,1.40413546761975E-9,-1.71066530613301E-16));
#2822=DIRECTION('ref_axis',(1.40413546761975E-9,1.,0.));
#2823=DIRECTION('',(-1.,0.,0.));
#2824=DIRECTION('center_axis',(-1.,5.89805981832114E-17,6.1473182279265E-17));
#2825=DIRECTION('ref_axis',(5.89805981832114E-17,1.,0.));
#2826=DIRECTION('center_axis',(1.,-5.89805981832114E-17,-6.1473182279265E-17));
#2827=DIRECTION('ref_axis',(5.89805981832114E-17,1.,0.));
#2828=DIRECTION('center_axis',(-1.,0.,0.));
#2829=DIRECTION('ref_axis',(0.,1.,0.));
#2830=DIRECTION('center_axis',(-1.,1.40413546761975E-9,-1.71066530613301E-16));
#2831=DIRECTION('ref_axis',(1.40413546761975E-9,1.,0.));
#2832=DIRECTION('',(-1.,0.,0.));
#2833=DIRECTION('center_axis',(-1.,5.89805981832114E-17,6.1473182279265E-17));
#2834=DIRECTION('ref_axis',(5.89805981832114E-17,1.,0.));
#2835=DIRECTION('center_axis',(1.,-5.89805981832114E-17,-6.1473182279265E-17));
#2836=DIRECTION('ref_axis',(5.89805981832114E-17,1.,0.));
#2837=DIRECTION('center_axis',(1.,-1.40413546761975E-9,1.71066530613301E-16));
#2838=DIRECTION('ref_axis',(1.40413546761975E-9,1.,0.));
#2839=DIRECTION('',(1.71066530613301E-16,0.,-1.));
#2840=DIRECTION('',(9.92873831820777E-10,0.707106781186551,-0.707106781186544));
#2841=DIRECTION('',(1.40413546761975E-9,1.,0.));
#2842=DIRECTION('',(9.92873589896156E-10,0.707106781186541,0.707106781186554));
#2843=DIRECTION('',(-1.71066530613301E-16,0.,1.));
#2844=DIRECTION('',(-9.92873831820764E-10,-0.707106781186541,0.707106781186554));
#2845=DIRECTION('',(-1.40413546761975E-9,-1.,0.));
#2846=DIRECTION('',(-9.92873589896156E-10,-0.707106781186541,-0.707106781186554));
#2847=DIRECTION('',(0.,0.,1.));
#2848=DIRECTION('',(-9.92873589896161E-10,-0.707106781186544,-0.707106781186551));
#2849=DIRECTION('',(-1.40413546761975E-9,-1.,0.));
#2850=DIRECTION('',(-9.92873831820768E-10,-0.707106781186544,0.707106781186551));
#2851=DIRECTION('',(0.,0.,-1.));
#2852=DIRECTION('',(9.92873589896158E-10,0.707106781186543,0.707106781186552));
#2853=DIRECTION('',(-1.40413546761975E-9,-1.,0.));
#2854=DIRECTION('',(9.92873831820772E-10,0.707106781186548,-0.707106781186548));
#2855=DIRECTION('center_axis',(-1.,5.84327907697451E-17,0.));
#2856=DIRECTION('ref_axis',(5.84327907697451E-17,1.,0.));
#2857=DIRECTION('center_axis',(-1.,0.,0.));
#2858=DIRECTION('ref_axis',(5.84327907697451E-17,1.,0.));
#2859=DIRECTION('',(-1.,5.84327907697451E-17,0.));
#2860=DIRECTION('center_axis',(1.,0.,0.));
#2861=DIRECTION('ref_axis',(5.84327907697451E-17,1.,0.));
#2862=DIRECTION('center_axis',(0.707106781186552,0.,0.707106781186543));
#2863=DIRECTION('ref_axis',(0.707106781186543,-4.13182225969412E-17,-0.707106781186552));
#2864=DIRECTION('center_axis',(1.,0.,0.));
#2865=DIRECTION('ref_axis',(5.84327907697451E-17,1.,0.));
#2866=DIRECTION('center_axis',(-1.,5.84327907697451E-17,0.));
#2867=DIRECTION('ref_axis',(5.84327907697451E-17,1.,0.));
#2868=DIRECTION('center_axis',(-1.,0.,0.));
#2869=DIRECTION('ref_axis',(5.84327907697451E-17,1.,0.));
#2870=DIRECTION('',(-1.,5.84327907697451E-17,0.));
#2871=DIRECTION('center_axis',(1.,0.,0.));
#2872=DIRECTION('ref_axis',(5.84327907697451E-17,1.,0.));
#2873=DIRECTION('center_axis',(0.707106781186546,0.,-0.707106781186549));
#2874=DIRECTION('ref_axis',(-0.707106781186549,4.13182225969415E-17,-0.707106781186546));
#2875=DIRECTION('center_axis',(1.,0.,0.));
#2876=DIRECTION('ref_axis',(5.84327907697451E-17,1.,0.));
#2877=DIRECTION('center_axis',(-0.707106781186552,0.,-0.707106781186543));
#2878=DIRECTION('ref_axis',(-0.707106781186543,0.,0.707106781186552));
#2879=DIRECTION('',(0.,-1.,0.));
#2880=DIRECTION('',(-0.707106781186543,0.,0.707106781186552));
#2881=DIRECTION('',(0.,1.,0.));
#2882=DIRECTION('',(0.707106781186543,0.,-0.707106781186552));
#2883=DIRECTION('',(0.,-1.,0.));
#2884=DIRECTION('center_axis',(-0.707106781186546,0.,0.707106781186549));
#2885=DIRECTION('ref_axis',(0.707106781186549,0.,0.707106781186546));
#2886=DIRECTION('',(0.,1.,0.));
#2887=DIRECTION('',(-0.707106781186549,0.,-0.707106781186546));
#2888=DIRECTION('',(0.,-1.,0.));
#2889=DIRECTION('',(0.707106781186549,0.,0.707106781186546));
#2890=DIRECTION('',(0.,1.,0.));
#2891=DIRECTION('center_axis',(-1.,0.,0.));
#2892=DIRECTION('ref_axis',(0.,0.,1.));
#2893=DIRECTION('',(0.,0.,-1.));
#2894=DIRECTION('',(0.,0.,1.));
#2895=DIRECTION('center_axis',(1.,0.,0.));
#2896=DIRECTION('ref_axis',(0.,0.,-1.));
#2897=DIRECTION('',(0.,-0.707106781186541,0.707106781186554));
#2898=DIRECTION('',(0.,-1.,0.));
#2899=DIRECTION('',(0.,-0.707106785137823,-0.707106777235272));
#2900=DIRECTION('',(0.,0.,-1.));
#2901=DIRECTION('',(0.,0.707106781186541,-0.707106781186554));
#2902=DIRECTION('',(0.,-1.,0.));
#2903=DIRECTION('',(0.,0.707106781186543,0.707106781186552));
#2904=DIRECTION('',(0.,0.,-1.));
#2905=DIRECTION('center_axis',(0.,0.,-1.));
#2906=DIRECTION('ref_axis',(0.,1.,0.));
#2907=DIRECTION('',(0.,-1.,0.));
#2908=DIRECTION('',(1.,0.,0.));
#2909=DIRECTION('',(0.,-1.,0.));
#2910=DIRECTION('',(-1.,0.,0.));
#2911=DIRECTION('',(8.06754772455695E-12,-1.,3.76535146795038E-12));
#2912=DIRECTION('',(1.,8.00401932123862E-12,-9.93899480534478E-16));
#2913=DIRECTION('center_axis',(0.,0.707106781186527,0.707106781186568));
#2914=DIRECTION('ref_axis',(1.,0.,0.));
#2915=DIRECTION('',(-0.577350269189785,-0.577350269189563,0.577350269189529));
#2916=DIRECTION('',(-1.,0.,0.));
#2917=DIRECTION('',(0.57735026918966,-0.577350269189626,0.577350269189592));
#2918=DIRECTION('center_axis',(0.,1.,0.));
#2919=DIRECTION('ref_axis',(0.,0.,1.));
#2920=DIRECTION('',(-1.,0.,0.));
#2921=DIRECTION('',(1.,0.,0.));
#2922=DIRECTION('',(-0.707106781186549,0.,0.707106781186546));
#2923=DIRECTION('',(1.,0.,0.));
#2924=DIRECTION('',(0.707106781186543,0.,-0.707106781186552));
#2925=DIRECTION('',(-1.,0.,0.));
#2926=DIRECTION('',(0.707106781186549,0.,0.707106781186546));
#2927=DIRECTION('',(0.,0.,1.));
#2928=DIRECTION('',(1.,0.,0.));
#2929=DIRECTION('',(0.,0.,1.));
#2930=DIRECTION('center_axis',(-1.,0.,0.));
#2931=DIRECTION('ref_axis',(0.,-1.,0.));
#2932=DIRECTION('',(0.,1.,0.));
#2933=DIRECTION('',(0.,0.,-1.));
#2934=DIRECTION('',(0.,-0.707106781186541,-0.707106781186554));
#2935=DIRECTION('',(0.,1.,0.));
#2936=DIRECTION('',(0.,-0.707106781186554,0.707106781186541));
#2937=DIRECTION('',(0.,0.,1.));
#2938=DIRECTION('center_axis',(0.,1.,0.));
#2939=DIRECTION('ref_axis',(0.,0.,1.));
#2940=DIRECTION('',(-0.707106781186704,0.,0.70710678118639));
#2941=DIRECTION('',(-9.93899355230063E-16,-3.82436888147347E-12,-1.));
#2942=DIRECTION('',(0.,-3.76535146795038E-12,-1.));
#2943=DIRECTION('',(-1.,-8.06774785866616E-12,9.93899264988142E-16));
#2944=DIRECTION('',(-0.707105495706352,-8.36704448401674E-12,-0.707108066664406));
#2945=DIRECTION('',(0.,0.,-1.));
#2946=DIRECTION('',(-1.,0.,0.));
#2947=DIRECTION('',(1.71066530613301E-16,0.,-1.));
#2948=DIRECTION('',(1.,0.,0.));
#2949=DIRECTION('center_axis',(0.,0.999999991443549,-0.000130816290689305));
#2950=DIRECTION('ref_axis',(8.87936569164204E-16,-0.000130816290689305,
-0.999999991443549));
#2951=DIRECTION('',(0.,0.,1.));
#2952=DIRECTION('',(1.,0.,0.));
#2953=DIRECTION('',(8.87936569164204E-16,-0.000130816290689305,-0.999999991443549));
#2954=DIRECTION('',(-0.707106778161387,-9.25010866318186E-5,-0.707106778161384));
#2955=DIRECTION('center_axis',(0.707106781186546,0.,-0.707106781186549));
#2956=DIRECTION('ref_axis',(-0.707106781186549,0.,-0.707106781186546));
#2957=DIRECTION('',(0.,1.,0.));
#2958=DIRECTION('',(0.,-1.,0.));
#2959=DIRECTION('center_axis',(-1.,-8.06754772455694E-12,9.93899386083342E-16));
#2960=DIRECTION('ref_axis',(-9.93899355230063E-16,-3.82436888147347E-12,
-1.));
#2961=DIRECTION('center_axis',(-1.,0.,0.));
#2962=DIRECTION('ref_axis',(0.,-0.381447358669535,-0.924390562783954));
#2963=DIRECTION('center_axis',(1.,0.,0.));
#2964=DIRECTION('ref_axis',(0.,0.,-1.));
#2965=DIRECTION('',(0.,-1.,3.76535146795039E-12));
#2966=DIRECTION('center_axis',(-1.,0.,0.));
#2967=DIRECTION('ref_axis',(0.,-0.381447358669535,-0.924390562783954));
#2968=DIRECTION('',(0.,0.70899582512807,-0.705212677105969));
#2969=DIRECTION('',(0.,-1.,0.));
#2970=DIRECTION('',(0.,-0.70899582512807,0.705212677105969));
#2971=DIRECTION('center_axis',(1.,0.,0.));
#2972=DIRECTION('ref_axis',(0.,-0.381447358669535,-0.924390562783954));
#2973=DIRECTION('center_axis',(-1.,0.,0.));
#2974=DIRECTION('ref_axis',(0.,-1.,0.));
#2975=DIRECTION('',(0.,0.707106781186541,0.707106781186554));
#2976=DIRECTION('',(0.,-1.,0.));
#2977=DIRECTION('',(0.,0.707106781186541,-0.707106781186554));
#2978=DIRECTION('',(0.,1.,4.30222558932555E-12));
#2979=DIRECTION('center_axis',(0.,-0.707106781186552,0.707106781186543));
#2980=DIRECTION('ref_axis',(1.,0.,0.));
#2981=DIRECTION('',(0.,0.707106781186543,0.707106781186552));
#2982=DIRECTION('',(-1.,0.,0.));
#2983=DIRECTION('',(1.,0.,0.));
#2984=DIRECTION('center_axis',(0.,0.,1.));
#2985=DIRECTION('ref_axis',(0.,-1.,0.));
#2986=DIRECTION('',(0.,-1.,0.));
#2987=DIRECTION('',(1.,0.,0.));
#2988=DIRECTION('center_axis',(1.,0.,0.));
#2989=DIRECTION('ref_axis',(0.,1.,0.));
#2990=DIRECTION('',(0.,0.,-1.));
#2991=DIRECTION('',(0.,-0.707106781186544,0.707106781186551));
#2992=DIRECTION('',(0.,1.,0.));
#2993=DIRECTION('',(0.,-0.707106781186544,-0.707106781186551));
#2994=DIRECTION('',(0.,0.,1.));
#2995=DIRECTION('',(0.,0.707106781186548,-0.707106781186548));
#2996=DIRECTION('center_axis',(-1.,1.38777878078145E-17,0.));
#2997=DIRECTION('ref_axis',(8.67361737988403E-18,1.,0.));
#2998=DIRECTION('center_axis',(-1.,1.38777878078145E-17,0.));
#2999=DIRECTION('ref_axis',(8.67361737988403E-18,1.,0.));
#3000=DIRECTION('center_axis',(-1.,1.38777878078145E-17,0.));
#3001=DIRECTION('ref_axis',(8.67361737988406E-18,1.,0.));
#3002=DIRECTION('center_axis',(0.,0.707106781186548,0.707106781186548));
#3003=DIRECTION('ref_axis',(1.,0.,0.));
#3004=DIRECTION('',(-1.,0.,0.));
#3005=DIRECTION('center_axis',(0.,1.,0.));
#3006=DIRECTION('ref_axis',(0.,0.,1.));
#3007=DIRECTION('',(1.,0.,0.));
#3008=DIRECTION('center_axis',(0.,0.707106781186551,-0.707106781186544));
#3009=DIRECTION('ref_axis',(-1.,0.,0.));
#3010=DIRECTION('',(-1.,0.,0.));
#3011=DIRECTION('center_axis',(0.,0.,1.));
#3012=DIRECTION('ref_axis',(1.,0.,0.));
#3013=DIRECTION('',(1.,0.,0.));
#3014=DIRECTION('center_axis',(0.,-0.707106781186551,-0.707106781186544));
#3015=DIRECTION('ref_axis',(-1.,0.,0.));
#3016=DIRECTION('',(-1.,0.,0.));
#3017=DIRECTION('center_axis',(0.,-1.,0.));
#3018=DIRECTION('ref_axis',(0.,0.,-1.));
#3019=DIRECTION('center_axis',(1.,0.,0.));
#3020=DIRECTION('ref_axis',(0.,-1.,-1.10195719386051E-34));
#3021=DIRECTION('center_axis',(-1.,0.,0.));
#3022=DIRECTION('ref_axis',(0.,-1.,-1.10195719386051E-34));
#3023=DIRECTION('',(-0.707106781186548,-0.707106781186547,-8.65956056235493E-17));
#3024=DIRECTION('center_axis',(-1.,0.,0.));
#3025=DIRECTION('ref_axis',(0.,0.,1.));
#3026=DIRECTION('',(0.,-1.,0.));
#3027=DIRECTION('',(0.,0.,-1.));
#3028=DIRECTION('',(0.,0.672672793996313,-0.739940073395944));
#3029=DIRECTION('',(0.,1.,0.));
#3030=DIRECTION('',(0.,0.,-1.));
#3031=DIRECTION('center_axis',(0.707108066664292,0.,-0.707105495706467));
#3032=DIRECTION('ref_axis',(-0.707105495706467,0.,-0.707108066664292));
#3033=DIRECTION('',(0.577348869737432,0.577350968914468,0.577350968914434));
#3034=DIRECTION('',(0.,1.,0.));
#3035=DIRECTION('center_axis',(0.,0.,1.));
#3036=DIRECTION('ref_axis',(0.,-1.,0.));
#3037=DIRECTION('',(1.,0.,0.));
#3038=DIRECTION('',(0.,1.,0.));
#3039=DIRECTION('',(1.,0.,0.));
#3040=DIRECTION('center_axis',(0.707106781186546,0.,0.707106781186549));
#3041=DIRECTION('ref_axis',(0.707106781186549,0.,-0.707106781186546));
#3042=DIRECTION('',(0.707106781186549,0.,-0.707106781186546));
#3043=DIRECTION('',(0.,1.,0.));
#3044=DIRECTION('',(0.707106781186704,0.,-0.70710678118639));
#3045=DIRECTION('center_axis',(-0.707106781186552,0.,-0.707106781186543));
#3046=DIRECTION('ref_axis',(-0.707106781186543,0.,0.707106781186552));
#3047=DIRECTION('',(-0.707106781186543,0.,0.707106781186552));
#3048=DIRECTION('',(0.,1.,0.));
#3049=DIRECTION('center_axis',(-1.,0.,0.));
#3050=DIRECTION('ref_axis',(0.,1.,0.));
#3051=DIRECTION('center_axis',(1.,0.,0.));
#3052=DIRECTION('ref_axis',(0.,1.,0.));
#3053=DIRECTION('',(1.,0.,0.));
#3054=DIRECTION('center_axis',(-1.,0.,0.));
#3055=DIRECTION('ref_axis',(0.,1.,0.));
#3056=DIRECTION('center_axis',(1.,0.,0.));
#3057=DIRECTION('ref_axis',(0.,1.,0.));
#3058=DIRECTION('',(1.,0.,0.));
#3059=DIRECTION('center_axis',(-1.,0.,0.));
#3060=DIRECTION('ref_axis',(0.,1.,0.));
#3061=DIRECTION('center_axis',(1.,0.,0.));
#3062=DIRECTION('ref_axis',(0.,1.,0.));
#3063=DIRECTION('',(1.,0.,0.));
#3064=DIRECTION('center_axis',(-9.92876227912949E-10,-0.707106781186554,
0.707106781186541));
#3065=DIRECTION('ref_axis',(-9.92873589896156E-10,-0.707106781186541,-0.707106781186554));
#3066=DIRECTION('',(9.92873589896156E-10,0.707106781186541,0.707106781186554));
#3067=DIRECTION('',(1.,-1.40413902727232E-9,0.));
#3068=DIRECTION('',(1.,-1.40413902727232E-9,0.));
#3069=DIRECTION('center_axis',(9.92876227912949E-10,0.707106781186554,0.707106781186541));
#3070=DIRECTION('ref_axis',(-9.92873831820764E-10,-0.707106781186541,0.707106781186554));
#3071=DIRECTION('',(9.92873831820764E-10,0.707106781186541,-0.707106781186554));
#3072=DIRECTION('',(1.,-1.40413902727232E-9,0.));
#3073=DIRECTION('',(1.,-1.40413902727232E-9,0.));
#3074=DIRECTION('center_axis',(1.40413902727232E-9,1.,2.40201191894211E-25));
#3075=DIRECTION('ref_axis',(-1.71066530613301E-16,0.,1.));
#3076=DIRECTION('',(1.,-1.40413902727232E-9,0.));
#3077=DIRECTION('center_axis',(9.92876227912949E-10,0.707106781186554,-0.707106781186541));
#3078=DIRECTION('ref_axis',(9.92873589896156E-10,0.707106781186541,0.707106781186554));
#3079=DIRECTION('',(-9.92873589896156E-10,-0.707106781186541,-0.707106781186554));
#3080=DIRECTION('',(1.,-1.40413902727232E-9,0.));
#3081=DIRECTION('center_axis',(-9.92876227912936E-10,-0.707106781186544,
-0.707106781186551));
#3082=DIRECTION('ref_axis',(9.92873831820777E-10,0.707106781186551,-0.707106781186544));
#3083=DIRECTION('',(-9.92873831820777E-10,-0.707106781186551,0.707106781186544));
#3084=DIRECTION('',(1.,-1.40413902727232E-9,0.));
#3085=DIRECTION('',(1.,-1.40413902727232E-9,0.));
#3086=DIRECTION('center_axis',(-1.40413902727232E-9,-1.,-2.40201191894211E-25));
#3087=DIRECTION('ref_axis',(1.71066530613301E-16,0.,-1.));
#3088=DIRECTION('',(-1.71066530613301E-16,0.,1.));
#3089=DIRECTION('center_axis',(0.,0.707106781186554,-0.707106781186541));
#3090=DIRECTION('ref_axis',(-1.,0.,0.));
#3091=DIRECTION('',(-1.,0.,0.));
#3092=DIRECTION('center_axis',(0.,0.,-1.));
#3093=DIRECTION('ref_axis',(0.,1.,0.));
#3094=DIRECTION('',(1.,0.,0.));
#3095=DIRECTION('',(0.,1.,0.));
#3096=DIRECTION('',(-1.,0.,0.));
#3097=DIRECTION('',(1.,0.,0.));
#3098=DIRECTION('',(0.,-1.,0.));
#3099=DIRECTION('',(1.,0.,0.));
#3100=DIRECTION('',(1.,0.,0.));
#3101=DIRECTION('',(0.,-1.,0.));
#3102=DIRECTION('',(-1.,0.,0.));
#3103=DIRECTION('',(1.,0.,0.));
#3104=DIRECTION('center_axis',(0.,-0.707106781186544,-0.707106781186551));
#3105=DIRECTION('ref_axis',(-1.,0.,0.));
#3106=DIRECTION('',(-1.,0.,0.));
#3107=DIRECTION('',(0.,-0.707106781186551,0.707106781186544));
#3108=DIRECTION('center_axis',(0.,-1.,0.));
#3109=DIRECTION('ref_axis',(0.,0.,-1.));
#3110=DIRECTION('',(1.,0.,0.));
#3111=DIRECTION('',(0.,0.,1.));
#3112=DIRECTION('center_axis',(0.,0.,1.));
#3113=DIRECTION('ref_axis',(1.,0.,0.));
#3114=DIRECTION('',(1.,0.,0.));
#3115=DIRECTION('center_axis',(0.,0.,-1.));
#3116=DIRECTION('ref_axis',(-1.,0.,0.));
#3117=DIRECTION('',(1.,0.,0.));
#3118=DIRECTION('',(0.,1.,0.));
#3119=DIRECTION('',(-1.,0.,0.));
#3120=DIRECTION('center_axis',(0.,-1.,0.));
#3121=DIRECTION('ref_axis',(0.,0.,-1.));
#3122=DIRECTION('',(-1.,0.,0.));
#3123=DIRECTION('',(1.,0.,0.));
#3124=DIRECTION('',(-1.,0.,0.));
#3125=DIRECTION('center_axis',(0.,0.,1.));
#3126=DIRECTION('ref_axis',(1.,0.,0.));
#3127=DIRECTION('',(1.,0.,0.));
#3128=DIRECTION('',(0.,-1.,0.));
#3129=DIRECTION('',(-1.,0.,0.));
#3130=DIRECTION('center_axis',(0.,1.,0.));
#3131=DIRECTION('ref_axis',(0.,0.,1.));
#3132=DIRECTION('',(1.,0.,0.));
#3133=DIRECTION('',(0.,0.,-1.));
#3134=DIRECTION('',(-0.707106781186549,0.,0.707106781186546));
#3135=DIRECTION('',(0.707106781186549,0.,0.707106781186546));
#3136=DIRECTION('',(0.,0.,-1.));
#3137=DIRECTION('',(-1.,0.,0.));
#3138=DIRECTION('center_axis',(0.,0.,-1.));
#3139=DIRECTION('ref_axis',(-1.,0.,0.));
#3140=DIRECTION('center_axis',(0.,0.707106781186554,-0.707106781186541));
#3141=DIRECTION('ref_axis',(-1.,0.,0.));
#3142=DIRECTION('',(-0.577350269189626,0.577350269189626,0.577350269189626));
#3143=DIRECTION('center_axis',(-0.56732428981318,-0.333147689452156,-0.753097448674912));
#3144=DIRECTION('ref_axis',(-0.7987248823015,0.,0.601696403838726));
#3145=DIRECTION('',(0.657816264286539,-0.73349319855273,-0.171071593541966));
#3146=DIRECTION('',(-0.657816264286541,-0.366818108713567,0.657816264286541));
#3147=DIRECTION('',(0.,0.914514270138787,-0.404553642564891));
#3148=DIRECTION('center_axis',(-0.707106781186548,0.,-0.707106781186548));
#3149=DIRECTION('ref_axis',(-0.707106781186548,0.,0.707106781186548));
#3150=DIRECTION('center_axis',(-0.577350269189629,-0.577350269189629,0.577350269189619));
#3151=DIRECTION('ref_axis',(0.707106781186541,0.,0.707106781186554));
#3152=DIRECTION('',(0.,-0.707106781186541,-0.707106781186554));
#3153=DIRECTION('',(0.707106781186541,0.,0.707106781186554));
#3154=DIRECTION('',(-0.707106781186548,0.707106781186548,0.));
#3155=DIRECTION('center_axis',(-0.707106781186554,0.,0.707106781186541));
#3156=DIRECTION('ref_axis',(0.707106781186541,0.,0.707106781186554));
#3157=DIRECTION('',(0.,1.,0.));
#3158=DIRECTION('',(-0.577350269189619,0.577350269189629,-0.577350269189629));
#3159=DIRECTION('center_axis',(-0.707106781186548,-0.707106781186548,0.));
#3160=DIRECTION('ref_axis',(0.,0.,1.));
#3161=DIRECTION('',(0.,0.,1.));
#3162=DIRECTION('',(0.682079236735008,-0.682079236735008,-0.263696472539884));
#3163=DIRECTION('center_axis',(-0.577350269189631,-0.577350269189628,-0.577350269189618));
#3164=DIRECTION('ref_axis',(-0.70710678118654,0.,0.707106781186555));
#3165=DIRECTION('',(-0.707106781186541,0.,0.707106781186554));
#3166=DIRECTION('',(0.,0.707106781186541,-0.707106781186554));
#3167=DIRECTION('',(0.707106781186546,-0.707106781186549,0.));
#3168=DIRECTION('center_axis',(0.,-0.707106781186554,-0.707106781186541));
#3169=DIRECTION('ref_axis',(-1.,0.,0.));
#3170=DIRECTION('',(-1.,0.,0.));
#3171=DIRECTION('center_axis',(-0.57735026918963,-0.577350269189628,0.57735026918962));
#3172=DIRECTION('ref_axis',(0.707106781186541,0.,0.707106781186554));
#3173=DIRECTION('',(0.707106781186541,0.,0.707106781186554));
#3174=DIRECTION('',(-0.707106781186546,0.707106781186549,0.));
#3175=DIRECTION('',(0.,-0.707106781186543,-0.707106781186552));
#3176=DIRECTION('center_axis',(-0.707106781186549,-0.707106781186546,0.));
#3177=DIRECTION('ref_axis',(0.,0.,1.));
#3178=DIRECTION('',(0.,0.,1.));
#3179=DIRECTION('center_axis',(0.,-0.707106781186552,0.707106781186543));
#3180=DIRECTION('ref_axis',(1.,0.,0.));
#3181=DIRECTION('',(-1.,0.,0.));
#3182=DIRECTION('',(1.,0.,0.));
#3183=DIRECTION('center_axis',(-0.707106781186554,0.,0.707106781186541));
#3184=DIRECTION('ref_axis',(0.707106781186541,0.,0.707106781186554));
#3185=DIRECTION('',(0.,1.,0.));
#3186=DIRECTION('',(-0.577350269189622,-0.577350269189622,-0.577350269189633));
#3187=DIRECTION('center_axis',(-0.707106781186554,0.,-0.707106781186541));
#3188=DIRECTION('ref_axis',(-0.707106781186541,0.,0.707106781186554));
#3189=DIRECTION('',(0.594811877479456,0.540738070435879,-0.594811877479466));
#3190=DIRECTION('',(0.375026821030342,0.847767519438994,-0.375026821030351));
#3191=DIRECTION('center_axis',(0.,-0.707106781186554,0.707106781186541));
#3192=DIRECTION('ref_axis',(1.,0.,0.));
#3193=DIRECTION('',(-1.,0.,0.));
#3194=DIRECTION('',(1.,0.,0.));
#3195=DIRECTION('center_axis',(0.,-0.404553642564891,-0.914514270138787));
#3196=DIRECTION('ref_axis',(-1.,0.,0.));
#3197=DIRECTION('',(0.,-0.914514295677304,0.404553584833758));
#3198=DIRECTION('',(-1.,0.,0.));
#3199=DIRECTION('center_axis',(0.,-0.40455358483376,-0.914514295677303));
#3200=DIRECTION('ref_axis',(-1.,0.,0.));
#3201=DIRECTION('',(1.,0.,0.));
#3202=DIRECTION('center_axis',(-0.707106781186548,-0.523216703623459,-0.475651428095617));
#3203=DIRECTION('ref_axis',(-0.558145518818421,0.,0.829743080611653));
#3204=DIRECTION('',(0.,-0.672672700574954,0.739940158324441));
#3205=DIRECTION('center_axis',(0.,0.707106781186548,0.707106781186548));
#3206=DIRECTION('ref_axis',(1.,0.,0.));
#3207=DIRECTION('',(1.,0.,0.));
#3208=DIRECTION('center_axis',(0.,0.,1.));
#3209=DIRECTION('ref_axis',(0.,-1.,0.));
#3210=DIRECTION('',(1.,0.,0.));
#3211=DIRECTION('',(-1.,0.,0.));
#3212=DIRECTION('',(1.,0.,0.));
#3213=DIRECTION('',(0.,-1.,0.));
#3214=DIRECTION('',(-1.,0.,0.));
#3215=DIRECTION('',(-1.,0.,0.));
#3216=DIRECTION('',(0.,1.,0.));
#3217=DIRECTION('',(1.,0.,0.));
#3218=DIRECTION('',(0.,-1.,0.));
#3219=DIRECTION('center_axis',(0.,1.,0.));
#3220=DIRECTION('ref_axis',(1.,0.,0.));
#3221=DIRECTION('',(-1.,0.,0.));
#3222=DIRECTION('',(-1.,0.,0.));
#3223=DIRECTION('center_axis',(0.,-0.739940158324441,-0.672672700574954));
#3224=DIRECTION('ref_axis',(0.,0.672672700574954,-0.739940158324441));
#3225=DIRECTION('',(0.,0.672672793996313,-0.739940073395944));
#3226=DIRECTION('center_axis',(0.,0.707106781186527,-0.707106781186568));
#3227=DIRECTION('ref_axis',(-1.,0.,0.));
#3228=DIRECTION('',(0.577350269189649,-0.577350269189614,-0.577350269189614));
#3229=DIRECTION('center_axis',(0.707106781186537,0.707106781186558,0.));
#3230=DIRECTION('ref_axis',(0.,0.,-1.));
#3231=DIRECTION('',(0.,0.,-1.));
#3232=DIRECTION('center_axis',(0.,-0.739940073395944,-0.672672793996313));
#3233=DIRECTION('ref_axis',(-1.,0.,0.));
#3234=DIRECTION('center_axis',(0.,0.503852427720669,0.863789749348757));
#3235=DIRECTION('ref_axis',(1.,0.,0.));
#3236=DIRECTION('',(-0.244293205472324,0.837618140204874,-0.488586410944661));
#3237=DIRECTION('',(-1.,0.,0.));
#3238=DIRECTION('',(0.24429320547233,0.837618140204873,-0.48858641094466));
#3239=DIRECTION('center_axis',(0.,-0.958781846270537,-0.284143223149982));
#3240=DIRECTION('ref_axis',(0.,0.284143223149982,-0.958781846270537));
#3241=DIRECTION('',(1.,0.,0.));
#3242=DIRECTION('',(0.432284633466266,-0.25622251724749,0.864569266932555));
#3243=DIRECTION('',(0.432284633466275,0.256222517247489,-0.864569266932551));
#3244=DIRECTION('center_axis',(-0.894427190999919,0.,0.447213595499952));
#3245=DIRECTION('ref_axis',(0.447213595499952,0.,0.894427190999919));
#3246=DIRECTION('',(-0.332539299827964,0.668646446449557,-0.665078599655941));
#3247=DIRECTION('',(0.332539299827964,-0.668646446449557,0.665078599655941));
#3248=DIRECTION('center_axis',(0.894427190999919,0.,0.447213595499952));
#3249=DIRECTION('ref_axis',(0.447213595499952,0.,-0.894427190999919));
#3250=DIRECTION('',(0.,1.,0.));
#3251=DIRECTION('',(-0.332539299827964,-0.668646446449557,0.665078599655941));
#3252=DIRECTION('',(0.332539299827964,0.668646446449557,-0.665078599655941));
#3253=DIRECTION('center_axis',(0.,0.705212677105969,0.70899582512807));
#3254=DIRECTION('ref_axis',(0.,-0.70899582512807,0.705212677105969));
#3255=DIRECTION('',(0.,0.70899582512807,-0.705212677105969));
#3256=DIRECTION('',(-1.,0.,0.));
#3257=DIRECTION('center_axis',(1.,0.,0.));
#3258=DIRECTION('ref_axis',(0.,0.,-1.));
#3259=DIRECTION('center_axis',(1.,0.,0.));
#3260=DIRECTION('ref_axis',(0.,-0.381447358669535,-0.924390562783954));
#3261=DIRECTION('',(0.,-0.70899582512807,0.705212677105969));
#3262=DIRECTION('center_axis',(-1.,0.,0.));
#3263=DIRECTION('ref_axis',(0.,-0.381447358669535,-0.924390562783954));
#3264=DIRECTION('center_axis',(1.,0.,0.));
#3265=DIRECTION('ref_axis',(0.,-0.381447358669535,-0.924390562783954));
#3266=DIRECTION('',(1.,0.,0.));
#3267=DIRECTION('center_axis',(0.,-0.705212677105969,-0.70899582512807));
#3268=DIRECTION('ref_axis',(0.,0.70899582512807,-0.705212677105969));
#3269=DIRECTION('center_axis',(1.,0.,0.));
#3270=DIRECTION('ref_axis',(0.,-0.381447358669535,-0.924390562783954));
#3271=DIRECTION('center_axis',(0.,-1.,0.));
#3272=DIRECTION('ref_axis',(0.,0.,-1.));
#3273=DIRECTION('',(0.707106781186549,0.,-0.707106781186546));
#3274=DIRECTION('',(0.,0.,-1.));
#3275=DIRECTION('',(-0.707106781186549,0.,-0.707106781186546));
#3276=DIRECTION('center_axis',(-1.,0.,0.));
#3277=DIRECTION('ref_axis',(0.,-1.,0.));
#3278=DIRECTION('center_axis',(0.,-0.707106781186554,0.707106781186541));
#3279=DIRECTION('ref_axis',(1.,0.,0.));
#3280=DIRECTION('center_axis',(0.,-0.707106781186541,-0.707106781186554));
#3281=DIRECTION('ref_axis',(-1.,0.,0.));
#3282=DIRECTION('center_axis',(0.,0.707106781186554,0.707106781186541));
#3283=DIRECTION('ref_axis',(1.,0.,0.));
#3284=DIRECTION('',(0.,0.707106781186541,-0.707106781186554));
#3285=DIRECTION('center_axis',(0.,0.707106777235272,-0.707106785137823));
#3286=DIRECTION('ref_axis',(-1.,0.,0.));
#3287=DIRECTION('',(0.,-0.707106785137823,-0.707106777235272));
#3288=DIRECTION('center_axis',(0.,0.707106781186554,0.707106781186541));
#3289=DIRECTION('ref_axis',(1.,0.,0.));
#3290=DIRECTION('center_axis',(0.,-0.707106781186554,0.707106781186541));
#3291=DIRECTION('ref_axis',(1.,0.,0.));
#3292=DIRECTION('',(0.,0.707106781186541,0.707106781186554));
#3293=DIRECTION('center_axis',(-1.,0.,0.));
#3294=DIRECTION('ref_axis',(0.,-1.,0.));
#3295=DIRECTION('',(0.,1.,0.));
#3296=DIRECTION('',(0.,-1.,0.));
#3297=DIRECTION('center_axis',(0.707106781186546,0.,-0.707106781186549));
#3298=DIRECTION('ref_axis',(-0.707106781186549,0.,-0.707106781186546));
#3299=DIRECTION('center_axis',(0.707106781186546,0.,0.707106781186549));
#3300=DIRECTION('ref_axis',(0.707106781186549,0.,-0.707106781186546));
#3301=DIRECTION('center_axis',(-1.,0.,0.));
#3302=DIRECTION('ref_axis',(0.,-1.,0.));
#3303=DIRECTION('center_axis',(-1.,0.,0.));
#3304=DIRECTION('ref_axis',(0.,-1.,0.));
#3305=CARTESIAN_POINT('',(0.,0.,0.));
#3306=CARTESIAN_POINT('Origin',(-65.3500000000001,104.9,161.891729985377));
#3307=CARTESIAN_POINT('',(-65.1000000000001,104.028220211292,160.091729985377));
#3308=CARTESIAN_POINT('',(-65.1000000000001,104.028220211292,163.691729985377));
#3309=CARTESIAN_POINT('Origin',(-65.1000000000001,104.9,161.891729985377));
#3310=CARTESIAN_POINT('',(-65.6000000000001,104.151668522646,163.191729985377));
#3311=CARTESIAN_POINT('Ctrl Pts',(-65.1000000000001,104.028220211292,163.691729985377));
#3312=CARTESIAN_POINT('Ctrl Pts',(-65.2658436928031,104.066267363784,163.525886292574));
#3313=CARTESIAN_POINT('Ctrl Pts',(-65.4348627742199,104.107533742598,163.356867211157));
#3314=CARTESIAN_POINT('Ctrl Pts',(-65.6000000000001,104.151668522646,163.191729985377));
#3315=CARTESIAN_POINT('',(-65.6000000000001,104.151668522645,160.591729985377));
#3316=CARTESIAN_POINT('Origin',(-65.6000000000001,104.9,161.891729985377));
#3317=CARTESIAN_POINT('Ctrl Pts',(-65.6000000000001,104.151668522645,160.591729985377));
#3318=CARTESIAN_POINT('Ctrl Pts',(-65.4348627742201,104.107533742597,160.426592759597));
#3319=CARTESIAN_POINT('Ctrl Pts',(-65.2658436928035,104.066267363784,160.257573678181));
#3320=CARTESIAN_POINT('Ctrl Pts',(-65.1000000000001,104.028220211291,160.091729985377));
#3321=CARTESIAN_POINT('Origin',(-65.3500000000001,104.9,161.891729985377));
#3322=CARTESIAN_POINT('',(-65.6000000000001,105.648331477355,160.591729985377));
#3323=CARTESIAN_POINT('',(-65.6000000000001,105.648331477354,163.191729985377));
#3324=CARTESIAN_POINT('Origin',(-65.6000000000001,104.9,161.891729985377));
#3325=CARTESIAN_POINT('',(-65.1000000000001,105.771779788708,163.691729985377));
#3326=CARTESIAN_POINT('Ctrl Pts',(-65.6000000000001,105.648331477354,163.191729985377));
#3327=CARTESIAN_POINT('Ctrl Pts',(-65.4348627742199,105.692466257402,163.356867211157));
#3328=CARTESIAN_POINT('Ctrl Pts',(-65.2658436928031,105.733732636216,163.525886292574));
#3329=CARTESIAN_POINT('Ctrl Pts',(-65.1000000000001,105.771779788708,163.691729985377));
#3330=CARTESIAN_POINT('',(-65.1000000000001,105.771779788708,160.091729985377));
#3331=CARTESIAN_POINT('Origin',(-65.1000000000001,104.9,161.891729985377));
#3332=CARTESIAN_POINT('Ctrl Pts',(-65.6000000000001,105.648331477355,160.591729985377));
#3333=CARTESIAN_POINT('Ctrl Pts',(-65.4348627742201,105.692466257403,160.426592759597));
#3334=CARTESIAN_POINT('Ctrl Pts',(-65.2658436928035,105.733732636216,160.257573678181));
#3335=CARTESIAN_POINT('Ctrl Pts',(-65.1000000000001,105.771779788709,160.091729985377));
#3336=CARTESIAN_POINT('Origin',(-65.3500000000001,103.604443067413,163.441729985377));
#3337=CARTESIAN_POINT('',(-65.1000000000001,103.604443067413,163.691729985377));
#3338=CARTESIAN_POINT('',(-65.6000000000001,103.604443067413,163.191729985377));
#3339=CARTESIAN_POINT('Origin',(-65.3500000000001,106.278425274666,160.341729985377));
#3340=CARTESIAN_POINT('',(-65.1000000000001,106.278425274666,160.091729985377));
#3341=CARTESIAN_POINT('',(-65.6000000000001,106.278425274666,160.591729985377));
#3342=CARTESIAN_POINT('Origin',(-63.6000000000001,107.656850549332,160.091729985377));
#3343=CARTESIAN_POINT('',(-58.8000000000001,105.771779788709,160.091729985377));
#3344=CARTESIAN_POINT('',(-63.6,105.771779788708,160.091729985377));
#3345=CARTESIAN_POINT('',(-58.8000000000001,104.028220211292,160.091729985377));
#3346=CARTESIAN_POINT('',(-58.8000000000001,106.278425274666,160.091729985377));
#3347=CARTESIAN_POINT('',(-63.6,104.028220211292,160.091729985377));
#3348=CARTESIAN_POINT('Origin',(-63.6,104.9,161.891729985377));
#3349=CARTESIAN_POINT('',(-58.8000000000001,105.771779788708,163.691729985377));
#3350=CARTESIAN_POINT('',(-63.6,105.771779788708,163.691729985377));
#3351=CARTESIAN_POINT('Origin',(-58.8000000000001,104.9,161.891729985377));
#3352=CARTESIAN_POINT('Origin',(-65.6000000000001,104.9,161.891729985377));
#3353=CARTESIAN_POINT('Origin',(-63.6000000000001,102.308886134827,163.691729985377));
#3354=CARTESIAN_POINT('',(-58.8000000000001,104.028220211292,163.691729985377));
#3355=CARTESIAN_POINT('',(-63.6,104.028220211292,163.691729985377));
#3356=CARTESIAN_POINT('',(-58.8000000000001,103.604443067413,163.691729985377));
#3357=CARTESIAN_POINT('Origin',(-63.6,104.9,161.891729985377));
#3358=CARTESIAN_POINT('Origin',(-58.8000000000001,104.9,161.891729985377));
#3359=CARTESIAN_POINT('Origin',(-62.75,15.,162.));
#3360=CARTESIAN_POINT('',(-62.5,15.8717873481312,163.799996338785));
#3361=CARTESIAN_POINT('',(-62.5,15.8717723953479,160.199996419251));
#3362=CARTESIAN_POINT('Origin',(-62.5,15.,162.));
#3363=CARTESIAN_POINT('',(-63.,15.74832525685,160.699996419251));
#3364=CARTESIAN_POINT('Ctrl Pts',(-62.5,15.8717723953479,160.199996419251));
#3365=CARTESIAN_POINT('Ctrl Pts',(-62.6658436872586,15.8337256026482,160.36584010651));
#3366=CARTESIAN_POINT('Ctrl Pts',(-62.834862765098,15.7924596160248,160.534859184349));
#3367=CARTESIAN_POINT('Ctrl Pts',(-63.,15.74832525685,160.699996419251));
#3368=CARTESIAN_POINT('',(-63.,15.7483378375749,163.299996338785));
#3369=CARTESIAN_POINT('Origin',(-63.,15.,162.));
#3370=CARTESIAN_POINT('Ctrl Pts',(-63.,15.7483378375749,163.299996338785));
#3371=CARTESIAN_POINT('Ctrl Pts',(-62.8348627835462,15.7924730479509,163.465133555239));
#3372=CARTESIAN_POINT('Ctrl Pts',(-62.6658436984707,15.8337398277643,163.634152640314));
#3373=CARTESIAN_POINT('Ctrl Pts',(-62.5,15.8717873481311,163.799996338785));
#3374=CARTESIAN_POINT('Origin',(-62.75,15.6999998167157,160.449996419251));
#3375=CARTESIAN_POINT('',(-63.,14.25167474315,160.699996419251));
#3376=CARTESIAN_POINT('',(-63.,15.6999998167157,160.699996419251));
#3377=CARTESIAN_POINT('',(-62.5,14.1282276046521,160.199996419251));
#3378=CARTESIAN_POINT('',(-62.5,15.6999998167157,160.199996419251));
#3379=CARTESIAN_POINT('Ctrl Pts',(-63.,14.25167474315,160.699996419251));
#3380=CARTESIAN_POINT('Ctrl Pts',(-62.834862765098,14.2075403839752,160.534859184349));
#3381=CARTESIAN_POINT('Ctrl Pts',(-62.6658436872586,14.1662743973518,160.36584010651));
#3382=CARTESIAN_POINT('Ctrl Pts',(-62.5,14.1282276046521,160.199996419251));
#3383=CARTESIAN_POINT('Origin',(-62.75,14.0999998524785,163.549996338785));
#3384=CARTESIAN_POINT('',(-62.5,14.1282126518688,163.799996338785));
#3385=CARTESIAN_POINT('',(-62.5,14.0999998524785,163.799996338785));
#3386=CARTESIAN_POINT('',(-63.,14.2516621624251,163.299996338785));
#3387=CARTESIAN_POINT('',(-63.,14.0999998524785,163.299996338785));
#3388=CARTESIAN_POINT('Ctrl Pts',(-63.,14.2516621624251,163.299996338785));
#3389=CARTESIAN_POINT('Ctrl Pts',(-62.8348627835462,14.2075269520491,163.465133555239));
#3390=CARTESIAN_POINT('Ctrl Pts',(-62.6658436984709,14.1662601722358,163.634152640314));
#3391=CARTESIAN_POINT('Ctrl Pts',(-62.5,14.1282126518688,163.799996338785));
#3392=CARTESIAN_POINT('Origin',(-62.75,15.,162.));
#3393=CARTESIAN_POINT('Origin',(-62.5,15.,162.));
#3394=CARTESIAN_POINT('Origin',(-63.,15.,162.));
#3395=CARTESIAN_POINT('Origin',(-63.0000000000001,16.3999996334314,160.199996419251));
#3396=CARTESIAN_POINT('',(-56.3000000000001,15.8717723953479,160.199996419251));
#3397=CARTESIAN_POINT('',(-60.,15.8717723953479,160.199996419251));
#3398=CARTESIAN_POINT('',(-56.3000000000001,14.1282276046521,160.199996419251));
#3399=CARTESIAN_POINT('',(-56.3000000000001,16.3999996334314,160.199996419251));
#3400=CARTESIAN_POINT('',(-60.,14.1282276046521,160.199996419251));
#3401=CARTESIAN_POINT('Origin',(-60.,15.,162.));
#3402=CARTESIAN_POINT('',(-56.3000000000001,15.8717873481312,163.799996338785));
#3403=CARTESIAN_POINT('',(-60.,15.8717873481312,163.799996338785));
#3404=CARTESIAN_POINT('Origin',(-56.3000000058701,15.,162.));
#3405=CARTESIAN_POINT('Origin',(-63.,15.,162.));
#3406=CARTESIAN_POINT('Origin',(-63.0000000000001,13.199999704957,163.799996338785));
#3407=CARTESIAN_POINT('',(-56.3000000000001,14.1282126518688,163.799996338785));
#3408=CARTESIAN_POINT('',(-60.,14.1282126518688,163.799996338785));
#3409=CARTESIAN_POINT('',(-56.3000000000001,13.199999704957,163.799996338785));
#3410=CARTESIAN_POINT('Origin',(-58.3,104.9,161.891729985377));
#3411=CARTESIAN_POINT('',(-57.8,109.4,161.891729985377));
#3412=CARTESIAN_POINT('Origin',(-57.8,104.9,161.891729985377));
#3413=CARTESIAN_POINT('',(-58.8000000000001,108.4,161.891729985377));
#3414=CARTESIAN_POINT('',(-58.3,108.9,161.891729985377));
#3415=CARTESIAN_POINT('Origin',(-58.8000000000001,104.9,161.891729985377));
#3416=CARTESIAN_POINT('Origin',(-57.8,85.0000012665987,161.999999638647));
#3417=CARTESIAN_POINT('',(-57.8,66.4423706470544,151.999996848404));
#3418=CARTESIAN_POINT('',(-57.8,124.000001847744,151.999996848404));
#3419=CARTESIAN_POINT('',(-57.8,100.149999344721,151.999996848404));
#3420=CARTESIAN_POINT('',(-57.8,51.0000006854534,168.986608114961));
#3421=CARTESIAN_POINT('',(-57.8,58.3010251256913,160.955479193537));
#3422=CARTESIAN_POINT('',(-57.8,51.0000006854534,172.000002428889));
#3423=CARTESIAN_POINT('',(-57.8,51.0000006854534,167.500001033768));
#3424=CARTESIAN_POINT('',(-57.8,124.000001847744,172.000002428889));
#3425=CARTESIAN_POINT('',(-57.8,69.2500010319054,172.000002428889));
#3426=CARTESIAN_POINT('',(-57.8,124.000001847744,173.000002428889));
#3427=CARTESIAN_POINT('Origin',(-58.8000000000001,104.9,161.891729985377));
#3428=CARTESIAN_POINT('Origin',(-56.3000000000001,15.0000000000001,163.999996334314));
#3429=CARTESIAN_POINT('Origin',(-56.3000000058701,15.,162.));
#3430=CARTESIAN_POINT('Origin',(-56.3000000000001,14.9999996647239,159.999996423721));
#3431=CARTESIAN_POINT('Origin',(-56.3000000058701,15.,162.));
#3432=CARTESIAN_POINT('Origin',(-56.3000000058701,14.9999999990031,162.));
#3433=CARTESIAN_POINT('',(-56.3000000072658,18.4999999990031,162.));
#3434=CARTESIAN_POINT('Origin',(-56.3000000058701,14.9999999990031,162.));
#3435=CARTESIAN_POINT('Origin',(-56.3000000058701,15.,162.));
#3436=CARTESIAN_POINT('Origin',(-60.,15.,162.));
#3437=CARTESIAN_POINT('Origin',(-15.8000000000001,119.,166.891729985377));
#3438=CARTESIAN_POINT('',(-15.8000000000001,116.9,166.891729985377));
#3439=CARTESIAN_POINT('Origin',(-15.8,119.,166.891729985377));
#3440=CARTESIAN_POINT('',(-30.0000002980232,116.9,166.891729985377));
#3441=CARTESIAN_POINT('',(-15.8000000000001,116.9,166.891729985377));
#3442=CARTESIAN_POINT('Origin',(-30.0000002980232,119.,166.891729985377));
#3443=CARTESIAN_POINT('Origin',(-15.8000000000001,119.,156.891729985377));
#3444=CARTESIAN_POINT('',(-15.8000000000001,116.9,156.891729985377));
#3445=CARTESIAN_POINT('Origin',(-15.8,119.,156.891729985377));
#3446=CARTESIAN_POINT('',(-30.0000002980232,116.9,156.891729985377));
#3447=CARTESIAN_POINT('',(-15.8000000000001,116.9,156.891729985377));
#3448=CARTESIAN_POINT('',(-30.0000002980232,119.911793145,155.000002399087));
#3449=CARTESIAN_POINT('Origin',(-30.0000002980232,119.,156.891729985377));
#3450=CARTESIAN_POINT('',(-30.0000002980232,118.088206855,155.000002399087));
#3451=CARTESIAN_POINT('Origin',(-28.1082727117329,119.,156.891729985377));
#3452=CARTESIAN_POINT('Origin',(-30.0000002980232,119.,156.891729985377));
#3453=CARTESIAN_POINT('Origin',(-31.0000002980232,-3.00000004470348,154.000002399087));
#3454=CARTESIAN_POINT('',(-30.0000002980232,124.000001847744,155.000002399087));
#3455=CARTESIAN_POINT('',(-30.0000002980232,-3.00000004470348,155.000002399087));
#3456=CARTESIAN_POINT('',(-32.0000002980232,124.000001847744,153.000002399087));
#3457=CARTESIAN_POINT('',(-35.9500016111881,124.000001847744,149.050001085922));
#3458=CARTESIAN_POINT('',(-32.0000002980232,115.299997422844,153.000002399087));
#3459=CARTESIAN_POINT('',(-32.0000002980232,-3.00000004470348,153.000002399087));
#3460=CARTESIAN_POINT('',(-30.0000002980232,115.299997422844,155.000002399087));
#3461=CARTESIAN_POINT('',(-30.4500002160669,115.299997422844,154.550002481043));
#3462=CARTESIAN_POINT('',(-30.0000002980232,-3.00000004470348,155.000002399087));
#3463=CARTESIAN_POINT('Origin',(-30.0000002980232,-3.00000004470348,171.000002399087));
#3464=CARTESIAN_POINT('',(-30.0000002980232,115.299997422844,169.000002399087));
#3465=CARTESIAN_POINT('',(-30.0000002980232,115.299997422844,172.000002413988));
#3466=CARTESIAN_POINT('',(-30.0000002980232,124.000001847744,169.000002399087));
#3467=CARTESIAN_POINT('',(-30.0000002980232,-3.00000004470348,169.000002399087));
#3468=CARTESIAN_POINT('',(-30.0000002980232,124.000001847744,160.999999623746));
#3469=CARTESIAN_POINT('Origin',(-15.8,119.649999635294,161.999999638647));
#3470=CARTESIAN_POINT('',(-15.8,124.000001847744,151.999996848404));
#3471=CARTESIAN_POINT('',(-15.8,123.000001847744,150.999996848404));
#3472=CARTESIAN_POINT('',(-15.8,125.162501992192,153.162496992853));
#3473=CARTESIAN_POINT('',(-15.8,124.000001847744,172.000002428889));
#3474=CARTESIAN_POINT('',(-15.8,124.000001847744,156.499998243526));
#3475=CARTESIAN_POINT('',(-15.8,123.000001847744,173.000002428889));
#3476=CARTESIAN_POINT('',(-15.8,125.162501992192,170.837502284441));
#3477=CARTESIAN_POINT('',(-15.8,116.299997422844,173.000002428889));
#3478=CARTESIAN_POINT('',(-15.8,124.000001847744,173.000002428889));
#3479=CARTESIAN_POINT('',(-15.8,115.299997422844,172.000002428889));
#3480=CARTESIAN_POINT('',(-15.8,114.137497278396,170.837502284441));
#3481=CARTESIAN_POINT('',(-15.8,115.299997422844,151.999996848404));
#3482=CARTESIAN_POINT('',(-15.8,115.299997422844,173.000002428889));
#3483=CARTESIAN_POINT('',(-15.8,116.299997422844,150.999996848404));
#3484=CARTESIAN_POINT('',(-15.8,114.137497278396,153.162496992852));
#3485=CARTESIAN_POINT('',(-15.8,115.299997422844,150.999996848404));
#3486=CARTESIAN_POINT('Origin',(-15.8000000019733,49.2000000000001,157.1));
#3487=CARTESIAN_POINT('',(-15.8000000019733,47.1000000000001,157.1));
#3488=CARTESIAN_POINT('Origin',(-15.7999999328897,49.2000000000001,157.1));
#3489=CARTESIAN_POINT('',(-45.8000000019733,47.1000000000001,157.1));
#3490=CARTESIAN_POINT('',(-15.8000000019733,47.1000000000001,157.1));
#3491=CARTESIAN_POINT('Origin',(-45.8000000019733,49.2000000000001,157.1));
#3492=CARTESIAN_POINT('Origin',(-45.8000000019733,49.2000000000001,157.1));
#3493=CARTESIAN_POINT('Origin',(-15.8000000019733,70.8,156.891729985377));
#3494=CARTESIAN_POINT('',(-15.8000000019733,68.7,156.891729985377));
#3495=CARTESIAN_POINT('Origin',(-15.7999999025604,70.8,156.891729985377));
#3496=CARTESIAN_POINT('',(-45.8000000019733,68.7,156.891729985377));
#3497=CARTESIAN_POINT('',(-15.8000000019733,68.7,156.891729985377));
#3498=CARTESIAN_POINT('Origin',(-45.8000000019733,70.8,156.891729985377));
#3499=CARTESIAN_POINT('Origin',(-45.8000000019733,70.8,156.891729985377));
#3500=CARTESIAN_POINT('Origin',(-15.8000000019733,49.2000000000001,167.1));
#3501=CARTESIAN_POINT('',(-15.8000000019733,47.1000000000001,167.1));
#3502=CARTESIAN_POINT('Origin',(-15.7999999328897,49.2000000000001,167.1));
#3503=CARTESIAN_POINT('',(-45.8000000019733,47.1000000000001,167.1));
#3504=CARTESIAN_POINT('',(-15.8000000019733,47.1000000000001,167.1));
#3505=CARTESIAN_POINT('Origin',(-45.8000000019733,49.2000000000001,167.1));
#3506=CARTESIAN_POINT('Origin',(-45.8000000019733,49.2000000000001,167.1));
#3507=CARTESIAN_POINT('Origin',(-15.8000000019733,70.8,166.891729985377));
#3508=CARTESIAN_POINT('',(-15.8000000019733,68.7000000000001,166.891729985377));
#3509=CARTESIAN_POINT('Origin',(-15.7999999025604,70.8,166.891729985377));
#3510=CARTESIAN_POINT('',(-45.8000000019733,68.7000000000001,166.891729985377));
#3511=CARTESIAN_POINT('',(-15.8000000019733,68.7000000000001,166.891729985377));
#3512=CARTESIAN_POINT('Origin',(-45.8000000019733,70.8,166.891729985377));
#3513=CARTESIAN_POINT('Origin',(-45.8000000019733,70.8,166.891729985377));
#3514=CARTESIAN_POINT('Origin',(-15.7999999177251,59.9999986588955,161.999999638647));
#3515=CARTESIAN_POINT('',(-15.7999999383659,45.2999989874661,172.000002428889));
#3516=CARTESIAN_POINT('',(-15.7999999383659,45.2999989874661,151.999996848404));
#3517=CARTESIAN_POINT('',(-15.7999999383659,45.299998986062,167.500001033768));
#3518=CARTESIAN_POINT('',(-15.7999999369617,46.2999989874661,150.999996848404));
#3519=CARTESIAN_POINT('',(-15.799999936365,46.7249981958277,150.574997638639));
#3520=CARTESIAN_POINT('',(-15.7999998984884,73.6999983303249,150.999996848404));
#3521=CARTESIAN_POINT('',(-15.7999998789007,87.6499980184036,150.999996848404));
#3522=CARTESIAN_POINT('',(-15.7999998970843,74.6999983303249,151.999996848404));
#3523=CARTESIAN_POINT('',(-15.7999998990852,73.274999098093,150.574997617577));
#3524=CARTESIAN_POINT('',(-15.7999998970843,74.6999983303249,172.000002428889));
#3525=CARTESIAN_POINT('',(-15.7999998970843,74.6999983289207,156.499998243526));
#3526=CARTESIAN_POINT('',(-15.7999998984884,73.6999983303249,173.000002428889));
#3527=CARTESIAN_POINT('',(-15.7999998990852,73.274999098093,173.425001659717));
#3528=CARTESIAN_POINT('',(-15.7999999369617,46.2999989874661,173.000002428889));
#3529=CARTESIAN_POINT('',(-15.7999999222885,56.7499997055876,173.000002428889));
#3530=CARTESIAN_POINT('',(-15.799999936365,46.7249981958276,173.425001638655));
#3531=CARTESIAN_POINT('',(-15.8,65.0000009685755,154.300002115965));
#3532=CARTESIAN_POINT('',(-15.8,65.0000009685755,170.000002413988));
#3533=CARTESIAN_POINT('',(-15.8,65.0000009685755,157.000000877306));
#3534=CARTESIAN_POINT('',(-15.7999999135127,63.0000009685755,152.300002115965));
#3535=CARTESIAN_POINT('',(-15.7999999104587,65.1749997605929,154.475000907982));
#3536=CARTESIAN_POINT('',(-15.7999999219375,57.0000008195639,152.300002115965));
#3537=CARTESIAN_POINT('',(-15.7999999212354,57.4999997167635,152.300002115965));
#3538=CARTESIAN_POINT('',(-15.8,55.0000008195639,154.300002115965));
#3539=CARTESIAN_POINT('',(-15.7999999249915,54.8250008874932,154.475002048036));
#3540=CARTESIAN_POINT('',(-15.8,55.0000008195639,170.000002413988));
#3541=CARTESIAN_POINT('',(-15.8,55.0000008195639,167.000001026317));
#3542=CARTESIAN_POINT('',(-15.7999999219375,57.0000008195639,172.000002413988));
#3543=CARTESIAN_POINT('',(-15.7999999250968,54.7499995743284,169.750001168753));
#3544=CARTESIAN_POINT('',(-15.7999999135127,63.0000009685755,172.000002413988));
#3545=CARTESIAN_POINT('',(-15.7999999142147,62.4999997912693,172.000002413988));
#3546=CARTESIAN_POINT('',(-15.7999999103534,65.2500010737577,169.750002308806));
#3547=CARTESIAN_POINT('Origin',(-15.8000000000001,0.899999927586235,166.999999635853));
#3548=CARTESIAN_POINT('',(-15.8000000000001,-1.20000007241377,166.999999635853));
#3549=CARTESIAN_POINT('Origin',(-15.8000000000001,0.899999927586235,166.999999635853));
#3550=CARTESIAN_POINT('',(-30.0000002980232,-1.20000007241376,166.999999635853));
#3551=CARTESIAN_POINT('',(-15.8000000000001,-1.20000007241377,166.999999635853));
#3552=CARTESIAN_POINT('',(-30.0000002980232,0.259696134799638,169.000002399087));
#3553=CARTESIAN_POINT('Origin',(-30.0000002980232,0.899999927586236,166.999999635853));
#3554=CARTESIAN_POINT('',(-30.0000002980232,1.54030372037283,169.000002399087));
#3555=CARTESIAN_POINT('Origin',(-27.9999975347894,0.899999927586236,166.999999635853));
#3556=CARTESIAN_POINT('Origin',(-30.0000002980232,0.899999927586236,166.999999635853));
#3557=CARTESIAN_POINT('Origin',(-15.8000000000002,0.899999920422188,156.999999635853));
#3558=CARTESIAN_POINT('',(-15.8000000000002,-1.20000007957781,156.999999635853));
#3559=CARTESIAN_POINT('Origin',(-15.8000000000001,0.899999920422188,156.999999635853));
#3560=CARTESIAN_POINT('',(-30.0000002980232,-1.20000007957781,156.999999635853));
#3561=CARTESIAN_POINT('',(-15.8000000000002,-1.20000007957781,156.999999635853));
#3562=CARTESIAN_POINT('',(-30.0000002980232,1.54032097499395,155.000002399087));
#3563=CARTESIAN_POINT('Origin',(-30.0000002980232,0.899999920422189,156.999999635853));
#3564=CARTESIAN_POINT('',(-30.0000002980232,0.25967886585043,155.000002399087));
#3565=CARTESIAN_POINT('Origin',(-28.0000030612571,0.899999920422189,156.999999635853));
#3566=CARTESIAN_POINT('Origin',(-30.0000002980232,0.899999920422189,156.999999635853));
#3567=CARTESIAN_POINT('Origin',(-31.0000002980232,-3.00000004470348,170.000002399087));
#3568=CARTESIAN_POINT('',(-30.0000002980232,-3.00000004470348,169.000002399087));
#3569=CARTESIAN_POINT('',(-30.0000002980232,-3.00000004470348,169.000002399087));
#3570=CARTESIAN_POINT('',(-32.0000002980232,-3.00000004470348,171.000002399087));
#3571=CARTESIAN_POINT('',(-35.950000230968,-3.00000004470348,174.950002332032));
#3572=CARTESIAN_POINT('',(-32.0000002980232,4.79999989271164,171.000002399087));
#3573=CARTESIAN_POINT('',(-32.0000002980232,-3.00000004470348,171.000002399087));
#3574=CARTESIAN_POINT('',(-30.0000002980232,4.79999989271164,169.000002399087));
#3575=CARTESIAN_POINT('',(-30.5749988330528,4.79999989271164,169.575000934117));
#3576=CARTESIAN_POINT('',(-30.0000002980232,-3.00000004470348,169.000002399087));
#3577=CARTESIAN_POINT('Origin',(-31.0000002980232,-3.00000004470348,154.000002399087));
#3578=CARTESIAN_POINT('',(-30.0000002980232,4.79999989271164,155.000002399087));
#3579=CARTESIAN_POINT('',(-30.0000002980232,-3.00000004470348,155.000002399087));
#3580=CARTESIAN_POINT('',(-32.0000002980232,4.79999989271164,153.000002399087));
#3581=CARTESIAN_POINT('',(-35.825001613982,4.79999989271164,149.175001083128));
#3582=CARTESIAN_POINT('',(-32.0000002980232,-3.00000004470348,153.000002399087));
#3583=CARTESIAN_POINT('',(-32.0000002980232,-3.00000004470348,153.000002399087));
#3584=CARTESIAN_POINT('',(-30.0000002980232,-3.00000004470348,155.000002399087));
#3585=CARTESIAN_POINT('',(-30.4500002160669,-3.00000004470348,154.550002481043));
#3586=CARTESIAN_POINT('',(-30.0000002980232,-3.00000004470348,155.000002399087));
#3587=CARTESIAN_POINT('Origin',(-30.0000002980232,-3.00000004470348,171.000002399087));
#3588=CARTESIAN_POINT('',(-30.0000002980232,4.79999989271164,161.249999618158));
#3589=CARTESIAN_POINT('',(-30.0000002980232,-3.00000004470348,172.000002413988));
#3590=CARTESIAN_POINT('Origin',(-15.8,119.649999635294,161.999999638647));
#3591=CARTESIAN_POINT('',(-15.8,-2.00000004470349,150.999996837229));
#3592=CARTESIAN_POINT('',(-15.8,-3.00000004470348,151.999996848404));
#3593=CARTESIAN_POINT('',(-15.8,25.4124991777348,123.587497625966));
#3594=CARTESIAN_POINT('',(-15.8,3.79999989271164,150.999996837229));
#3595=CARTESIAN_POINT('',(-15.8,4.79999989271164,150.999996837229));
#3596=CARTESIAN_POINT('',(-15.8,4.79999989271164,151.999996837229));
#3597=CARTESIAN_POINT('',(-15.8,6.13750058859585,153.337497518165));
#3598=CARTESIAN_POINT('',(-15.8,4.79999989271164,172.000002428889));
#3599=CARTESIAN_POINT('',(-15.8,4.79999989271164,151.499996837229));
#3600=CARTESIAN_POINT('',(-15.8,3.79999989271164,173.000002428889));
#3601=CARTESIAN_POINT('',(-15.8,6.01250059949236,170.787501722109));
#3602=CARTESIAN_POINT('',(-15.8,-2.00000004470349,173.000002428889));
#3603=CARTESIAN_POINT('',(-15.8,86.5750002162531,173.000002428889));
#3604=CARTESIAN_POINT('',(-15.8,-3.00000004470348,172.000002428889));
#3605=CARTESIAN_POINT('',(-15.8,25.4124991777349,200.412501651328));
#3606=CARTESIAN_POINT('',(-15.8,-3.00000004470348,151.499996837229));
#3607=CARTESIAN_POINT('Origin',(-57.8,75.074604925972,155.021843070629));
#3608=CARTESIAN_POINT('',(-47.8218406715423,123.700001847744,155.021843070629));
#3609=CARTESIAN_POINT('',(-47.8218406715423,74.7000018479394,155.021843070782));
#3610=CARTESIAN_POINT('',(-47.8218406715423,95.187303386858,155.021843070629));
#3611=CARTESIAN_POINT('',(-54.8,123.700001847744,155.021843070629));
#3612=CARTESIAN_POINT('',(-52.8,123.700001847744,155.021843070629));
#3613=CARTESIAN_POINT('',(-54.8,82.0896106588871,155.021843070629));
#3614=CARTESIAN_POINT('',(-54.8,80.0373030962853,155.021843070629));
#3615=CARTESIAN_POINT('',(-48.8,82.0896106588871,155.021843070629));
#3616=CARTESIAN_POINT('',(-57.8,82.0896106588871,155.021843070629));
#3617=CARTESIAN_POINT('',(-48.7999989089074,74.7000018479315,155.021843070782));
#3618=CARTESIAN_POINT('',(-48.7999989092349,115.300001847932,155.021843070629));
#3619=CARTESIAN_POINT('',(-47.8219999996725,74.7000018479394,155.021843070782));
#3620=CARTESIAN_POINT('Origin',(-52.8,123.850001847744,154.871843070629));
#3621=CARTESIAN_POINT('',(-47.5218406715423,124.000001847744,154.721843070629));
#3622=CARTESIAN_POINT('',(-53.3036503031009,118.218192216188,160.503652702185));
#3623=CARTESIAN_POINT('',(-55.1000000000001,124.000001847744,154.721843070629));
#3624=CARTESIAN_POINT('',(-52.8,124.000001847744,154.721843070629));
#3625=CARTESIAN_POINT('',(-55.1000000000001,124.000001847744,154.721843070629));
#3626=CARTESIAN_POINT('Origin',(-47.8,124.000001847744,150.999996848404));
#3627=CARTESIAN_POINT('',(-47.8,124.000001847744,172.000002428889));
#3628=CARTESIAN_POINT('',(-47.8,124.000001847744,151.999996848404));
#3629=CARTESIAN_POINT('',(-45.8,124.000001847744,153.000002399087));
#3630=CARTESIAN_POINT('',(-46.2999986123294,124.000001847744,153.500001011416));
#3631=CARTESIAN_POINT('',(-33.9000001490116,124.000001847744,153.000002399087));
#3632=CARTESIAN_POINT('',(-32.0000002980232,124.000001847744,171.000002399087));
#3633=CARTESIAN_POINT('',(-30.4499988358467,124.000001847744,169.45000093691));
#3634=CARTESIAN_POINT('',(-45.8,124.000001847744,171.000002399087));
#3635=CARTESIAN_POINT('',(-47.8,124.000001847744,171.000002399087));
#3636=CARTESIAN_POINT('',(-47.8,124.000001847744,169.000002399087));
#3637=CARTESIAN_POINT('',(-51.8000013876707,124.000001847744,165.000001011416));
#3638=CARTESIAN_POINT('',(-47.8,124.000001847744,165.30000230968));
#3639=CARTESIAN_POINT('',(-47.8,124.000001862645,168.500002361834));
#3640=CARTESIAN_POINT('',(-55.1000000000001,124.000001847744,165.30000230968));
#3641=CARTESIAN_POINT('',(-52.8,124.000001847744,165.30000230968));
#3642=CARTESIAN_POINT('',(-55.1000000000001,124.000001847744,156.499998243526));
#3643=CARTESIAN_POINT('Origin',(-47.8,60.0000008940697,162.000002264977));
#3644=CARTESIAN_POINT('',(-47.8,74.6999983303249,155.000002399087));
#3645=CARTESIAN_POINT('',(-47.8,115.299997422844,155.000002399087));
#3646=CARTESIAN_POINT('',(-47.8,77.5936521404638,155.000002399087));
#3647=CARTESIAN_POINT('',(-47.8,74.6999983303249,151.999996848404));
#3648=CARTESIAN_POINT('',(-47.8,74.6999983303249,156.49999955669));
#3649=CARTESIAN_POINT('',(-47.8,73.6999983303249,150.999996848404));
#3650=CARTESIAN_POINT('',(-47.8,73.2750003254042,150.574998843484));
#3651=CARTESIAN_POINT('',(-47.8,116.299997422844,150.999996848404));
#3652=CARTESIAN_POINT('',(-47.8,92.5000013783574,151.000002071261));
#3653=CARTESIAN_POINT('',(-47.8,115.299997422844,151.999996848404));
#3654=CARTESIAN_POINT('',(-47.8,99.2249969365073,168.074997334741));
#3655=CARTESIAN_POINT('',(-47.8,115.299997422844,158.360922667803));
#3656=CARTESIAN_POINT('Origin',(-47.8,74.6999983303249,150.999996848404));
#3657=CARTESIAN_POINT('',(-46.7359189481006,74.6999983303249,153.935921347188));
#3658=CARTESIAN_POINT('',(-48.7999989089074,74.700001847938,156.7119220512));
#3659=CARTESIAN_POINT('',(-48.7999989089074,74.7000018479697,165.000002309833));
#3660=CARTESIAN_POINT('',(-48.7999989089074,74.7000018479697,165.000002309833));
#3661=CARTESIAN_POINT('',(-48.8,74.7000018479587,162.080462552177));
#3662=CARTESIAN_POINT('',(-48.0999989089074,74.7000018479753,165.000002309833));
#3663=CARTESIAN_POINT('',(-48.0999989089074,74.7000018479753,165.000002309833));
#3664=CARTESIAN_POINT('',(-47.7999999996725,74.7000018479789,165.300002309831));
#3665=CARTESIAN_POINT('',(-48.0999989089074,74.7000018479753,165.000002309833));
#3666=CARTESIAN_POINT('',(-47.8,74.6999983303249,172.000002428889));
#3667=CARTESIAN_POINT('',(-47.8,74.6999983303249,156.49999955669));
#3668=CARTESIAN_POINT('',(-16.7999998970843,74.699998331729,172.000002428889));
#3669=CARTESIAN_POINT('',(-47.8,74.6999983303249,172.000002428889));
#3670=CARTESIAN_POINT('',(-16.7999998970843,74.699998331729,151.999996848404));
#3671=CARTESIAN_POINT('',(-16.7999998970843,74.6999983303249,156.499998243526));
#3672=CARTESIAN_POINT('',(-47.8,74.6999983303249,151.999996848404));
#3673=CARTESIAN_POINT('Origin',(-45.8,115.299997422844,172.000002428889));
#3674=CARTESIAN_POINT('',(-45.8000276532941,115.29996976955,170.999974745793));
#3675=CARTESIAN_POINT('',(-45.8000000000001,115.299997422844,172.000002428889));
#3676=CARTESIAN_POINT('',(-45.8000000000001,115.299997422844,167.500002346933));
#3677=CARTESIAN_POINT('',(-47.8,115.299997422844,172.000002428889));
#3678=CARTESIAN_POINT('',(-46.8,115.299997422844,172.000002428889));
#3679=CARTESIAN_POINT('',(-47.8,115.299604973965,169.000002399087));
#3680=CARTESIAN_POINT('',(-47.8,115.299343163436,166.998642128692));
#3681=CARTESIAN_POINT('',(-46.0528386952637,115.299833531128,170.747163703823));
#3682=CARTESIAN_POINT('Origin',(-46.8000000000001,28.5000004246831,170.000002399087));
#3683=CARTESIAN_POINT('',(-47.8,28.5000004246831,169.000002399087));
#3684=CARTESIAN_POINT('',(-45.8,28.5000004246831,171.000002399087));
#3685=CARTESIAN_POINT('Origin',(-48.7999989092349,115.30000184797,165.00000230968));
#3686=CARTESIAN_POINT('Origin',(-48.8,82.0896106588871,172.021843070629));
#3687=CARTESIAN_POINT('Origin',(-48.8,90.5000013485551,164.010922749759));
#3688=CARTESIAN_POINT('',(-48.8,85.9863799296509,165.00000230968));
#3689=CARTESIAN_POINT('',(-48.8,102.900001598267,165.000002309727));
#3690=CARTESIAN_POINT('',(-48.8,70.1009951480856,159.968914043452));
#3691=CARTESIAN_POINT('Origin',(-48.8,82.0896106588871,172.021843070629));
#3692=CARTESIAN_POINT('',(-48.8,58.0053653984518,172.000002428889));
#3693=CARTESIAN_POINT('',(-48.8,75.074604925972,155.021843070629));
#3694=CARTESIAN_POINT('',(-48.8,71.0053655921669,172.000002428889));
#3695=CARTESIAN_POINT('',(-48.8,72.0000010728836,172.000002428889));
#3696=CARTESIAN_POINT('',(-48.8,72.411035895361,170.601832675965));
#3697=CARTESIAN_POINT('',(-48.8,70.0000010430813,173.000002428889));
#3698=CARTESIAN_POINT('Origin',(-48.8,85.9863799296509,184.25000230968));
#3699=CARTESIAN_POINT('Origin',(-47.8,60.0000008940697,162.000002264977));
#3700=CARTESIAN_POINT('',(-47.8,116.299997422844,173.000002428889));
#3701=CARTESIAN_POINT('',(-47.8,99.2249982496726,155.925003255717));
#3702=CARTESIAN_POINT('',(-47.8,73.6999983303249,173.000002428889));
#3703=CARTESIAN_POINT('',(-47.8,27.5000004097819,173.000002458692));
#3704=CARTESIAN_POINT('',(-47.8,73.2749990122393,173.425001746975));
#3705=CARTESIAN_POINT('',(-47.8,87.6500013710172,165.300002309559));
#3706=CARTESIAN_POINT('Origin',(-47.8,56.0000008195639,171.000002413988));
#3707=CARTESIAN_POINT('',(-10.8,55.0000008195639,170.000002413988));
#3708=CARTESIAN_POINT('',(-10.8,57.0000008195639,172.000002413988));
#3709=CARTESIAN_POINT('',(-10.8,54.7500008009374,169.750002395362));
#3710=CARTESIAN_POINT('',(-47.8,57.0000008195639,172.000002413988));
#3711=CARTESIAN_POINT('',(-47.8,55.0000008195639,170.000002413988));
#3712=CARTESIAN_POINT('Origin',(-47.8,65.0000009685755,172.000002413988));
#3713=CARTESIAN_POINT('',(-10.8,63.0000009685755,172.000002413988));
#3714=CARTESIAN_POINT('',(-10.8,55.0000008195639,172.000002413988));
#3715=CARTESIAN_POINT('',(-47.8,63.0000009685755,172.000002413988));
#3716=CARTESIAN_POINT('Origin',(-10.8,60.0000008940697,162.000002264977));
#3717=CARTESIAN_POINT('',(-10.8,55.0000008195639,154.300002115965));
#3718=CARTESIAN_POINT('',(-10.8,55.0000008195639,152.000002115965));
#3719=CARTESIAN_POINT('',(-10.8,57.0000008195639,152.300002115965));
#3720=CARTESIAN_POINT('',(-10.8,54.8250008009374,154.475002134591));
#3721=CARTESIAN_POINT('',(-10.8,63.0000009685755,152.300002115965));
#3722=CARTESIAN_POINT('',(-10.8,57.5000008568168,152.300002115965));
#3723=CARTESIAN_POINT('',(-10.8,65.0000009685755,154.300002115965));
#3724=CARTESIAN_POINT('',(-10.8,65.1750009872019,154.475002134591));
#3725=CARTESIAN_POINT('',(-10.8,65.0000009685755,170.000002413988));
#3726=CARTESIAN_POINT('',(-10.8,65.0000009685755,172.000002413988));
#3727=CARTESIAN_POINT('',(-10.8,65.2500009872019,169.750002395362));
#3728=CARTESIAN_POINT('',(-10.8,58.0000008940696,163.000002279878));
#3729=CARTESIAN_POINT('Origin',(-10.8,60.0000008940696,163.000002279878));
#3730=CARTESIAN_POINT('',(-10.8,58.0000008940696,156.500002279878));
#3731=CARTESIAN_POINT('Origin',(-10.8,60.0000008940696,156.500002279878));
#3732=CARTESIAN_POINT('',(-10.8,58.0000008940697,169.500002279878));
#3733=CARTESIAN_POINT('Origin',(-10.8,60.0000008940696,169.500002279878));
#3734=CARTESIAN_POINT('Origin',(-47.8,64.0000009685755,171.000002413988));
#3735=CARTESIAN_POINT('',(-47.8,65.0000009685755,170.000002413988));
#3736=CARTESIAN_POINT('Origin',(-47.8,65.0000009685755,152.000002115965));
#3737=CARTESIAN_POINT('',(-47.8,65.0000009685755,154.300002115965));
#3738=CARTESIAN_POINT('Origin',(-47.8,64.0000009685755,153.300002115965));
#3739=CARTESIAN_POINT('',(-47.8,63.0000009685755,152.300002115965));
#3740=CARTESIAN_POINT('Origin',(-47.8,55.0000008195639,152.300002115965));
#3741=CARTESIAN_POINT('',(-47.8,57.0000008195639,152.300002115965));
#3742=CARTESIAN_POINT('Origin',(-47.8,56.0000008195639,153.300002115965));
#3743=CARTESIAN_POINT('',(-47.8,55.0000008195639,154.300002115965));
#3744=CARTESIAN_POINT('Origin',(-47.8,55.0000008195639,172.000002413988));
#3745=CARTESIAN_POINT('Origin',(-55.0499999995016,14.9999999990031,162.));
#3746=CARTESIAN_POINT('',(-53.8,20.9999999980061,162.));
#3747=CARTESIAN_POINT('Origin',(-53.8,14.9999999990031,162.));
#3748=CARTESIAN_POINT('',(-55.0499999995016,19.7499999985046,162.));
#3749=CARTESIAN_POINT('Origin',(-53.8,60.0000008940697,162.000002264977));
#3750=CARTESIAN_POINT('',(-53.8,50.0000006854534,172.000002428889));
#3751=CARTESIAN_POINT('',(-53.8,-2.00000004470348,172.000002428889));
#3752=CARTESIAN_POINT('',(-53.8,56.7500008456409,172.000002428889));
#3753=CARTESIAN_POINT('',(-53.8,50.0000006854534,168.599996848404));
#3754=CARTESIAN_POINT('',(-53.8,50.0000006854534,173.000002428889));
#3755=CARTESIAN_POINT('',(-53.8,65.0909097763625,151.999996848404));
#3756=CARTESIAN_POINT('',(-53.8,56.9049767602016,161.004523166181));
#3757=CARTESIAN_POINT('',(-53.8,-2.00000004470349,151.999996848404));
#3758=CARTESIAN_POINT('',(-53.8,87.6499991584569,151.999996848404));
#3759=CARTESIAN_POINT('',(-53.8,-2.00000004470348,167.500002346933));
#3760=CARTESIAN_POINT('Origin',(-47.9499994546175,92.0000013709068,165.150002309679));
#3761=CARTESIAN_POINT('',(-48.099998909235,123.700001847744,165.00000230968));
#3762=CARTESIAN_POINT('',(-54.0666559394626,117.733323123407,159.033323585344));
#3763=CARTESIAN_POINT('',(-48.099998909235,92.0000013709068,165.00000230968));
#3764=CARTESIAN_POINT('Origin',(-57.8,124.000001847744,165.00000230968));
#3765=CARTESIAN_POINT('',(-54.8,85.9863799296509,165.00000230968));
#3766=CARTESIAN_POINT('',(-57.8,85.9863799296509,165.00000230968));
#3767=CARTESIAN_POINT('',(-54.8,123.700001847744,165.00000230968));
#3768=CARTESIAN_POINT('',(-54.8,104.500001557171,165.00000230968));
#3769=CARTESIAN_POINT('',(-48.8,123.700001847744,165.00000230968));
#3770=CARTESIAN_POINT('Origin',(-46.8000000000001,28.5000004246831,154.000002399087));
#3771=CARTESIAN_POINT('',(-47.5218406715423,115.300001847744,154.721843070629));
#3772=CARTESIAN_POINT('',(-45.8,115.299997422844,153.000002399087));
#3773=CARTESIAN_POINT('',(-51.8000000074506,115.299997422844,159.000002406538));
#3774=CARTESIAN_POINT('',(-45.8,28.5000004246831,153.000002399087));
#3775=CARTESIAN_POINT('',(-52.2359203432218,115.299997422844,159.435922742307));
#3776=CARTESIAN_POINT('Origin',(-31.0000002980232,-3.00000004470348,170.000002399087));
#3777=CARTESIAN_POINT('',(-32.0000002980232,115.299997422844,171.000002399087));
#3778=CARTESIAN_POINT('',(-35.950000230968,115.299997422844,174.950002332032));
#3779=CARTESIAN_POINT('',(-32.0000002980232,-3.00000004470348,171.000002399087));
#3780=CARTESIAN_POINT('Origin',(-10.8,60.0000008940696,169.500002279878));
#3781=CARTESIAN_POINT('',(-47.8,58.0000008940697,169.500002279878));
#3782=CARTESIAN_POINT('Origin',(-47.8,60.0000008940696,169.500002279878));
#3783=CARTESIAN_POINT('',(-10.8,58.0000008940697,169.500002279878));
#3784=CARTESIAN_POINT('Origin',(-10.8,60.0000008940696,156.500002279878));
#3785=CARTESIAN_POINT('',(-47.8,58.0000008940696,156.500002279878));
#3786=CARTESIAN_POINT('Origin',(-47.8,60.0000008940696,156.500002279878));
#3787=CARTESIAN_POINT('',(-10.8,58.0000008940696,156.500002279878));
#3788=CARTESIAN_POINT('Origin',(-10.8,60.0000008940696,163.000002279878));
#3789=CARTESIAN_POINT('',(-47.8,58.0000008940696,163.000002279878));
#3790=CARTESIAN_POINT('Origin',(-47.8,60.0000008940696,163.000002279878));
#3791=CARTESIAN_POINT('',(-10.8,58.0000008940696,163.000002279878));
#3792=CARTESIAN_POINT('Origin',(-16.7999999369617,46.2999989881681,173.000002429591));
#3793=CARTESIAN_POINT('',(-16.7999999383659,45.2999989888702,172.000002428889));
#3794=CARTESIAN_POINT('',(-16.7999999369617,46.2999989888702,173.000002428889));
#3795=CARTESIAN_POINT('',(-16.799999936365,46.7249981972318,173.425001638655));
#3796=CARTESIAN_POINT('',(-16.7999999383659,45.2999989888702,172.000002428889));
#3797=CARTESIAN_POINT('',(-16.7999999369617,46.2999989888702,173.000002428889));
#3798=CARTESIAN_POINT('Origin',(-16.7999998970843,74.6999983310269,172.000002428187));
#3799=CARTESIAN_POINT('',(-16.7999998984884,73.699998331729,173.000002428889));
#3800=CARTESIAN_POINT('',(-16.7999998990852,73.2749990994972,173.425001659717));
#3801=CARTESIAN_POINT('',(-16.7999998984884,73.699998331729,173.000002428889));
#3802=CARTESIAN_POINT('',(-16.7999998970843,74.699998331729,172.000002428889));
#3803=CARTESIAN_POINT('Origin',(-16.7999998970843,74.6999983303249,151.999996848404));
#3804=CARTESIAN_POINT('',(-16.7999998970843,74.699998331729,151.999996848404));
#3805=CARTESIAN_POINT('Origin',(-16.7999998984884,73.6999983310269,150.999996849106));
#3806=CARTESIAN_POINT('',(-16.7999998984884,73.699998331729,150.999996848404));
#3807=CARTESIAN_POINT('',(-16.7999998990852,73.2749990994972,150.574997617577));
#3808=CARTESIAN_POINT('',(-16.7999998984884,73.699998331729,150.999996848404));
#3809=CARTESIAN_POINT('Origin',(-16.7999999383659,45.2999989881682,151.999996847702));
#3810=CARTESIAN_POINT('',(-16.7999999369617,46.2999989888702,150.999996848404));
#3811=CARTESIAN_POINT('',(-16.7999999383659,45.2999989888702,151.999996848404));
#3812=CARTESIAN_POINT('',(-16.799999936365,46.7249981972319,150.574997638639));
#3813=CARTESIAN_POINT('',(-16.7999999369617,46.2999989888702,150.999996848404));
#3814=CARTESIAN_POINT('',(-16.7999999383659,45.2999989888702,151.999996848404));
#3815=CARTESIAN_POINT('Origin',(-16.7999999383659,45.2999989874661,172.000002428889));
#3816=CARTESIAN_POINT('',(-16.7999999383659,45.2999989874661,167.500001033768));
#3817=CARTESIAN_POINT('Origin',(-47.8,74.1999983303249,151.499996848404));
#3818=CARTESIAN_POINT('',(-47.8,73.6999983303249,150.999996848404));
#3819=CARTESIAN_POINT('Origin',(-47.8,115.299997422844,150.999996848404));
#3820=CARTESIAN_POINT('',(-47.8,46.2999989874661,150.999996848404));
#3821=CARTESIAN_POINT('',(-47.8,46.2999989874661,150.999996848404));
#3822=CARTESIAN_POINT('',(-47.8,3.79999989271164,150.999996848404));
#3823=CARTESIAN_POINT('',(-47.8,92.5000013783574,151.000002071261));
#3824=CARTESIAN_POINT('',(-47.8,3.79999989271164,150.999996848404));
#3825=CARTESIAN_POINT('',(-52.8,-2.00000004470349,150.999996848404));
#3826=CARTESIAN_POINT('',(-47.8,-2.00000004470349,150.999996848404));
#3827=CARTESIAN_POINT('',(-52.8,67.0000006854534,150.999996848404));
#3828=CARTESIAN_POINT('',(-52.8,87.6499991584569,150.999996848404));
#3829=CARTESIAN_POINT('',(-55.8,67.0000006854534,150.999996848404));
#3830=CARTESIAN_POINT('',(-49.3000000000001,67.0000006854534,150.999996848404));
#3831=CARTESIAN_POINT('',(-56.8000000000001,67.0000006854534,150.999996848404));
#3832=CARTESIAN_POINT('',(-52.8,67.0000006854534,150.999996848404));
#3833=CARTESIAN_POINT('',(-56.8000000000001,123.000001847744,150.999996848404));
#3834=CARTESIAN_POINT('',(-56.8000000000001,100.149999344721,150.999996848404));
#3835=CARTESIAN_POINT('',(-47.8,123.000001847744,150.999996848404));
#3836=CARTESIAN_POINT('',(-47.8,116.299997422844,150.999996848404));
#3837=CARTESIAN_POINT('Origin',(-47.8,45.7999989874661,151.499996848404));
#3838=CARTESIAN_POINT('',(-47.8,45.2999989874661,151.999996848404));
#3839=CARTESIAN_POINT('',(-47.8,45.2999989874661,151.999996848404));
#3840=CARTESIAN_POINT('',(-47.8,46.724998109974,150.574997725897));
#3841=CARTESIAN_POINT('Origin',(-47.8,45.2999989874661,173.000002428889));
#3842=CARTESIAN_POINT('',(-47.8,45.2999989874661,172.000002428889));
#3843=CARTESIAN_POINT('',(-47.8,45.2999989874661,172.000002428889));
#3844=CARTESIAN_POINT('',(-47.8,45.2999989874661,156.749999551103));
#3845=CARTESIAN_POINT('Origin',(-47.8,-3.00000004470348,171.000002399087));
#3846=CARTESIAN_POINT('',(-47.8,115.299997422844,171.000002399087));
#3847=CARTESIAN_POINT('Origin',(-20.0000002980232,-3.00000004470348,153.000002399087));
#3848=CARTESIAN_POINT('',(-45.8,4.79999989271164,153.000002399087));
#3849=CARTESIAN_POINT('',(-33.9000001490116,4.79999989271164,153.000002399087));
#3850=CARTESIAN_POINT('',(-45.8,-3.00000004470348,153.000002399087));
#3851=CARTESIAN_POINT('',(-45.8,28.5000004246831,153.000002399087));
#3852=CARTESIAN_POINT('',(-33.9000001490116,-3.00000004470348,153.000002399087));
#3853=CARTESIAN_POINT('Origin',(-47.8,115.299997422844,173.000002428889));
#3854=CARTESIAN_POINT('',(-47.8,115.299997422844,151.999996848404));
#3855=CARTESIAN_POINT('',(-47.8,115.299997422844,172.000002428889));
#3856=CARTESIAN_POINT('',(-33.9000001490116,115.299997422844,153.000002399087));
#3857=CARTESIAN_POINT('Origin',(-47.8,-3.00000004470348,171.000002399087));
#3858=CARTESIAN_POINT('',(-45.8,-3.00000004470348,171.000002399087));
#3859=CARTESIAN_POINT('',(-47.8,-3.00000004470348,171.000002399087));
#3860=CARTESIAN_POINT('',(-45.8,4.79999989271164,171.000002399087));
#3861=CARTESIAN_POINT('',(-45.8,28.5000004246831,171.000002399087));
#3862=CARTESIAN_POINT('',(-47.8,4.79999989271164,171.000002399087));
#3863=CARTESIAN_POINT('Origin',(-47.8,4.79999989271164,151.499996837229));
#3864=CARTESIAN_POINT('',(-47.8,4.79999989271164,151.999996837229));
#3865=CARTESIAN_POINT('',(-47.8,4.79999989271164,151.999996837229));
#3866=CARTESIAN_POINT('',(-47.8,4.79999989271164,155.000002399087));
#3867=CARTESIAN_POINT('',(-47.8,4.79999989271164,156.749999551103));
#3868=CARTESIAN_POINT('',(-46.4249986095355,4.79999989271164,153.625001008622));
#3869=CARTESIAN_POINT('',(-47.8,4.79999989271164,169.000002399087));
#3870=CARTESIAN_POINT('',(-51.6750013904647,4.79999989271164,165.125001008622));
#3871=CARTESIAN_POINT('',(-47.8,4.79999989271164,172.000002428889));
#3872=CARTESIAN_POINT('',(-47.8,4.79999989271164,156.749999551103));
#3873=CARTESIAN_POINT('',(-47.8,4.79999989271164,172.000002428889));
#3874=CARTESIAN_POINT('Origin',(-20.0000002980232,-3.00000004470348,153.000002399087));
#3875=CARTESIAN_POINT('Origin',(-47.8,123.500001847744,151.499996848404));
#3876=CARTESIAN_POINT('',(-56.8000000000001,123.000001847744,150.999996848404));
#3877=CARTESIAN_POINT('Origin',(-56.8000000000001,67.0000006854534,150.999996848404));
#3878=CARTESIAN_POINT('',(-56.8000000000001,65.3273279848785,151.739937006729));
#3879=CARTESIAN_POINT('',(-57.8,66.4423706470544,151.999996848404));
#3880=CARTESIAN_POINT('',(-56.8000000000001,67.0000006854534,150.999996848404));
#3881=CARTESIAN_POINT('',(-56.8000000000001,65.3273279848785,151.739937006729));
#3882=CARTESIAN_POINT('Origin',(-57.3,100.149999344721,151.499996848404));
#3883=CARTESIAN_POINT('Origin',(-57.8,51.0000006854534,172.000002428889));
#3884=CARTESIAN_POINT('',(-56.8000000000001,51.0000006854534,173.000002428889));
#3885=CARTESIAN_POINT('',(-56.8000000000001,50.0000006854534,172.000002428889));
#3886=CARTESIAN_POINT('',(-56.8000000000001,51.0000006854534,173.000002428889));
#3887=CARTESIAN_POINT('',(-57.8,51.0000006854534,172.000002428889));
#3888=CARTESIAN_POINT('',(-56.8000000000001,50.0000006854534,172.000002428889));
#3889=CARTESIAN_POINT('Origin',(-57.3,69.2500010319054,172.500002428889));
#3890=CARTESIAN_POINT('',(-56.8000000000001,123.000001847744,173.000002428889));
#3891=CARTESIAN_POINT('',(-56.8000000000001,69.2500010319054,173.000002428889));
#3892=CARTESIAN_POINT('',(-56.8000000000001,123.000001847744,173.000002428889));
#3893=CARTESIAN_POINT('Origin',(-57.3,50.5000006854534,167.500001033768));
#3894=CARTESIAN_POINT('',(-56.8000000000001,50.0000006854534,168.600001312792));
#3895=CARTESIAN_POINT('',(-56.8000000000001,50.0000006854534,167.500001033768));
#3896=CARTESIAN_POINT('',(-57.8,51.0000006854534,168.986608114961));
#3897=CARTESIAN_POINT('Origin',(-52.8,-3.00000004470348,151.999996848404));
#3898=CARTESIAN_POINT('',(-52.8,-2.00000004470349,150.999996848404));
#3899=CARTESIAN_POINT('',(-52.8,-3.00000004470348,151.999996848404));
#3900=CARTESIAN_POINT('',(-52.8,-3.00000004470348,151.999996848404));
#3901=CARTESIAN_POINT('',(-53.8,-2.00000004470348,151.999996848404));
#3902=CARTESIAN_POINT('Origin',(-47.8,-2.50000004470349,151.499996848404));
#3903=CARTESIAN_POINT('',(-47.8,-3.00000004470348,151.999996848404));
#3904=CARTESIAN_POINT('Origin',(-52.8,-3.00000004470348,172.000002428889));
#3905=CARTESIAN_POINT('',(-52.8,-2.00000004470349,173.000002428889));
#3906=CARTESIAN_POINT('',(-53.8,-2.00000004470349,172.000002428889));
#3907=CARTESIAN_POINT('',(-52.8,-3.00000004470348,172.000002428889));
#3908=CARTESIAN_POINT('',(-52.8,-3.00000004470348,172.000002428889));
#3909=CARTESIAN_POINT('',(-52.8,-2.00000004470348,173.000002428889));
#3910=CARTESIAN_POINT('Origin',(-53.3,-2.50000004470348,167.500002346933));
#3911=CARTESIAN_POINT('',(-52.8,-3.00000004470348,167.500002346933));
#3912=CARTESIAN_POINT('Origin',(-47.8,-2.50000004470348,172.500002428889));
#3913=CARTESIAN_POINT('',(-47.8,-2.00000004470348,173.000002428889));
#3914=CARTESIAN_POINT('',(-47.8,-3.00000004470348,172.000002428889));
#3915=CARTESIAN_POINT('Origin',(-53.3,56.7500008456409,172.500002428889));
#3916=CARTESIAN_POINT('',(-52.8,51.0000006854534,173.000002428889));
#3917=CARTESIAN_POINT('',(-52.8,56.7500008456409,173.000002428889));
#3918=CARTESIAN_POINT('',(-52.8,51.0000006854534,173.000002428889));
#3919=CARTESIAN_POINT('Origin',(-53.3,87.6499991584569,151.499996848404));
#3920=CARTESIAN_POINT('',(-53.539940073396,65.3273278914571,151.7399369218));
#3921=CARTESIAN_POINT('',(-52.695468081827,66.0950297019744,150.895464930231));
#3922=CARTESIAN_POINT('',(-53.539940073396,65.3273278914571,151.7399369218));
#3923=CARTESIAN_POINT('Origin',(-52.8,50.5000006854534,172.500002428889));
#3924=CARTESIAN_POINT('',(-52.8,51.0000006854534,173.000002428889));
#3925=CARTESIAN_POINT('',(-52.8,50.0000006854534,172.000002428889));
#3926=CARTESIAN_POINT('Origin',(-52.8,66.1636643351659,151.369966927567));
#3927=CARTESIAN_POINT('',(-55.8,65.3273278914571,151.7399369218));
#3928=CARTESIAN_POINT('',(-55.8,67.0000006854534,150.999996848404));
#3929=CARTESIAN_POINT('',(-52.8,65.3273279848785,151.739937006729));
#3930=CARTESIAN_POINT('Origin',(-49.3000000000001,66.1636642884553,151.369966885102));
#3931=CARTESIAN_POINT('',(-49.3000000000001,65.3273278914571,151.7399369218));
#3932=CARTESIAN_POINT('Origin',(-57.3,57.9310550465291,160.619142843249));
#3933=CARTESIAN_POINT('',(-56.8000000000001,57.5610849673668,160.282806492962));
#3934=CARTESIAN_POINT('Origin',(-47.8,123.500001847744,172.500002428889));
#3935=CARTESIAN_POINT('',(-47.8,123.000001847744,173.000002428889));
#3936=CARTESIAN_POINT('Origin',(-47.8,53.5000007972121,173.000002428889));
#3937=CARTESIAN_POINT('',(-47.8,73.6999983303249,173.000002428889));
#3938=CARTESIAN_POINT('',(-47.8,116.299997422844,173.000002428889));
#3939=CARTESIAN_POINT('',(-47.8,3.79999989271164,173.000002428889));
#3940=CARTESIAN_POINT('',(-47.8,3.79999989271164,173.000002428889));
#3941=CARTESIAN_POINT('',(-47.8,46.2999989874661,173.000002428889));
#3942=CARTESIAN_POINT('',(-47.8,27.5000004097819,173.000002458692));
#3943=CARTESIAN_POINT('',(-47.8,46.2999989874661,173.000002428889));
#3944=CARTESIAN_POINT('',(-48.3,70.5000010430813,173.000002428889));
#3945=CARTESIAN_POINT('',(-55.3,70.5000010430813,173.000002428889));
#3946=CARTESIAN_POINT('',(-52.8,70.5000010430813,173.000002428889));
#3947=CARTESIAN_POINT('',(-48.3,56.5000008493662,173.000002428889));
#3948=CARTESIAN_POINT('',(-48.3,72.0000010728836,173.000002428889));
#3949=CARTESIAN_POINT('',(-55.3,56.5000008493662,173.000002428889));
#3950=CARTESIAN_POINT('',(-52.8,56.5000008493662,173.000002428889));
#3951=CARTESIAN_POINT('',(-55.3,69.2500010319054,173.000002428889));
#3952=CARTESIAN_POINT('Origin',(-57.8,50.0000006854534,173.000002428889));
#3953=CARTESIAN_POINT('',(-55.8,50.0000006854534,168.599996848404));
#3954=CARTESIAN_POINT('',(-57.8,50.0000006854534,168.600001312792));
#3955=CARTESIAN_POINT('',(-54.3000000000001,50.0000006854534,168.599996848404));
#3956=CARTESIAN_POINT('Origin',(-57.8,46.0000006854534,173.000002428889));
#3957=CARTESIAN_POINT('',(-55.8,62.5610860953807,154.782802897484));
#3958=CARTESIAN_POINT('Origin',(-52.8,123.850001847744,165.15000230968));
#3959=CARTESIAN_POINT('',(-55.1000000000001,124.000001847744,165.30000230968));
#3960=CARTESIAN_POINT('Origin',(-54.95,123.850001847744,156.499998243526));
#3961=CARTESIAN_POINT('',(-54.8,123.700001847744,156.499998243526));
#3962=CARTESIAN_POINT('Origin',(-50.8,56.0000006854534,161.999996848404));
#3963=CARTESIAN_POINT('Origin',(-52.8,57.1044987619302,172.647396090336));
#3964=CARTESIAN_POINT('',(-48.652606338553,57.7089966744942,172.294789751783));
#3965=CARTESIAN_POINT('',(-48.3,56.5000008493662,173.000002428889));
#3966=CARTESIAN_POINT('',(-54.9473936614471,57.7089966744942,172.294789751783));
#3967=CARTESIAN_POINT('',(-52.8,57.7089966744942,172.294789751783));
#3968=CARTESIAN_POINT('',(-55.3,56.5000008493662,173.000002428889));
#3969=CARTESIAN_POINT('Origin',(-52.8,70.6044989556453,172.647396090336));
#3970=CARTESIAN_POINT('',(-54.9473936614471,70.7089968682094,172.294789751783));
#3971=CARTESIAN_POINT('',(-48.652606338553,70.7089968682094,172.294789751783));
#3972=CARTESIAN_POINT('',(-52.8,70.7089968682094,172.294789751783));
#3973=CARTESIAN_POINT('',(-48.652606338553,70.7089968682094,172.294789751783));
#3974=CARTESIAN_POINT('',(-55.3,70.5000010430813,173.000002428889));
#3975=CARTESIAN_POINT('Origin',(-48.55,72.0000010728836,172.500002428889));
#3976=CARTESIAN_POINT('',(-50.8955668034688,75.2189827410631,167.808868821952));
#3977=CARTESIAN_POINT('',(-50.5620145077348,61.5482992405538,168.47597341342));
#3978=CARTESIAN_POINT('Origin',(-55.05,69.2500010319054,172.500002428889));
#3979=CARTESIAN_POINT('',(-54.8,58.0053653984518,172.000002428889));
#3980=CARTESIAN_POINT('',(-54.8,71.0053655921669,172.000002428889));
#3981=CARTESIAN_POINT('',(-54.8,69.2500010319054,172.000002428889));
#3982=CARTESIAN_POINT('',(-53.6736604457278,73.2701293083632,169.747323320345));
#3983=CARTESIAN_POINT('',(-54.0072127414618,59.5994458078539,170.414427911813));
#3984=CARTESIAN_POINT('Origin',(-57.8,78.0429175556146,165.00000230968));
#3985=CARTESIAN_POINT('',(-54.8,72.411035895361,170.601832675965));
#3986=CARTESIAN_POINT('',(-54.8,80.54148379487,162.514768230631));
#3987=CARTESIAN_POINT('',(-57.8,72.411035895361,170.601832675965));
#3988=CARTESIAN_POINT('Origin',(-54.8,85.0000012665987,161.999999638647));
#3989=CARTESIAN_POINT('Origin',(-54.8,85.9863799296509,184.25000230968));
#3990=CARTESIAN_POINT('',(-54.8,70.1009951480856,159.968914043452));
#3991=CARTESIAN_POINT('',(-54.8,66.7874134138948,163.264814756486));
#3992=CARTESIAN_POINT('Origin',(-54.8,82.0896106588871,172.021843070629));
#3993=CARTESIAN_POINT('Origin',(-57.8,82.0896106588871,172.021843070629));
#3994=CARTESIAN_POINT('',(-57.8,70.1009951480856,159.968914043452));
#3995=CARTESIAN_POINT('Origin',(-57.8,57.0000008493662,173.000002428889));
#3996=CARTESIAN_POINT('Origin',(-57.8,85.9863799296509,184.25000230968));
#3997=CARTESIAN_POINT('Origin',(-47.8,-3.00000004470348,173.000002428889));
#3998=CARTESIAN_POINT('',(-47.8,-3.00000004470348,155.000002399087));
#3999=CARTESIAN_POINT('',(-51.8000000074506,-3.00000004470348,159.000002406538));
#4000=CARTESIAN_POINT('',(-47.8,-3.00000004470348,169.000002399087));
#4001=CARTESIAN_POINT('',(-47.8,-3.0000000745058,155.500002168119));
#4002=CARTESIAN_POINT('',(-46.2999999925495,-3.00000004470348,170.500002406538));
#4003=CARTESIAN_POINT('Origin',(-47.8,60.0000008940697,162.000002264977));
#4004=CARTESIAN_POINT('Origin',(-47.8,115.799997422844,172.500002428889));
#4005=CARTESIAN_POINT('Origin',(-47.8,115.799997422844,151.499996848404));
#4006=CARTESIAN_POINT('Origin',(-47.8,4.29999989271164,172.500002428889));
#4007=CARTESIAN_POINT('',(-47.8,20.8500001840291,155.950002137572));
#4008=CARTESIAN_POINT('Origin',(-47.8,4.29999989271164,151.499996842816));
#4009=CARTESIAN_POINT('',(-47.8,20.8500016542155,168.049998419359));
#4010=CARTESIAN_POINT('Origin',(-47.8,74.1999983303249,172.500002428889));
#4011=CARTESIAN_POINT('Origin',(-47.8,45.7999989874661,172.500002428889));
#4012=CARTESIAN_POINT('',(-47.8,46.7249994231387,173.425002864562));
#4013=CARTESIAN_POINT('Origin',(-47.8,60.0000008940697,162.000002264977));
#4014=CARTESIAN_POINT('',(-47.8,28.5000004246831,169.000002399087));
#4015=CARTESIAN_POINT('',(-47.8,28.5000004246831,155.000002399087));
#4016=CARTESIAN_POINT('Origin',(-46.8000000000001,28.5000004246831,170.000002399087));
#4017=CARTESIAN_POINT('Origin',(-46.8000000000001,28.5000004246831,154.000002399087));
#4018=CARTESIAN_POINT('Origin',(-47.8,60.0000008940697,162.000002264977));
#4019=CARTESIAN_POINT('Origin',(-47.8,60.0000008940697,162.000002264977));
#4020=UNCERTAINTY_MEASURE_WITH_UNIT(LENGTH_MEASURE(0.01),#4024,
'DISTANCE_ACCURACY_VALUE',
'Maximum model space distance between geometric entities at asserted c
onnectivities');
#4021=UNCERTAINTY_MEASURE_WITH_UNIT(LENGTH_MEASURE(0.01),#4024,
'DISTANCE_ACCURACY_VALUE',
'Maximum model space distance between geometric entities at asserted c
onnectivities');
#4022=(
GEOMETRIC_REPRESENTATION_CONTEXT(3)
GLOBAL_UNCERTAINTY_ASSIGNED_CONTEXT((#4020))
GLOBAL_UNIT_ASSIGNED_CONTEXT((#4024,#4026,#4027))
REPRESENTATION_CONTEXT('','3D')
);
#4023=(
GEOMETRIC_REPRESENTATION_CONTEXT(3)
GLOBAL_UNCERTAINTY_ASSIGNED_CONTEXT((#4021))
GLOBAL_UNIT_ASSIGNED_CONTEXT((#4024,#4026,#4027))
REPRESENTATION_CONTEXT('','3D')
);
#4024=(
LENGTH_UNIT()
NAMED_UNIT(*)
SI_UNIT(.MILLI.,.METRE.)
);
#4025=(
LENGTH_UNIT()
NAMED_UNIT(*)
SI_UNIT($,.METRE.)
);
#4026=(
NAMED_UNIT(*)
PLANE_ANGLE_UNIT()
SI_UNIT($,.RADIAN.)
);
#4027=(
NAMED_UNIT(*)
SI_UNIT($,.STERADIAN.)
SOLID_ANGLE_UNIT()
);
#4028=SHAPE_DEFINITION_REPRESENTATION(#4029,#4030);
#4029=PRODUCT_DEFINITION_SHAPE('',$,#4032);
#4030=SHAPE_REPRESENTATION('',(#2465),#4022);
#4031=PRODUCT_DEFINITION_CONTEXT('part definition',#4036,'design');
#4032=PRODUCT_DEFINITION('Middle Leg Back','Middle Leg Back',#4033,#4031);
#4033=PRODUCT_DEFINITION_FORMATION('',$,#4038);
#4034=PRODUCT_RELATED_PRODUCT_CATEGORY('Middle Leg Back',
'Middle Leg Back',(#4038));
#4035=APPLICATION_PROTOCOL_DEFINITION('international standard',
'automotive_design',2009,#4036);
#4036=APPLICATION_CONTEXT(
'Core Data for Automotive Mechanical Design Process');
#4037=PRODUCT_CONTEXT('part definition',#4036,'mechanical');
#4038=PRODUCT('Middle Leg Back','Middle Leg Back',$,(#4037));
#4039=PRESENTATION_STYLE_ASSIGNMENT((#4041));
#4040=PRESENTATION_STYLE_ASSIGNMENT((#4042));
#4041=SURFACE_STYLE_USAGE(.BOTH.,#4043);
#4042=SURFACE_STYLE_USAGE(.BOTH.,#4044);
#4043=SURFACE_SIDE_STYLE('',(#4045));
#4044=SURFACE_SIDE_STYLE('',(#4046));
#4045=SURFACE_STYLE_FILL_AREA(#4047);
#4046=SURFACE_STYLE_FILL_AREA(#4048);
#4047=FILL_AREA_STYLE('Steel - Satin',(#4049));
#4048=FILL_AREA_STYLE('ABS (White)',(#4050));
#4049=FILL_AREA_STYLE_COLOUR('Steel - Satin',#4051);
#4050=FILL_AREA_STYLE_COLOUR('ABS (White)',#4052);
#4051=COLOUR_RGB('Steel - Satin',0.627450980392157,0.627450980392157,0.627450980392157);
#4052=COLOUR_RGB('ABS (White)',0.964705882352941,0.964705882352941,0.952941176470588);
ENDSEC;
END-ISO-10303-21;
