ISO-10303-21;
HEADER;
/* Generated by software containing ST-Developer
 * from STEP Tools, Inc. (www.steptools.com) 
 */

FILE_DESCRIPTION(
/* description */ (''),
/* implementation_level */ '2;1');

FILE_NAME(
/* name */ 'Conector.step',
/* time_stamp */ '2025-09-30T07:47:12+02:00',
/* author */ (''),
/* organization */ (''),
/* preprocessor_version */ 'ST-DEVELOPER v20.1',
/* originating_system */ 'Autodesk Translation Framework v14.17.0.0',
/* authorisation */ '');

FILE_SCHEMA (('AUTOMOTIVE_DESIGN { 1 0 10303 214 3 1 1 }'));
ENDSEC;

DATA;
#10=MECHANICAL_DESIGN_GEOMETRIC_PRESENTATION_REPRESENTATION('',(#17),#3367);
#11=ITEM_DEFINED_TRANSFORMATION($,$,#2088,#2232);
#12=(
REPRESENTATION_RELATIONSHIP($,$,#3378,#3377)
REPRESENTATION_RELATIONSHIP_WITH_TRANSFORMATION(#11)
SHAPE_REPRESENTATION_RELATIONSHIP()
);
#13=CONTEXT_DEPENDENT_SHAPE_REPRESENTATION(#12,#3376);
#14=NEXT_ASSEMBLY_USAGE_OCCURRENCE('Conector :1','Conector :1',
'Conector :1',#3380,#3381,'Conector :1');
#15=SHAPE_REPRESENTATION_RELATIONSHIP('SRR','None',#3378,#16);
#16=ADVANCED_BREP_SHAPE_REPRESENTATION('',(#18),#3366);
#17=STYLED_ITEM('',(#3392),#18);
#18=MANIFOLD_SOLID_BREP('Body1',#2074);
#19=ELLIPSE('',#2108,2.82842712474618,2.);
#20=ELLIPSE('',#2110,2.82842712474618,2.);
#21=ELLIPSE('',#2114,2.82842712474618,2.);
#22=FACE_BOUND('',#266,.T.);
#23=FACE_BOUND('',#277,.T.);
#24=FACE_BOUND('',#278,.T.);
#25=FACE_BOUND('',#280,.T.);
#26=FACE_BOUND('',#281,.T.);
#27=FACE_BOUND('',#282,.T.);
#28=FACE_BOUND('',#283,.T.);
#29=FACE_BOUND('',#284,.T.);
#30=FACE_BOUND('',#285,.T.);
#31=FACE_BOUND('',#286,.T.);
#32=FACE_BOUND('',#364,.T.);
#33=FACE_BOUND('',#382,.T.);
#34=PLANE('',#2094);
#35=PLANE('',#2098);
#36=PLANE('',#2102);
#37=PLANE('',#2103);
#38=PLANE('',#2119);
#39=PLANE('',#2120);
#40=PLANE('',#2121);
#41=PLANE('',#2122);
#42=PLANE('',#2123);
#43=PLANE('',#2129);
#44=PLANE('',#2130);
#45=PLANE('',#2131);
#46=PLANE('',#2132);
#47=PLANE('',#2133);
#48=PLANE('',#2134);
#49=PLANE('',#2135);
#50=PLANE('',#2136);
#51=PLANE('',#2137);
#52=PLANE('',#2138);
#53=PLANE('',#2139);
#54=PLANE('',#2140);
#55=PLANE('',#2141);
#56=PLANE('',#2142);
#57=PLANE('',#2143);
#58=PLANE('',#2144);
#59=PLANE('',#2145);
#60=PLANE('',#2146);
#61=PLANE('',#2147);
#62=PLANE('',#2148);
#63=PLANE('',#2149);
#64=PLANE('',#2150);
#65=PLANE('',#2151);
#66=PLANE('',#2152);
#67=PLANE('',#2153);
#68=PLANE('',#2154);
#69=PLANE('',#2155);
#70=PLANE('',#2156);
#71=PLANE('',#2157);
#72=PLANE('',#2158);
#73=PLANE('',#2159);
#74=PLANE('',#2160);
#75=PLANE('',#2161);
#76=PLANE('',#2162);
#77=PLANE('',#2163);
#78=PLANE('',#2164);
#79=PLANE('',#2165);
#80=PLANE('',#2166);
#81=PLANE('',#2167);
#82=PLANE('',#2168);
#83=PLANE('',#2169);
#84=PLANE('',#2170);
#85=PLANE('',#2171);
#86=PLANE('',#2172);
#87=PLANE('',#2173);
#88=PLANE('',#2174);
#89=PLANE('',#2175);
#90=PLANE('',#2176);
#91=PLANE('',#2177);
#92=PLANE('',#2178);
#93=PLANE('',#2179);
#94=PLANE('',#2180);
#95=PLANE('',#2181);
#96=PLANE('',#2182);
#97=PLANE('',#2183);
#98=PLANE('',#2184);
#99=PLANE('',#2185);
#100=PLANE('',#2186);
#101=PLANE('',#2187);
#102=PLANE('',#2188);
#103=PLANE('',#2199);
#104=PLANE('',#2200);
#105=PLANE('',#2201);
#106=PLANE('',#2202);
#107=PLANE('',#2203);
#108=PLANE('',#2204);
#109=PLANE('',#2205);
#110=PLANE('',#2206);
#111=PLANE('',#2207);
#112=PLANE('',#2208);
#113=PLANE('',#2209);
#114=PLANE('',#2210);
#115=PLANE('',#2211);
#116=PLANE('',#2212);
#117=PLANE('',#2213);
#118=PLANE('',#2214);
#119=PLANE('',#2215);
#120=PLANE('',#2216);
#121=PLANE('',#2217);
#122=PLANE('',#2218);
#123=PLANE('',#2219);
#124=PLANE('',#2220);
#125=PLANE('',#2221);
#126=PLANE('',#2222);
#127=PLANE('',#2223);
#128=PLANE('',#2224);
#129=PLANE('',#2225);
#130=PLANE('',#2226);
#131=PLANE('',#2227);
#132=PLANE('',#2228);
#133=PLANE('',#2229);
#134=PLANE('',#2230);
#135=PLANE('',#2231);
#136=CYLINDRICAL_SURFACE('',#2092,1.95);
#137=CYLINDRICAL_SURFACE('',#2095,3.5);
#138=CYLINDRICAL_SURFACE('',#2099,2.);
#139=CYLINDRICAL_SURFACE('',#2106,2.);
#140=CYLINDRICAL_SURFACE('',#2111,2.);
#141=CYLINDRICAL_SURFACE('',#2116,2.);
#142=CYLINDRICAL_SURFACE('',#2189,1.99999999999999);
#143=CYLINDRICAL_SURFACE('',#2191,1.99999999999999);
#144=CYLINDRICAL_SURFACE('',#2193,2.);
#145=CYLINDRICAL_SURFACE('',#2195,1.99999999999999);
#146=CYLINDRICAL_SURFACE('',#2197,2.);
#147=FACE_OUTER_BOUND('',#261,.T.);
#148=FACE_OUTER_BOUND('',#262,.T.);
#149=FACE_OUTER_BOUND('',#263,.T.);
#150=FACE_OUTER_BOUND('',#264,.T.);
#151=FACE_OUTER_BOUND('',#265,.T.);
#152=FACE_OUTER_BOUND('',#267,.T.);
#153=FACE_OUTER_BOUND('',#268,.T.);
#154=FACE_OUTER_BOUND('',#269,.T.);
#155=FACE_OUTER_BOUND('',#270,.T.);
#156=FACE_OUTER_BOUND('',#271,.T.);
#157=FACE_OUTER_BOUND('',#272,.T.);
#158=FACE_OUTER_BOUND('',#273,.T.);
#159=FACE_OUTER_BOUND('',#274,.T.);
#160=FACE_OUTER_BOUND('',#275,.T.);
#161=FACE_OUTER_BOUND('',#276,.T.);
#162=FACE_OUTER_BOUND('',#279,.T.);
#163=FACE_OUTER_BOUND('',#287,.T.);
#164=FACE_OUTER_BOUND('',#288,.T.);
#165=FACE_OUTER_BOUND('',#289,.T.);
#166=FACE_OUTER_BOUND('',#290,.T.);
#167=FACE_OUTER_BOUND('',#291,.T.);
#168=FACE_OUTER_BOUND('',#292,.T.);
#169=FACE_OUTER_BOUND('',#293,.T.);
#170=FACE_OUTER_BOUND('',#294,.T.);
#171=FACE_OUTER_BOUND('',#295,.T.);
#172=FACE_OUTER_BOUND('',#296,.T.);
#173=FACE_OUTER_BOUND('',#297,.T.);
#174=FACE_OUTER_BOUND('',#298,.T.);
#175=FACE_OUTER_BOUND('',#299,.T.);
#176=FACE_OUTER_BOUND('',#300,.T.);
#177=FACE_OUTER_BOUND('',#301,.T.);
#178=FACE_OUTER_BOUND('',#302,.T.);
#179=FACE_OUTER_BOUND('',#303,.T.);
#180=FACE_OUTER_BOUND('',#304,.T.);
#181=FACE_OUTER_BOUND('',#305,.T.);
#182=FACE_OUTER_BOUND('',#306,.T.);
#183=FACE_OUTER_BOUND('',#307,.T.);
#184=FACE_OUTER_BOUND('',#308,.T.);
#185=FACE_OUTER_BOUND('',#309,.T.);
#186=FACE_OUTER_BOUND('',#310,.T.);
#187=FACE_OUTER_BOUND('',#311,.T.);
#188=FACE_OUTER_BOUND('',#312,.T.);
#189=FACE_OUTER_BOUND('',#313,.T.);
#190=FACE_OUTER_BOUND('',#314,.T.);
#191=FACE_OUTER_BOUND('',#315,.T.);
#192=FACE_OUTER_BOUND('',#316,.T.);
#193=FACE_OUTER_BOUND('',#317,.T.);
#194=FACE_OUTER_BOUND('',#318,.T.);
#195=FACE_OUTER_BOUND('',#319,.T.);
#196=FACE_OUTER_BOUND('',#320,.T.);
#197=FACE_OUTER_BOUND('',#321,.T.);
#198=FACE_OUTER_BOUND('',#322,.T.);
#199=FACE_OUTER_BOUND('',#323,.T.);
#200=FACE_OUTER_BOUND('',#324,.T.);
#201=FACE_OUTER_BOUND('',#325,.T.);
#202=FACE_OUTER_BOUND('',#326,.T.);
#203=FACE_OUTER_BOUND('',#327,.T.);
#204=FACE_OUTER_BOUND('',#328,.T.);
#205=FACE_OUTER_BOUND('',#329,.T.);
#206=FACE_OUTER_BOUND('',#330,.T.);
#207=FACE_OUTER_BOUND('',#331,.T.);
#208=FACE_OUTER_BOUND('',#332,.T.);
#209=FACE_OUTER_BOUND('',#333,.T.);
#210=FACE_OUTER_BOUND('',#334,.T.);
#211=FACE_OUTER_BOUND('',#335,.T.);
#212=FACE_OUTER_BOUND('',#336,.T.);
#213=FACE_OUTER_BOUND('',#337,.T.);
#214=FACE_OUTER_BOUND('',#338,.T.);
#215=FACE_OUTER_BOUND('',#339,.T.);
#216=FACE_OUTER_BOUND('',#340,.T.);
#217=FACE_OUTER_BOUND('',#341,.T.);
#218=FACE_OUTER_BOUND('',#342,.T.);
#219=FACE_OUTER_BOUND('',#343,.T.);
#220=FACE_OUTER_BOUND('',#344,.T.);
#221=FACE_OUTER_BOUND('',#345,.T.);
#222=FACE_OUTER_BOUND('',#346,.T.);
#223=FACE_OUTER_BOUND('',#347,.T.);
#224=FACE_OUTER_BOUND('',#348,.T.);
#225=FACE_OUTER_BOUND('',#349,.T.);
#226=FACE_OUTER_BOUND('',#350,.T.);
#227=FACE_OUTER_BOUND('',#351,.T.);
#228=FACE_OUTER_BOUND('',#352,.T.);
#229=FACE_OUTER_BOUND('',#353,.T.);
#230=FACE_OUTER_BOUND('',#354,.T.);
#231=FACE_OUTER_BOUND('',#355,.T.);
#232=FACE_OUTER_BOUND('',#356,.T.);
#233=FACE_OUTER_BOUND('',#357,.T.);
#234=FACE_OUTER_BOUND('',#358,.T.);
#235=FACE_OUTER_BOUND('',#359,.T.);
#236=FACE_OUTER_BOUND('',#360,.T.);
#237=FACE_OUTER_BOUND('',#361,.T.);
#238=FACE_OUTER_BOUND('',#362,.T.);
#239=FACE_OUTER_BOUND('',#363,.T.);
#240=FACE_OUTER_BOUND('',#365,.T.);
#241=FACE_OUTER_BOUND('',#366,.T.);
#242=FACE_OUTER_BOUND('',#367,.T.);
#243=FACE_OUTER_BOUND('',#368,.T.);
#244=FACE_OUTER_BOUND('',#369,.T.);
#245=FACE_OUTER_BOUND('',#370,.T.);
#246=FACE_OUTER_BOUND('',#371,.T.);
#247=FACE_OUTER_BOUND('',#372,.T.);
#248=FACE_OUTER_BOUND('',#373,.T.);
#249=FACE_OUTER_BOUND('',#374,.T.);
#250=FACE_OUTER_BOUND('',#375,.T.);
#251=FACE_OUTER_BOUND('',#376,.T.);
#252=FACE_OUTER_BOUND('',#377,.T.);
#253=FACE_OUTER_BOUND('',#378,.T.);
#254=FACE_OUTER_BOUND('',#379,.T.);
#255=FACE_OUTER_BOUND('',#380,.T.);
#256=FACE_OUTER_BOUND('',#381,.T.);
#257=FACE_OUTER_BOUND('',#383,.T.);
#258=FACE_OUTER_BOUND('',#384,.T.);
#259=FACE_OUTER_BOUND('',#385,.T.);
#260=FACE_OUTER_BOUND('',#386,.T.);
#261=EDGE_LOOP('',(#1389,#1390,#1391,#1392));
#262=EDGE_LOOP('',(#1393,#1394,#1395,#1396));
#263=EDGE_LOOP('',(#1397));
#264=EDGE_LOOP('',(#1398,#1399,#1400,#1401));
#265=EDGE_LOOP('',(#1402));
#266=EDGE_LOOP('',(#1403));
#267=EDGE_LOOP('',(#1404,#1405,#1406,#1407));
#268=EDGE_LOOP('',(#1408));
#269=EDGE_LOOP('',(#1409,#1410,#1411));
#270=EDGE_LOOP('',(#1412,#1413,#1414,#1415,#1416,#1417,#1418,#1419,#1420,
#1421));
#271=EDGE_LOOP('',(#1422,#1423,#1424,#1425,#1426,#1427));
#272=EDGE_LOOP('',(#1428,#1429,#1430,#1431));
#273=EDGE_LOOP('',(#1432));
#274=EDGE_LOOP('',(#1433,#1434,#1435,#1436,#1437,#1438,#1439,#1440));
#275=EDGE_LOOP('',(#1441,#1442,#1443,#1444));
#276=EDGE_LOOP('',(#1445,#1446,#1447,#1448,#1449,#1450));
#277=EDGE_LOOP('',(#1451));
#278=EDGE_LOOP('',(#1452));
#279=EDGE_LOOP('',(#1453,#1454,#1455,#1456,#1457,#1458));
#280=EDGE_LOOP('',(#1459));
#281=EDGE_LOOP('',(#1460));
#282=EDGE_LOOP('',(#1461));
#283=EDGE_LOOP('',(#1462));
#284=EDGE_LOOP('',(#1463));
#285=EDGE_LOOP('',(#1464));
#286=EDGE_LOOP('',(#1465));
#287=EDGE_LOOP('',(#1466,#1467,#1468,#1469));
#288=EDGE_LOOP('',(#1470,#1471,#1472,#1473));
#289=EDGE_LOOP('',(#1474,#1475,#1476,#1477));
#290=EDGE_LOOP('',(#1478,#1479,#1480,#1481));
#291=EDGE_LOOP('',(#1482,#1483,#1484,#1485,#1486,#1487));
#292=EDGE_LOOP('',(#1488,#1489,#1490,#1491));
#293=EDGE_LOOP('',(#1492,#1493,#1494,#1495));
#294=EDGE_LOOP('',(#1496,#1497,#1498,#1499));
#295=EDGE_LOOP('',(#1500,#1501,#1502,#1503,#1504,#1505));
#296=EDGE_LOOP('',(#1506,#1507,#1508,#1509,#1510,#1511,#1512,#1513,#1514,
#1515,#1516,#1517,#1518,#1519,#1520,#1521,#1522,#1523,#1524,#1525,#1526,
#1527,#1528,#1529,#1530,#1531,#1532,#1533,#1534,#1535,#1536,#1537));
#297=EDGE_LOOP('',(#1538,#1539,#1540,#1541));
#298=EDGE_LOOP('',(#1542,#1543,#1544,#1545));
#299=EDGE_LOOP('',(#1546,#1547,#1548,#1549));
#300=EDGE_LOOP('',(#1550,#1551,#1552,#1553,#1554,#1555));
#301=EDGE_LOOP('',(#1556,#1557,#1558,#1559));
#302=EDGE_LOOP('',(#1560,#1561,#1562,#1563,#1564,#1565,#1566,#1567,#1568,
#1569,#1570,#1571,#1572,#1573,#1574,#1575,#1576,#1577));
#303=EDGE_LOOP('',(#1578,#1579,#1580,#1581));
#304=EDGE_LOOP('',(#1582,#1583,#1584,#1585));
#305=EDGE_LOOP('',(#1586,#1587,#1588,#1589));
#306=EDGE_LOOP('',(#1590,#1591,#1592,#1593));
#307=EDGE_LOOP('',(#1594,#1595,#1596,#1597));
#308=EDGE_LOOP('',(#1598,#1599,#1600,#1601));
#309=EDGE_LOOP('',(#1602,#1603,#1604,#1605));
#310=EDGE_LOOP('',(#1606,#1607,#1608,#1609));
#311=EDGE_LOOP('',(#1610,#1611,#1612,#1613));
#312=EDGE_LOOP('',(#1614,#1615,#1616,#1617));
#313=EDGE_LOOP('',(#1618,#1619,#1620,#1621));
#314=EDGE_LOOP('',(#1622,#1623,#1624,#1625));
#315=EDGE_LOOP('',(#1626,#1627,#1628,#1629));
#316=EDGE_LOOP('',(#1630,#1631,#1632,#1633));
#317=EDGE_LOOP('',(#1634,#1635,#1636,#1637));
#318=EDGE_LOOP('',(#1638,#1639,#1640,#1641));
#319=EDGE_LOOP('',(#1642,#1643,#1644,#1645));
#320=EDGE_LOOP('',(#1646,#1647,#1648,#1649));
#321=EDGE_LOOP('',(#1650,#1651,#1652,#1653));
#322=EDGE_LOOP('',(#1654,#1655,#1656,#1657,#1658,#1659));
#323=EDGE_LOOP('',(#1660,#1661,#1662,#1663,#1664,#1665));
#324=EDGE_LOOP('',(#1666,#1667,#1668,#1669,#1670,#1671));
#325=EDGE_LOOP('',(#1672,#1673,#1674,#1675,#1676,#1677));
#326=EDGE_LOOP('',(#1678,#1679,#1680,#1681,#1682,#1683));
#327=EDGE_LOOP('',(#1684,#1685,#1686,#1687));
#328=EDGE_LOOP('',(#1688,#1689,#1690,#1691));
#329=EDGE_LOOP('',(#1692,#1693,#1694,#1695));
#330=EDGE_LOOP('',(#1696,#1697,#1698,#1699,#1700,#1701));
#331=EDGE_LOOP('',(#1702,#1703,#1704,#1705,#1706,#1707));
#332=EDGE_LOOP('',(#1708,#1709,#1710,#1711));
#333=EDGE_LOOP('',(#1712,#1713,#1714,#1715));
#334=EDGE_LOOP('',(#1716,#1717,#1718,#1719,#1720,#1721,#1722));
#335=EDGE_LOOP('',(#1723,#1724,#1725,#1726,#1727,#1728,#1729,#1730));
#336=EDGE_LOOP('',(#1731,#1732,#1733,#1734,#1735,#1736,#1737,#1738,#1739,
#1740));
#337=EDGE_LOOP('',(#1741,#1742,#1743,#1744));
#338=EDGE_LOOP('',(#1745,#1746,#1747,#1748));
#339=EDGE_LOOP('',(#1749,#1750,#1751,#1752));
#340=EDGE_LOOP('',(#1753,#1754,#1755,#1756));
#341=EDGE_LOOP('',(#1757,#1758,#1759,#1760));
#342=EDGE_LOOP('',(#1761,#1762,#1763,#1764));
#343=EDGE_LOOP('',(#1765,#1766,#1767,#1768));
#344=EDGE_LOOP('',(#1769,#1770,#1771,#1772,#1773,#1774,#1775,#1776,#1777));
#345=EDGE_LOOP('',(#1778,#1779,#1780,#1781,#1782,#1783,#1784,#1785));
#346=EDGE_LOOP('',(#1786,#1787,#1788,#1789,#1790,#1791,#1792,#1793,#1794,
#1795,#1796,#1797,#1798,#1799));
#347=EDGE_LOOP('',(#1800,#1801,#1802,#1803));
#348=EDGE_LOOP('',(#1804,#1805,#1806,#1807));
#349=EDGE_LOOP('',(#1808,#1809,#1810,#1811));
#350=EDGE_LOOP('',(#1812,#1813,#1814,#1815));
#351=EDGE_LOOP('',(#1816,#1817,#1818,#1819));
#352=EDGE_LOOP('',(#1820,#1821,#1822,#1823,#1824,#1825));
#353=EDGE_LOOP('',(#1826,#1827,#1828,#1829,#1830,#1831));
#354=EDGE_LOOP('',(#1832,#1833,#1834,#1835));
#355=EDGE_LOOP('',(#1836,#1837,#1838,#1839));
#356=EDGE_LOOP('',(#1840,#1841,#1842,#1843));
#357=EDGE_LOOP('',(#1844,#1845,#1846,#1847));
#358=EDGE_LOOP('',(#1848,#1849,#1850,#1851));
#359=EDGE_LOOP('',(#1852,#1853,#1854,#1855));
#360=EDGE_LOOP('',(#1856,#1857,#1858,#1859));
#361=EDGE_LOOP('',(#1860,#1861,#1862,#1863));
#362=EDGE_LOOP('',(#1864,#1865,#1866,#1867));
#363=EDGE_LOOP('',(#1868,#1869,#1870,#1871,#1872,#1873));
#364=EDGE_LOOP('',(#1874));
#365=EDGE_LOOP('',(#1875,#1876,#1877,#1878));
#366=EDGE_LOOP('',(#1879,#1880,#1881,#1882));
#367=EDGE_LOOP('',(#1883,#1884,#1885,#1886));
#368=EDGE_LOOP('',(#1887,#1888,#1889,#1890));
#369=EDGE_LOOP('',(#1891));
#370=EDGE_LOOP('',(#1892));
#371=EDGE_LOOP('',(#1893));
#372=EDGE_LOOP('',(#1894));
#373=EDGE_LOOP('',(#1895));
#374=EDGE_LOOP('',(#1896,#1897,#1898,#1899,#1900,#1901));
#375=EDGE_LOOP('',(#1902,#1903,#1904,#1905,#1906,#1907,#1908,#1909,#1910));
#376=EDGE_LOOP('',(#1911,#1912,#1913,#1914));
#377=EDGE_LOOP('',(#1915,#1916,#1917,#1918));
#378=EDGE_LOOP('',(#1919,#1920,#1921,#1922));
#379=EDGE_LOOP('',(#1923,#1924,#1925,#1926));
#380=EDGE_LOOP('',(#1927,#1928,#1929,#1930));
#381=EDGE_LOOP('',(#1931,#1932,#1933,#1934));
#382=EDGE_LOOP('',(#1935,#1936,#1937,#1938,#1939,#1940,#1941,#1942));
#383=EDGE_LOOP('',(#1943,#1944,#1945,#1946));
#384=EDGE_LOOP('',(#1947,#1948,#1949,#1950));
#385=EDGE_LOOP('',(#1951,#1952,#1953,#1954));
#386=EDGE_LOOP('',(#1955,#1956,#1957,#1958));
#387=LINE('',#2787,#643);
#388=LINE('',#2792,#644);
#389=LINE('',#2798,#645);
#390=LINE('',#2805,#646);
#391=LINE('',#2811,#647);
#392=LINE('',#2818,#648);
#393=LINE('',#2820,#649);
#394=LINE('',#2827,#650);
#395=LINE('',#2832,#651);
#396=LINE('',#2842,#652);
#397=LINE('',#2847,#653);
#398=LINE('',#2849,#654);
#399=LINE('',#2851,#655);
#400=LINE('',#2853,#656);
#401=LINE('',#2854,#657);
#402=LINE('',#2857,#658);
#403=LINE('',#2858,#659);
#404=LINE('',#2862,#660);
#405=LINE('',#2864,#661);
#406=LINE('',#2866,#662);
#407=LINE('',#2868,#663);
#408=LINE('',#2870,#664);
#409=LINE('',#2871,#665);
#410=LINE('',#2875,#666);
#411=LINE('',#2877,#667);
#412=LINE('',#2879,#668);
#413=LINE('',#2881,#669);
#414=LINE('',#2883,#670);
#415=LINE('',#2884,#671);
#416=LINE('',#2898,#672);
#417=LINE('',#2900,#673);
#418=LINE('',#2902,#674);
#419=LINE('',#2903,#675);
#420=LINE('',#2906,#676);
#421=LINE('',#2908,#677);
#422=LINE('',#2909,#678);
#423=LINE('',#2912,#679);
#424=LINE('',#2914,#680);
#425=LINE('',#2915,#681);
#426=LINE('',#2918,#682);
#427=LINE('',#2920,#683);
#428=LINE('',#2921,#684);
#429=LINE('',#2924,#685);
#430=LINE('',#2926,#686);
#431=LINE('',#2928,#687);
#432=LINE('',#2930,#688);
#433=LINE('',#2931,#689);
#434=LINE('',#2935,#690);
#435=LINE('',#2937,#691);
#436=LINE('',#2939,#692);
#437=LINE('',#2940,#693);
#438=LINE('',#2944,#694);
#439=LINE('',#2946,#695);
#440=LINE('',#2948,#696);
#441=LINE('',#2949,#697);
#442=LINE('',#2951,#698);
#443=LINE('',#2952,#699);
#444=LINE('',#2955,#700);
#445=LINE('',#2957,#701);
#446=LINE('',#2958,#702);
#447=LINE('',#2961,#703);
#448=LINE('',#2963,#704);
#449=LINE('',#2965,#705);
#450=LINE('',#2967,#706);
#451=LINE('',#2969,#707);
#452=LINE('',#2971,#708);
#453=LINE('',#2973,#709);
#454=LINE('',#2974,#710);
#455=LINE('',#2976,#711);
#456=LINE('',#2978,#712);
#457=LINE('',#2980,#713);
#458=LINE('',#2982,#714);
#459=LINE('',#2984,#715);
#460=LINE('',#2986,#716);
#461=LINE('',#2988,#717);
#462=LINE('',#2990,#718);
#463=LINE('',#2992,#719);
#464=LINE('',#2994,#720);
#465=LINE('',#2996,#721);
#466=LINE('',#2998,#722);
#467=LINE('',#3000,#723);
#468=LINE('',#3002,#724);
#469=LINE('',#3004,#725);
#470=LINE('',#3006,#726);
#471=LINE('',#3008,#727);
#472=LINE('',#3010,#728);
#473=LINE('',#3012,#729);
#474=LINE('',#3014,#730);
#475=LINE('',#3015,#731);
#476=LINE('',#3019,#732);
#477=LINE('',#3021,#733);
#478=LINE('',#3023,#734);
#479=LINE('',#3024,#735);
#480=LINE('',#3027,#736);
#481=LINE('',#3029,#737);
#482=LINE('',#3030,#738);
#483=LINE('',#3032,#739);
#484=LINE('',#3033,#740);
#485=LINE('',#3036,#741);
#486=LINE('',#3037,#742);
#487=LINE('',#3039,#743);
#488=LINE('',#3040,#744);
#489=LINE('',#3043,#745);
#490=LINE('',#3045,#746);
#491=LINE('',#3047,#747);
#492=LINE('',#3049,#748);
#493=LINE('',#3051,#749);
#494=LINE('',#3053,#750);
#495=LINE('',#3055,#751);
#496=LINE('',#3057,#752);
#497=LINE('',#3059,#753);
#498=LINE('',#3061,#754);
#499=LINE('',#3063,#755);
#500=LINE('',#3064,#756);
#501=LINE('',#3066,#757);
#502=LINE('',#3067,#758);
#503=LINE('',#3068,#759);
#504=LINE('',#3071,#760);
#505=LINE('',#3072,#761);
#506=LINE('',#3075,#762);
#507=LINE('',#3077,#763);
#508=LINE('',#3079,#764);
#509=LINE('',#3080,#765);
#510=LINE('',#3083,#766);
#511=LINE('',#3085,#767);
#512=LINE('',#3086,#768);
#513=LINE('',#3088,#769);
#514=LINE('',#3089,#770);
#515=LINE('',#3092,#771);
#516=LINE('',#3093,#772);
#517=LINE('',#3096,#773);
#518=LINE('',#3097,#774);
#519=LINE('',#3099,#775);
#520=LINE('',#3102,#776);
#521=LINE('',#3103,#777);
#522=LINE('',#3106,#778);
#523=LINE('',#3107,#779);
#524=LINE('',#3110,#780);
#525=LINE('',#3111,#781);
#526=LINE('',#3114,#782);
#527=LINE('',#3116,#783);
#528=LINE('',#3118,#784);
#529=LINE('',#3119,#785);
#530=LINE('',#3122,#786);
#531=LINE('',#3124,#787);
#532=LINE('',#3125,#788);
#533=LINE('',#3127,#789);
#534=LINE('',#3128,#790);
#535=LINE('',#3131,#791);
#536=LINE('',#3132,#792);
#537=LINE('',#3135,#793);
#538=LINE('',#3136,#794);
#539=LINE('',#3138,#795);
#540=LINE('',#3141,#796);
#541=LINE('',#3142,#797);
#542=LINE('',#3145,#798);
#543=LINE('',#3146,#799);
#544=LINE('',#3149,#800);
#545=LINE('',#3150,#801);
#546=LINE('',#3153,#802);
#547=LINE('',#3154,#803);
#548=LINE('',#3157,#804);
#549=LINE('',#3158,#805);
#550=LINE('',#3160,#806);
#551=LINE('',#3162,#807);
#552=LINE('',#3163,#808);
#553=LINE('',#3166,#809);
#554=LINE('',#3167,#810);
#555=LINE('',#3170,#811);
#556=LINE('',#3171,#812);
#557=LINE('',#3173,#813);
#558=LINE('',#3177,#814);
#559=LINE('',#3178,#815);
#560=LINE('',#3180,#816);
#561=LINE('',#3183,#817);
#562=LINE('',#3184,#818);
#563=LINE('',#3187,#819);
#564=LINE('',#3188,#820);
#565=LINE('',#3191,#821);
#566=LINE('',#3193,#822);
#567=LINE('',#3194,#823);
#568=LINE('',#3197,#824);
#569=LINE('',#3198,#825);
#570=LINE('',#3200,#826);
#571=LINE('',#3203,#827);
#572=LINE('',#3204,#828);
#573=LINE('',#3206,#829);
#574=LINE('',#3208,#830);
#575=LINE('',#3209,#831);
#576=LINE('',#3213,#832);
#577=LINE('',#3214,#833);
#578=LINE('',#3215,#834);
#579=LINE('',#3217,#835);
#580=LINE('',#3220,#836);
#581=LINE('',#3221,#837);
#582=LINE('',#3224,#838);
#583=LINE('',#3225,#839);
#584=LINE('',#3227,#840);
#585=LINE('',#3229,#841);
#586=LINE('',#3231,#842);
#587=LINE('',#3234,#843);
#588=LINE('',#3236,#844);
#589=LINE('',#3237,#845);
#590=LINE('',#3239,#846);
#591=LINE('',#3240,#847);
#592=LINE('',#3243,#848);
#593=LINE('',#3245,#849);
#594=LINE('',#3247,#850);
#595=LINE('',#3249,#851);
#596=LINE('',#3250,#852);
#597=LINE('',#3252,#853);
#598=LINE('',#3254,#854);
#599=LINE('',#3256,#855);
#600=LINE('',#3258,#856);
#601=LINE('',#3259,#857);
#602=LINE('',#3262,#858);
#603=LINE('',#3266,#859);
#604=LINE('',#3270,#860);
#605=LINE('',#3274,#861);
#606=LINE('',#3278,#862);
#607=LINE('',#3281,#863);
#608=LINE('',#3282,#864);
#609=LINE('',#3284,#865);
#610=LINE('',#3285,#866);
#611=LINE('',#3290,#867);
#612=LINE('',#3293,#868);
#613=LINE('',#3294,#869);
#614=LINE('',#3297,#870);
#615=LINE('',#3298,#871);
#616=LINE('',#3300,#872);
#617=LINE('',#3302,#873);
#618=LINE('',#3305,#874);
#619=LINE('',#3306,#875);
#620=LINE('',#3309,#876);
#621=LINE('',#3311,#877);
#622=LINE('',#3313,#878);
#623=LINE('',#3314,#879);
#624=LINE('',#3316,#880);
#625=LINE('',#3327,#881);
#626=LINE('',#3329,#882);
#627=LINE('',#3330,#883);
#628=LINE('',#3331,#884);
#629=LINE('',#3334,#885);
#630=LINE('',#3335,#886);
#631=LINE('',#3337,#887);
#632=LINE('',#3340,#888);
#633=LINE('',#3341,#889);
#634=LINE('',#3343,#890);
#635=LINE('',#3345,#891);
#636=LINE('',#3348,#892);
#637=LINE('',#3349,#893);
#638=LINE('',#3352,#894);
#639=LINE('',#3353,#895);
#640=LINE('',#3355,#896);
#641=LINE('',#3357,#897);
#642=LINE('',#3359,#898);
#643=VECTOR('',#2241,1.7);
#644=VECTOR('',#2248,1.95);
#645=VECTOR('',#2255,3.5);
#646=VECTOR('',#2264,2.);
#647=VECTOR('',#2271,10.);
#648=VECTOR('',#2280,2.);
#649=VECTOR('',#2281,10.);
#650=VECTOR('',#2288,10.);
#651=VECTOR('',#2293,2.);
#652=VECTOR('',#2304,2.);
#653=VECTOR('',#2311,10.);
#654=VECTOR('',#2312,10.);
#655=VECTOR('',#2313,10.);
#656=VECTOR('',#2314,10.);
#657=VECTOR('',#2315,10.);
#658=VECTOR('',#2318,10.);
#659=VECTOR('',#2319,10.);
#660=VECTOR('',#2322,10.);
#661=VECTOR('',#2323,10.);
#662=VECTOR('',#2324,10.);
#663=VECTOR('',#2325,10.);
#664=VECTOR('',#2326,10.);
#665=VECTOR('',#2327,10.);
#666=VECTOR('',#2330,10.);
#667=VECTOR('',#2331,10.);
#668=VECTOR('',#2332,10.);
#669=VECTOR('',#2333,10.);
#670=VECTOR('',#2334,10.);
#671=VECTOR('',#2335,10.);
#672=VECTOR('',#2348,10.);
#673=VECTOR('',#2349,10.);
#674=VECTOR('',#2350,10.);
#675=VECTOR('',#2351,10.);
#676=VECTOR('',#2354,10.);
#677=VECTOR('',#2355,10.);
#678=VECTOR('',#2356,10.);
#679=VECTOR('',#2359,10.);
#680=VECTOR('',#2360,10.);
#681=VECTOR('',#2361,10.);
#682=VECTOR('',#2364,10.);
#683=VECTOR('',#2365,10.);
#684=VECTOR('',#2366,10.);
#685=VECTOR('',#2369,10.);
#686=VECTOR('',#2370,10.);
#687=VECTOR('',#2371,10.);
#688=VECTOR('',#2372,10.);
#689=VECTOR('',#2373,10.);
#690=VECTOR('',#2376,10.);
#691=VECTOR('',#2377,10.);
#692=VECTOR('',#2378,10.);
#693=VECTOR('',#2379,10.);
#694=VECTOR('',#2382,10.);
#695=VECTOR('',#2383,10.);
#696=VECTOR('',#2384,10.);
#697=VECTOR('',#2385,10.);
#698=VECTOR('',#2388,10.);
#699=VECTOR('',#2389,10.);
#700=VECTOR('',#2392,10.);
#701=VECTOR('',#2393,10.);
#702=VECTOR('',#2394,10.);
#703=VECTOR('',#2397,10.);
#704=VECTOR('',#2398,10.);
#705=VECTOR('',#2399,10.);
#706=VECTOR('',#2400,10.);
#707=VECTOR('',#2401,10.);
#708=VECTOR('',#2402,10.);
#709=VECTOR('',#2403,10.);
#710=VECTOR('',#2404,10.);
#711=VECTOR('',#2405,10.);
#712=VECTOR('',#2406,10.);
#713=VECTOR('',#2407,10.);
#714=VECTOR('',#2408,10.);
#715=VECTOR('',#2409,10.);
#716=VECTOR('',#2410,10.);
#717=VECTOR('',#2411,10.);
#718=VECTOR('',#2412,10.);
#719=VECTOR('',#2413,10.);
#720=VECTOR('',#2414,10.);
#721=VECTOR('',#2415,10.);
#722=VECTOR('',#2416,10.);
#723=VECTOR('',#2417,10.);
#724=VECTOR('',#2418,10.);
#725=VECTOR('',#2419,10.);
#726=VECTOR('',#2420,10.);
#727=VECTOR('',#2421,10.);
#728=VECTOR('',#2422,10.);
#729=VECTOR('',#2423,10.);
#730=VECTOR('',#2424,10.);
#731=VECTOR('',#2425,10.);
#732=VECTOR('',#2428,10.);
#733=VECTOR('',#2429,10.);
#734=VECTOR('',#2430,10.);
#735=VECTOR('',#2431,10.);
#736=VECTOR('',#2434,10.);
#737=VECTOR('',#2435,10.);
#738=VECTOR('',#2436,10.);
#739=VECTOR('',#2439,10.);
#740=VECTOR('',#2440,10.);
#741=VECTOR('',#2443,10.);
#742=VECTOR('',#2444,10.);
#743=VECTOR('',#2447,10.);
#744=VECTOR('',#2448,10.);
#745=VECTOR('',#2451,10.);
#746=VECTOR('',#2452,10.);
#747=VECTOR('',#2453,10.);
#748=VECTOR('',#2454,10.);
#749=VECTOR('',#2455,10.);
#750=VECTOR('',#2456,10.);
#751=VECTOR('',#2457,10.);
#752=VECTOR('',#2458,10.);
#753=VECTOR('',#2459,10.);
#754=VECTOR('',#2460,10.);
#755=VECTOR('',#2461,10.);
#756=VECTOR('',#2462,10.);
#757=VECTOR('',#2463,10.);
#758=VECTOR('',#2464,10.);
#759=VECTOR('',#2465,10.);
#760=VECTOR('',#2468,10.);
#761=VECTOR('',#2469,10.);
#762=VECTOR('',#2472,10.);
#763=VECTOR('',#2473,10.);
#764=VECTOR('',#2474,10.);
#765=VECTOR('',#2475,10.);
#766=VECTOR('',#2478,10.);
#767=VECTOR('',#2479,10.);
#768=VECTOR('',#2480,10.);
#769=VECTOR('',#2483,10.);
#770=VECTOR('',#2484,10.);
#771=VECTOR('',#2487,10.);
#772=VECTOR('',#2488,10.);
#773=VECTOR('',#2491,10.);
#774=VECTOR('',#2492,10.);
#775=VECTOR('',#2495,10.);
#776=VECTOR('',#2498,10.);
#777=VECTOR('',#2499,10.);
#778=VECTOR('',#2502,10.);
#779=VECTOR('',#2503,10.);
#780=VECTOR('',#2506,10.);
#781=VECTOR('',#2507,10.);
#782=VECTOR('',#2510,10.);
#783=VECTOR('',#2511,10.);
#784=VECTOR('',#2512,10.);
#785=VECTOR('',#2513,10.);
#786=VECTOR('',#2516,10.);
#787=VECTOR('',#2517,10.);
#788=VECTOR('',#2518,10.);
#789=VECTOR('',#2521,10.);
#790=VECTOR('',#2522,10.);
#791=VECTOR('',#2525,10.);
#792=VECTOR('',#2526,10.);
#793=VECTOR('',#2529,10.);
#794=VECTOR('',#2530,10.);
#795=VECTOR('',#2533,10.);
#796=VECTOR('',#2536,10.);
#797=VECTOR('',#2537,10.);
#798=VECTOR('',#2540,10.);
#799=VECTOR('',#2541,10.);
#800=VECTOR('',#2544,10.);
#801=VECTOR('',#2545,10.);
#802=VECTOR('',#2548,10.);
#803=VECTOR('',#2549,10.);
#804=VECTOR('',#2552,10.);
#805=VECTOR('',#2553,10.);
#806=VECTOR('',#2556,10.);
#807=VECTOR('',#2557,10.);
#808=VECTOR('',#2558,10.);
#809=VECTOR('',#2561,10.);
#810=VECTOR('',#2562,10.);
#811=VECTOR('',#2565,10.);
#812=VECTOR('',#2566,10.);
#813=VECTOR('',#2569,10.);
#814=VECTOR('',#2574,10.);
#815=VECTOR('',#2575,10.);
#816=VECTOR('',#2578,10.);
#817=VECTOR('',#2581,10.);
#818=VECTOR('',#2582,10.);
#819=VECTOR('',#2585,10.);
#820=VECTOR('',#2586,10.);
#821=VECTOR('',#2589,10.);
#822=VECTOR('',#2590,10.);
#823=VECTOR('',#2591,10.);
#824=VECTOR('',#2594,10.);
#825=VECTOR('',#2595,10.);
#826=VECTOR('',#2598,10.);
#827=VECTOR('',#2601,10.);
#828=VECTOR('',#2602,10.);
#829=VECTOR('',#2603,10.);
#830=VECTOR('',#2604,10.);
#831=VECTOR('',#2605,10.);
#832=VECTOR('',#2608,10.);
#833=VECTOR('',#2609,10.);
#834=VECTOR('',#2610,10.);
#835=VECTOR('',#2613,10.);
#836=VECTOR('',#2616,10.);
#837=VECTOR('',#2617,10.);
#838=VECTOR('',#2620,10.);
#839=VECTOR('',#2621,10.);
#840=VECTOR('',#2624,10.);
#841=VECTOR('',#2627,10.);
#842=VECTOR('',#2630,10.);
#843=VECTOR('',#2633,10.);
#844=VECTOR('',#2634,10.);
#845=VECTOR('',#2635,10.);
#846=VECTOR('',#2636,10.);
#847=VECTOR('',#2637,10.);
#848=VECTOR('',#2640,10.);
#849=VECTOR('',#2641,10.);
#850=VECTOR('',#2642,10.);
#851=VECTOR('',#2643,10.);
#852=VECTOR('',#2644,10.);
#853=VECTOR('',#2647,10.);
#854=VECTOR('',#2648,10.);
#855=VECTOR('',#2649,10.);
#856=VECTOR('',#2650,10.);
#857=VECTOR('',#2651,10.);
#858=VECTOR('',#2654,1.99999999999999);
#859=VECTOR('',#2659,1.99999999999999);
#860=VECTOR('',#2664,2.);
#861=VECTOR('',#2669,1.99999999999999);
#862=VECTOR('',#2674,2.);
#863=VECTOR('',#2679,10.);
#864=VECTOR('',#2680,10.);
#865=VECTOR('',#2683,10.);
#866=VECTOR('',#2684,10.);
#867=VECTOR('',#2693,10.);
#868=VECTOR('',#2696,10.);
#869=VECTOR('',#2697,10.);
#870=VECTOR('',#2700,10.);
#871=VECTOR('',#2701,10.);
#872=VECTOR('',#2704,10.);
#873=VECTOR('',#2707,10.);
#874=VECTOR('',#2710,10.);
#875=VECTOR('',#2711,10.);
#876=VECTOR('',#2714,10.);
#877=VECTOR('',#2715,10.);
#878=VECTOR('',#2716,10.);
#879=VECTOR('',#2717,10.);
#880=VECTOR('',#2720,10.);
#881=VECTOR('',#2739,10.);
#882=VECTOR('',#2740,10.);
#883=VECTOR('',#2741,10.);
#884=VECTOR('',#2742,10.);
#885=VECTOR('',#2745,10.);
#886=VECTOR('',#2746,10.);
#887=VECTOR('',#2749,10.);
#888=VECTOR('',#2752,10.);
#889=VECTOR('',#2753,10.);
#890=VECTOR('',#2756,10.);
#891=VECTOR('',#2759,10.);
#892=VECTOR('',#2762,10.);
#893=VECTOR('',#2763,10.);
#894=VECTOR('',#2766,10.);
#895=VECTOR('',#2767,10.);
#896=VECTOR('',#2770,10.);
#897=VECTOR('',#2773,10.);
#898=VECTOR('',#2776,10.);
#899=CIRCLE('',#2090,1.45);
#900=CIRCLE('',#2091,1.95);
#901=CIRCLE('',#2093,1.95);
#902=CIRCLE('',#2096,3.5);
#903=CIRCLE('',#2097,3.5);
#904=CIRCLE('',#2100,2.);
#905=CIRCLE('',#2101,2.);
#906=CIRCLE('',#2104,2.);
#907=CIRCLE('',#2105,2.);
#908=CIRCLE('',#2107,2.);
#909=CIRCLE('',#2109,2.);
#910=CIRCLE('',#2112,2.);
#911=CIRCLE('',#2113,2.);
#912=CIRCLE('',#2115,2.);
#913=CIRCLE('',#2117,2.);
#914=CIRCLE('',#2118,2.);
#915=CIRCLE('',#2124,2.);
#916=CIRCLE('',#2125,1.99999999999999);
#917=CIRCLE('',#2126,2.);
#918=CIRCLE('',#2127,1.99999999999999);
#919=CIRCLE('',#2128,1.99999999999999);
#920=CIRCLE('',#2190,1.99999999999999);
#921=CIRCLE('',#2192,1.99999999999999);
#922=CIRCLE('',#2194,2.);
#923=CIRCLE('',#2196,1.99999999999999);
#924=CIRCLE('',#2198,2.);
#925=VERTEX_POINT('',#2784);
#926=VERTEX_POINT('',#2786);
#927=VERTEX_POINT('',#2790);
#928=VERTEX_POINT('',#2795);
#929=VERTEX_POINT('',#2797);
#930=VERTEX_POINT('',#2802);
#931=VERTEX_POINT('',#2804);
#932=VERTEX_POINT('',#2809);
#933=VERTEX_POINT('',#2810);
#934=VERTEX_POINT('',#2812);
#935=VERTEX_POINT('',#2816);
#936=VERTEX_POINT('',#2819);
#937=VERTEX_POINT('',#2821);
#938=VERTEX_POINT('',#2823);
#939=VERTEX_POINT('',#2825);
#940=VERTEX_POINT('',#2829);
#941=VERTEX_POINT('',#2831);
#942=VERTEX_POINT('',#2833);
#943=VERTEX_POINT('',#2835);
#944=VERTEX_POINT('',#2839);
#945=VERTEX_POINT('',#2841);
#946=VERTEX_POINT('',#2846);
#947=VERTEX_POINT('',#2848);
#948=VERTEX_POINT('',#2850);
#949=VERTEX_POINT('',#2852);
#950=VERTEX_POINT('',#2856);
#951=VERTEX_POINT('',#2860);
#952=VERTEX_POINT('',#2861);
#953=VERTEX_POINT('',#2863);
#954=VERTEX_POINT('',#2865);
#955=VERTEX_POINT('',#2867);
#956=VERTEX_POINT('',#2869);
#957=VERTEX_POINT('',#2873);
#958=VERTEX_POINT('',#2874);
#959=VERTEX_POINT('',#2876);
#960=VERTEX_POINT('',#2878);
#961=VERTEX_POINT('',#2880);
#962=VERTEX_POINT('',#2882);
#963=VERTEX_POINT('',#2885);
#964=VERTEX_POINT('',#2887);
#965=VERTEX_POINT('',#2889);
#966=VERTEX_POINT('',#2891);
#967=VERTEX_POINT('',#2893);
#968=VERTEX_POINT('',#2896);
#969=VERTEX_POINT('',#2897);
#970=VERTEX_POINT('',#2899);
#971=VERTEX_POINT('',#2901);
#972=VERTEX_POINT('',#2905);
#973=VERTEX_POINT('',#2907);
#974=VERTEX_POINT('',#2911);
#975=VERTEX_POINT('',#2913);
#976=VERTEX_POINT('',#2917);
#977=VERTEX_POINT('',#2919);
#978=VERTEX_POINT('',#2923);
#979=VERTEX_POINT('',#2925);
#980=VERTEX_POINT('',#2927);
#981=VERTEX_POINT('',#2929);
#982=VERTEX_POINT('',#2933);
#983=VERTEX_POINT('',#2934);
#984=VERTEX_POINT('',#2936);
#985=VERTEX_POINT('',#2938);
#986=VERTEX_POINT('',#2942);
#987=VERTEX_POINT('',#2943);
#988=VERTEX_POINT('',#2945);
#989=VERTEX_POINT('',#2947);
#990=VERTEX_POINT('',#2954);
#991=VERTEX_POINT('',#2956);
#992=VERTEX_POINT('',#2960);
#993=VERTEX_POINT('',#2962);
#994=VERTEX_POINT('',#2964);
#995=VERTEX_POINT('',#2966);
#996=VERTEX_POINT('',#2968);
#997=VERTEX_POINT('',#2970);
#998=VERTEX_POINT('',#2972);
#999=VERTEX_POINT('',#2975);
#1000=VERTEX_POINT('',#2977);
#1001=VERTEX_POINT('',#2979);
#1002=VERTEX_POINT('',#2981);
#1003=VERTEX_POINT('',#2983);
#1004=VERTEX_POINT('',#2985);
#1005=VERTEX_POINT('',#2987);
#1006=VERTEX_POINT('',#2989);
#1007=VERTEX_POINT('',#2991);
#1008=VERTEX_POINT('',#2993);
#1009=VERTEX_POINT('',#2995);
#1010=VERTEX_POINT('',#2997);
#1011=VERTEX_POINT('',#2999);
#1012=VERTEX_POINT('',#3001);
#1013=VERTEX_POINT('',#3003);
#1014=VERTEX_POINT('',#3005);
#1015=VERTEX_POINT('',#3007);
#1016=VERTEX_POINT('',#3009);
#1017=VERTEX_POINT('',#3011);
#1018=VERTEX_POINT('',#3013);
#1019=VERTEX_POINT('',#3017);
#1020=VERTEX_POINT('',#3018);
#1021=VERTEX_POINT('',#3020);
#1022=VERTEX_POINT('',#3022);
#1023=VERTEX_POINT('',#3026);
#1024=VERTEX_POINT('',#3028);
#1025=VERTEX_POINT('',#3035);
#1026=VERTEX_POINT('',#3042);
#1027=VERTEX_POINT('',#3044);
#1028=VERTEX_POINT('',#3046);
#1029=VERTEX_POINT('',#3048);
#1030=VERTEX_POINT('',#3050);
#1031=VERTEX_POINT('',#3052);
#1032=VERTEX_POINT('',#3054);
#1033=VERTEX_POINT('',#3056);
#1034=VERTEX_POINT('',#3058);
#1035=VERTEX_POINT('',#3060);
#1036=VERTEX_POINT('',#3062);
#1037=VERTEX_POINT('',#3065);
#1038=VERTEX_POINT('',#3070);
#1039=VERTEX_POINT('',#3074);
#1040=VERTEX_POINT('',#3076);
#1041=VERTEX_POINT('',#3078);
#1042=VERTEX_POINT('',#3082);
#1043=VERTEX_POINT('',#3084);
#1044=VERTEX_POINT('',#3091);
#1045=VERTEX_POINT('',#3095);
#1046=VERTEX_POINT('',#3101);
#1047=VERTEX_POINT('',#3105);
#1048=VERTEX_POINT('',#3109);
#1049=VERTEX_POINT('',#3113);
#1050=VERTEX_POINT('',#3115);
#1051=VERTEX_POINT('',#3117);
#1052=VERTEX_POINT('',#3121);
#1053=VERTEX_POINT('',#3123);
#1054=VERTEX_POINT('',#3130);
#1055=VERTEX_POINT('',#3134);
#1056=VERTEX_POINT('',#3140);
#1057=VERTEX_POINT('',#3144);
#1058=VERTEX_POINT('',#3148);
#1059=VERTEX_POINT('',#3152);
#1060=VERTEX_POINT('',#3156);
#1061=VERTEX_POINT('',#3161);
#1062=VERTEX_POINT('',#3165);
#1063=VERTEX_POINT('',#3169);
#1064=VERTEX_POINT('',#3176);
#1065=VERTEX_POINT('',#3182);
#1066=VERTEX_POINT('',#3186);
#1067=VERTEX_POINT('',#3190);
#1068=VERTEX_POINT('',#3192);
#1069=VERTEX_POINT('',#3196);
#1070=VERTEX_POINT('',#3202);
#1071=VERTEX_POINT('',#3205);
#1072=VERTEX_POINT('',#3207);
#1073=VERTEX_POINT('',#3211);
#1074=VERTEX_POINT('',#3212);
#1075=VERTEX_POINT('',#3219);
#1076=VERTEX_POINT('',#3223);
#1077=VERTEX_POINT('',#3233);
#1078=VERTEX_POINT('',#3235);
#1079=VERTEX_POINT('',#3238);
#1080=VERTEX_POINT('',#3242);
#1081=VERTEX_POINT('',#3244);
#1082=VERTEX_POINT('',#3246);
#1083=VERTEX_POINT('',#3248);
#1084=VERTEX_POINT('',#3253);
#1085=VERTEX_POINT('',#3255);
#1086=VERTEX_POINT('',#3257);
#1087=VERTEX_POINT('',#3261);
#1088=VERTEX_POINT('',#3265);
#1089=VERTEX_POINT('',#3269);
#1090=VERTEX_POINT('',#3273);
#1091=VERTEX_POINT('',#3277);
#1092=VERTEX_POINT('',#3292);
#1093=VERTEX_POINT('',#3296);
#1094=VERTEX_POINT('',#3304);
#1095=VERTEX_POINT('',#3308);
#1096=VERTEX_POINT('',#3310);
#1097=VERTEX_POINT('',#3312);
#1098=VERTEX_POINT('',#3326);
#1099=VERTEX_POINT('',#3328);
#1100=VERTEX_POINT('',#3333);
#1101=VERTEX_POINT('',#3339);
#1102=VERTEX_POINT('',#3347);
#1103=VERTEX_POINT('',#3351);
#1104=EDGE_CURVE('',#925,#925,#899,.T.);
#1105=EDGE_CURVE('',#925,#926,#387,.T.);
#1106=EDGE_CURVE('',#926,#926,#900,.T.);
#1107=EDGE_CURVE('',#927,#927,#901,.T.);
#1108=EDGE_CURVE('',#927,#926,#388,.T.);
#1109=EDGE_CURVE('',#928,#928,#902,.T.);
#1110=EDGE_CURVE('',#928,#929,#389,.T.);
#1111=EDGE_CURVE('',#929,#929,#903,.T.);
#1112=EDGE_CURVE('',#930,#930,#904,.T.);
#1113=EDGE_CURVE('',#930,#931,#390,.T.);
#1114=EDGE_CURVE('',#931,#931,#905,.T.);
#1115=EDGE_CURVE('',#932,#933,#391,.T.);
#1116=EDGE_CURVE('',#934,#932,#906,.T.);
#1117=EDGE_CURVE('',#933,#934,#907,.T.);
#1118=EDGE_CURVE('',#935,#935,#908,.T.);
#1119=EDGE_CURVE('',#935,#934,#392,.T.);
#1120=EDGE_CURVE('',#936,#932,#393,.T.);
#1121=EDGE_CURVE('',#937,#936,#19,.T.);
#1122=EDGE_CURVE('',#938,#937,#909,.T.);
#1123=EDGE_CURVE('',#939,#938,#20,.T.);
#1124=EDGE_CURVE('',#933,#939,#394,.T.);
#1125=EDGE_CURVE('',#940,#940,#910,.T.);
#1126=EDGE_CURVE('',#940,#941,#395,.T.);
#1127=EDGE_CURVE('',#942,#941,#911,.T.);
#1128=EDGE_CURVE('',#943,#942,#21,.T.);
#1129=EDGE_CURVE('',#941,#943,#912,.T.);
#1130=EDGE_CURVE('',#944,#944,#913,.T.);
#1131=EDGE_CURVE('',#944,#945,#396,.T.);
#1132=EDGE_CURVE('',#945,#945,#914,.T.);
#1133=EDGE_CURVE('',#946,#939,#397,.T.);
#1134=EDGE_CURVE('',#946,#947,#398,.T.);
#1135=EDGE_CURVE('',#948,#947,#399,.T.);
#1136=EDGE_CURVE('',#949,#948,#400,.T.);
#1137=EDGE_CURVE('',#936,#949,#401,.T.);
#1138=EDGE_CURVE('',#938,#950,#402,.T.);
#1139=EDGE_CURVE('',#950,#946,#403,.T.);
#1140=EDGE_CURVE('',#951,#952,#404,.T.);
#1141=EDGE_CURVE('',#953,#952,#405,.T.);
#1142=EDGE_CURVE('',#954,#953,#406,.T.);
#1143=EDGE_CURVE('',#955,#954,#407,.T.);
#1144=EDGE_CURVE('',#956,#955,#408,.T.);
#1145=EDGE_CURVE('',#951,#956,#409,.T.);
#1146=EDGE_CURVE('',#957,#958,#410,.T.);
#1147=EDGE_CURVE('',#959,#957,#411,.T.);
#1148=EDGE_CURVE('',#960,#959,#412,.T.);
#1149=EDGE_CURVE('',#961,#960,#413,.T.);
#1150=EDGE_CURVE('',#962,#961,#414,.T.);
#1151=EDGE_CURVE('',#962,#958,#415,.T.);
#1152=EDGE_CURVE('',#963,#963,#915,.T.);
#1153=EDGE_CURVE('',#964,#964,#916,.T.);
#1154=EDGE_CURVE('',#965,#965,#917,.T.);
#1155=EDGE_CURVE('',#966,#966,#918,.T.);
#1156=EDGE_CURVE('',#967,#967,#919,.T.);
#1157=EDGE_CURVE('',#968,#969,#416,.T.);
#1158=EDGE_CURVE('',#968,#970,#417,.T.);
#1159=EDGE_CURVE('',#970,#971,#418,.T.);
#1160=EDGE_CURVE('',#971,#969,#419,.T.);
#1161=EDGE_CURVE('',#970,#972,#420,.T.);
#1162=EDGE_CURVE('',#972,#973,#421,.T.);
#1163=EDGE_CURVE('',#973,#971,#422,.T.);
#1164=EDGE_CURVE('',#968,#974,#423,.T.);
#1165=EDGE_CURVE('',#975,#974,#424,.T.);
#1166=EDGE_CURVE('',#975,#970,#425,.T.);
#1167=EDGE_CURVE('',#976,#975,#426,.T.);
#1168=EDGE_CURVE('',#974,#977,#427,.F.);
#1169=EDGE_CURVE('',#977,#976,#428,.T.);
#1170=EDGE_CURVE('',#978,#977,#429,.T.);
#1171=EDGE_CURVE('',#979,#978,#430,.F.);
#1172=EDGE_CURVE('',#979,#980,#431,.T.);
#1173=EDGE_CURVE('',#981,#980,#432,.T.);
#1174=EDGE_CURVE('',#976,#981,#433,.T.);
#1175=EDGE_CURVE('',#982,#983,#434,.T.);
#1176=EDGE_CURVE('',#984,#983,#435,.T.);
#1177=EDGE_CURVE('',#984,#985,#436,.T.);
#1178=EDGE_CURVE('',#985,#982,#437,.T.);
#1179=EDGE_CURVE('',#986,#987,#438,.T.);
#1180=EDGE_CURVE('',#987,#988,#439,.T.);
#1181=EDGE_CURVE('',#988,#989,#440,.T.);
#1182=EDGE_CURVE('',#989,#986,#441,.T.);
#1183=EDGE_CURVE('',#985,#986,#442,.T.);
#1184=EDGE_CURVE('',#989,#982,#443,.T.);
#1185=EDGE_CURVE('',#988,#990,#444,.T.);
#1186=EDGE_CURVE('',#990,#991,#445,.T.);
#1187=EDGE_CURVE('',#983,#991,#446,.T.);
#1188=EDGE_CURVE('',#992,#987,#447,.T.);
#1189=EDGE_CURVE('',#993,#992,#448,.T.);
#1190=EDGE_CURVE('',#994,#993,#449,.T.);
#1191=EDGE_CURVE('',#995,#994,#450,.T.);
#1192=EDGE_CURVE('',#996,#995,#451,.T.);
#1193=EDGE_CURVE('',#997,#996,#452,.T.);
#1194=EDGE_CURVE('',#998,#997,#453,.T.);
#1195=EDGE_CURVE('',#980,#998,#454,.T.);
#1196=EDGE_CURVE('',#999,#979,#455,.T.);
#1197=EDGE_CURVE('',#1000,#999,#456,.T.);
#1198=EDGE_CURVE('',#1001,#1000,#457,.T.);
#1199=EDGE_CURVE('',#1002,#1001,#458,.T.);
#1200=EDGE_CURVE('',#1003,#1002,#459,.T.);
#1201=EDGE_CURVE('',#1004,#1003,#460,.T.);
#1202=EDGE_CURVE('',#1005,#1004,#461,.T.);
#1203=EDGE_CURVE('',#1006,#1005,#462,.T.);
#1204=EDGE_CURVE('',#1007,#1006,#463,.T.);
#1205=EDGE_CURVE('',#1008,#1007,#464,.T.);
#1206=EDGE_CURVE('',#1009,#1008,#465,.T.);
#1207=EDGE_CURVE('',#1010,#1009,#466,.T.);
#1208=EDGE_CURVE('',#1011,#1010,#467,.T.);
#1209=EDGE_CURVE('',#1012,#1011,#468,.T.);
#1210=EDGE_CURVE('',#1013,#1012,#469,.T.);
#1211=EDGE_CURVE('',#1014,#1013,#470,.T.);
#1212=EDGE_CURVE('',#1015,#1014,#471,.T.);
#1213=EDGE_CURVE('',#1016,#1015,#472,.T.);
#1214=EDGE_CURVE('',#1017,#1016,#473,.T.);
#1215=EDGE_CURVE('',#1018,#1017,#474,.T.);
#1216=EDGE_CURVE('',#990,#1018,#475,.T.);
#1217=EDGE_CURVE('',#1019,#1020,#476,.T.);
#1218=EDGE_CURVE('',#1020,#1021,#477,.F.);
#1219=EDGE_CURVE('',#1021,#1022,#478,.T.);
#1220=EDGE_CURVE('',#1022,#1019,#479,.T.);
#1221=EDGE_CURVE('',#1022,#1023,#480,.T.);
#1222=EDGE_CURVE('',#1023,#1024,#481,.T.);
#1223=EDGE_CURVE('',#1024,#1019,#482,.T.);
#1224=EDGE_CURVE('',#1023,#993,#483,.T.);
#1225=EDGE_CURVE('',#992,#1024,#484,.T.);
#1226=EDGE_CURVE('',#1025,#1021,#485,.T.);
#1227=EDGE_CURVE('',#994,#1025,#486,.F.);
#1228=EDGE_CURVE('',#984,#1020,#487,.T.);
#1229=EDGE_CURVE('',#1019,#985,#488,.T.);
#1230=EDGE_CURVE('',#1026,#984,#489,.T.);
#1231=EDGE_CURVE('',#1027,#1026,#490,.T.);
#1232=EDGE_CURVE('',#1028,#1027,#491,.T.);
#1233=EDGE_CURVE('',#1029,#1028,#492,.T.);
#1234=EDGE_CURVE('',#1030,#1029,#493,.T.);
#1235=EDGE_CURVE('',#1031,#1030,#494,.T.);
#1236=EDGE_CURVE('',#1032,#1031,#495,.T.);
#1237=EDGE_CURVE('',#1033,#1032,#496,.T.);
#1238=EDGE_CURVE('',#1034,#1033,#497,.T.);
#1239=EDGE_CURVE('',#1035,#1034,#498,.T.);
#1240=EDGE_CURVE('',#1036,#1035,#499,.T.);
#1241=EDGE_CURVE('',#959,#1036,#500,.T.);
#1242=EDGE_CURVE('',#1037,#957,#501,.T.);
#1243=EDGE_CURVE('',#974,#1037,#502,.T.);
#1244=EDGE_CURVE('',#1020,#968,#503,.T.);
#1245=EDGE_CURVE('',#1038,#981,#504,.T.);
#1246=EDGE_CURVE('',#1038,#975,#505,.T.);
#1247=EDGE_CURVE('',#1039,#1029,#506,.T.);
#1248=EDGE_CURVE('',#1029,#1040,#507,.F.);
#1249=EDGE_CURVE('',#1040,#1041,#508,.T.);
#1250=EDGE_CURVE('',#1041,#1039,#509,.T.);
#1251=EDGE_CURVE('',#1042,#1039,#510,.T.);
#1252=EDGE_CURVE('',#1041,#1043,#511,.T.);
#1253=EDGE_CURVE('',#1043,#1042,#512,.T.);
#1254=EDGE_CURVE('',#1043,#1013,#513,.T.);
#1255=EDGE_CURVE('',#1012,#1042,#514,.T.);
#1256=EDGE_CURVE('',#1039,#1044,#515,.T.);
#1257=EDGE_CURVE('',#1030,#1044,#516,.T.);
#1258=EDGE_CURVE('',#1042,#1045,#517,.T.);
#1259=EDGE_CURVE('',#1044,#1045,#518,.T.);
#1260=EDGE_CURVE('',#1045,#1011,#519,.T.);
#1261=EDGE_CURVE('',#1010,#1046,#520,.T.);
#1262=EDGE_CURVE('',#1046,#1045,#521,.T.);
#1263=EDGE_CURVE('',#1046,#1047,#522,.T.);
#1264=EDGE_CURVE('',#1047,#1044,#523,.T.);
#1265=EDGE_CURVE('',#1047,#1048,#524,.T.);
#1266=EDGE_CURVE('',#1030,#1048,#525,.T.);
#1267=EDGE_CURVE('',#1049,#1033,#526,.T.);
#1268=EDGE_CURVE('',#1033,#1050,#527,.F.);
#1269=EDGE_CURVE('',#1050,#1051,#528,.T.);
#1270=EDGE_CURVE('',#1051,#1049,#529,.T.);
#1271=EDGE_CURVE('',#1051,#1052,#530,.T.);
#1272=EDGE_CURVE('',#1052,#1053,#531,.T.);
#1273=EDGE_CURVE('',#1053,#1049,#532,.T.);
#1274=EDGE_CURVE('',#1052,#1007,#533,.T.);
#1275=EDGE_CURVE('',#1006,#1053,#534,.T.);
#1276=EDGE_CURVE('',#1049,#1054,#535,.T.);
#1277=EDGE_CURVE('',#1034,#1054,#536,.T.);
#1278=EDGE_CURVE('',#1055,#1053,#537,.T.);
#1279=EDGE_CURVE('',#1054,#1055,#538,.T.);
#1280=EDGE_CURVE('',#1055,#1005,#539,.T.);
#1281=EDGE_CURVE('',#1004,#1056,#540,.T.);
#1282=EDGE_CURVE('',#1056,#1055,#541,.T.);
#1283=EDGE_CURVE('',#1056,#1057,#542,.T.);
#1284=EDGE_CURVE('',#1057,#1054,#543,.T.);
#1285=EDGE_CURVE('',#1057,#1058,#544,.T.);
#1286=EDGE_CURVE('',#1034,#1058,#545,.T.);
#1287=EDGE_CURVE('',#1059,#1050,#546,.T.);
#1288=EDGE_CURVE('',#1008,#1059,#547,.F.);
#1289=EDGE_CURVE('',#1009,#1060,#548,.T.);
#1290=EDGE_CURVE('',#1048,#1060,#549,.T.);
#1291=EDGE_CURVE('',#996,#973,#550,.T.);
#1292=EDGE_CURVE('',#995,#1061,#551,.T.);
#1293=EDGE_CURVE('',#969,#1061,#552,.T.);
#1294=EDGE_CURVE('',#1062,#1040,#553,.T.);
#1295=EDGE_CURVE('',#1014,#1062,#554,.F.);
#1296=EDGE_CURVE('',#1003,#1063,#555,.T.);
#1297=EDGE_CURVE('',#1058,#1063,#556,.T.);
#1298=EDGE_CURVE('',#986,#1024,#557,.T.);
#1299=EDGE_CURVE('',#958,#1064,#558,.T.);
#1300=EDGE_CURVE('',#1064,#1037,#559,.T.);
#1301=EDGE_CURVE('',#1025,#1061,#560,.T.);
#1302=EDGE_CURVE('',#1065,#1064,#561,.T.);
#1303=EDGE_CURVE('',#978,#1065,#562,.T.);
#1304=EDGE_CURVE('',#1036,#1066,#563,.T.);
#1305=EDGE_CURVE('',#1066,#960,#564,.T.);
#1306=EDGE_CURVE('',#1067,#951,#565,.T.);
#1307=EDGE_CURVE('',#1068,#956,#566,.T.);
#1308=EDGE_CURVE('',#1068,#1067,#567,.T.);
#1309=EDGE_CURVE('',#1069,#1063,#568,.T.);
#1310=EDGE_CURVE('',#1069,#1066,#569,.T.);
#1311=EDGE_CURVE('',#1059,#1060,#570,.T.);
#1312=EDGE_CURVE('',#1027,#1070,#571,.T.);
#1313=EDGE_CURVE('',#1070,#1067,#572,.T.);
#1314=EDGE_CURVE('',#1071,#1068,#573,.T.);
#1315=EDGE_CURVE('',#1072,#1071,#574,.T.);
#1316=EDGE_CURVE('',#1062,#1072,#575,.T.);
#1317=EDGE_CURVE('',#1073,#1074,#576,.T.);
#1318=EDGE_CURVE('',#1074,#955,#577,.T.);
#1319=EDGE_CURVE('',#954,#1073,#578,.T.);
#1320=EDGE_CURVE('',#1074,#1068,#579,.T.);
#1321=EDGE_CURVE('',#1075,#1073,#580,.T.);
#1322=EDGE_CURVE('',#953,#1075,#581,.T.);
#1323=EDGE_CURVE('',#952,#1076,#582,.T.);
#1324=EDGE_CURVE('',#1076,#1075,#583,.T.);
#1325=EDGE_CURVE('',#972,#997,#584,.T.);
#1326=EDGE_CURVE('',#998,#1038,#585,.T.);
#1327=EDGE_CURVE('',#972,#1038,#586,.T.);
#1328=EDGE_CURVE('',#1077,#991,#587,.T.);
#1329=EDGE_CURVE('',#1078,#1077,#588,.T.);
#1330=EDGE_CURVE('',#1075,#1078,#589,.T.);
#1331=EDGE_CURVE('',#1076,#1079,#590,.T.);
#1332=EDGE_CURVE('',#1079,#1026,#591,.T.);
#1333=EDGE_CURVE('',#1079,#1080,#592,.T.);
#1334=EDGE_CURVE('',#1081,#1080,#593,.T.);
#1335=EDGE_CURVE('',#1082,#1081,#594,.T.);
#1336=EDGE_CURVE('',#1083,#1082,#595,.T.);
#1337=EDGE_CURVE('',#1083,#1070,#596,.T.);
#1338=EDGE_CURVE('',#947,#1083,#597,.T.);
#1339=EDGE_CURVE('',#1084,#950,#598,.T.);
#1340=EDGE_CURVE('',#1085,#1084,#599,.T.);
#1341=EDGE_CURVE('',#1086,#1085,#600,.T.);
#1342=EDGE_CURVE('',#1080,#1086,#601,.T.);
#1343=EDGE_CURVE('',#967,#1087,#602,.T.);
#1344=EDGE_CURVE('',#1087,#1087,#920,.T.);
#1345=EDGE_CURVE('',#966,#1088,#603,.T.);
#1346=EDGE_CURVE('',#1088,#1088,#921,.T.);
#1347=EDGE_CURVE('',#965,#1089,#604,.T.);
#1348=EDGE_CURVE('',#1089,#1089,#922,.T.);
#1349=EDGE_CURVE('',#964,#1090,#605,.T.);
#1350=EDGE_CURVE('',#1090,#1090,#923,.T.);
#1351=EDGE_CURVE('',#963,#1091,#606,.T.);
#1352=EDGE_CURVE('',#1091,#1091,#924,.T.);
#1353=EDGE_CURVE('',#962,#1000,#607,.T.);
#1354=EDGE_CURVE('',#999,#1065,#608,.T.);
#1355=EDGE_CURVE('',#1069,#1002,#609,.T.);
#1356=EDGE_CURVE('',#1001,#961,#610,.T.);
#1357=EDGE_CURVE('',#1018,#1077,#611,.T.);
#1358=EDGE_CURVE('',#1017,#1092,#612,.T.);
#1359=EDGE_CURVE('',#1092,#1077,#613,.T.);
#1360=EDGE_CURVE('',#1016,#1093,#614,.T.);
#1361=EDGE_CURVE('',#1093,#1092,#615,.T.);
#1362=EDGE_CURVE('',#1072,#1015,#616,.T.);
#1363=EDGE_CURVE('',#1072,#1093,#617,.T.);
#1364=EDGE_CURVE('',#1094,#1092,#618,.T.);
#1365=EDGE_CURVE('',#1078,#1094,#619,.T.);
#1366=EDGE_CURVE('',#1095,#1093,#620,.T.);
#1367=EDGE_CURVE('',#1096,#1095,#621,.T.);
#1368=EDGE_CURVE('',#1097,#1096,#622,.T.);
#1369=EDGE_CURVE('',#1094,#1097,#623,.T.);
#1370=EDGE_CURVE('',#1095,#1071,#624,.T.);
#1371=EDGE_CURVE('',#942,#1098,#625,.T.);
#1372=EDGE_CURVE('',#1098,#1099,#626,.T.);
#1373=EDGE_CURVE('',#1099,#1085,#627,.T.);
#1374=EDGE_CURVE('',#1084,#943,#628,.T.);
#1375=EDGE_CURVE('',#1100,#937,#629,.T.);
#1376=EDGE_CURVE('',#1100,#1098,#630,.T.);
#1377=EDGE_CURVE('',#949,#1100,#631,.T.);
#1378=EDGE_CURVE('',#1086,#1101,#632,.T.);
#1379=EDGE_CURVE('',#1101,#1081,#633,.T.);
#1380=EDGE_CURVE('',#1082,#948,#634,.T.);
#1381=EDGE_CURVE('',#1101,#1099,#635,.T.);
#1382=EDGE_CURVE('',#1102,#1078,#636,.T.);
#1383=EDGE_CURVE('',#1102,#1073,#637,.T.);
#1384=EDGE_CURVE('',#1103,#1102,#638,.T.);
#1385=EDGE_CURVE('',#1074,#1103,#639,.T.);
#1386=EDGE_CURVE('',#1071,#1103,#640,.T.);
#1387=EDGE_CURVE('',#1102,#1097,#641,.T.);
#1388=EDGE_CURVE('',#1096,#1103,#642,.T.);
#1389=ORIENTED_EDGE('',*,*,#1104,.T.);
#1390=ORIENTED_EDGE('',*,*,#1105,.T.);
#1391=ORIENTED_EDGE('',*,*,#1106,.T.);
#1392=ORIENTED_EDGE('',*,*,#1105,.F.);
#1393=ORIENTED_EDGE('',*,*,#1107,.T.);
#1394=ORIENTED_EDGE('',*,*,#1108,.T.);
#1395=ORIENTED_EDGE('',*,*,#1106,.F.);
#1396=ORIENTED_EDGE('',*,*,#1108,.F.);
#1397=ORIENTED_EDGE('',*,*,#1104,.F.);
#1398=ORIENTED_EDGE('',*,*,#1109,.F.);
#1399=ORIENTED_EDGE('',*,*,#1110,.T.);
#1400=ORIENTED_EDGE('',*,*,#1111,.F.);
#1401=ORIENTED_EDGE('',*,*,#1110,.F.);
#1402=ORIENTED_EDGE('',*,*,#1109,.T.);
#1403=ORIENTED_EDGE('',*,*,#1107,.F.);
#1404=ORIENTED_EDGE('',*,*,#1112,.F.);
#1405=ORIENTED_EDGE('',*,*,#1113,.T.);
#1406=ORIENTED_EDGE('',*,*,#1114,.T.);
#1407=ORIENTED_EDGE('',*,*,#1113,.F.);
#1408=ORIENTED_EDGE('',*,*,#1114,.F.);
#1409=ORIENTED_EDGE('',*,*,#1115,.F.);
#1410=ORIENTED_EDGE('',*,*,#1116,.F.);
#1411=ORIENTED_EDGE('',*,*,#1117,.F.);
#1412=ORIENTED_EDGE('',*,*,#1118,.F.);
#1413=ORIENTED_EDGE('',*,*,#1119,.T.);
#1414=ORIENTED_EDGE('',*,*,#1116,.T.);
#1415=ORIENTED_EDGE('',*,*,#1120,.F.);
#1416=ORIENTED_EDGE('',*,*,#1121,.F.);
#1417=ORIENTED_EDGE('',*,*,#1122,.F.);
#1418=ORIENTED_EDGE('',*,*,#1123,.F.);
#1419=ORIENTED_EDGE('',*,*,#1124,.F.);
#1420=ORIENTED_EDGE('',*,*,#1117,.T.);
#1421=ORIENTED_EDGE('',*,*,#1119,.F.);
#1422=ORIENTED_EDGE('',*,*,#1125,.F.);
#1423=ORIENTED_EDGE('',*,*,#1126,.T.);
#1424=ORIENTED_EDGE('',*,*,#1127,.F.);
#1425=ORIENTED_EDGE('',*,*,#1128,.F.);
#1426=ORIENTED_EDGE('',*,*,#1129,.F.);
#1427=ORIENTED_EDGE('',*,*,#1126,.F.);
#1428=ORIENTED_EDGE('',*,*,#1130,.F.);
#1429=ORIENTED_EDGE('',*,*,#1131,.T.);
#1430=ORIENTED_EDGE('',*,*,#1132,.T.);
#1431=ORIENTED_EDGE('',*,*,#1131,.F.);
#1432=ORIENTED_EDGE('',*,*,#1132,.F.);
#1433=ORIENTED_EDGE('',*,*,#1120,.T.);
#1434=ORIENTED_EDGE('',*,*,#1115,.T.);
#1435=ORIENTED_EDGE('',*,*,#1124,.T.);
#1436=ORIENTED_EDGE('',*,*,#1133,.F.);
#1437=ORIENTED_EDGE('',*,*,#1134,.T.);
#1438=ORIENTED_EDGE('',*,*,#1135,.F.);
#1439=ORIENTED_EDGE('',*,*,#1136,.F.);
#1440=ORIENTED_EDGE('',*,*,#1137,.F.);
#1441=ORIENTED_EDGE('',*,*,#1123,.T.);
#1442=ORIENTED_EDGE('',*,*,#1138,.T.);
#1443=ORIENTED_EDGE('',*,*,#1139,.T.);
#1444=ORIENTED_EDGE('',*,*,#1133,.T.);
#1445=ORIENTED_EDGE('',*,*,#1140,.T.);
#1446=ORIENTED_EDGE('',*,*,#1141,.F.);
#1447=ORIENTED_EDGE('',*,*,#1142,.F.);
#1448=ORIENTED_EDGE('',*,*,#1143,.F.);
#1449=ORIENTED_EDGE('',*,*,#1144,.F.);
#1450=ORIENTED_EDGE('',*,*,#1145,.F.);
#1451=ORIENTED_EDGE('',*,*,#1118,.T.);
#1452=ORIENTED_EDGE('',*,*,#1125,.T.);
#1453=ORIENTED_EDGE('',*,*,#1146,.F.);
#1454=ORIENTED_EDGE('',*,*,#1147,.F.);
#1455=ORIENTED_EDGE('',*,*,#1148,.F.);
#1456=ORIENTED_EDGE('',*,*,#1149,.F.);
#1457=ORIENTED_EDGE('',*,*,#1150,.F.);
#1458=ORIENTED_EDGE('',*,*,#1151,.T.);
#1459=ORIENTED_EDGE('',*,*,#1112,.T.);
#1460=ORIENTED_EDGE('',*,*,#1130,.T.);
#1461=ORIENTED_EDGE('',*,*,#1152,.T.);
#1462=ORIENTED_EDGE('',*,*,#1153,.T.);
#1463=ORIENTED_EDGE('',*,*,#1154,.T.);
#1464=ORIENTED_EDGE('',*,*,#1155,.T.);
#1465=ORIENTED_EDGE('',*,*,#1156,.T.);
#1466=ORIENTED_EDGE('',*,*,#1157,.F.);
#1467=ORIENTED_EDGE('',*,*,#1158,.T.);
#1468=ORIENTED_EDGE('',*,*,#1159,.T.);
#1469=ORIENTED_EDGE('',*,*,#1160,.T.);
#1470=ORIENTED_EDGE('',*,*,#1159,.F.);
#1471=ORIENTED_EDGE('',*,*,#1161,.T.);
#1472=ORIENTED_EDGE('',*,*,#1162,.T.);
#1473=ORIENTED_EDGE('',*,*,#1163,.T.);
#1474=ORIENTED_EDGE('',*,*,#1158,.F.);
#1475=ORIENTED_EDGE('',*,*,#1164,.T.);
#1476=ORIENTED_EDGE('',*,*,#1165,.F.);
#1477=ORIENTED_EDGE('',*,*,#1166,.T.);
#1478=ORIENTED_EDGE('',*,*,#1167,.T.);
#1479=ORIENTED_EDGE('',*,*,#1165,.T.);
#1480=ORIENTED_EDGE('',*,*,#1168,.T.);
#1481=ORIENTED_EDGE('',*,*,#1169,.T.);
#1482=ORIENTED_EDGE('',*,*,#1169,.F.);
#1483=ORIENTED_EDGE('',*,*,#1170,.F.);
#1484=ORIENTED_EDGE('',*,*,#1171,.F.);
#1485=ORIENTED_EDGE('',*,*,#1172,.T.);
#1486=ORIENTED_EDGE('',*,*,#1173,.F.);
#1487=ORIENTED_EDGE('',*,*,#1174,.F.);
#1488=ORIENTED_EDGE('',*,*,#1175,.T.);
#1489=ORIENTED_EDGE('',*,*,#1176,.F.);
#1490=ORIENTED_EDGE('',*,*,#1177,.T.);
#1491=ORIENTED_EDGE('',*,*,#1178,.T.);
#1492=ORIENTED_EDGE('',*,*,#1179,.T.);
#1493=ORIENTED_EDGE('',*,*,#1180,.T.);
#1494=ORIENTED_EDGE('',*,*,#1181,.T.);
#1495=ORIENTED_EDGE('',*,*,#1182,.T.);
#1496=ORIENTED_EDGE('',*,*,#1183,.T.);
#1497=ORIENTED_EDGE('',*,*,#1182,.F.);
#1498=ORIENTED_EDGE('',*,*,#1184,.T.);
#1499=ORIENTED_EDGE('',*,*,#1178,.F.);
#1500=ORIENTED_EDGE('',*,*,#1175,.F.);
#1501=ORIENTED_EDGE('',*,*,#1184,.F.);
#1502=ORIENTED_EDGE('',*,*,#1181,.F.);
#1503=ORIENTED_EDGE('',*,*,#1185,.T.);
#1504=ORIENTED_EDGE('',*,*,#1186,.T.);
#1505=ORIENTED_EDGE('',*,*,#1187,.F.);
#1506=ORIENTED_EDGE('',*,*,#1180,.F.);
#1507=ORIENTED_EDGE('',*,*,#1188,.F.);
#1508=ORIENTED_EDGE('',*,*,#1189,.F.);
#1509=ORIENTED_EDGE('',*,*,#1190,.F.);
#1510=ORIENTED_EDGE('',*,*,#1191,.F.);
#1511=ORIENTED_EDGE('',*,*,#1192,.F.);
#1512=ORIENTED_EDGE('',*,*,#1193,.F.);
#1513=ORIENTED_EDGE('',*,*,#1194,.F.);
#1514=ORIENTED_EDGE('',*,*,#1195,.F.);
#1515=ORIENTED_EDGE('',*,*,#1172,.F.);
#1516=ORIENTED_EDGE('',*,*,#1196,.F.);
#1517=ORIENTED_EDGE('',*,*,#1197,.F.);
#1518=ORIENTED_EDGE('',*,*,#1198,.F.);
#1519=ORIENTED_EDGE('',*,*,#1199,.F.);
#1520=ORIENTED_EDGE('',*,*,#1200,.F.);
#1521=ORIENTED_EDGE('',*,*,#1201,.F.);
#1522=ORIENTED_EDGE('',*,*,#1202,.F.);
#1523=ORIENTED_EDGE('',*,*,#1203,.F.);
#1524=ORIENTED_EDGE('',*,*,#1204,.F.);
#1525=ORIENTED_EDGE('',*,*,#1205,.F.);
#1526=ORIENTED_EDGE('',*,*,#1206,.F.);
#1527=ORIENTED_EDGE('',*,*,#1207,.F.);
#1528=ORIENTED_EDGE('',*,*,#1208,.F.);
#1529=ORIENTED_EDGE('',*,*,#1209,.F.);
#1530=ORIENTED_EDGE('',*,*,#1210,.F.);
#1531=ORIENTED_EDGE('',*,*,#1211,.F.);
#1532=ORIENTED_EDGE('',*,*,#1212,.F.);
#1533=ORIENTED_EDGE('',*,*,#1213,.F.);
#1534=ORIENTED_EDGE('',*,*,#1214,.F.);
#1535=ORIENTED_EDGE('',*,*,#1215,.F.);
#1536=ORIENTED_EDGE('',*,*,#1216,.F.);
#1537=ORIENTED_EDGE('',*,*,#1185,.F.);
#1538=ORIENTED_EDGE('',*,*,#1217,.T.);
#1539=ORIENTED_EDGE('',*,*,#1218,.T.);
#1540=ORIENTED_EDGE('',*,*,#1219,.T.);
#1541=ORIENTED_EDGE('',*,*,#1220,.T.);
#1542=ORIENTED_EDGE('',*,*,#1221,.T.);
#1543=ORIENTED_EDGE('',*,*,#1222,.T.);
#1544=ORIENTED_EDGE('',*,*,#1223,.T.);
#1545=ORIENTED_EDGE('',*,*,#1220,.F.);
#1546=ORIENTED_EDGE('',*,*,#1224,.T.);
#1547=ORIENTED_EDGE('',*,*,#1189,.T.);
#1548=ORIENTED_EDGE('',*,*,#1225,.T.);
#1549=ORIENTED_EDGE('',*,*,#1222,.F.);
#1550=ORIENTED_EDGE('',*,*,#1224,.F.);
#1551=ORIENTED_EDGE('',*,*,#1221,.F.);
#1552=ORIENTED_EDGE('',*,*,#1219,.F.);
#1553=ORIENTED_EDGE('',*,*,#1226,.F.);
#1554=ORIENTED_EDGE('',*,*,#1227,.F.);
#1555=ORIENTED_EDGE('',*,*,#1190,.T.);
#1556=ORIENTED_EDGE('',*,*,#1177,.F.);
#1557=ORIENTED_EDGE('',*,*,#1228,.T.);
#1558=ORIENTED_EDGE('',*,*,#1217,.F.);
#1559=ORIENTED_EDGE('',*,*,#1229,.T.);
#1560=ORIENTED_EDGE('',*,*,#1230,.F.);
#1561=ORIENTED_EDGE('',*,*,#1231,.F.);
#1562=ORIENTED_EDGE('',*,*,#1232,.F.);
#1563=ORIENTED_EDGE('',*,*,#1233,.F.);
#1564=ORIENTED_EDGE('',*,*,#1234,.F.);
#1565=ORIENTED_EDGE('',*,*,#1235,.F.);
#1566=ORIENTED_EDGE('',*,*,#1236,.F.);
#1567=ORIENTED_EDGE('',*,*,#1237,.F.);
#1568=ORIENTED_EDGE('',*,*,#1238,.F.);
#1569=ORIENTED_EDGE('',*,*,#1239,.F.);
#1570=ORIENTED_EDGE('',*,*,#1240,.F.);
#1571=ORIENTED_EDGE('',*,*,#1241,.F.);
#1572=ORIENTED_EDGE('',*,*,#1147,.T.);
#1573=ORIENTED_EDGE('',*,*,#1242,.F.);
#1574=ORIENTED_EDGE('',*,*,#1243,.F.);
#1575=ORIENTED_EDGE('',*,*,#1164,.F.);
#1576=ORIENTED_EDGE('',*,*,#1244,.F.);
#1577=ORIENTED_EDGE('',*,*,#1228,.F.);
#1578=ORIENTED_EDGE('',*,*,#1167,.F.);
#1579=ORIENTED_EDGE('',*,*,#1174,.T.);
#1580=ORIENTED_EDGE('',*,*,#1245,.F.);
#1581=ORIENTED_EDGE('',*,*,#1246,.T.);
#1582=ORIENTED_EDGE('',*,*,#1247,.T.);
#1583=ORIENTED_EDGE('',*,*,#1248,.T.);
#1584=ORIENTED_EDGE('',*,*,#1249,.T.);
#1585=ORIENTED_EDGE('',*,*,#1250,.T.);
#1586=ORIENTED_EDGE('',*,*,#1251,.T.);
#1587=ORIENTED_EDGE('',*,*,#1250,.F.);
#1588=ORIENTED_EDGE('',*,*,#1252,.T.);
#1589=ORIENTED_EDGE('',*,*,#1253,.T.);
#1590=ORIENTED_EDGE('',*,*,#1254,.T.);
#1591=ORIENTED_EDGE('',*,*,#1210,.T.);
#1592=ORIENTED_EDGE('',*,*,#1255,.T.);
#1593=ORIENTED_EDGE('',*,*,#1253,.F.);
#1594=ORIENTED_EDGE('',*,*,#1247,.F.);
#1595=ORIENTED_EDGE('',*,*,#1256,.T.);
#1596=ORIENTED_EDGE('',*,*,#1257,.F.);
#1597=ORIENTED_EDGE('',*,*,#1234,.T.);
#1598=ORIENTED_EDGE('',*,*,#1251,.F.);
#1599=ORIENTED_EDGE('',*,*,#1258,.T.);
#1600=ORIENTED_EDGE('',*,*,#1259,.F.);
#1601=ORIENTED_EDGE('',*,*,#1256,.F.);
#1602=ORIENTED_EDGE('',*,*,#1255,.F.);
#1603=ORIENTED_EDGE('',*,*,#1209,.T.);
#1604=ORIENTED_EDGE('',*,*,#1260,.F.);
#1605=ORIENTED_EDGE('',*,*,#1258,.F.);
#1606=ORIENTED_EDGE('',*,*,#1260,.T.);
#1607=ORIENTED_EDGE('',*,*,#1208,.T.);
#1608=ORIENTED_EDGE('',*,*,#1261,.T.);
#1609=ORIENTED_EDGE('',*,*,#1262,.T.);
#1610=ORIENTED_EDGE('',*,*,#1263,.T.);
#1611=ORIENTED_EDGE('',*,*,#1264,.T.);
#1612=ORIENTED_EDGE('',*,*,#1259,.T.);
#1613=ORIENTED_EDGE('',*,*,#1262,.F.);
#1614=ORIENTED_EDGE('',*,*,#1265,.T.);
#1615=ORIENTED_EDGE('',*,*,#1266,.F.);
#1616=ORIENTED_EDGE('',*,*,#1257,.T.);
#1617=ORIENTED_EDGE('',*,*,#1264,.F.);
#1618=ORIENTED_EDGE('',*,*,#1267,.T.);
#1619=ORIENTED_EDGE('',*,*,#1268,.T.);
#1620=ORIENTED_EDGE('',*,*,#1269,.T.);
#1621=ORIENTED_EDGE('',*,*,#1270,.T.);
#1622=ORIENTED_EDGE('',*,*,#1271,.T.);
#1623=ORIENTED_EDGE('',*,*,#1272,.T.);
#1624=ORIENTED_EDGE('',*,*,#1273,.T.);
#1625=ORIENTED_EDGE('',*,*,#1270,.F.);
#1626=ORIENTED_EDGE('',*,*,#1274,.T.);
#1627=ORIENTED_EDGE('',*,*,#1204,.T.);
#1628=ORIENTED_EDGE('',*,*,#1275,.T.);
#1629=ORIENTED_EDGE('',*,*,#1272,.F.);
#1630=ORIENTED_EDGE('',*,*,#1267,.F.);
#1631=ORIENTED_EDGE('',*,*,#1276,.T.);
#1632=ORIENTED_EDGE('',*,*,#1277,.F.);
#1633=ORIENTED_EDGE('',*,*,#1238,.T.);
#1634=ORIENTED_EDGE('',*,*,#1273,.F.);
#1635=ORIENTED_EDGE('',*,*,#1278,.F.);
#1636=ORIENTED_EDGE('',*,*,#1279,.F.);
#1637=ORIENTED_EDGE('',*,*,#1276,.F.);
#1638=ORIENTED_EDGE('',*,*,#1275,.F.);
#1639=ORIENTED_EDGE('',*,*,#1203,.T.);
#1640=ORIENTED_EDGE('',*,*,#1280,.F.);
#1641=ORIENTED_EDGE('',*,*,#1278,.T.);
#1642=ORIENTED_EDGE('',*,*,#1280,.T.);
#1643=ORIENTED_EDGE('',*,*,#1202,.T.);
#1644=ORIENTED_EDGE('',*,*,#1281,.T.);
#1645=ORIENTED_EDGE('',*,*,#1282,.T.);
#1646=ORIENTED_EDGE('',*,*,#1279,.T.);
#1647=ORIENTED_EDGE('',*,*,#1282,.F.);
#1648=ORIENTED_EDGE('',*,*,#1283,.T.);
#1649=ORIENTED_EDGE('',*,*,#1284,.T.);
#1650=ORIENTED_EDGE('',*,*,#1285,.T.);
#1651=ORIENTED_EDGE('',*,*,#1286,.F.);
#1652=ORIENTED_EDGE('',*,*,#1277,.T.);
#1653=ORIENTED_EDGE('',*,*,#1284,.F.);
#1654=ORIENTED_EDGE('',*,*,#1269,.F.);
#1655=ORIENTED_EDGE('',*,*,#1287,.F.);
#1656=ORIENTED_EDGE('',*,*,#1288,.F.);
#1657=ORIENTED_EDGE('',*,*,#1205,.T.);
#1658=ORIENTED_EDGE('',*,*,#1274,.F.);
#1659=ORIENTED_EDGE('',*,*,#1271,.F.);
#1660=ORIENTED_EDGE('',*,*,#1261,.F.);
#1661=ORIENTED_EDGE('',*,*,#1207,.T.);
#1662=ORIENTED_EDGE('',*,*,#1289,.T.);
#1663=ORIENTED_EDGE('',*,*,#1290,.F.);
#1664=ORIENTED_EDGE('',*,*,#1265,.F.);
#1665=ORIENTED_EDGE('',*,*,#1263,.F.);
#1666=ORIENTED_EDGE('',*,*,#1160,.F.);
#1667=ORIENTED_EDGE('',*,*,#1163,.F.);
#1668=ORIENTED_EDGE('',*,*,#1291,.F.);
#1669=ORIENTED_EDGE('',*,*,#1192,.T.);
#1670=ORIENTED_EDGE('',*,*,#1292,.T.);
#1671=ORIENTED_EDGE('',*,*,#1293,.F.);
#1672=ORIENTED_EDGE('',*,*,#1249,.F.);
#1673=ORIENTED_EDGE('',*,*,#1294,.F.);
#1674=ORIENTED_EDGE('',*,*,#1295,.F.);
#1675=ORIENTED_EDGE('',*,*,#1211,.T.);
#1676=ORIENTED_EDGE('',*,*,#1254,.F.);
#1677=ORIENTED_EDGE('',*,*,#1252,.F.);
#1678=ORIENTED_EDGE('',*,*,#1281,.F.);
#1679=ORIENTED_EDGE('',*,*,#1201,.T.);
#1680=ORIENTED_EDGE('',*,*,#1296,.T.);
#1681=ORIENTED_EDGE('',*,*,#1297,.F.);
#1682=ORIENTED_EDGE('',*,*,#1285,.F.);
#1683=ORIENTED_EDGE('',*,*,#1283,.F.);
#1684=ORIENTED_EDGE('',*,*,#1183,.F.);
#1685=ORIENTED_EDGE('',*,*,#1229,.F.);
#1686=ORIENTED_EDGE('',*,*,#1223,.F.);
#1687=ORIENTED_EDGE('',*,*,#1298,.F.);
#1688=ORIENTED_EDGE('',*,*,#1179,.F.);
#1689=ORIENTED_EDGE('',*,*,#1298,.T.);
#1690=ORIENTED_EDGE('',*,*,#1225,.F.);
#1691=ORIENTED_EDGE('',*,*,#1188,.T.);
#1692=ORIENTED_EDGE('',*,*,#1242,.T.);
#1693=ORIENTED_EDGE('',*,*,#1146,.T.);
#1694=ORIENTED_EDGE('',*,*,#1299,.T.);
#1695=ORIENTED_EDGE('',*,*,#1300,.T.);
#1696=ORIENTED_EDGE('',*,*,#1244,.T.);
#1697=ORIENTED_EDGE('',*,*,#1157,.T.);
#1698=ORIENTED_EDGE('',*,*,#1293,.T.);
#1699=ORIENTED_EDGE('',*,*,#1301,.F.);
#1700=ORIENTED_EDGE('',*,*,#1226,.T.);
#1701=ORIENTED_EDGE('',*,*,#1218,.F.);
#1702=ORIENTED_EDGE('',*,*,#1243,.T.);
#1703=ORIENTED_EDGE('',*,*,#1300,.F.);
#1704=ORIENTED_EDGE('',*,*,#1302,.F.);
#1705=ORIENTED_EDGE('',*,*,#1303,.F.);
#1706=ORIENTED_EDGE('',*,*,#1170,.T.);
#1707=ORIENTED_EDGE('',*,*,#1168,.F.);
#1708=ORIENTED_EDGE('',*,*,#1241,.T.);
#1709=ORIENTED_EDGE('',*,*,#1304,.T.);
#1710=ORIENTED_EDGE('',*,*,#1305,.T.);
#1711=ORIENTED_EDGE('',*,*,#1148,.T.);
#1712=ORIENTED_EDGE('',*,*,#1306,.T.);
#1713=ORIENTED_EDGE('',*,*,#1145,.T.);
#1714=ORIENTED_EDGE('',*,*,#1307,.F.);
#1715=ORIENTED_EDGE('',*,*,#1308,.T.);
#1716=ORIENTED_EDGE('',*,*,#1240,.T.);
#1717=ORIENTED_EDGE('',*,*,#1239,.T.);
#1718=ORIENTED_EDGE('',*,*,#1286,.T.);
#1719=ORIENTED_EDGE('',*,*,#1297,.T.);
#1720=ORIENTED_EDGE('',*,*,#1309,.F.);
#1721=ORIENTED_EDGE('',*,*,#1310,.T.);
#1722=ORIENTED_EDGE('',*,*,#1304,.F.);
#1723=ORIENTED_EDGE('',*,*,#1236,.T.);
#1724=ORIENTED_EDGE('',*,*,#1235,.T.);
#1725=ORIENTED_EDGE('',*,*,#1266,.T.);
#1726=ORIENTED_EDGE('',*,*,#1290,.T.);
#1727=ORIENTED_EDGE('',*,*,#1311,.F.);
#1728=ORIENTED_EDGE('',*,*,#1287,.T.);
#1729=ORIENTED_EDGE('',*,*,#1268,.F.);
#1730=ORIENTED_EDGE('',*,*,#1237,.T.);
#1731=ORIENTED_EDGE('',*,*,#1232,.T.);
#1732=ORIENTED_EDGE('',*,*,#1312,.T.);
#1733=ORIENTED_EDGE('',*,*,#1313,.T.);
#1734=ORIENTED_EDGE('',*,*,#1308,.F.);
#1735=ORIENTED_EDGE('',*,*,#1314,.F.);
#1736=ORIENTED_EDGE('',*,*,#1315,.F.);
#1737=ORIENTED_EDGE('',*,*,#1316,.F.);
#1738=ORIENTED_EDGE('',*,*,#1294,.T.);
#1739=ORIENTED_EDGE('',*,*,#1248,.F.);
#1740=ORIENTED_EDGE('',*,*,#1233,.T.);
#1741=ORIENTED_EDGE('',*,*,#1317,.T.);
#1742=ORIENTED_EDGE('',*,*,#1318,.T.);
#1743=ORIENTED_EDGE('',*,*,#1143,.T.);
#1744=ORIENTED_EDGE('',*,*,#1319,.T.);
#1745=ORIENTED_EDGE('',*,*,#1320,.T.);
#1746=ORIENTED_EDGE('',*,*,#1307,.T.);
#1747=ORIENTED_EDGE('',*,*,#1144,.T.);
#1748=ORIENTED_EDGE('',*,*,#1318,.F.);
#1749=ORIENTED_EDGE('',*,*,#1321,.T.);
#1750=ORIENTED_EDGE('',*,*,#1319,.F.);
#1751=ORIENTED_EDGE('',*,*,#1142,.T.);
#1752=ORIENTED_EDGE('',*,*,#1322,.T.);
#1753=ORIENTED_EDGE('',*,*,#1323,.T.);
#1754=ORIENTED_EDGE('',*,*,#1324,.T.);
#1755=ORIENTED_EDGE('',*,*,#1322,.F.);
#1756=ORIENTED_EDGE('',*,*,#1141,.T.);
#1757=ORIENTED_EDGE('',*,*,#1325,.T.);
#1758=ORIENTED_EDGE('',*,*,#1193,.T.);
#1759=ORIENTED_EDGE('',*,*,#1291,.T.);
#1760=ORIENTED_EDGE('',*,*,#1162,.F.);
#1761=ORIENTED_EDGE('',*,*,#1173,.T.);
#1762=ORIENTED_EDGE('',*,*,#1195,.T.);
#1763=ORIENTED_EDGE('',*,*,#1326,.T.);
#1764=ORIENTED_EDGE('',*,*,#1245,.T.);
#1765=ORIENTED_EDGE('',*,*,#1166,.F.);
#1766=ORIENTED_EDGE('',*,*,#1246,.F.);
#1767=ORIENTED_EDGE('',*,*,#1327,.F.);
#1768=ORIENTED_EDGE('',*,*,#1161,.F.);
#1769=ORIENTED_EDGE('',*,*,#1230,.T.);
#1770=ORIENTED_EDGE('',*,*,#1176,.T.);
#1771=ORIENTED_EDGE('',*,*,#1187,.T.);
#1772=ORIENTED_EDGE('',*,*,#1328,.F.);
#1773=ORIENTED_EDGE('',*,*,#1329,.F.);
#1774=ORIENTED_EDGE('',*,*,#1330,.F.);
#1775=ORIENTED_EDGE('',*,*,#1324,.F.);
#1776=ORIENTED_EDGE('',*,*,#1331,.T.);
#1777=ORIENTED_EDGE('',*,*,#1332,.T.);
#1778=ORIENTED_EDGE('',*,*,#1231,.T.);
#1779=ORIENTED_EDGE('',*,*,#1332,.F.);
#1780=ORIENTED_EDGE('',*,*,#1333,.T.);
#1781=ORIENTED_EDGE('',*,*,#1334,.F.);
#1782=ORIENTED_EDGE('',*,*,#1335,.F.);
#1783=ORIENTED_EDGE('',*,*,#1336,.F.);
#1784=ORIENTED_EDGE('',*,*,#1337,.T.);
#1785=ORIENTED_EDGE('',*,*,#1312,.F.);
#1786=ORIENTED_EDGE('',*,*,#1140,.F.);
#1787=ORIENTED_EDGE('',*,*,#1306,.F.);
#1788=ORIENTED_EDGE('',*,*,#1313,.F.);
#1789=ORIENTED_EDGE('',*,*,#1337,.F.);
#1790=ORIENTED_EDGE('',*,*,#1338,.F.);
#1791=ORIENTED_EDGE('',*,*,#1134,.F.);
#1792=ORIENTED_EDGE('',*,*,#1139,.F.);
#1793=ORIENTED_EDGE('',*,*,#1339,.F.);
#1794=ORIENTED_EDGE('',*,*,#1340,.F.);
#1795=ORIENTED_EDGE('',*,*,#1341,.F.);
#1796=ORIENTED_EDGE('',*,*,#1342,.F.);
#1797=ORIENTED_EDGE('',*,*,#1333,.F.);
#1798=ORIENTED_EDGE('',*,*,#1331,.F.);
#1799=ORIENTED_EDGE('',*,*,#1323,.F.);
#1800=ORIENTED_EDGE('',*,*,#1156,.F.);
#1801=ORIENTED_EDGE('',*,*,#1343,.T.);
#1802=ORIENTED_EDGE('',*,*,#1344,.T.);
#1803=ORIENTED_EDGE('',*,*,#1343,.F.);
#1804=ORIENTED_EDGE('',*,*,#1155,.F.);
#1805=ORIENTED_EDGE('',*,*,#1345,.T.);
#1806=ORIENTED_EDGE('',*,*,#1346,.T.);
#1807=ORIENTED_EDGE('',*,*,#1345,.F.);
#1808=ORIENTED_EDGE('',*,*,#1154,.F.);
#1809=ORIENTED_EDGE('',*,*,#1347,.T.);
#1810=ORIENTED_EDGE('',*,*,#1348,.T.);
#1811=ORIENTED_EDGE('',*,*,#1347,.F.);
#1812=ORIENTED_EDGE('',*,*,#1153,.F.);
#1813=ORIENTED_EDGE('',*,*,#1349,.T.);
#1814=ORIENTED_EDGE('',*,*,#1350,.T.);
#1815=ORIENTED_EDGE('',*,*,#1349,.F.);
#1816=ORIENTED_EDGE('',*,*,#1152,.F.);
#1817=ORIENTED_EDGE('',*,*,#1351,.T.);
#1818=ORIENTED_EDGE('',*,*,#1352,.T.);
#1819=ORIENTED_EDGE('',*,*,#1351,.F.);
#1820=ORIENTED_EDGE('',*,*,#1299,.F.);
#1821=ORIENTED_EDGE('',*,*,#1151,.F.);
#1822=ORIENTED_EDGE('',*,*,#1353,.T.);
#1823=ORIENTED_EDGE('',*,*,#1197,.T.);
#1824=ORIENTED_EDGE('',*,*,#1354,.T.);
#1825=ORIENTED_EDGE('',*,*,#1302,.T.);
#1826=ORIENTED_EDGE('',*,*,#1305,.F.);
#1827=ORIENTED_EDGE('',*,*,#1310,.F.);
#1828=ORIENTED_EDGE('',*,*,#1355,.T.);
#1829=ORIENTED_EDGE('',*,*,#1199,.T.);
#1830=ORIENTED_EDGE('',*,*,#1356,.T.);
#1831=ORIENTED_EDGE('',*,*,#1149,.T.);
#1832=ORIENTED_EDGE('',*,*,#1353,.F.);
#1833=ORIENTED_EDGE('',*,*,#1150,.T.);
#1834=ORIENTED_EDGE('',*,*,#1356,.F.);
#1835=ORIENTED_EDGE('',*,*,#1198,.T.);
#1836=ORIENTED_EDGE('',*,*,#1227,.T.);
#1837=ORIENTED_EDGE('',*,*,#1301,.T.);
#1838=ORIENTED_EDGE('',*,*,#1292,.F.);
#1839=ORIENTED_EDGE('',*,*,#1191,.T.);
#1840=ORIENTED_EDGE('',*,*,#1289,.F.);
#1841=ORIENTED_EDGE('',*,*,#1206,.T.);
#1842=ORIENTED_EDGE('',*,*,#1288,.T.);
#1843=ORIENTED_EDGE('',*,*,#1311,.T.);
#1844=ORIENTED_EDGE('',*,*,#1328,.T.);
#1845=ORIENTED_EDGE('',*,*,#1186,.F.);
#1846=ORIENTED_EDGE('',*,*,#1216,.T.);
#1847=ORIENTED_EDGE('',*,*,#1357,.T.);
#1848=ORIENTED_EDGE('',*,*,#1215,.T.);
#1849=ORIENTED_EDGE('',*,*,#1358,.T.);
#1850=ORIENTED_EDGE('',*,*,#1359,.T.);
#1851=ORIENTED_EDGE('',*,*,#1357,.F.);
#1852=ORIENTED_EDGE('',*,*,#1214,.T.);
#1853=ORIENTED_EDGE('',*,*,#1360,.T.);
#1854=ORIENTED_EDGE('',*,*,#1361,.T.);
#1855=ORIENTED_EDGE('',*,*,#1358,.F.);
#1856=ORIENTED_EDGE('',*,*,#1212,.T.);
#1857=ORIENTED_EDGE('',*,*,#1295,.T.);
#1858=ORIENTED_EDGE('',*,*,#1316,.T.);
#1859=ORIENTED_EDGE('',*,*,#1362,.T.);
#1860=ORIENTED_EDGE('',*,*,#1213,.T.);
#1861=ORIENTED_EDGE('',*,*,#1362,.F.);
#1862=ORIENTED_EDGE('',*,*,#1363,.T.);
#1863=ORIENTED_EDGE('',*,*,#1360,.F.);
#1864=ORIENTED_EDGE('',*,*,#1359,.F.);
#1865=ORIENTED_EDGE('',*,*,#1364,.F.);
#1866=ORIENTED_EDGE('',*,*,#1365,.F.);
#1867=ORIENTED_EDGE('',*,*,#1329,.T.);
#1868=ORIENTED_EDGE('',*,*,#1361,.F.);
#1869=ORIENTED_EDGE('',*,*,#1366,.F.);
#1870=ORIENTED_EDGE('',*,*,#1367,.F.);
#1871=ORIENTED_EDGE('',*,*,#1368,.F.);
#1872=ORIENTED_EDGE('',*,*,#1369,.F.);
#1873=ORIENTED_EDGE('',*,*,#1364,.T.);
#1874=ORIENTED_EDGE('',*,*,#1111,.T.);
#1875=ORIENTED_EDGE('',*,*,#1363,.F.);
#1876=ORIENTED_EDGE('',*,*,#1315,.T.);
#1877=ORIENTED_EDGE('',*,*,#1370,.F.);
#1878=ORIENTED_EDGE('',*,*,#1366,.T.);
#1879=ORIENTED_EDGE('',*,*,#1355,.F.);
#1880=ORIENTED_EDGE('',*,*,#1309,.T.);
#1881=ORIENTED_EDGE('',*,*,#1296,.F.);
#1882=ORIENTED_EDGE('',*,*,#1200,.T.);
#1883=ORIENTED_EDGE('',*,*,#1354,.F.);
#1884=ORIENTED_EDGE('',*,*,#1196,.T.);
#1885=ORIENTED_EDGE('',*,*,#1171,.T.);
#1886=ORIENTED_EDGE('',*,*,#1303,.T.);
#1887=ORIENTED_EDGE('',*,*,#1325,.F.);
#1888=ORIENTED_EDGE('',*,*,#1327,.T.);
#1889=ORIENTED_EDGE('',*,*,#1326,.F.);
#1890=ORIENTED_EDGE('',*,*,#1194,.T.);
#1891=ORIENTED_EDGE('',*,*,#1344,.F.);
#1892=ORIENTED_EDGE('',*,*,#1350,.F.);
#1893=ORIENTED_EDGE('',*,*,#1348,.F.);
#1894=ORIENTED_EDGE('',*,*,#1346,.F.);
#1895=ORIENTED_EDGE('',*,*,#1352,.F.);
#1896=ORIENTED_EDGE('',*,*,#1128,.T.);
#1897=ORIENTED_EDGE('',*,*,#1371,.T.);
#1898=ORIENTED_EDGE('',*,*,#1372,.T.);
#1899=ORIENTED_EDGE('',*,*,#1373,.T.);
#1900=ORIENTED_EDGE('',*,*,#1340,.T.);
#1901=ORIENTED_EDGE('',*,*,#1374,.T.);
#1902=ORIENTED_EDGE('',*,*,#1122,.T.);
#1903=ORIENTED_EDGE('',*,*,#1375,.F.);
#1904=ORIENTED_EDGE('',*,*,#1376,.T.);
#1905=ORIENTED_EDGE('',*,*,#1371,.F.);
#1906=ORIENTED_EDGE('',*,*,#1127,.T.);
#1907=ORIENTED_EDGE('',*,*,#1129,.T.);
#1908=ORIENTED_EDGE('',*,*,#1374,.F.);
#1909=ORIENTED_EDGE('',*,*,#1339,.T.);
#1910=ORIENTED_EDGE('',*,*,#1138,.F.);
#1911=ORIENTED_EDGE('',*,*,#1121,.T.);
#1912=ORIENTED_EDGE('',*,*,#1137,.T.);
#1913=ORIENTED_EDGE('',*,*,#1377,.T.);
#1914=ORIENTED_EDGE('',*,*,#1375,.T.);
#1915=ORIENTED_EDGE('',*,*,#1342,.T.);
#1916=ORIENTED_EDGE('',*,*,#1378,.T.);
#1917=ORIENTED_EDGE('',*,*,#1379,.T.);
#1918=ORIENTED_EDGE('',*,*,#1334,.T.);
#1919=ORIENTED_EDGE('',*,*,#1338,.T.);
#1920=ORIENTED_EDGE('',*,*,#1336,.T.);
#1921=ORIENTED_EDGE('',*,*,#1380,.T.);
#1922=ORIENTED_EDGE('',*,*,#1135,.T.);
#1923=ORIENTED_EDGE('',*,*,#1378,.F.);
#1924=ORIENTED_EDGE('',*,*,#1341,.T.);
#1925=ORIENTED_EDGE('',*,*,#1373,.F.);
#1926=ORIENTED_EDGE('',*,*,#1381,.F.);
#1927=ORIENTED_EDGE('',*,*,#1321,.F.);
#1928=ORIENTED_EDGE('',*,*,#1330,.T.);
#1929=ORIENTED_EDGE('',*,*,#1382,.F.);
#1930=ORIENTED_EDGE('',*,*,#1383,.T.);
#1931=ORIENTED_EDGE('',*,*,#1317,.F.);
#1932=ORIENTED_EDGE('',*,*,#1383,.F.);
#1933=ORIENTED_EDGE('',*,*,#1384,.F.);
#1934=ORIENTED_EDGE('',*,*,#1385,.F.);
#1935=ORIENTED_EDGE('',*,*,#1335,.T.);
#1936=ORIENTED_EDGE('',*,*,#1379,.F.);
#1937=ORIENTED_EDGE('',*,*,#1381,.T.);
#1938=ORIENTED_EDGE('',*,*,#1372,.F.);
#1939=ORIENTED_EDGE('',*,*,#1376,.F.);
#1940=ORIENTED_EDGE('',*,*,#1377,.F.);
#1941=ORIENTED_EDGE('',*,*,#1136,.T.);
#1942=ORIENTED_EDGE('',*,*,#1380,.F.);
#1943=ORIENTED_EDGE('',*,*,#1320,.F.);
#1944=ORIENTED_EDGE('',*,*,#1385,.T.);
#1945=ORIENTED_EDGE('',*,*,#1386,.F.);
#1946=ORIENTED_EDGE('',*,*,#1314,.T.);
#1947=ORIENTED_EDGE('',*,*,#1369,.T.);
#1948=ORIENTED_EDGE('',*,*,#1387,.F.);
#1949=ORIENTED_EDGE('',*,*,#1382,.T.);
#1950=ORIENTED_EDGE('',*,*,#1365,.T.);
#1951=ORIENTED_EDGE('',*,*,#1386,.T.);
#1952=ORIENTED_EDGE('',*,*,#1388,.F.);
#1953=ORIENTED_EDGE('',*,*,#1367,.T.);
#1954=ORIENTED_EDGE('',*,*,#1370,.T.);
#1955=ORIENTED_EDGE('',*,*,#1368,.T.);
#1956=ORIENTED_EDGE('',*,*,#1388,.T.);
#1957=ORIENTED_EDGE('',*,*,#1384,.T.);
#1958=ORIENTED_EDGE('',*,*,#1387,.T.);
#1959=CONICAL_SURFACE('',#2089,1.7,0.785398163397439);
#1960=ADVANCED_FACE('',(#147),#1959,.T.);
#1961=ADVANCED_FACE('',(#148),#136,.T.);
#1962=ADVANCED_FACE('',(#149),#34,.T.);
#1963=ADVANCED_FACE('',(#150),#137,.T.);
#1964=ADVANCED_FACE('',(#151,#22),#35,.T.);
#1965=ADVANCED_FACE('',(#152),#138,.F.);
#1966=ADVANCED_FACE('',(#153),#36,.T.);
#1967=ADVANCED_FACE('',(#154),#37,.T.);
#1968=ADVANCED_FACE('',(#155),#139,.F.);
#1969=ADVANCED_FACE('',(#156),#140,.F.);
#1970=ADVANCED_FACE('',(#157),#141,.F.);
#1971=ADVANCED_FACE('',(#158),#38,.T.);
#1972=ADVANCED_FACE('',(#159),#39,.T.);
#1973=ADVANCED_FACE('',(#160),#40,.T.);
#1974=ADVANCED_FACE('',(#161,#23,#24),#41,.T.);
#1975=ADVANCED_FACE('',(#162,#25,#26,#27,#28,#29,#30,#31),#42,.T.);
#1976=ADVANCED_FACE('',(#163),#43,.T.);
#1977=ADVANCED_FACE('',(#164),#44,.T.);
#1978=ADVANCED_FACE('',(#165),#45,.T.);
#1979=ADVANCED_FACE('',(#166),#46,.T.);
#1980=ADVANCED_FACE('',(#167),#47,.T.);
#1981=ADVANCED_FACE('',(#168),#48,.T.);
#1982=ADVANCED_FACE('',(#169),#49,.T.);
#1983=ADVANCED_FACE('',(#170),#50,.T.);
#1984=ADVANCED_FACE('',(#171),#51,.T.);
#1985=ADVANCED_FACE('',(#172),#52,.T.);
#1986=ADVANCED_FACE('',(#173),#53,.T.);
#1987=ADVANCED_FACE('',(#174),#54,.T.);
#1988=ADVANCED_FACE('',(#175),#55,.T.);
#1989=ADVANCED_FACE('',(#176),#56,.T.);
#1990=ADVANCED_FACE('',(#177),#57,.T.);
#1991=ADVANCED_FACE('',(#178),#58,.T.);
#1992=ADVANCED_FACE('',(#179),#59,.T.);
#1993=ADVANCED_FACE('',(#180),#60,.T.);
#1994=ADVANCED_FACE('',(#181),#61,.T.);
#1995=ADVANCED_FACE('',(#182),#62,.T.);
#1996=ADVANCED_FACE('',(#183),#63,.T.);
#1997=ADVANCED_FACE('',(#184),#64,.T.);
#1998=ADVANCED_FACE('',(#185),#65,.T.);
#1999=ADVANCED_FACE('',(#186),#66,.T.);
#2000=ADVANCED_FACE('',(#187),#67,.T.);
#2001=ADVANCED_FACE('',(#188),#68,.T.);
#2002=ADVANCED_FACE('',(#189),#69,.T.);
#2003=ADVANCED_FACE('',(#190),#70,.T.);
#2004=ADVANCED_FACE('',(#191),#71,.T.);
#2005=ADVANCED_FACE('',(#192),#72,.T.);
#2006=ADVANCED_FACE('',(#193),#73,.T.);
#2007=ADVANCED_FACE('',(#194),#74,.T.);
#2008=ADVANCED_FACE('',(#195),#75,.T.);
#2009=ADVANCED_FACE('',(#196),#76,.T.);
#2010=ADVANCED_FACE('',(#197),#77,.T.);
#2011=ADVANCED_FACE('',(#198),#78,.T.);
#2012=ADVANCED_FACE('',(#199),#79,.T.);
#2013=ADVANCED_FACE('',(#200),#80,.T.);
#2014=ADVANCED_FACE('',(#201),#81,.T.);
#2015=ADVANCED_FACE('',(#202),#82,.T.);
#2016=ADVANCED_FACE('',(#203),#83,.T.);
#2017=ADVANCED_FACE('',(#204),#84,.T.);
#2018=ADVANCED_FACE('',(#205),#85,.T.);
#2019=ADVANCED_FACE('',(#206),#86,.T.);
#2020=ADVANCED_FACE('',(#207),#87,.T.);
#2021=ADVANCED_FACE('',(#208),#88,.T.);
#2022=ADVANCED_FACE('',(#209),#89,.T.);
#2023=ADVANCED_FACE('',(#210),#90,.T.);
#2024=ADVANCED_FACE('',(#211),#91,.T.);
#2025=ADVANCED_FACE('',(#212),#92,.T.);
#2026=ADVANCED_FACE('',(#213),#93,.T.);
#2027=ADVANCED_FACE('',(#214),#94,.T.);
#2028=ADVANCED_FACE('',(#215),#95,.T.);
#2029=ADVANCED_FACE('',(#216),#96,.T.);
#2030=ADVANCED_FACE('',(#217),#97,.T.);
#2031=ADVANCED_FACE('',(#218),#98,.T.);
#2032=ADVANCED_FACE('',(#219),#99,.T.);
#2033=ADVANCED_FACE('',(#220),#100,.T.);
#2034=ADVANCED_FACE('',(#221),#101,.F.);
#2035=ADVANCED_FACE('',(#222),#102,.F.);
#2036=ADVANCED_FACE('',(#223),#142,.F.);
#2037=ADVANCED_FACE('',(#224),#143,.F.);
#2038=ADVANCED_FACE('',(#225),#144,.F.);
#2039=ADVANCED_FACE('',(#226),#145,.F.);
#2040=ADVANCED_FACE('',(#227),#146,.F.);
#2041=ADVANCED_FACE('',(#228),#103,.T.);
#2042=ADVANCED_FACE('',(#229),#104,.T.);
#2043=ADVANCED_FACE('',(#230),#105,.T.);
#2044=ADVANCED_FACE('',(#231),#106,.T.);
#2045=ADVANCED_FACE('',(#232),#107,.T.);
#2046=ADVANCED_FACE('',(#233),#108,.T.);
#2047=ADVANCED_FACE('',(#234),#109,.T.);
#2048=ADVANCED_FACE('',(#235),#110,.T.);
#2049=ADVANCED_FACE('',(#236),#111,.T.);
#2050=ADVANCED_FACE('',(#237),#112,.T.);
#2051=ADVANCED_FACE('',(#238),#113,.T.);
#2052=ADVANCED_FACE('',(#239,#32),#114,.T.);
#2053=ADVANCED_FACE('',(#240),#115,.T.);
#2054=ADVANCED_FACE('',(#241),#116,.T.);
#2055=ADVANCED_FACE('',(#242),#117,.T.);
#2056=ADVANCED_FACE('',(#243),#118,.T.);
#2057=ADVANCED_FACE('',(#244),#119,.T.);
#2058=ADVANCED_FACE('',(#245),#120,.T.);
#2059=ADVANCED_FACE('',(#246),#121,.T.);
#2060=ADVANCED_FACE('',(#247),#122,.T.);
#2061=ADVANCED_FACE('',(#248),#123,.T.);
#2062=ADVANCED_FACE('',(#249),#124,.T.);
#2063=ADVANCED_FACE('',(#250),#125,.T.);
#2064=ADVANCED_FACE('',(#251),#126,.T.);
#2065=ADVANCED_FACE('',(#252),#127,.T.);
#2066=ADVANCED_FACE('',(#253),#128,.T.);
#2067=ADVANCED_FACE('',(#254),#129,.T.);
#2068=ADVANCED_FACE('',(#255),#130,.T.);
#2069=ADVANCED_FACE('',(#256,#33),#131,.T.);
#2070=ADVANCED_FACE('',(#257),#132,.T.);
#2071=ADVANCED_FACE('',(#258),#133,.T.);
#2072=ADVANCED_FACE('',(#259),#134,.T.);
#2073=ADVANCED_FACE('',(#260),#135,.T.);
#2074=CLOSED_SHELL('',(#1960,#1961,#1962,#1963,#1964,#1965,#1966,#1967,
#1968,#1969,#1970,#1971,#1972,#1973,#1974,#1975,#1976,#1977,#1978,#1979,
#1980,#1981,#1982,#1983,#1984,#1985,#1986,#1987,#1988,#1989,#1990,#1991,
#1992,#1993,#1994,#1995,#1996,#1997,#1998,#1999,#2000,#2001,#2002,#2003,
#2004,#2005,#2006,#2007,#2008,#2009,#2010,#2011,#2012,#2013,#2014,#2015,
#2016,#2017,#2018,#2019,#2020,#2021,#2022,#2023,#2024,#2025,#2026,#2027,
#2028,#2029,#2030,#2031,#2032,#2033,#2034,#2035,#2036,#2037,#2038,#2039,
#2040,#2041,#2042,#2043,#2044,#2045,#2046,#2047,#2048,#2049,#2050,#2051,
#2052,#2053,#2054,#2055,#2056,#2057,#2058,#2059,#2060,#2061,#2062,#2063,
#2064,#2065,#2066,#2067,#2068,#2069,#2070,#2071,#2072,#2073));
#2075=DERIVED_UNIT_ELEMENT(#2077,1.);
#2076=DERIVED_UNIT_ELEMENT(#3369,-3.);
#2077=(
MASS_UNIT()
NAMED_UNIT(*)
SI_UNIT(.KILO.,.GRAM.)
);
#2078=DERIVED_UNIT((#2075,#2076));
#2079=MEASURE_REPRESENTATION_ITEM('density measure',
POSITIVE_RATIO_MEASURE(7850.),#2078);
#2080=PROPERTY_DEFINITION_REPRESENTATION(#2085,#2082);
#2081=PROPERTY_DEFINITION_REPRESENTATION(#2086,#2083);
#2082=REPRESENTATION('material name',(#2084),#3366);
#2083=REPRESENTATION('density',(#2079),#3366);
#2084=DESCRIPTIVE_REPRESENTATION_ITEM('Steel','Steel');
#2085=PROPERTY_DEFINITION('material property','material name',#3381);
#2086=PROPERTY_DEFINITION('material property','density of part',#3381);
#2087=AXIS2_PLACEMENT_3D('',#2781,#2233,#2234);
#2088=AXIS2_PLACEMENT_3D('',#2782,#2235,#2236);
#2089=AXIS2_PLACEMENT_3D('',#2783,#2237,#2238);
#2090=AXIS2_PLACEMENT_3D('',#2785,#2239,#2240);
#2091=AXIS2_PLACEMENT_3D('',#2788,#2242,#2243);
#2092=AXIS2_PLACEMENT_3D('',#2789,#2244,#2245);
#2093=AXIS2_PLACEMENT_3D('',#2791,#2246,#2247);
#2094=AXIS2_PLACEMENT_3D('',#2793,#2249,#2250);
#2095=AXIS2_PLACEMENT_3D('',#2794,#2251,#2252);
#2096=AXIS2_PLACEMENT_3D('',#2796,#2253,#2254);
#2097=AXIS2_PLACEMENT_3D('',#2799,#2256,#2257);
#2098=AXIS2_PLACEMENT_3D('',#2800,#2258,#2259);
#2099=AXIS2_PLACEMENT_3D('',#2801,#2260,#2261);
#2100=AXIS2_PLACEMENT_3D('',#2803,#2262,#2263);
#2101=AXIS2_PLACEMENT_3D('',#2806,#2265,#2266);
#2102=AXIS2_PLACEMENT_3D('',#2807,#2267,#2268);
#2103=AXIS2_PLACEMENT_3D('',#2808,#2269,#2270);
#2104=AXIS2_PLACEMENT_3D('',#2813,#2272,#2273);
#2105=AXIS2_PLACEMENT_3D('',#2814,#2274,#2275);
#2106=AXIS2_PLACEMENT_3D('',#2815,#2276,#2277);
#2107=AXIS2_PLACEMENT_3D('',#2817,#2278,#2279);
#2108=AXIS2_PLACEMENT_3D('',#2822,#2282,#2283);
#2109=AXIS2_PLACEMENT_3D('',#2824,#2284,#2285);
#2110=AXIS2_PLACEMENT_3D('',#2826,#2286,#2287);
#2111=AXIS2_PLACEMENT_3D('',#2828,#2289,#2290);
#2112=AXIS2_PLACEMENT_3D('',#2830,#2291,#2292);
#2113=AXIS2_PLACEMENT_3D('',#2834,#2294,#2295);
#2114=AXIS2_PLACEMENT_3D('',#2836,#2296,#2297);
#2115=AXIS2_PLACEMENT_3D('',#2837,#2298,#2299);
#2116=AXIS2_PLACEMENT_3D('',#2838,#2300,#2301);
#2117=AXIS2_PLACEMENT_3D('',#2840,#2302,#2303);
#2118=AXIS2_PLACEMENT_3D('',#2843,#2305,#2306);
#2119=AXIS2_PLACEMENT_3D('',#2844,#2307,#2308);
#2120=AXIS2_PLACEMENT_3D('',#2845,#2309,#2310);
#2121=AXIS2_PLACEMENT_3D('',#2855,#2316,#2317);
#2122=AXIS2_PLACEMENT_3D('',#2859,#2320,#2321);
#2123=AXIS2_PLACEMENT_3D('',#2872,#2328,#2329);
#2124=AXIS2_PLACEMENT_3D('',#2886,#2336,#2337);
#2125=AXIS2_PLACEMENT_3D('',#2888,#2338,#2339);
#2126=AXIS2_PLACEMENT_3D('',#2890,#2340,#2341);
#2127=AXIS2_PLACEMENT_3D('',#2892,#2342,#2343);
#2128=AXIS2_PLACEMENT_3D('',#2894,#2344,#2345);
#2129=AXIS2_PLACEMENT_3D('',#2895,#2346,#2347);
#2130=AXIS2_PLACEMENT_3D('',#2904,#2352,#2353);
#2131=AXIS2_PLACEMENT_3D('',#2910,#2357,#2358);
#2132=AXIS2_PLACEMENT_3D('',#2916,#2362,#2363);
#2133=AXIS2_PLACEMENT_3D('',#2922,#2367,#2368);
#2134=AXIS2_PLACEMENT_3D('',#2932,#2374,#2375);
#2135=AXIS2_PLACEMENT_3D('',#2941,#2380,#2381);
#2136=AXIS2_PLACEMENT_3D('',#2950,#2386,#2387);
#2137=AXIS2_PLACEMENT_3D('',#2953,#2390,#2391);
#2138=AXIS2_PLACEMENT_3D('',#2959,#2395,#2396);
#2139=AXIS2_PLACEMENT_3D('',#3016,#2426,#2427);
#2140=AXIS2_PLACEMENT_3D('',#3025,#2432,#2433);
#2141=AXIS2_PLACEMENT_3D('',#3031,#2437,#2438);
#2142=AXIS2_PLACEMENT_3D('',#3034,#2441,#2442);
#2143=AXIS2_PLACEMENT_3D('',#3038,#2445,#2446);
#2144=AXIS2_PLACEMENT_3D('',#3041,#2449,#2450);
#2145=AXIS2_PLACEMENT_3D('',#3069,#2466,#2467);
#2146=AXIS2_PLACEMENT_3D('',#3073,#2470,#2471);
#2147=AXIS2_PLACEMENT_3D('',#3081,#2476,#2477);
#2148=AXIS2_PLACEMENT_3D('',#3087,#2481,#2482);
#2149=AXIS2_PLACEMENT_3D('',#3090,#2485,#2486);
#2150=AXIS2_PLACEMENT_3D('',#3094,#2489,#2490);
#2151=AXIS2_PLACEMENT_3D('',#3098,#2493,#2494);
#2152=AXIS2_PLACEMENT_3D('',#3100,#2496,#2497);
#2153=AXIS2_PLACEMENT_3D('',#3104,#2500,#2501);
#2154=AXIS2_PLACEMENT_3D('',#3108,#2504,#2505);
#2155=AXIS2_PLACEMENT_3D('',#3112,#2508,#2509);
#2156=AXIS2_PLACEMENT_3D('',#3120,#2514,#2515);
#2157=AXIS2_PLACEMENT_3D('',#3126,#2519,#2520);
#2158=AXIS2_PLACEMENT_3D('',#3129,#2523,#2524);
#2159=AXIS2_PLACEMENT_3D('',#3133,#2527,#2528);
#2160=AXIS2_PLACEMENT_3D('',#3137,#2531,#2532);
#2161=AXIS2_PLACEMENT_3D('',#3139,#2534,#2535);
#2162=AXIS2_PLACEMENT_3D('',#3143,#2538,#2539);
#2163=AXIS2_PLACEMENT_3D('',#3147,#2542,#2543);
#2164=AXIS2_PLACEMENT_3D('',#3151,#2546,#2547);
#2165=AXIS2_PLACEMENT_3D('',#3155,#2550,#2551);
#2166=AXIS2_PLACEMENT_3D('',#3159,#2554,#2555);
#2167=AXIS2_PLACEMENT_3D('',#3164,#2559,#2560);
#2168=AXIS2_PLACEMENT_3D('',#3168,#2563,#2564);
#2169=AXIS2_PLACEMENT_3D('',#3172,#2567,#2568);
#2170=AXIS2_PLACEMENT_3D('',#3174,#2570,#2571);
#2171=AXIS2_PLACEMENT_3D('',#3175,#2572,#2573);
#2172=AXIS2_PLACEMENT_3D('',#3179,#2576,#2577);
#2173=AXIS2_PLACEMENT_3D('',#3181,#2579,#2580);
#2174=AXIS2_PLACEMENT_3D('',#3185,#2583,#2584);
#2175=AXIS2_PLACEMENT_3D('',#3189,#2587,#2588);
#2176=AXIS2_PLACEMENT_3D('',#3195,#2592,#2593);
#2177=AXIS2_PLACEMENT_3D('',#3199,#2596,#2597);
#2178=AXIS2_PLACEMENT_3D('',#3201,#2599,#2600);
#2179=AXIS2_PLACEMENT_3D('',#3210,#2606,#2607);
#2180=AXIS2_PLACEMENT_3D('',#3216,#2611,#2612);
#2181=AXIS2_PLACEMENT_3D('',#3218,#2614,#2615);
#2182=AXIS2_PLACEMENT_3D('',#3222,#2618,#2619);
#2183=AXIS2_PLACEMENT_3D('',#3226,#2622,#2623);
#2184=AXIS2_PLACEMENT_3D('',#3228,#2625,#2626);
#2185=AXIS2_PLACEMENT_3D('',#3230,#2628,#2629);
#2186=AXIS2_PLACEMENT_3D('',#3232,#2631,#2632);
#2187=AXIS2_PLACEMENT_3D('',#3241,#2638,#2639);
#2188=AXIS2_PLACEMENT_3D('',#3251,#2645,#2646);
#2189=AXIS2_PLACEMENT_3D('',#3260,#2652,#2653);
#2190=AXIS2_PLACEMENT_3D('',#3263,#2655,#2656);
#2191=AXIS2_PLACEMENT_3D('',#3264,#2657,#2658);
#2192=AXIS2_PLACEMENT_3D('',#3267,#2660,#2661);
#2193=AXIS2_PLACEMENT_3D('',#3268,#2662,#2663);
#2194=AXIS2_PLACEMENT_3D('',#3271,#2665,#2666);
#2195=AXIS2_PLACEMENT_3D('',#3272,#2667,#2668);
#2196=AXIS2_PLACEMENT_3D('',#3275,#2670,#2671);
#2197=AXIS2_PLACEMENT_3D('',#3276,#2672,#2673);
#2198=AXIS2_PLACEMENT_3D('',#3279,#2675,#2676);
#2199=AXIS2_PLACEMENT_3D('',#3280,#2677,#2678);
#2200=AXIS2_PLACEMENT_3D('',#3283,#2681,#2682);
#2201=AXIS2_PLACEMENT_3D('',#3286,#2685,#2686);
#2202=AXIS2_PLACEMENT_3D('',#3287,#2687,#2688);
#2203=AXIS2_PLACEMENT_3D('',#3288,#2689,#2690);
#2204=AXIS2_PLACEMENT_3D('',#3289,#2691,#2692);
#2205=AXIS2_PLACEMENT_3D('',#3291,#2694,#2695);
#2206=AXIS2_PLACEMENT_3D('',#3295,#2698,#2699);
#2207=AXIS2_PLACEMENT_3D('',#3299,#2702,#2703);
#2208=AXIS2_PLACEMENT_3D('',#3301,#2705,#2706);
#2209=AXIS2_PLACEMENT_3D('',#3303,#2708,#2709);
#2210=AXIS2_PLACEMENT_3D('',#3307,#2712,#2713);
#2211=AXIS2_PLACEMENT_3D('',#3315,#2718,#2719);
#2212=AXIS2_PLACEMENT_3D('',#3317,#2721,#2722);
#2213=AXIS2_PLACEMENT_3D('',#3318,#2723,#2724);
#2214=AXIS2_PLACEMENT_3D('',#3319,#2725,#2726);
#2215=AXIS2_PLACEMENT_3D('',#3320,#2727,#2728);
#2216=AXIS2_PLACEMENT_3D('',#3321,#2729,#2730);
#2217=AXIS2_PLACEMENT_3D('',#3322,#2731,#2732);
#2218=AXIS2_PLACEMENT_3D('',#3323,#2733,#2734);
#2219=AXIS2_PLACEMENT_3D('',#3324,#2735,#2736);
#2220=AXIS2_PLACEMENT_3D('',#3325,#2737,#2738);
#2221=AXIS2_PLACEMENT_3D('',#3332,#2743,#2744);
#2222=AXIS2_PLACEMENT_3D('',#3336,#2747,#2748);
#2223=AXIS2_PLACEMENT_3D('',#3338,#2750,#2751);
#2224=AXIS2_PLACEMENT_3D('',#3342,#2754,#2755);
#2225=AXIS2_PLACEMENT_3D('',#3344,#2757,#2758);
#2226=AXIS2_PLACEMENT_3D('',#3346,#2760,#2761);
#2227=AXIS2_PLACEMENT_3D('',#3350,#2764,#2765);
#2228=AXIS2_PLACEMENT_3D('',#3354,#2768,#2769);
#2229=AXIS2_PLACEMENT_3D('',#3356,#2771,#2772);
#2230=AXIS2_PLACEMENT_3D('',#3358,#2774,#2775);
#2231=AXIS2_PLACEMENT_3D('',#3360,#2777,#2778);
#2232=AXIS2_PLACEMENT_3D('',#3361,#2779,#2780);
#2233=DIRECTION('axis',(0.,0.,1.));
#2234=DIRECTION('refdir',(1.,0.,0.));
#2235=DIRECTION('axis',(0.,0.,1.));
#2236=DIRECTION('refdir',(1.,0.,0.));
#2237=DIRECTION('center_axis',(0.,0.,1.));
#2238=DIRECTION('ref_axis',(1.,0.,0.));
#2239=DIRECTION('center_axis',(0.,0.,1.));
#2240=DIRECTION('ref_axis',(1.,0.,0.));
#2241=DIRECTION('',(-0.707106781186541,8.65956056235486E-17,0.707106781186554));
#2242=DIRECTION('center_axis',(0.,0.,-1.));
#2243=DIRECTION('ref_axis',(1.,0.,0.));
#2244=DIRECTION('center_axis',(0.,0.,1.));
#2245=DIRECTION('ref_axis',(1.,0.,0.));
#2246=DIRECTION('center_axis',(0.,0.,-1.));
#2247=DIRECTION('ref_axis',(1.,0.,0.));
#2248=DIRECTION('',(0.,0.,-1.));
#2249=DIRECTION('center_axis',(0.,0.,-1.));
#2250=DIRECTION('ref_axis',(1.,0.,0.));
#2251=DIRECTION('center_axis',(0.,0.,-1.));
#2252=DIRECTION('ref_axis',(1.,0.,0.));
#2253=DIRECTION('center_axis',(0.,0.,-1.));
#2254=DIRECTION('ref_axis',(1.,0.,0.));
#2255=DIRECTION('',(0.,0.,1.));
#2256=DIRECTION('center_axis',(0.,0.,1.));
#2257=DIRECTION('ref_axis',(1.,0.,0.));
#2258=DIRECTION('center_axis',(0.,0.,-1.));
#2259=DIRECTION('ref_axis',(1.,0.,0.));
#2260=DIRECTION('center_axis',(0.,0.,-1.));
#2261=DIRECTION('ref_axis',(-1.,0.,0.));
#2262=DIRECTION('center_axis',(0.,0.,-1.));
#2263=DIRECTION('ref_axis',(-1.,0.,0.));
#2264=DIRECTION('',(0.,0.,-1.));
#2265=DIRECTION('center_axis',(0.,0.,-1.));
#2266=DIRECTION('ref_axis',(-1.,0.,0.));
#2267=DIRECTION('center_axis',(0.,0.,1.));
#2268=DIRECTION('ref_axis',(-1.,0.,0.));
#2269=DIRECTION('center_axis',(0.,0.,1.));
#2270=DIRECTION('ref_axis',(-1.,0.,0.));
#2271=DIRECTION('',(0.,1.,0.));
#2272=DIRECTION('center_axis',(0.,0.,-1.));
#2273=DIRECTION('ref_axis',(-1.,0.,0.));
#2274=DIRECTION('center_axis',(0.,0.,-1.));
#2275=DIRECTION('ref_axis',(-1.,0.,0.));
#2276=DIRECTION('center_axis',(0.,0.,-1.));
#2277=DIRECTION('ref_axis',(-1.,0.,0.));
#2278=DIRECTION('center_axis',(0.,0.,-1.));
#2279=DIRECTION('ref_axis',(-1.,0.,0.));
#2280=DIRECTION('',(0.,0.,-1.));
#2281=DIRECTION('',(0.,0.,-1.));
#2282=DIRECTION('center_axis',(0.707106781186543,0.,0.707106781186552));
#2283=DIRECTION('ref_axis',(-0.707106781186552,0.,0.707106781186543));
#2284=DIRECTION('center_axis',(0.,0.,1.));
#2285=DIRECTION('ref_axis',(-1.,0.,0.));
#2286=DIRECTION('center_axis',(0.707106781186543,0.,0.707106781186552));
#2287=DIRECTION('ref_axis',(-0.707106781186552,0.,0.707106781186543));
#2288=DIRECTION('',(0.,0.,1.));
#2289=DIRECTION('center_axis',(0.,0.,-1.));
#2290=DIRECTION('ref_axis',(-1.,0.,0.));
#2291=DIRECTION('center_axis',(0.,0.,-1.));
#2292=DIRECTION('ref_axis',(-1.,0.,0.));
#2293=DIRECTION('',(0.,0.,-1.));
#2294=DIRECTION('center_axis',(0.,0.,1.));
#2295=DIRECTION('ref_axis',(-1.,0.,0.));
#2296=DIRECTION('center_axis',(-0.707106781186543,0.,0.707106781186552));
#2297=DIRECTION('ref_axis',(-0.707106781186552,0.,-0.707106781186543));
#2298=DIRECTION('center_axis',(0.,0.,1.));
#2299=DIRECTION('ref_axis',(-1.,0.,0.));
#2300=DIRECTION('center_axis',(0.,0.,-1.));
#2301=DIRECTION('ref_axis',(-1.,0.,0.));
#2302=DIRECTION('center_axis',(0.,0.,-1.));
#2303=DIRECTION('ref_axis',(-1.,0.,0.));
#2304=DIRECTION('',(0.,0.,-1.));
#2305=DIRECTION('center_axis',(0.,0.,-1.));
#2306=DIRECTION('ref_axis',(-1.,0.,0.));
#2307=DIRECTION('center_axis',(0.,0.,1.));
#2308=DIRECTION('ref_axis',(-1.,0.,0.));
#2309=DIRECTION('center_axis',(-1.,0.,0.));
#2310=DIRECTION('ref_axis',(0.,0.,-1.));
#2311=DIRECTION('',(0.,-1.,0.));
#2312=DIRECTION('',(0.,0.,-1.));
#2313=DIRECTION('',(0.,1.,0.));
#2314=DIRECTION('',(0.,0.,-1.));
#2315=DIRECTION('',(0.,-1.,0.));
#2316=DIRECTION('center_axis',(-0.707106781186543,0.,-0.707106781186552));
#2317=DIRECTION('ref_axis',(-0.707106781186552,0.,0.707106781186543));
#2318=DIRECTION('',(0.,1.,0.));
#2319=DIRECTION('',(0.707106781186552,0.,-0.707106781186543));
#2320=DIRECTION('center_axis',(0.,0.,1.));
#2321=DIRECTION('ref_axis',(-1.,0.,0.));
#2322=DIRECTION('',(-1.,0.,0.));
#2323=DIRECTION('',(0.,1.,0.));
#2324=DIRECTION('',(-0.707106991920759,0.707106570452274,0.));
#2325=DIRECTION('',(-1.,0.,0.));
#2326=DIRECTION('',(-0.707106991920762,-0.70710657045227,0.));
#2327=DIRECTION('',(0.,-1.,0.));
#2328=DIRECTION('center_axis',(0.,0.,1.));
#2329=DIRECTION('ref_axis',(-1.,0.,0.));
#2330=DIRECTION('',(0.,1.,0.));
#2331=DIRECTION('',(-1.,0.,0.));
#2332=DIRECTION('',(0.,-1.,0.));
#2333=DIRECTION('',(0.89442717893012,-0.44721361963955,0.));
#2334=DIRECTION('',(1.,0.,0.));
#2335=DIRECTION('',(-0.894427210587997,-0.447213556323793,0.));
#2336=DIRECTION('center_axis',(0.,0.,-1.));
#2337=DIRECTION('ref_axis',(-1.,0.,0.));
#2338=DIRECTION('center_axis',(0.,0.,-1.));
#2339=DIRECTION('ref_axis',(-1.,0.,0.));
#2340=DIRECTION('center_axis',(0.,0.,-1.));
#2341=DIRECTION('ref_axis',(-1.,0.,0.));
#2342=DIRECTION('center_axis',(0.,0.,-1.));
#2343=DIRECTION('ref_axis',(-1.,0.,0.));
#2344=DIRECTION('center_axis',(0.,0.,-1.));
#2345=DIRECTION('ref_axis',(-1.,0.,0.));
#2346=DIRECTION('center_axis',(-0.500000000000002,-0.5,-0.707106781186546));
#2347=DIRECTION('ref_axis',(-0.816496580927724,0.,0.577350269189628));
#2348=DIRECTION('',(0.,0.816496580927726,-0.577350269189627));
#2349=DIRECTION('',(-0.707106781186546,0.707106781186549,0.));
#2350=DIRECTION('',(0.678598344545839,0.28108463771483,-0.678598344545851));
#2351=DIRECTION('',(0.707106781186546,-0.707106781186549,0.));
#2352=DIRECTION('center_axis',(-0.707106781186554,0.,-0.707106781186541));
#2353=DIRECTION('ref_axis',(-0.707106781186541,0.,0.707106781186554));
#2354=DIRECTION('',(0.,1.,0.));
#2355=DIRECTION('',(0.678598344545847,-0.281084637714807,-0.678598344545853));
#2356=DIRECTION('',(0.,-1.,0.));
#2357=DIRECTION('center_axis',(-0.707106781186549,-0.707106781186546,0.));
#2358=DIRECTION('ref_axis',(0.,0.,1.));
#2359=DIRECTION('',(0.,0.,1.));
#2360=DIRECTION('',(0.707106781186546,-0.707106781186549,0.));
#2361=DIRECTION('',(0.,0.,-1.));
#2362=DIRECTION('center_axis',(-0.500000000000003,-0.500000000000002,0.707106781186544));
#2363=DIRECTION('ref_axis',(0.816496580927723,0.,0.57735026918963));
#2364=DIRECTION('',(-0.67859834454584,-0.281084637714824,-0.678598344545852));
#2365=DIRECTION('',(0.,-0.816496580927724,-0.577350269189629));
#2366=DIRECTION('',(-0.707106781186546,0.707106781186549,0.));
#2367=DIRECTION('center_axis',(0.,0.,1.));
#2368=DIRECTION('ref_axis',(-1.,0.,0.));
#2369=DIRECTION('',(0.,-1.,0.));
#2370=DIRECTION('',(0.707106781186552,0.707106781186543,0.));
#2371=DIRECTION('',(-1.,0.,0.));
#2372=DIRECTION('',(0.707106781186548,0.707106781186548,0.));
#2373=DIRECTION('',(0.,1.,0.));
#2374=DIRECTION('center_axis',(-0.499999999999997,-0.499999999999996,-0.707106781186553));
#2375=DIRECTION('ref_axis',(-0.816496580927729,0.,0.577350269189621));
#2376=DIRECTION('',(0.707106781186546,-0.707106781186549,0.));
#2377=DIRECTION('',(0.,0.81649658092773,-0.57735026918962));
#2378=DIRECTION('',(-0.707106781186546,0.707106781186549,0.));
#2379=DIRECTION('',(0.67859834454584,0.281084637714855,-0.67859834454584));
#2380=DIRECTION('center_axis',(-0.500000000000006,0.500000000000006,-0.70710678118654));
#2381=DIRECTION('ref_axis',(-0.81649658092772,0.,0.577350269189634));
#2382=DIRECTION('',(0.707106781186548,0.707106781186548,0.));
#2383=DIRECTION('',(0.81649658092772,0.,-0.577350269189634));
#2384=DIRECTION('',(-0.707106781186548,-0.707106781186548,0.));
#2385=DIRECTION('',(-0.678598344545849,0.281084637714811,0.678598344545849));
#2386=DIRECTION('center_axis',(-0.707106781186548,0.,-0.707106781186548));
#2387=DIRECTION('ref_axis',(-0.707106781186548,0.,0.707106781186548));
#2388=DIRECTION('',(0.,1.,0.));
#2389=DIRECTION('',(0.,-1.,0.));
#2390=DIRECTION('center_axis',(0.,0.,-1.));
#2391=DIRECTION('ref_axis',(1.,0.,0.));
#2392=DIRECTION('',(1.,0.,0.));
#2393=DIRECTION('',(-0.707106777573966,-0.707106784799129,0.));
#2394=DIRECTION('',(0.,1.,0.));
#2395=DIRECTION('center_axis',(0.,1.,0.));
#2396=DIRECTION('ref_axis',(0.,0.,1.));
#2397=DIRECTION('',(0.,0.,-1.));
#2398=DIRECTION('',(-0.81649658092772,0.,-0.577350269189634));
#2399=DIRECTION('',(-1.,0.,0.));
#2400=DIRECTION('',(0.,0.,-1.));
#2401=DIRECTION('',(1.,0.,0.));
#2402=DIRECTION('',(0.816496580927722,0.,-0.577350269189632));
#2403=DIRECTION('',(0.,0.,-1.));
#2404=DIRECTION('',(-0.816496580927723,0.,-0.57735026918963));
#2405=DIRECTION('',(0.,0.,-1.));
#2406=DIRECTION('',(-0.707106858615232,0.,-0.707106703757855));
#2407=DIRECTION('',(-1.,0.,0.));
#2408=DIRECTION('',(-0.707106765283201,0.,0.707106797089894));
#2409=DIRECTION('',(0.,0.,1.));
#2410=DIRECTION('',(-1.,0.,-4.19912987652231E-10));
#2411=DIRECTION('',(-0.816496581170142,0.,0.577350268846797));
#2412=DIRECTION('',(-4.19915361741611E-10,0.,1.));
#2413=DIRECTION('',(0.816496580685283,0.,0.577350269532492));
#2414=DIRECTION('',(1.,0.,4.19912987652231E-10));
#2415=DIRECTION('',(0.,0.,1.));
#2416=DIRECTION('',(-1.,0.,-4.19914769622665E-10));
#2417=DIRECTION('',(-0.816496581170178,0.,0.577350268846747));
#2418=DIRECTION('',(0.,-4.19915361741611E-10,1.));
#2419=DIRECTION('',(0.816496580685285,0.,0.577350269532489));
#2420=DIRECTION('',(1.,0.,4.19914769622665E-10));
#2421=DIRECTION('',(0.,0.,1.));
#2422=DIRECTION('',(0.707106781186546,0.,0.707106781186549));
#2423=DIRECTION('',(1.,0.,0.));
#2424=DIRECTION('',(0.707106781186548,0.,-0.707106781186548));
#2425=DIRECTION('',(0.,0.,-1.));
#2426=DIRECTION('center_axis',(-0.499999999999997,-0.499999999999996,0.707106781186553));
#2427=DIRECTION('ref_axis',(0.816496580927729,0.,0.577350269189621));
#2428=DIRECTION('',(0.707106781186546,-0.707106781186549,0.));
#2429=DIRECTION('',(0.,-0.81649658092773,-0.57735026918962));
#2430=DIRECTION('',(-0.707106781186546,0.707106781186549,0.));
#2431=DIRECTION('',(-0.67859834454584,-0.281084637714855,-0.67859834454584));
#2432=DIRECTION('center_axis',(-0.707106781186554,0.,0.707106781186541));
#2433=DIRECTION('ref_axis',(0.707106781186541,0.,0.707106781186554));
#2434=DIRECTION('',(0.,1.,0.));
#2435=DIRECTION('',(-0.678598344545844,0.281084637714808,-0.678598344545856));
#2436=DIRECTION('',(0.,-1.,0.));
#2437=DIRECTION('center_axis',(-0.500000000000006,0.500000000000006,0.70710678118654));
#2438=DIRECTION('ref_axis',(0.81649658092772,0.,0.577350269189634));
#2439=DIRECTION('',(0.707106781186548,0.707106781186548,0.));
#2440=DIRECTION('',(-0.707106781186548,-0.707106781186548,0.));
#2441=DIRECTION('center_axis',(0.,0.,1.));
#2442=DIRECTION('ref_axis',(-1.,0.,0.));
#2443=DIRECTION('',(0.,-1.,0.));
#2444=DIRECTION('',(0.707106746064175,0.707106816308918,0.));
#2445=DIRECTION('center_axis',(-0.707106781186549,-0.707106781186546,0.));
#2446=DIRECTION('ref_axis',(0.,0.,1.));
#2447=DIRECTION('',(0.,0.,1.));
#2448=DIRECTION('',(0.,0.,-1.));
#2449=DIRECTION('center_axis',(0.,-1.,0.));
#2450=DIRECTION('ref_axis',(0.,0.,-1.));
#2451=DIRECTION('',(0.,0.,1.));
#2452=DIRECTION('',(-1.,0.,0.));
#2453=DIRECTION('',(0.,0.,-1.));
#2454=DIRECTION('',(4.19915361741611E-10,0.,-1.));
#2455=DIRECTION('',(4.19915361741611E-10,0.,-1.));
#2456=DIRECTION('',(4.19915361741611E-10,0.,-1.));
#2457=DIRECTION('',(0.,0.,-1.));
#2458=DIRECTION('',(4.19915361741611E-10,0.,-1.));
#2459=DIRECTION('',(4.19915361741611E-10,0.,-1.));
#2460=DIRECTION('',(4.19915361741611E-10,0.,-1.));
#2461=DIRECTION('',(0.,0.,-1.));
#2462=DIRECTION('',(0.707106781186543,0.,-0.707106781186552));
#2463=DIRECTION('',(0.707106781186541,0.,0.707106781186554));
#2464=DIRECTION('',(0.,0.,1.));
#2465=DIRECTION('',(0.,0.,1.));
#2466=DIRECTION('center_axis',(-0.707106781186554,0.,0.707106781186541));
#2467=DIRECTION('ref_axis',(0.707106781186541,0.,0.707106781186554));
#2468=DIRECTION('',(0.678598344545839,-0.28108463771483,0.678598344545851));
#2469=DIRECTION('',(0.,-1.,0.));
#2470=DIRECTION('center_axis',(0.500000000296912,-0.499999999999987,-0.707106780976608));
#2471=DIRECTION('ref_axis',(-0.816496580685302,0.,-0.577350269532465));
#2472=DIRECTION('',(-0.707106781186548,-0.707106781186548,-2.96924581120573E-10));
#2473=DIRECTION('',(0.,-0.816496580846927,0.577350269303893));
#2474=DIRECTION('',(0.707106781186548,0.707106781186548,2.96924581120573E-10));
#2475=DIRECTION('',(0.678598344260878,-0.281084637714875,0.678598344830794));
#2476=DIRECTION('center_axis',(0.707106781483477,0.,-0.707106780889618));
#2477=DIRECTION('ref_axis',(-0.707106780889618,0.,-0.707106781483477));
#2478=DIRECTION('',(0.,-1.,0.));
#2479=DIRECTION('',(0.,1.,0.));
#2480=DIRECTION('',(0.678598344260899,0.28108463771481,0.6785983448308));
#2481=DIRECTION('center_axis',(0.500000000296927,0.500000000000003,-0.707106780976586));
#2482=DIRECTION('ref_axis',(-0.816496580685285,0.,-0.577350269532489));
#2483=DIRECTION('',(-0.707106781186547,0.707106781186548,-2.96924581120573E-10));
#2484=DIRECTION('',(0.707106781186547,-0.707106781186548,2.96924581120573E-10));
#2485=DIRECTION('center_axis',(0.707106781186548,-0.707106781186548,2.96924999811895E-10));
#2486=DIRECTION('ref_axis',(4.19915361741611E-10,0.,-1.));
#2487=DIRECTION('',(-4.19915361741611E-10,0.,1.));
#2488=DIRECTION('',(0.707106781186548,0.707106781186548,2.96924581120573E-10));
#2489=DIRECTION('center_axis',(1.,0.,4.19915361741611E-10));
#2490=DIRECTION('ref_axis',(-4.19915361741611E-10,0.,1.));
#2491=DIRECTION('',(-4.19915361741611E-10,-7.3113127550286E-26,1.));
#2492=DIRECTION('',(0.,1.,0.));
#2493=DIRECTION('center_axis',(0.707106781186548,0.707106781186547,2.96924999811895E-10));
#2494=DIRECTION('ref_axis',(4.19915361741611E-10,0.,-1.));
#2495=DIRECTION('',(-0.707106781186547,0.707106781186548,-2.96924581120573E-10));
#2496=DIRECTION('center_axis',(0.499999999703062,0.499999999999987,0.707106781396523));
#2497=DIRECTION('ref_axis',(0.816496581170178,0.,-0.577350268846747));
#2498=DIRECTION('',(0.707106781186547,-0.707106781186548,2.96924581120573E-10));
#2499=DIRECTION('',(0.678598344830794,0.281084637714854,-0.678598344260886));
#2500=DIRECTION('center_axis',(0.707106780889629,0.,0.707106781483467));
#2501=DIRECTION('ref_axis',(0.707106781483467,0.,-0.707106780889628));
#2502=DIRECTION('',(0.,-1.,0.));
#2503=DIRECTION('',(0.678598344830805,-0.281084637714809,-0.678598344260894));
#2504=DIRECTION('center_axis',(0.499999999703073,-0.499999999999997,0.707106781396509));
#2505=DIRECTION('ref_axis',(0.816496581170167,0.,-0.577350268846762));
#2506=DIRECTION('',(-0.707106781186548,-0.707106781186548,-2.96924581120573E-10));
#2507=DIRECTION('',(0.,0.816496581008542,0.577350269075335));
#2508=DIRECTION('center_axis',(0.500000000296929,-0.500000000000006,-0.707106780976582));
#2509=DIRECTION('ref_axis',(-0.816496580685283,0.,-0.577350269532493));
#2510=DIRECTION('',(-0.707106781186548,-0.707106781186548,-2.96923321077195E-10));
#2511=DIRECTION('',(0.,-0.816496580846907,0.577350269303921));
#2512=DIRECTION('',(0.707106781186548,0.707106781186548,2.96923321077195E-10));
#2513=DIRECTION('',(0.678598344260882,-0.281084637714828,0.678598344830809));
#2514=DIRECTION('center_axis',(0.707106781483483,0.,-0.707106780889612));
#2515=DIRECTION('ref_axis',(-0.707106780889612,0.,-0.707106781483483));
#2516=DIRECTION('',(0.,1.,0.));
#2517=DIRECTION('',(0.678598344260881,0.281084637714828,0.67859834483081));
#2518=DIRECTION('',(0.,-1.,0.));
#2519=DIRECTION('center_axis',(0.500000000296929,0.500000000000006,-0.707106780976583));
#2520=DIRECTION('ref_axis',(-0.816496580685283,0.,-0.577350269532492));
#2521=DIRECTION('',(-0.707106781186548,0.707106781186548,-2.96923321077195E-10));
#2522=DIRECTION('',(0.707106781186548,-0.707106781186548,2.96923321077195E-10));
#2523=DIRECTION('center_axis',(0.707106781186548,-0.707106781186548,2.96924999811895E-10));
#2524=DIRECTION('ref_axis',(4.19915361741611E-10,0.,-1.));
#2525=DIRECTION('',(-4.19915361741611E-10,0.,1.));
#2526=DIRECTION('',(0.707106781186548,0.707106781186548,2.96923321077195E-10));
#2527=DIRECTION('center_axis',(1.,0.,4.19915361741611E-10));
#2528=DIRECTION('ref_axis',(-4.19915361741611E-10,0.,1.));
#2529=DIRECTION('',(4.19915361741611E-10,0.,-1.));
#2530=DIRECTION('',(0.,1.,0.));
#2531=DIRECTION('center_axis',(0.707106781186548,0.707106781186548,2.96924999811895E-10));
#2532=DIRECTION('ref_axis',(4.19915361741611E-10,0.,-1.));
#2533=DIRECTION('',(-0.707106781186548,0.707106781186548,-2.96923321077195E-10));
#2534=DIRECTION('center_axis',(0.499999999703095,0.500000000000019,0.707106781396478));
#2535=DIRECTION('ref_axis',(0.816496581170142,0.,-0.577350268846797));
#2536=DIRECTION('',(0.707106781186548,-0.707106781186548,2.96923321077195E-10));
#2537=DIRECTION('',(0.678598344830793,0.281084637714805,-0.678598344260908));
#2538=DIRECTION('center_axis',(0.707106780889635,0.,0.70710678148346));
#2539=DIRECTION('ref_axis',(0.70710678148346,0.,-0.707106780889635));
#2540=DIRECTION('',(0.,-1.,0.));
#2541=DIRECTION('',(0.678598344830778,-0.281084637714872,-0.678598344260895));
#2542=DIRECTION('center_axis',(0.499999999703072,-0.499999999999995,0.707106781396511));
#2543=DIRECTION('ref_axis',(0.816496581170168,0.,-0.577350268846761));
#2544=DIRECTION('',(-0.707106781186548,-0.707106781186548,-2.96923321077195E-10));
#2545=DIRECTION('',(0.,0.816496581008544,0.577350269075332));
#2546=DIRECTION('center_axis',(4.19912987652231E-10,0.,-1.));
#2547=DIRECTION('ref_axis',(1.,0.,4.19912987652231E-10));
#2548=DIRECTION('',(0.,-1.,0.));
#2549=DIRECTION('',(-0.707106781186551,0.707106781186544,-2.96923321077197E-10));
#2550=DIRECTION('center_axis',(-4.19914769622665E-10,0.,1.));
#2551=DIRECTION('ref_axis',(-1.,0.,-4.19914769622665E-10));
#2552=DIRECTION('',(0.707106781186551,-0.707106781186544,2.96924581120574E-10));
#2553=DIRECTION('',(0.,1.,0.));
#2554=DIRECTION('center_axis',(0.,0.,-1.));
#2555=DIRECTION('ref_axis',(1.,0.,0.));
#2556=DIRECTION('',(-0.707106781186548,-0.707106781186548,0.));
#2557=DIRECTION('',(-0.707106746064175,-0.707106816308918,0.));
#2558=DIRECTION('',(0.,1.,0.));
#2559=DIRECTION('center_axis',(4.19914769622665E-10,0.,-1.));
#2560=DIRECTION('ref_axis',(1.,0.,4.19914769622665E-10));
#2561=DIRECTION('',(0.,-1.,0.));
#2562=DIRECTION('',(-0.707106784427984,0.707106777945111,-2.969245824817E-10));
#2563=DIRECTION('center_axis',(-4.19912987652231E-10,0.,1.));
#2564=DIRECTION('ref_axis',(-1.,0.,-4.19912987652231E-10));
#2565=DIRECTION('',(0.707106749379836,-0.707106812993257,2.96923307721144E-10));
#2566=DIRECTION('',(0.,1.,0.));
#2567=DIRECTION('center_axis',(-1.,0.,0.));
#2568=DIRECTION('ref_axis',(0.,0.,-1.));
#2569=DIRECTION('',(0.,0.,1.));
#2570=DIRECTION('center_axis',(-0.707106781186548,0.707106781186548,0.));
#2571=DIRECTION('ref_axis',(0.,0.,1.));
#2572=DIRECTION('center_axis',(-0.707106781186554,0.,0.707106781186541));
#2573=DIRECTION('ref_axis',(0.707106781186541,0.,0.707106781186554));
#2574=DIRECTION('',(-0.707106781186539,7.74286948110818E-8,-0.707106781186552));
#2575=DIRECTION('',(0.,-1.,0.));
#2576=DIRECTION('center_axis',(-1.,0.,0.));
#2577=DIRECTION('ref_axis',(0.,1.,0.));
#2578=DIRECTION('',(0.,0.,1.));
#2579=DIRECTION('center_axis',(-1.,0.,0.));
#2580=DIRECTION('ref_axis',(0.,1.,0.));
#2581=DIRECTION('',(0.,-0.447213634676116,0.894427171411836));
#2582=DIRECTION('',(0.,0.,1.));
#2583=DIRECTION('center_axis',(0.707106781186552,0.,0.707106781186543));
#2584=DIRECTION('ref_axis',(0.707106781186543,0.,-0.707106781186552));
#2585=DIRECTION('',(0.,1.,0.));
#2586=DIRECTION('',(-0.707106781186543,1.59033422638568E-8,0.707106781186552));
#2587=DIRECTION('center_axis',(0.707106781186552,0.,0.707106781186543));
#2588=DIRECTION('ref_axis',(0.707106781186543,0.,-0.707106781186552));
#2589=DIRECTION('',(-0.707106781186543,0.,0.707106781186552));
#2590=DIRECTION('',(-0.678598321948762,0.281084746823155,0.678598321948771));
#2591=DIRECTION('',(0.,1.,0.));
#2592=DIRECTION('center_axis',(1.,0.,0.));
#2593=DIRECTION('ref_axis',(0.,-1.,0.));
#2594=DIRECTION('',(0.,0.,-1.));
#2595=DIRECTION('',(0.,-0.447213603546494,0.894427186976648));
#2596=DIRECTION('center_axis',(1.,0.,0.));
#2597=DIRECTION('ref_axis',(0.,-1.,0.));
#2598=DIRECTION('',(0.,0.,-1.));
#2599=DIRECTION('center_axis',(1.,0.,0.));
#2600=DIRECTION('ref_axis',(0.,-1.,0.));
#2601=DIRECTION('',(0.,-1.,0.));
#2602=DIRECTION('',(0.,0.,1.));
#2603=DIRECTION('',(0.,0.,1.));
#2604=DIRECTION('',(0.,-1.,0.));
#2605=DIRECTION('',(0.,0.,-1.));
#2606=DIRECTION('center_axis',(0.,-0.707106781186554,0.707106781186541));
#2607=DIRECTION('ref_axis',(1.,0.,0.));
#2608=DIRECTION('',(1.,0.,0.));
#2609=DIRECTION('',(-0.281084528606547,0.678598367142899,0.678598367142911));
#2610=DIRECTION('',(-0.281084528606528,-0.678598367142903,-0.678598367142916));
#2611=DIRECTION('center_axis',(0.499999850988362,-0.500000149011591,0.707106781186549));
#2612=DIRECTION('ref_axis',(0.816496662039389,0.,-0.577350154480395));
#2613=DIRECTION('',(0.707106991920762,0.70710657045227,0.));
#2614=DIRECTION('center_axis',(-0.499999850988367,-0.500000149011591,0.707106781186546));
#2615=DIRECTION('ref_axis',(0.816496662039385,0.,0.577350154480401));
#2616=DIRECTION('',(0.707106991920759,-0.707106570452274,0.));
#2617=DIRECTION('',(-0.678598321948765,-0.281084746823133,-0.678598321948777));
#2618=DIRECTION('center_axis',(-0.707106781186554,0.,0.707106781186541));
#2619=DIRECTION('ref_axis',(0.707106781186541,0.,0.707106781186554));
#2620=DIRECTION('',(-0.707106781186541,0.,-0.707106781186554));
#2621=DIRECTION('',(0.,-1.,0.));
#2622=DIRECTION('center_axis',(-0.500000000000004,0.500000000000004,-0.707106781186542));
#2623=DIRECTION('ref_axis',(-0.816496580927722,0.,0.577350269189632));
#2624=DIRECTION('',(0.707106781186548,0.707106781186548,0.));
#2625=DIRECTION('center_axis',(-0.500000000000002,0.500000000000002,0.707106781186544));
#2626=DIRECTION('ref_axis',(0.816496580927723,0.,0.57735026918963));
#2627=DIRECTION('',(-0.707106781186548,-0.707106781186548,0.));
#2628=DIRECTION('center_axis',(-1.,0.,0.));
#2629=DIRECTION('ref_axis',(0.,0.,-1.));
#2630=DIRECTION('',(0.,0.,1.));
#2631=DIRECTION('center_axis',(-1.,0.,0.));
#2632=DIRECTION('ref_axis',(0.,1.,0.));
#2633=DIRECTION('',(0.,0.,1.));
#2634=DIRECTION('',(0.,1.,0.));
#2635=DIRECTION('',(0.,0.,-1.));
#2636=DIRECTION('',(0.,0.,-1.));
#2637=DIRECTION('',(0.,1.,0.));
#2638=DIRECTION('center_axis',(0.,0.,-1.));
#2639=DIRECTION('ref_axis',(-1.,0.,0.));
#2640=DIRECTION('',(1.,0.,0.));
#2641=DIRECTION('',(0.,1.,0.));
#2642=DIRECTION('',(-1.,0.,0.));
#2643=DIRECTION('',(0.,-1.,0.));
#2644=DIRECTION('',(1.,0.,0.));
#2645=DIRECTION('center_axis',(0.,-1.,0.));
#2646=DIRECTION('ref_axis',(0.,0.,-1.));
#2647=DIRECTION('',(-0.707106781186551,0.,-0.707106781186544));
#2648=DIRECTION('',(1.,0.,0.));
#2649=DIRECTION('',(0.707106781186552,0.,0.707106781186543));
#2650=DIRECTION('',(0.,0.,1.));
#2651=DIRECTION('',(-0.707106781186551,0.,0.707106781186544));
#2652=DIRECTION('center_axis',(0.,0.,-1.));
#2653=DIRECTION('ref_axis',(-1.,0.,0.));
#2654=DIRECTION('',(0.,0.,-1.));
#2655=DIRECTION('center_axis',(0.,0.,-1.));
#2656=DIRECTION('ref_axis',(-1.,0.,0.));
#2657=DIRECTION('center_axis',(0.,0.,-1.));
#2658=DIRECTION('ref_axis',(-1.,0.,0.));
#2659=DIRECTION('',(0.,0.,-1.));
#2660=DIRECTION('center_axis',(0.,0.,-1.));
#2661=DIRECTION('ref_axis',(-1.,0.,0.));
#2662=DIRECTION('center_axis',(0.,0.,-1.));
#2663=DIRECTION('ref_axis',(-1.,0.,0.));
#2664=DIRECTION('',(0.,0.,-1.));
#2665=DIRECTION('center_axis',(0.,0.,-1.));
#2666=DIRECTION('ref_axis',(-1.,0.,0.));
#2667=DIRECTION('center_axis',(0.,0.,-1.));
#2668=DIRECTION('ref_axis',(-1.,0.,0.));
#2669=DIRECTION('',(0.,0.,-1.));
#2670=DIRECTION('center_axis',(0.,0.,-1.));
#2671=DIRECTION('ref_axis',(-1.,0.,0.));
#2672=DIRECTION('center_axis',(0.,0.,-1.));
#2673=DIRECTION('ref_axis',(-1.,0.,0.));
#2674=DIRECTION('',(0.,0.,-1.));
#2675=DIRECTION('center_axis',(0.,0.,-1.));
#2676=DIRECTION('ref_axis',(-1.,0.,0.));
#2677=DIRECTION('center_axis',(-0.408248245760386,0.816496580927726,0.408248335167335));
#2678=DIRECTION('ref_axis',(0.707106858615232,0.,0.707106703757855));
#2679=DIRECTION('',(0.57735026918963,0.577350269189624,-0.577350269189624));
#2680=DIRECTION('',(-0.57735026918963,-0.577350269189624,0.577350269189624));
#2681=DIRECTION('center_axis',(0.408248311888073,0.816496568685317,0.40824829352447));
#2682=DIRECTION('ref_axis',(0.707106765283201,0.,-0.707106797089894));
#2683=DIRECTION('',(-0.577350234562865,0.577350286503005,-0.577350286503005));
#2684=DIRECTION('',(0.577350234562865,-0.577350286503005,0.577350286503005));
#2685=DIRECTION('center_axis',(0.,0.707106781186548,0.707106781186548));
#2686=DIRECTION('ref_axis',(1.,0.,0.));
#2687=DIRECTION('center_axis',(-0.707106816308918,0.707106746064175,0.));
#2688=DIRECTION('ref_axis',(0.,0.,1.));
#2689=DIRECTION('center_axis',(0.707106781186544,0.707106781186551,0.));
#2690=DIRECTION('ref_axis',(0.,0.,-1.));
#2691=DIRECTION('center_axis',(-0.707106784799129,0.707106777573966,0.));
#2692=DIRECTION('ref_axis',(0.,0.,1.));
#2693=DIRECTION('',(-0.678598339482406,-0.678598346416272,-0.281084645423442));
#2694=DIRECTION('center_axis',(-0.499999999999999,0.707106781186549,-0.499999999999999));
#2695=DIRECTION('ref_axis',(-0.707106781186548,0.,0.707106781186548));
#2696=DIRECTION('',(-0.281084637714832,-0.678598344545849,-0.678598344545841));
#2697=DIRECTION('',(-0.707106781186548,0.,0.707106781186548));
#2698=DIRECTION('center_axis',(0.,0.707106781186552,-0.707106781186543));
#2699=DIRECTION('ref_axis',(-1.,0.,0.));
#2700=DIRECTION('',(0.281084637714818,-0.678598344545843,-0.678598344545852));
#2701=DIRECTION('',(-1.,0.,0.));
#2702=DIRECTION('center_axis',(0.707106777945111,0.707106784427984,0.));
#2703=DIRECTION('ref_axis',(0.,0.,-1.));
#2704=DIRECTION('',(-0.678598347410824,0.67859834118932,0.281084638901528));
#2705=DIRECTION('center_axis',(0.499999999999998,0.707106781186551,-0.499999999999997));
#2706=DIRECTION('ref_axis',(-0.707106781186546,0.,-0.707106781186549));
#2707=DIRECTION('',(-0.707106781186546,0.,-0.707106781186549));
#2708=DIRECTION('center_axis',(-0.707106781186548,0.,-0.707106781186548));
#2709=DIRECTION('ref_axis',(-0.707106781186548,0.,0.707106781186548));
#2710=DIRECTION('',(0.,1.,0.));
#2711=DIRECTION('',(0.678598321948774,0.281084746823119,-0.678598321948774));
#2712=DIRECTION('center_axis',(0.,0.,-1.));
#2713=DIRECTION('ref_axis',(-1.,0.,0.));
#2714=DIRECTION('',(0.,1.,0.));
#2715=DIRECTION('',(0.707106991920762,0.70710657045227,0.));
#2716=DIRECTION('',(1.,0.,0.));
#2717=DIRECTION('',(0.707106991920759,-0.707106570452274,0.));
#2718=DIRECTION('center_axis',(0.707106781186549,0.,-0.707106781186546));
#2719=DIRECTION('ref_axis',(-0.707106781186546,0.,-0.707106781186549));
#2720=DIRECTION('',(0.678598321948768,-0.281084746823142,0.67859832194877));
#2721=DIRECTION('center_axis',(0.707106812993257,0.707106749379836,0.));
#2722=DIRECTION('ref_axis',(0.,0.,-1.));
#2723=DIRECTION('center_axis',(-0.707106781186543,0.707106781186552,0.));
#2724=DIRECTION('ref_axis',(0.,0.,1.));
#2725=DIRECTION('center_axis',(-0.707106781186548,0.707106781186548,0.));
#2726=DIRECTION('ref_axis',(0.,0.,1.));
#2727=DIRECTION('center_axis',(0.,0.,1.));
#2728=DIRECTION('ref_axis',(-1.,0.,0.));
#2729=DIRECTION('center_axis',(0.,0.,1.));
#2730=DIRECTION('ref_axis',(-1.,0.,0.));
#2731=DIRECTION('center_axis',(0.,0.,1.));
#2732=DIRECTION('ref_axis',(-1.,0.,0.));
#2733=DIRECTION('center_axis',(0.,0.,1.));
#2734=DIRECTION('ref_axis',(-1.,0.,0.));
#2735=DIRECTION('center_axis',(0.,0.,1.));
#2736=DIRECTION('ref_axis',(-1.,0.,0.));
#2737=DIRECTION('center_axis',(0.707106781186543,0.,-0.707106781186552));
#2738=DIRECTION('ref_axis',(-0.707106781186552,0.,-0.707106781186543));
#2739=DIRECTION('',(0.,-1.,0.));
#2740=DIRECTION('',(-0.707106781186552,0.,-0.707106781186543));
#2741=DIRECTION('',(0.,1.,0.));
#2742=DIRECTION('',(0.,-1.,0.));
#2743=DIRECTION('center_axis',(0.,0.,-1.));
#2744=DIRECTION('ref_axis',(1.,0.,0.));
#2745=DIRECTION('',(0.,1.,0.));
#2746=DIRECTION('',(-1.,0.,0.));
#2747=DIRECTION('center_axis',(-0.707106781186543,0.,-0.707106781186552));
#2748=DIRECTION('ref_axis',(-0.707106781186552,0.,0.707106781186543));
#2749=DIRECTION('',(-0.707106781186552,0.,0.707106781186543));
#2750=DIRECTION('center_axis',(0.707106781186544,0.,0.707106781186551));
#2751=DIRECTION('ref_axis',(0.707106781186551,0.,-0.707106781186544));
#2752=DIRECTION('',(0.,-1.,0.));
#2753=DIRECTION('',(0.707106781186551,0.,-0.707106781186544));
#2754=DIRECTION('center_axis',(-0.707106781186544,0.,0.707106781186551));
#2755=DIRECTION('ref_axis',(0.707106781186551,0.,0.707106781186544));
#2756=DIRECTION('',(0.707106781186551,0.,0.707106781186544));
#2757=DIRECTION('center_axis',(1.,0.,0.));
#2758=DIRECTION('ref_axis',(0.,0.,1.));
#2759=DIRECTION('',(0.,0.,1.));
#2760=DIRECTION('center_axis',(-0.707106570452274,-0.707106991920759,0.));
#2761=DIRECTION('ref_axis',(0.,0.,1.));
#2762=DIRECTION('',(-0.707106991920759,0.707106570452274,0.));
#2763=DIRECTION('',(0.,0.,1.));
#2764=DIRECTION('center_axis',(0.,-1.,0.));
#2765=DIRECTION('ref_axis',(0.,0.,-1.));
#2766=DIRECTION('',(-1.,0.,0.));
#2767=DIRECTION('',(0.,0.,-1.));
#2768=DIRECTION('center_axis',(0.70710657045227,-0.707106991920762,0.));
#2769=DIRECTION('ref_axis',(0.,0.,-1.));
#2770=DIRECTION('',(-0.707106991920762,-0.70710657045227,0.));
#2771=DIRECTION('center_axis',(-0.499999850988367,-0.500000149011591,-0.707106781186545));
#2772=DIRECTION('ref_axis',(-0.816496662039384,0.,0.577350154480402));
#2773=DIRECTION('',(0.281084978277082,0.678598071774967,-0.678598476251066));
#2774=DIRECTION('center_axis',(0.499999850988361,-0.50000014901159,-0.707106781186551));
#2775=DIRECTION('ref_axis',(-0.816496662039389,0.,-0.577350154480394));
#2776=DIRECTION('',(0.281084978277095,-0.678598071774965,0.678598476251063));
#2777=DIRECTION('center_axis',(0.,-0.707106991920763,-0.707106570452269));
#2778=DIRECTION('ref_axis',(-1.,0.,0.));
#2779=DIRECTION('',(0.,0.,1.));
#2780=DIRECTION('',(1.,0.,0.));
#2781=CARTESIAN_POINT('',(0.,0.,0.));
#2782=CARTESIAN_POINT('',(0.,0.,0.));
#2783=CARTESIAN_POINT('Origin',(-29.94,166.7,131.731729985377));
#2784=CARTESIAN_POINT('',(-31.39,166.7,131.481729985377));
#2785=CARTESIAN_POINT('Origin',(-29.94,166.7,131.481729985377));
#2786=CARTESIAN_POINT('',(-31.89,166.7,131.981729985377));
#2787=CARTESIAN_POINT('',(-31.64,166.7,131.731729985377));
#2788=CARTESIAN_POINT('Origin',(-29.94,166.7,131.981729985377));
#2789=CARTESIAN_POINT('Origin',(-29.94,166.7,131.481729985377));
#2790=CARTESIAN_POINT('',(-31.89,166.7,136.181729985377));
#2791=CARTESIAN_POINT('Origin',(-29.94,166.7,136.181729985377));
#2792=CARTESIAN_POINT('',(-31.89,166.7,131.481729985377));
#2793=CARTESIAN_POINT('Origin',(-29.94,166.7,131.481729985377));
#2794=CARTESIAN_POINT('Origin',(-29.94,166.7,137.181729985377));
#2795=CARTESIAN_POINT('',(-33.44,166.7,136.181729985377));
#2796=CARTESIAN_POINT('Origin',(-29.94,166.7,136.181729985377));
#2797=CARTESIAN_POINT('',(-33.44,166.7,137.181729985377));
#2798=CARTESIAN_POINT('',(-33.44,166.7,137.181729985377));
#2799=CARTESIAN_POINT('Origin',(-29.94,166.7,137.181729985377));
#2800=CARTESIAN_POINT('Origin',(-29.94,166.7,136.181729985377));
#2801=CARTESIAN_POINT('Origin',(-34.94,200.8,173.681729985377));
#2802=CARTESIAN_POINT('',(-32.94,200.8,173.681729985377));
#2803=CARTESIAN_POINT('Origin',(-34.94,200.8,173.681729985377));
#2804=CARTESIAN_POINT('',(-32.94,200.8,143.681729985377));
#2805=CARTESIAN_POINT('',(-32.94,200.8,173.681729985377));
#2806=CARTESIAN_POINT('Origin',(-34.94,200.8,143.681729985377));
#2807=CARTESIAN_POINT('Origin',(-34.94,200.8,143.681729985377));
#2808=CARTESIAN_POINT('Origin',(-24.94,152.6,143.681729985377));
#2809=CARTESIAN_POINT('',(-23.0000002682209,152.113789098541,143.681729985377));
#2810=CARTESIAN_POINT('',(-23.0000002682209,153.086210901458,143.681729985377));
#2811=CARTESIAN_POINT('',(-23.0000002682209,181.300001564622,143.681729985377));
#2812=CARTESIAN_POINT('',(-22.94,152.6,143.681729985377));
#2813=CARTESIAN_POINT('Origin',(-24.94,152.6,143.681729985377));
#2814=CARTESIAN_POINT('Origin',(-24.94,152.6,143.681729985377));
#2815=CARTESIAN_POINT('Origin',(-24.94,152.6,173.681729985377));
#2816=CARTESIAN_POINT('',(-22.94,152.6,173.681729985377));
#2817=CARTESIAN_POINT('Origin',(-24.94,152.6,173.681729985377));
#2818=CARTESIAN_POINT('',(-22.94,152.6,173.681729985377));
#2819=CARTESIAN_POINT('',(-23.0000002682209,152.113789098541,156.181729985377));
#2820=CARTESIAN_POINT('',(-23.0000002682209,152.113789098541,173.681729985377));
#2821=CARTESIAN_POINT('',(-24.5000002682209,150.649000195788,157.681729985377));
#2822=CARTESIAN_POINT('Origin',(-24.94,152.6,158.121729717156));
#2823=CARTESIAN_POINT('',(-24.5000002682209,154.550999804212,157.681729985377));
#2824=CARTESIAN_POINT('Origin',(-24.94,152.6,157.681729985377));
#2825=CARTESIAN_POINT('',(-23.0000002682209,153.086210901458,156.181729985377));
#2826=CARTESIAN_POINT('Origin',(-24.94,152.6,158.121729717156));
#2827=CARTESIAN_POINT('',(-23.0000002682209,153.086210901458,173.681729985377));
#2828=CARTESIAN_POINT('Origin',(-34.94,152.6,173.681729985377));
#2829=CARTESIAN_POINT('',(-32.94,152.6,173.681729985377));
#2830=CARTESIAN_POINT('Origin',(-34.94,152.6,173.681729985377));
#2831=CARTESIAN_POINT('',(-32.94,152.6,157.681729985377));
#2832=CARTESIAN_POINT('',(-32.94,152.6,173.681729985377));
#2833=CARTESIAN_POINT('',(-35.5000002682209,150.680000078231,157.681729985377));
#2834=CARTESIAN_POINT('Origin',(-34.94,152.6,157.681729985377));
#2835=CARTESIAN_POINT('',(-35.5000002682209,154.519999921769,157.681729985377));
#2836=CARTESIAN_POINT('Origin',(-34.94,152.6,158.241730253598));
#2837=CARTESIAN_POINT('Origin',(-34.94,152.6,157.681729985377));
#2838=CARTESIAN_POINT('Origin',(-24.94,200.8,173.681729985377));
#2839=CARTESIAN_POINT('',(-22.94,200.8,173.681729985377));
#2840=CARTESIAN_POINT('Origin',(-24.94,200.8,173.681729985377));
#2841=CARTESIAN_POINT('',(-22.94,200.8,143.681729985377));
#2842=CARTESIAN_POINT('',(-22.94,200.8,173.681729985377));
#2843=CARTESIAN_POINT('Origin',(-24.94,200.8,143.681729985377));
#2844=CARTESIAN_POINT('Origin',(-24.94,200.8,143.681729985377));
#2845=CARTESIAN_POINT('Origin',(-23.0000002682209,210.000003129244,166.681729985377));
#2846=CARTESIAN_POINT('',(-23.0000002682209,156.000003129244,156.181729985377));
#2847=CARTESIAN_POINT('',(-23.0000002682209,210.000003129244,156.181729985377));
#2848=CARTESIAN_POINT('',(-23.0000002682209,156.000003129244,143.181729985377));
#2849=CARTESIAN_POINT('',(-23.0000002682209,156.000003129244,162.181729985377));
#2850=CARTESIAN_POINT('',(-23.0000002682209,149.000003129244,143.181729985377));
#2851=CARTESIAN_POINT('',(-23.0000002682209,195.000002905726,143.181729985377));
#2852=CARTESIAN_POINT('',(-23.0000002682209,149.000003129244,156.181729985377));
#2853=CARTESIAN_POINT('',(-23.0000002682209,149.000003129244,166.681729985377));
#2854=CARTESIAN_POINT('',(-23.0000002682209,210.000003129244,156.181729985377));
#2855=CARTESIAN_POINT('Origin',(-23.7500002682209,210.000003129244,156.931729985377));
#2856=CARTESIAN_POINT('',(-24.5000002682209,156.000003129244,157.681729985377));
#2857=CARTESIAN_POINT('',(-24.5000002682209,149.000003129244,157.681729985377));
#2858=CARTESIAN_POINT('',(-25.5000003129244,156.000003129244,158.68173003008));
#2859=CARTESIAN_POINT('Origin',(-18.0000002682209,210.000003129244,173.681729985377));
#2860=CARTESIAN_POINT('',(-19.0000002682209,156.000003129244,173.681729985377));
#2861=CARTESIAN_POINT('',(-41.0000002682209,156.000003129244,173.681729985377));
#2862=CARTESIAN_POINT('',(-24.0000003576279,156.000003129244,173.681729985377));
#2863=CARTESIAN_POINT('',(-41.0000006258488,150.914215972125,173.681729985377));
#2864=CARTESIAN_POINT('',(-41.0000006258488,180.000002682209,173.681729985377));
#2865=CARTESIAN_POINT('',(-40.0857872380539,150.000003129244,173.681729985377));
#2866=CARTESIAN_POINT('',(-49.7928906132256,159.707100718533,173.681729985377));
#2867=CARTESIAN_POINT('',(-19.9142136560158,150.000003129244,173.681729985377));
#2868=CARTESIAN_POINT('',(-18.0000002682209,150.000003129244,173.681729985377));
#2869=CARTESIAN_POINT('',(-19.0000002682209,150.914215972125,173.681729985377));
#2870=CARTESIAN_POINT('',(-4.20710661515835,165.707100807939,173.681729985377));
#2871=CARTESIAN_POINT('',(-19.0000002682209,210.000003129244,173.681729985377));
#2872=CARTESIAN_POINT('Origin',(-18.0000002682209,210.000003129244,173.681729985377));
#2873=CARTESIAN_POINT('',(-41.0000002682209,197.000003129244,173.681729985377));
#2874=CARTESIAN_POINT('',(-41.0000006258488,243.38763054194,173.681729985377));
#2875=CARTESIAN_POINT('',(-41.0000006258488,180.000002682209,173.681729985377));
#2876=CARTESIAN_POINT('',(-19.0000002682209,197.000003129244,173.681729985377));
#2877=CARTESIAN_POINT('',(-42.0000002682209,197.000003129244,173.681729985377));
#2878=CARTESIAN_POINT('',(-19.0000002682209,243.387630629824,173.681729985377));
#2879=CARTESIAN_POINT('',(-19.0000002682209,210.000003129244,173.681729985377));
#2880=CARTESIAN_POINT('',(-19.2247451028853,243.500003054738,173.681729985377));
#2881=CARTESIAN_POINT('',(-13.8399488913684,240.807604767318,173.681729985377));
#2882=CARTESIAN_POINT('',(-40.7752555756432,243.500003054738,173.681729985377));
#2883=CARTESIAN_POINT('',(-30.0000004470348,243.500003054738,173.681729985377));
#2884=CARTESIAN_POINT('',(-36.5600505696973,245.607605326927,173.681729985377));
#2885=CARTESIAN_POINT('',(-33.0000005215406,240.000003576279,173.681729985377));
#2886=CARTESIAN_POINT('Origin',(-35.0000005215406,240.000003576279,173.681729985377));
#2887=CARTESIAN_POINT('',(-23.0000000149012,210.000002533197,173.681729985377));
#2888=CARTESIAN_POINT('Origin',(-25.0000000149012,210.000002533197,173.681729985377));
#2889=CARTESIAN_POINT('',(-23.0000000149012,240.000003576279,173.681729985377));
#2890=CARTESIAN_POINT('Origin',(-25.0000000149012,240.000003576279,173.681729985377));
#2891=CARTESIAN_POINT('',(-33.0000005215406,210.000002533197,173.681729985377));
#2892=CARTESIAN_POINT('Origin',(-35.0000005215406,210.000002533197,173.681729985377));
#2893=CARTESIAN_POINT('',(-28.0000002682209,225.000003054738,173.681729985377));
#2894=CARTESIAN_POINT('Origin',(-30.0000002682209,225.000003054738,173.681729985377));
#2895=CARTESIAN_POINT('Origin',(-58.6464473842671,214.353556445331,161.681729985377));
#2896=CARTESIAN_POINT('',(-42.0000007748604,197.000003054738,162.181729985377));
#2897=CARTESIAN_POINT('',(-42.0000006258488,198.4142164681,161.181729985377));
#2898=CARTESIAN_POINT('',(-42.0000006258488,192.044031104344,165.686131253504));
#2899=CARTESIAN_POINT('',(-52.0000007748604,207.000003054738,162.181729985377));
#2900=CARTESIAN_POINT('',(-59.0000007748604,214.000003054738,162.181729985377));
#2901=CARTESIAN_POINT('',(-51.0000007748604,207.414216617111,161.181729985377));
#2902=CARTESIAN_POINT('',(-48.8595097367239,208.300837035245,159.04123894724));
#2903=CARTESIAN_POINT('',(-58.2928939936738,214.707109835925,161.181729985377));
#2904=CARTESIAN_POINT('Origin',(-51.5000007748604,245.000003054738,161.681729985377));
#2905=CARTESIAN_POINT('',(-52.0000007748604,235.000003054738,162.181729985377));
#2906=CARTESIAN_POINT('',(-52.0000007748604,245.000003054738,162.181729985377));
#2907=CARTESIAN_POINT('',(-51.0000007748604,234.585789492365,161.181729985377));
#2908=CARTESIAN_POINT('',(-52.0000007748604,235.000003054738,162.181729985377));
#2909=CARTESIAN_POINT('',(-51.0000007748604,245.000003054738,161.181729985377));
#2910=CARTESIAN_POINT('Origin',(-47.0000007748604,202.000003054738,166.806729988946));
#2911=CARTESIAN_POINT('',(-42.0000007748604,197.000003054738,167.681729985377));
#2912=CARTESIAN_POINT('',(-42.0000007748604,197.000003054738,166.806729988946));
#2913=CARTESIAN_POINT('',(-52.0000007748604,207.000003054738,167.681729985377));
#2914=CARTESIAN_POINT('',(-56.5000007414392,211.500003021317,167.681729985377));
#2915=CARTESIAN_POINT('',(-52.0000007748604,207.000003054738,166.806729988946));
#2916=CARTESIAN_POINT('Origin',(-56.1464473508459,211.85355641191,168.181729985377));
#2917=CARTESIAN_POINT('',(-51.0000007748604,207.414216617111,168.681729985377));
#2918=CARTESIAN_POINT('',(-48.522319552979,208.440505782452,171.159411207258));
#2919=CARTESIAN_POINT('',(-42.0000006258488,198.4142164681,168.681729985377));
#2920=CARTESIAN_POINT('',(-42.0000006258488,180.297683103558,155.871406391717));
#2921=CARTESIAN_POINT('',(-55.7928939602527,212.207109802503,168.681729985377));
#2922=CARTESIAN_POINT('Origin',(-42.0000006411757,245.000003054738,168.681729985377));
#2923=CARTESIAN_POINT('',(-42.0000006258488,243.500003054738,168.681729985377));
#2924=CARTESIAN_POINT('',(-42.0000006258488,197.500002644956,168.681729985377));
#2925=CARTESIAN_POINT('',(-40.5000006258488,245.000003054738,168.681729985377));
#2926=CARTESIAN_POINT('',(-41.2500006296805,244.250003050906,168.681729985377));
#2927=CARTESIAN_POINT('',(-40.5857872124873,245.000003054738,168.681729985377));
#2928=CARTESIAN_POINT('',(-42.0000006335122,245.000003054738,168.681729985377));
#2929=CARTESIAN_POINT('',(-51.0000007748604,234.585789492365,168.681729985377));
#2930=CARTESIAN_POINT('',(-43.7928939602527,241.792896306973,168.681729985377));
#2931=CARTESIAN_POINT('',(-51.0000007748604,245.000003054738,168.681729985377));
#2932=CARTESIAN_POINT('Origin',(-58.6464472505824,214.353556445331,142.681729985377));
#2933=CARTESIAN_POINT('',(-51.0000006411757,207.414216617111,142.181729985377));
#2934=CARTESIAN_POINT('',(-42.0000006258488,198.414216601784,142.181729985377));
#2935=CARTESIAN_POINT('',(-58.2928938599891,214.707109835925,142.181729985377));
#2936=CARTESIAN_POINT('',(-42.0000006411757,197.000003054738,143.181729985377));
#2937=CARTESIAN_POINT('',(-42.0000006258488,187.56568820139,149.85279798319));
#2938=CARTESIAN_POINT('',(-52.0000006411757,207.000003054738,143.181729985377));
#2939=CARTESIAN_POINT('',(-59.0000006411757,214.000003054738,143.181729985377));
#2940=CARTESIAN_POINT('',(-52.0000006411757,207.000003054738,143.181729985377));
#2941=CARTESIAN_POINT('Origin',(-46.6464472505824,239.646449664145,142.681729985377));
#2942=CARTESIAN_POINT('',(-52.0000006411757,235.000003054738,143.181729985377));
#2943=CARTESIAN_POINT('',(-42.0000006411757,245.000003054738,143.181729985377));
#2944=CARTESIAN_POINT('',(-47.0000006411757,240.000003054738,143.181729985377));
#2945=CARTESIAN_POINT('',(-40.5857870788026,245.000003054738,142.181729985377));
#2946=CARTESIAN_POINT('',(-54.3911201507294,245.000003054738,151.943574617076));
#2947=CARTESIAN_POINT('',(-51.0000006411757,234.585789492365,142.181729985377));
#2948=CARTESIAN_POINT('',(-46.2928938599891,239.292896273551,142.181729985377));
#2949=CARTESIAN_POINT('',(-51.0000006411757,234.585789492365,142.181729985377));
#2950=CARTESIAN_POINT('Origin',(-51.5000006411757,245.000003054738,142.681729985377));
#2951=CARTESIAN_POINT('',(-52.0000006411757,245.000003054738,143.181729985377));
#2952=CARTESIAN_POINT('',(-51.0000006411757,245.000003054738,142.181729985377));
#2953=CARTESIAN_POINT('Origin',(-52.0000006411757,245.000003054738,142.181729985377));
#2954=CARTESIAN_POINT('',(-40.5000006411757,245.000003054738,142.181729985377));
#2955=CARTESIAN_POINT('',(-47.0000006335122,245.000003054738,142.181729985377));
#2956=CARTESIAN_POINT('',(-42.0000006258488,243.500003054738,142.181729985377));
#2957=CARTESIAN_POINT('',(-43.7500006079674,241.750003054738,142.181729985377));
#2958=CARTESIAN_POINT('',(-42.0000006258488,197.500002644956,142.181729985377));
#2959=CARTESIAN_POINT('Origin',(-42.0000006258488,245.000003054738,189.681729985377));
#2960=CARTESIAN_POINT('',(-42.0000006411757,245.000003054738,148.681729985377));
#2961=CARTESIAN_POINT('',(-42.0000006411757,245.000003054738,169.681729985377));
#2962=CARTESIAN_POINT('',(-40.5857870788026,245.000003054738,149.681729985377));
#2963=CARTESIAN_POINT('',(-32.9338390327883,245.000003054738,155.092474338001));
#2964=CARTESIAN_POINT('',(-40.5000007748604,245.000003054738,149.681729985377));
#2965=CARTESIAN_POINT('',(-42.0000006335122,245.000003054738,149.681729985377));
#2966=CARTESIAN_POINT('',(-40.5000007748604,245.000003054738,161.181729985377));
#2967=CARTESIAN_POINT('',(-40.5000007748604,245.000003054738,165.731729985377));
#2968=CARTESIAN_POINT('',(-40.5857872124873,245.000003054738,161.181729985377));
#2969=CARTESIAN_POINT('',(-47.0000007003546,245.000003054738,161.181729985377));
#2970=CARTESIAN_POINT('',(-42.0000007748604,245.000003054738,162.181729985377));
#2971=CARTESIAN_POINT('',(-49.9127772923377,245.000003054738,167.776907918899));
#2972=CARTESIAN_POINT('',(-42.0000007748604,245.000003054738,167.681729985377));
#2973=CARTESIAN_POINT('',(-42.0000007748604,245.000003054738,179.181729985377));
#2974=CARTESIAN_POINT('',(-37.4121820582859,245.000003054738,170.925807710721));
#2975=CARTESIAN_POINT('',(-40.5000006258488,245.000003054738,170.956985203392));
#2976=CARTESIAN_POINT('',(-40.5000006258488,245.000003054738,165.731729985377));
#2977=CARTESIAN_POINT('',(-39.2752555756432,245.000003054738,172.181729985377));
#2978=CARTESIAN_POINT('',(-35.887628144984,245.000003054738,175.569356674141));
#2979=CARTESIAN_POINT('',(-20.7247449679408,245.000003054738,172.181729985377));
#2980=CARTESIAN_POINT('',(-30.0000004470348,245.000003054738,172.181729985377));
#2981=CARTESIAN_POINT('',(-19.5000001332765,245.000003054738,170.956985095622));
#2982=CARTESIAN_POINT('',(-30.11237236984,245.000003054738,181.569357809545));
#2983=CARTESIAN_POINT('',(-19.5000001332765,245.000003054738,168.681729989786));
#2984=CARTESIAN_POINT('',(-19.5000001332765,245.000003054738,165.731729985377));
#2985=CARTESIAN_POINT('',(-19.4142136948097,245.000003054738,168.681729989822));
#2986=CARTESIAN_POINT('',(-25.0000003747336,245.000003054738,168.681729987477));
#2987=CARTESIAN_POINT('',(-18.0000001320167,245.000003054738,167.681729990416));
#2988=CARTESIAN_POINT('',(-29.7544856206559,245.000003054738,175.993406381388));
#2989=CARTESIAN_POINT('',(-18.0000001297072,245.000003054738,162.181729990416));
#2990=CARTESIAN_POINT('',(-18.000000135271,245.000003054738,175.431729992935));
#2991=CARTESIAN_POINT('',(-19.4142136916604,245.000003054738,161.181729989822));
#2992=CARTESIAN_POINT('',(-18.9205570671032,245.000003054738,161.530797936935));
#2993=CARTESIAN_POINT('',(-19.5000002682209,245.000003054738,161.181729989786));
#2994=CARTESIAN_POINT('',(-30.0000004384266,245.000003054738,161.181729985377));
#2995=CARTESIAN_POINT('',(-19.5000002682209,245.000003054738,149.681729989786));
#2996=CARTESIAN_POINT('',(-19.5000002682209,245.000003054738,165.731729985377));
#2997=CARTESIAN_POINT('',(-19.4142138205161,245.000003054738,149.681729989822));
#2998=CARTESIAN_POINT('',(-25.0000004335976,245.000003054738,149.681729987477));
#2999=CARTESIAN_POINT('',(-18.0000002682209,245.000003065236,148.681729990416));
#3000=CARTESIAN_POINT('',(-34.2328286506454,245.000003054738,160.160073014664));
#3001=CARTESIAN_POINT('',(-18.0000002682209,245.000003067545,143.181729990416));
#3002=CARTESIAN_POINT('',(-18.0000002682209,245.000003063063,153.856729998604));
#3003=CARTESIAN_POINT('',(-19.4142138173667,245.000003054738,142.181729989822));
#3004=CARTESIAN_POINT('',(-14.4422141909225,245.000003054738,145.69746464487));
#3005=CARTESIAN_POINT('',(-19.5000002682209,245.000003054738,142.181729989786));
#3006=CARTESIAN_POINT('',(-30.0000004304482,245.000003054738,142.181729985377));
#3007=CARTESIAN_POINT('',(-19.5000002682209,245.000003054738,139.303050328937));
#3008=CARTESIAN_POINT('',(-19.5000002682209,245.000003054738,165.731729985377));
#3009=CARTESIAN_POINT('',(-20.1213206117805,245.000003054738,138.681729985377));
#3010=CARTESIAN_POINT('',(-12.6856605294077,245.000003054738,146.11739006775));
#3011=CARTESIAN_POINT('',(-39.8786802822892,245.000003054738,138.681729985377));
#3012=CARTESIAN_POINT('',(-36.0000005364418,245.000003054738,138.681729985377));
#3013=CARTESIAN_POINT('',(-40.5000006411757,245.000003054738,139.303050344263));
#3014=CARTESIAN_POINT('',(-53.314340454069,245.000003054738,152.117390157157));
#3015=CARTESIAN_POINT('',(-40.5000006411757,245.000003054738,165.731729985377));
#3016=CARTESIAN_POINT('Origin',(-56.1464472505824,211.853556445331,149.181729985377));
#3017=CARTESIAN_POINT('',(-52.0000006411757,207.000003054738,148.681729985377));
#3018=CARTESIAN_POINT('',(-42.0000006411757,197.000003054738,148.681729985377));
#3019=CARTESIAN_POINT('',(-56.5000006411757,211.500003054738,148.681729985377));
#3020=CARTESIAN_POINT('',(-42.0000006258488,198.414216601784,149.681729985377));
#3021=CARTESIAN_POINT('',(-42.0000006258488,184.776026106774,140.038073003242));
#3022=CARTESIAN_POINT('',(-51.0000006411757,207.414216617111,149.681729985377));
#3023=CARTESIAN_POINT('',(-55.7928938599891,212.207109835925,149.681729985377));
#3024=CARTESIAN_POINT('',(-51.0000006411757,207.414216617111,149.681729985377));
#3025=CARTESIAN_POINT('Origin',(-51.5000006411757,245.000003054738,149.181729985377));
#3026=CARTESIAN_POINT('',(-51.0000006411757,234.585789492365,149.681729985377));
#3027=CARTESIAN_POINT('',(-51.0000006411757,245.000003054738,149.681729985377));
#3028=CARTESIAN_POINT('',(-52.0000006411757,235.000003054738,148.681729985377));
#3029=CARTESIAN_POINT('',(-51.0000006411757,234.585789492365,149.681729985377));
#3030=CARTESIAN_POINT('',(-52.0000006411757,245.000003054738,148.681729985377));
#3031=CARTESIAN_POINT('Origin',(-44.1464472505824,242.146449664145,149.181729985377));
#3032=CARTESIAN_POINT('',(-43.7928938599891,241.792896273551,149.681729985377));
#3033=CARTESIAN_POINT('',(-44.5000006411757,242.500003054738,148.681729985377));
#3034=CARTESIAN_POINT('Origin',(-42.0000006411757,245.000003054738,149.681729985377));
#3035=CARTESIAN_POINT('',(-42.0000006258488,243.500003054738,149.681729985377));
#3036=CARTESIAN_POINT('',(-42.0000006258488,197.500002644956,149.681729985377));
#3037=CARTESIAN_POINT('',(-41.2500006669334,244.250003088159,149.681729985377));
#3038=CARTESIAN_POINT('Origin',(-47.0000006411757,202.000003054738,157.306729988946));
#3039=CARTESIAN_POINT('',(-42.0000006411757,197.000003054738,157.306729988946));
#3040=CARTESIAN_POINT('',(-52.0000006411757,207.000003054738,157.306729988946));
#3041=CARTESIAN_POINT('Origin',(-13.0000001987541,197.000003054738,164.931729992515));
#3042=CARTESIAN_POINT('',(-42.0000006258488,197.000003054738,141.681729985377));
#3043=CARTESIAN_POINT('',(-42.0000006411757,197.000003054738,157.306729988946));
#3044=CARTESIAN_POINT('',(-18.0000002682209,197.000003054738,141.681729985377));
#3045=CARTESIAN_POINT('',(-41.0000002682209,197.000003054738,141.681729985377));
#3046=CARTESIAN_POINT('',(-18.0000002682209,197.000003054738,142.181729990416));
#3047=CARTESIAN_POINT('',(-18.0000002682209,197.000003054738,141.731729985377));
#3048=CARTESIAN_POINT('',(-18.0000002554135,197.000003054738,143.181729990416));
#3049=CARTESIAN_POINT('',(-18.0000002597701,197.000003054738,153.556729990416));
#3050=CARTESIAN_POINT('',(-18.000000257723,197.000003054738,148.681729990416));
#3051=CARTESIAN_POINT('',(-18.0000002597701,197.000003054738,153.556729990416));
#3052=CARTESIAN_POINT('',(-18.0000002682209,197.000003054738,149.681729990416));
#3053=CARTESIAN_POINT('',(-18.0000002597701,197.000003054738,153.556729990416));
#3054=CARTESIAN_POINT('',(-18.0000002682209,197.000003054738,161.181729990416));
#3055=CARTESIAN_POINT('',(-18.0000002682209,197.000003054738,141.731729985377));
#3056=CARTESIAN_POINT('',(-18.0000001297072,197.000003054738,162.181729990416));
#3057=CARTESIAN_POINT('',(-18.0000001300746,197.000003054738,163.056729990416));
#3058=CARTESIAN_POINT('',(-18.0000001320167,197.000003054738,167.681729990416));
#3059=CARTESIAN_POINT('',(-18.0000001300746,197.000003054738,163.056729990416));
#3060=CARTESIAN_POINT('',(-18.0000002682209,197.000003054738,168.681729990416));
#3061=CARTESIAN_POINT('',(-18.0000001300746,197.000003054738,163.056729990416));
#3062=CARTESIAN_POINT('',(-18.0000002682209,197.000003054738,172.681729985377));
#3063=CARTESIAN_POINT('',(-18.0000002682209,197.000003054738,141.731729985377));
#3064=CARTESIAN_POINT('',(-10.7500002682209,197.000003054738,165.431729985377));
#3065=CARTESIAN_POINT('',(-42.0000006258488,197.000003054738,172.681729985377));
#3066=CARTESIAN_POINT('',(-41.2500005364418,197.000003054738,173.431730074784));
#3067=CARTESIAN_POINT('',(-42.0000007748604,197.000003054738,166.806729988946));
#3068=CARTESIAN_POINT('',(-42.0000007748604,197.000003054738,166.806729988946));
#3069=CARTESIAN_POINT('Origin',(-51.5000007748604,245.000003054738,168.181729985377));
#3070=CARTESIAN_POINT('',(-52.0000007748604,235.000003054738,167.681729985377));
#3071=CARTESIAN_POINT('',(-52.0000007748604,235.000003054738,167.681729985377));
#3072=CARTESIAN_POINT('',(-52.0000007748604,245.000003054738,167.681729985377));
#3073=CARTESIAN_POINT('Origin',(-3.85355364579681,211.853556445331,142.681729996356));
#3074=CARTESIAN_POINT('',(-8.00000025541349,207.000003054738,143.181729994615));
#3075=CARTESIAN_POINT('',(-3.50000025541347,211.500003054738,143.181729996505));
#3076=CARTESIAN_POINT('',(-18.0000002682209,198.414216603884,142.181729990416));
#3077=CARTESIAN_POINT('',(-18.0000002682209,206.732355164914,136.299917805316));
#3078=CARTESIAN_POINT('',(-9.00000025499357,207.414216617111,142.181729994195));
#3079=CARTESIAN_POINT('',(-4.20710703618015,212.207109835925,142.181729996208));
#3080=CARTESIAN_POINT('',(-9.00000025499357,207.414216617111,142.181729994195));
#3081=CARTESIAN_POINT('Origin',(-8.50000025520353,245.000003054738,142.681729994405));
#3082=CARTESIAN_POINT('',(-8.00000025541349,235.000003054738,143.181729994615));
#3083=CARTESIAN_POINT('',(-8.00000025541349,245.000003054738,143.181729994615));
#3084=CARTESIAN_POINT('',(-9.00000025499358,234.585789492365,142.181729994195));
#3085=CARTESIAN_POINT('',(-9.00000025499357,245.000003054738,142.181729994195));
#3086=CARTESIAN_POINT('',(-9.00000025499358,234.585789492365,142.181729994195));
#3087=CARTESIAN_POINT('Origin',(-15.8535536457968,242.146449664145,142.681729991317));
#3088=CARTESIAN_POINT('',(-16.2071070361801,241.792896273551,142.181729991169));
#3089=CARTESIAN_POINT('',(-15.5000002554135,242.500003054738,143.181729991466));
#3090=CARTESIAN_POINT('Origin',(-13.0000002597701,202.000003054738,153.556729992515));
#3091=CARTESIAN_POINT('',(-8.00000025772302,207.000003054738,148.681729994615));
#3092=CARTESIAN_POINT('',(-8.00000025977011,207.000003054738,153.556729994615));
#3093=CARTESIAN_POINT('',(-1.00000025772303,214.000003054738,148.681729997554));
#3094=CARTESIAN_POINT('Origin',(-8.00000025499357,245.000003054738,142.181729994615));
#3095=CARTESIAN_POINT('',(-8.00000025772302,235.000003054738,148.681729994615));
#3096=CARTESIAN_POINT('',(-8.00000025998007,235.000003054738,154.056729995875));
#3097=CARTESIAN_POINT('',(-8.00000025772302,245.000003054738,148.681729994615));
#3098=CARTESIAN_POINT('Origin',(-13.0000002649666,240.000003054738,165.931729995035));
#3099=CARTESIAN_POINT('',(-13.000000257723,240.000003054738,148.681729992516));
#3100=CARTESIAN_POINT('Origin',(-13.3535536485262,239.646449664145,149.181729992367));
#3101=CARTESIAN_POINT('',(-9.00000025814294,234.585789492365,149.681729994195));
#3102=CARTESIAN_POINT('',(-13.7071070393295,239.292896273551,149.681729992219));
#3103=CARTESIAN_POINT('',(-9.00000025814294,234.585789492365,149.681729994195));
#3104=CARTESIAN_POINT('Origin',(-8.50000025793298,245.000003054738,149.181729994405));
#3105=CARTESIAN_POINT('',(-9.00000025814294,207.414216617111,149.681729994195));
#3106=CARTESIAN_POINT('',(-9.00000025814294,245.000003054738,149.681729994195));
#3107=CARTESIAN_POINT('',(-9.00000025814294,207.414216617111,149.681729994195));
#3108=CARTESIAN_POINT('Origin',(-1.35355364852626,214.353556445331,149.181729997406));
#3109=CARTESIAN_POINT('',(-18.0000002682209,198.414216607033,149.681729990416));
#3110=CARTESIAN_POINT('',(-1.70710703932949,214.707109835925,149.681729997258));
#3111=CARTESIAN_POINT('',(-18.0000002682209,205.609359742353,154.769464491497));
#3112=CARTESIAN_POINT('Origin',(-3.85355355351166,211.85355641191,161.681729996356));
#3113=CARTESIAN_POINT('',(-8.00000012970717,207.000003054738,162.181729994615));
#3114=CARTESIAN_POINT('',(-3.50000016312834,211.500003021317,162.181729996505));
#3115=CARTESIAN_POINT('',(-18.0000002682209,198.414216478178,161.181729990416));
#3116=CARTESIAN_POINT('',(-18.0000002682209,211.21069805983,152.133251086014));
#3117=CARTESIAN_POINT('',(-9.00000012928725,207.414216617111,161.181729994195));
#3118=CARTESIAN_POINT('',(-4.20710694389498,212.207109802503,161.181729996208));
#3119=CARTESIAN_POINT('',(-9.00000012928725,207.414216617111,161.181729994195));
#3120=CARTESIAN_POINT('Origin',(-8.50000012949721,245.000003054738,161.681729994405));
#3121=CARTESIAN_POINT('',(-9.00000012928725,234.585789492365,161.181729994195));
#3122=CARTESIAN_POINT('',(-9.00000012928725,245.000003054738,161.181729994195));
#3123=CARTESIAN_POINT('',(-8.00000012970717,235.000003054738,162.181729994615));
#3124=CARTESIAN_POINT('',(-9.00000012928725,234.585789492365,161.181729994195));
#3125=CARTESIAN_POINT('',(-8.00000012970717,245.000003054738,162.181729994615));
#3126=CARTESIAN_POINT('Origin',(-15.8535535535117,242.146449697566,161.681729991317));
#3127=CARTESIAN_POINT('',(-16.207106943895,241.792896306973,161.181729991169));
#3128=CARTESIAN_POINT('',(-15.5000001631283,242.500003088159,162.181729991466));
#3129=CARTESIAN_POINT('Origin',(-13.0000001300746,202.000003054738,163.056729992515));
#3130=CARTESIAN_POINT('',(-8.00000013201671,207.000003054738,167.681729994615));
#3131=CARTESIAN_POINT('',(-8.0000001300746,207.000003054738,163.056729994615));
#3132=CARTESIAN_POINT('',(-1.00000013201669,214.000003054738,167.681729997554));
#3133=CARTESIAN_POINT('Origin',(-8.00000012928725,245.000003054738,161.181729994615));
#3134=CARTESIAN_POINT('',(-8.0000001320167,235.000003054738,167.681729994615));
#3135=CARTESIAN_POINT('',(-8.00000013527105,235.000003054738,175.431729997135));
#3136=CARTESIAN_POINT('',(-8.00000013201671,245.000003054738,167.681729994615));
#3137=CARTESIAN_POINT('Origin',(-13.000000135271,240.000003054738,175.431729995035));
#3138=CARTESIAN_POINT('',(-13.0000001320167,240.000003054738,167.681729992515));
#3139=CARTESIAN_POINT('Origin',(-13.3535535228199,239.646449664145,168.181729992367));
#3140=CARTESIAN_POINT('',(-9.00000013243662,234.585789492365,168.681729994195));
#3141=CARTESIAN_POINT('',(-13.7071069136232,239.292896273551,168.681729992219));
#3142=CARTESIAN_POINT('',(-9.00000013243662,234.585789492365,168.681729994195));
#3143=CARTESIAN_POINT('Origin',(-8.50000013222666,245.000003054738,168.181729994405));
#3144=CARTESIAN_POINT('',(-9.00000013243662,207.414216617111,168.681729994195));
#3145=CARTESIAN_POINT('',(-9.00000013243662,245.000003054738,168.681729994195));
#3146=CARTESIAN_POINT('',(-9.00000013243662,207.414216617111,168.681729994195));
#3147=CARTESIAN_POINT('Origin',(-1.35355352281994,214.353556445331,168.181729997406));
#3148=CARTESIAN_POINT('',(-18.0000002682209,198.414216481327,168.681729990416));
#3149=CARTESIAN_POINT('',(-1.70710691362319,214.707109835925,168.681729997258));
#3150=CARTESIAN_POINT('',(-18.0000002682209,201.131016753379,170.602797885343));
#3151=CARTESIAN_POINT('Origin',(-18.000000262972,245.000003054738,161.181729990416));
#3152=CARTESIAN_POINT('',(-18.0000002682209,243.500003054738,161.181729990416));
#3153=CARTESIAN_POINT('',(-18.0000002682209,227.500003091991,161.181729990416));
#3154=CARTESIAN_POINT('',(-18.750000266431,244.250003052948,161.181729990101));
#3155=CARTESIAN_POINT('Origin',(-8.00000025814294,245.000003054738,149.681729994615));
#3156=CARTESIAN_POINT('',(-18.0000002682209,243.500003054738,149.681729990416));
#3157=CARTESIAN_POINT('',(-16.2500002640165,241.750003050534,149.681729991151));
#3158=CARTESIAN_POINT('',(-18.0000002682209,227.500003091991,149.681729990416));
#3159=CARTESIAN_POINT('Origin',(-52.0000007748604,245.000003054738,161.181729985377));
#3160=CARTESIAN_POINT('',(-46.2928939936738,239.292896273551,161.181729985377));
#3161=CARTESIAN_POINT('',(-42.0000006258488,243.500003054738,161.181729985377));
#3162=CARTESIAN_POINT('',(-43.7500004520019,241.750003054738,161.181729985377));
#3163=CARTESIAN_POINT('',(-42.0000006258488,197.500002644956,161.181729985377));
#3164=CARTESIAN_POINT('Origin',(-18.0000002549936,245.000003054738,142.181729990416));
#3165=CARTESIAN_POINT('',(-18.0000002682209,243.50000306849,142.181729990416));
#3166=CARTESIAN_POINT('',(-18.0000002682209,227.500003091991,142.181729990416));
#3167=CARTESIAN_POINT('',(-18.7500002590038,244.250003052397,142.181729990101));
#3168=CARTESIAN_POINT('Origin',(-8.00000013243662,245.000003054738,168.681729994615));
#3169=CARTESIAN_POINT('',(-18.0000002682209,243.500003054738,168.681729990416));
#3170=CARTESIAN_POINT('',(-16.2500004257558,241.750003054838,168.681729991151));
#3171=CARTESIAN_POINT('',(-18.0000002682209,227.500003091991,168.681729990416));
#3172=CARTESIAN_POINT('Origin',(-52.0000006411757,245.000003054738,149.681729985377));
#3173=CARTESIAN_POINT('',(-52.0000006411757,235.000003054738,169.681729985377));
#3174=CARTESIAN_POINT('Origin',(-47.0000006411757,240.000003054738,169.681729985377));
#3175=CARTESIAN_POINT('Origin',(-41.5000006258488,180.000002682209,173.181729985377));
#3176=CARTESIAN_POINT('',(-42.0000006258488,243.387630651441,172.681729985377));
#3177=CARTESIAN_POINT('',(-41.499998953684,243.38763059669,173.181731657542));
#3178=CARTESIAN_POINT('',(-42.0000006258488,180.000002682209,172.681729985377));
#3179=CARTESIAN_POINT('Origin',(-42.0000006258488,150.000002235174,141.781729985377));
#3180=CARTESIAN_POINT('',(-42.0000006258488,243.500003054738,165.731729985377));
#3181=CARTESIAN_POINT('Origin',(-42.0000006258488,150.000002235174,141.781729985377));
#3182=CARTESIAN_POINT('',(-42.0000006258488,243.500003054738,172.456985203392));
#3183=CARTESIAN_POINT('',(-42.0000006258488,241.187603917174,177.081782972102));
#3184=CARTESIAN_POINT('',(-42.0000006258488,243.500003054738,165.731729985377));
#3185=CARTESIAN_POINT('Origin',(-18.5000002682209,210.000003129244,173.181729985377));
#3186=CARTESIAN_POINT('',(-18.0000002682209,243.387630607333,172.681729985377));
#3187=CARTESIAN_POINT('',(-18.0000002682209,210.000003129244,172.681729985377));
#3188=CARTESIAN_POINT('',(-18.5000000166044,243.387630618578,173.181729733761));
#3189=CARTESIAN_POINT('Origin',(-18.5000002682209,210.000003129244,173.181729985377));
#3190=CARTESIAN_POINT('',(-18.0000002682209,156.000003129244,172.681729985377));
#3191=CARTESIAN_POINT('',(-18.7500002682209,156.000003129244,173.431729985377));
#3192=CARTESIAN_POINT('',(-18.0000002682209,150.500002235174,172.681729985377));
#3193=CARTESIAN_POINT('',(-18.0000002682209,150.500002235174,172.681729985377));
#3194=CARTESIAN_POINT('',(-18.0000002682209,210.000003129244,172.681729985377));
#3195=CARTESIAN_POINT('Origin',(-18.0000002682209,210.000003129244,141.781729985377));
#3196=CARTESIAN_POINT('',(-18.0000002682209,243.500003054738,172.456985095622));
#3197=CARTESIAN_POINT('',(-18.0000002682209,243.500003054738,165.731729985377));
#3198=CARTESIAN_POINT('',(-18.0000002682209,247.187605106345,165.081781158282));
#3199=CARTESIAN_POINT('Origin',(-18.0000002682209,210.000003129244,141.781729985377));
#3200=CARTESIAN_POINT('',(-18.0000002682209,243.500003054738,165.731729985377));
#3201=CARTESIAN_POINT('Origin',(-18.0000002682209,210.000003129244,141.781729985377));
#3202=CARTESIAN_POINT('',(-18.0000002682209,156.000003129244,141.681729985377));
#3203=CARTESIAN_POINT('',(-18.0000002682209,183.000003129244,141.681729985377));
#3204=CARTESIAN_POINT('',(-18.0000002682209,156.000003129244,157.731729985377));
#3205=CARTESIAN_POINT('',(-18.0000002682209,150.500002235174,138.681729985377));
#3206=CARTESIAN_POINT('',(-18.0000002682209,150.500002235174,141.781729985377));
#3207=CARTESIAN_POINT('',(-18.0000002682209,243.500003054738,138.681729985377));
#3208=CARTESIAN_POINT('',(-18.0000002682209,195.000002905726,138.681729985377));
#3209=CARTESIAN_POINT('',(-18.0000002682209,243.50000306849,165.731729985377));
#3210=CARTESIAN_POINT('Origin',(-18.0000002682209,149.500003129244,173.181729985377));
#3211=CARTESIAN_POINT('',(-40.500000625849,149.000003129244,172.681729985377));
#3212=CARTESIAN_POINT('',(-19.5000002682206,149.000003129244,172.681729985377));
#3213=CARTESIAN_POINT('',(-18.0000002682209,149.000003129244,172.681729985377));
#3214=CARTESIAN_POINT('',(-19.5000002682206,149.000003129244,172.681729985377));
#3215=CARTESIAN_POINT('',(-40.0857872380539,150.000003129244,173.681729985377));
#3216=CARTESIAN_POINT('Origin',(-3.8535533299322,165.353547311978,173.181729985377));
#3217=CARTESIAN_POINT('',(-3.50000004470605,164.999993816018,172.681729985377));
#3218=CARTESIAN_POINT('Origin',(-50.1464438984518,159.353547222572,173.181729985377));
#3219=CARTESIAN_POINT('',(-42.0000006258488,150.500002235174,172.681729985377));
#3220=CARTESIAN_POINT('',(-50.4999971836779,158.999993726612,172.681729985377));
#3221=CARTESIAN_POINT('',(-41.0000006258488,150.914215972125,173.681729985377));
#3222=CARTESIAN_POINT('Origin',(-41.5000006258488,180.000002682209,173.181729985377));
#3223=CARTESIAN_POINT('',(-42.0000006258488,156.000003129244,172.681729985377));
#3224=CARTESIAN_POINT('',(-49.2500005364418,156.000003129244,165.431730074784));
#3225=CARTESIAN_POINT('',(-42.0000006258488,180.000002682209,172.681729985377));
#3226=CARTESIAN_POINT('Origin',(-46.6464473842671,239.646449664145,161.681729985377));
#3227=CARTESIAN_POINT('',(-47.0000007748604,240.000003054738,162.181729985377));
#3228=CARTESIAN_POINT('Origin',(-44.1464473508459,242.146449697566,168.181729985377));
#3229=CARTESIAN_POINT('',(-44.5000007414392,242.500003088159,167.681729985377));
#3230=CARTESIAN_POINT('Origin',(-52.0000007748604,245.000003054738,168.681729985377));
#3231=CARTESIAN_POINT('',(-52.0000007748604,235.000003054738,179.181729985377));
#3232=CARTESIAN_POINT('Origin',(-42.0000006258488,150.000002235174,141.781729985377));
#3233=CARTESIAN_POINT('',(-42.0000006258488,243.500003054738,138.681729985377));
#3234=CARTESIAN_POINT('',(-42.0000006258488,243.500003054738,165.731729985377));
#3235=CARTESIAN_POINT('',(-42.0000006258488,150.500002235174,138.681729985377));
#3236=CARTESIAN_POINT('',(-42.0000006258488,205.000003054738,138.681729985377));
#3237=CARTESIAN_POINT('',(-42.0000006258488,150.500002235174,141.781729985377));
#3238=CARTESIAN_POINT('',(-42.0000006258488,156.000003129244,141.681729985377));
#3239=CARTESIAN_POINT('',(-42.0000006258488,156.000003129244,141.731729985377));
#3240=CARTESIAN_POINT('',(-42.0000006258488,173.500002644956,141.681729985377));
#3241=CARTESIAN_POINT('Origin',(-30.0000004470348,180.000002682209,141.681729985377));
#3242=CARTESIAN_POINT('',(-35.5000002682209,156.000003129244,141.681729985377));
#3243=CARTESIAN_POINT('',(-42.0000006258488,156.000003129244,141.681729985377));
#3244=CARTESIAN_POINT('',(-35.5000002682209,149.000002235174,141.681729985377));
#3245=CARTESIAN_POINT('',(-35.5000002682209,195.000002905726,141.681729985377));
#3246=CARTESIAN_POINT('',(-24.5000002682209,149.000002235174,141.681729985377));
#3247=CARTESIAN_POINT('',(-24.0000003576279,149.000002235174,141.681729985377));
#3248=CARTESIAN_POINT('',(-24.5000002682209,156.000003129244,141.681729985377));
#3249=CARTESIAN_POINT('',(-24.5000002682209,195.000002905726,141.681729985377));
#3250=CARTESIAN_POINT('',(-19.0000002682209,156.000003129244,141.681729985377));
#3251=CARTESIAN_POINT('Origin',(-30.0000004470348,156.000003129244,157.681729985377));
#3252=CARTESIAN_POINT('',(-21.5000003129244,156.000003129244,144.681729940673));
#3253=CARTESIAN_POINT('',(-35.5000002682209,156.000003129244,157.681729985377));
#3254=CARTESIAN_POINT('',(-33.5000003576279,156.000003129244,157.681729985377));
#3255=CARTESIAN_POINT('',(-37.0000002682209,156.000003129244,156.181729985377));
#3256=CARTESIAN_POINT('',(-34.5000003129244,156.000003129244,158.681729940673));
#3257=CARTESIAN_POINT('',(-37.0000002682209,156.000003129244,143.181729985377));
#3258=CARTESIAN_POINT('',(-37.0000002682209,156.000003129244,149.681729985377));
#3259=CARTESIAN_POINT('',(-38.5000003129244,156.000003129244,144.68173003008));
#3260=CARTESIAN_POINT('Origin',(-30.0000002682209,225.000003054738,173.681729985377));
#3261=CARTESIAN_POINT('',(-28.0000002682209,225.000003054738,153.681729985377));
#3262=CARTESIAN_POINT('',(-28.0000002682209,225.000003054738,173.681729985377));
#3263=CARTESIAN_POINT('Origin',(-30.0000002682209,225.000003054738,153.681729985377));
#3264=CARTESIAN_POINT('Origin',(-35.0000005215406,210.000002533197,173.681729985377));
#3265=CARTESIAN_POINT('',(-33.0000005215406,210.000002533197,153.681729985377));
#3266=CARTESIAN_POINT('',(-33.0000005215406,210.000002533197,173.681729985377));
#3267=CARTESIAN_POINT('Origin',(-35.0000005215406,210.000002533197,153.681729985377));
#3268=CARTESIAN_POINT('Origin',(-25.0000000149012,240.000003576279,173.681729985377));
#3269=CARTESIAN_POINT('',(-23.0000000149012,240.000003576279,153.681729985377));
#3270=CARTESIAN_POINT('',(-23.0000000149012,240.000003576279,173.681729985377));
#3271=CARTESIAN_POINT('Origin',(-25.0000000149012,240.000003576279,153.681729985377));
#3272=CARTESIAN_POINT('Origin',(-25.0000000149012,210.000002533197,173.681729985377));
#3273=CARTESIAN_POINT('',(-23.0000000149012,210.000002533197,153.681729985377));
#3274=CARTESIAN_POINT('',(-23.0000000149012,210.000002533197,173.681729985377));
#3275=CARTESIAN_POINT('Origin',(-25.0000000149012,210.000002533197,153.681729985377));
#3276=CARTESIAN_POINT('Origin',(-35.0000005215406,240.000003576279,173.681729985377));
#3277=CARTESIAN_POINT('',(-33.0000005215406,240.000003576279,153.681729985377));
#3278=CARTESIAN_POINT('',(-33.0000005215406,240.000003576279,173.681729985377));
#3279=CARTESIAN_POINT('Origin',(-35.0000005215406,240.000003576279,153.681729985377));
#3280=CARTESIAN_POINT('Origin',(-37.9708763763087,246.916754779175,169.652605869947));
#3281=CARTESIAN_POINT('',(-37.3585038959094,246.916754734472,170.264978305643));
#3282=CARTESIAN_POINT('',(-38.583248856708,246.916754823879,169.040233434252));
#3283=CARTESIAN_POINT('Origin',(-22.0291241414387,246.916754818005,169.652605777233));
#3284=CARTESIAN_POINT('',(-21.4167516965611,246.916754790459,169.0402333599));
#3285=CARTESIAN_POINT('',(-22.6414965863163,246.91675484555,170.264978194565));
#3286=CARTESIAN_POINT('Origin',(-30.0000004470348,244.250003054738,172.931729985377));
#3287=CARTESIAN_POINT('Origin',(-41.2500007003546,244.250003054738,165.731729985377));
#3288=CARTESIAN_POINT('Origin',(-18.7500002682209,244.250003054738,165.731729985377));
#3289=CARTESIAN_POINT('Origin',(-41.2500006335122,244.250003054738,165.731729985377));
#3290=CARTESIAN_POINT('',(-40.5000006411757,245.000003054738,139.303050344263));
#3291=CARTESIAN_POINT('Origin',(-53.8446705399589,244.250003054738,151.587060071267));
#3292=CARTESIAN_POINT('',(-40.5000006258488,243.500003054738,137.181729985377));
#3293=CARTESIAN_POINT('',(-39.8786802822892,245.000003054738,138.681729985377));
#3294=CARTESIAN_POINT('',(-54.3750006258488,243.500003054738,151.056729985377));
#3295=CARTESIAN_POINT('Origin',(-36.0000005364418,244.250003054738,137.931729985377));
#3296=CARTESIAN_POINT('',(-19.5000002682209,243.500003054738,137.181729985377));
#3297=CARTESIAN_POINT('',(-20.1213206117805,245.000003054738,138.681729985377));
#3298=CARTESIAN_POINT('',(-36.0000005364418,243.500003054738,137.181729985377));
#3299=CARTESIAN_POINT('Origin',(-18.7500002682209,244.250003061614,165.731729985377));
#3300=CARTESIAN_POINT('',(-18.0000002682209,243.50000306849,138.681729985377));
#3301=CARTESIAN_POINT('Origin',(-12.1553304435178,244.250003054738,145.58705998186));
#3302=CARTESIAN_POINT('',(-11.6250003576278,243.500003054738,145.05672989597));
#3303=CARTESIAN_POINT('Origin',(-41.2500006258488,165.000002458692,137.931729985377));
#3304=CARTESIAN_POINT('',(-40.5000006258488,151.121322840601,137.181729985377));
#3305=CARTESIAN_POINT('',(-40.5000006258488,205.000003054738,137.181729985377));
#3306=CARTESIAN_POINT('',(-42.0000006258488,150.500002235174,138.681729985377));
#3307=CARTESIAN_POINT('Origin',(-30.0000004470348,180.000002682209,137.181729985377));
#3308=CARTESIAN_POINT('',(-19.5000002682209,151.121322840601,137.181729985377));
#3309=CARTESIAN_POINT('',(-19.5000002682209,195.000002905726,137.181729985377));
#3310=CARTESIAN_POINT('',(-20.1213212439836,150.500002235174,137.181729985377));
#3311=CARTESIAN_POINT('',(-15.0606618449847,155.560658617786,137.181729985377));
#3312=CARTESIAN_POINT('',(-39.8786796500861,150.500002235174,137.181729985377));
#3313=CARTESIAN_POINT('',(-24.0000003576279,150.500002235174,137.181729985377));
#3314=CARTESIAN_POINT('',(-44.939339049085,155.560658617786,137.181729985377));
#3315=CARTESIAN_POINT('Origin',(-18.7500002682209,195.000002905726,137.931729985377));
#3316=CARTESIAN_POINT('',(-19.5000002682209,151.121322840601,137.181729985377));
#3317=CARTESIAN_POINT('Origin',(-18.7500002007487,244.250003054738,165.731729985377));
#3318=CARTESIAN_POINT('Origin',(-41.2500006258488,244.250003054738,165.731729985377));
#3319=CARTESIAN_POINT('Origin',(-47.0000007748604,240.000003054738,179.181729985377));
#3320=CARTESIAN_POINT('Origin',(-30.0000002682209,225.000003054738,153.681729985377));
#3321=CARTESIAN_POINT('Origin',(-25.0000000149012,210.000002533197,153.681729985377));
#3322=CARTESIAN_POINT('Origin',(-25.0000000149012,240.000003576279,153.681729985377));
#3323=CARTESIAN_POINT('Origin',(-35.0000005215406,210.000002533197,153.681729985377));
#3324=CARTESIAN_POINT('Origin',(-35.0000005215406,240.000003576279,153.681729985377));
#3325=CARTESIAN_POINT('Origin',(-36.2500002682209,210.000003129244,156.931729985377));
#3326=CARTESIAN_POINT('',(-35.5000002682209,149.000003129244,157.681729985377));
#3327=CARTESIAN_POINT('',(-35.5000002682209,210.000003129244,157.681729985377));
#3328=CARTESIAN_POINT('',(-37.0000002682209,149.000003129244,156.181729985377));
#3329=CARTESIAN_POINT('',(-35.4750002682208,149.000003129244,157.706729985377));
#3330=CARTESIAN_POINT('',(-37.0000002682209,149.000003129244,156.181729985377));
#3331=CARTESIAN_POINT('',(-35.5000002682209,210.000003129244,157.681729985377));
#3332=CARTESIAN_POINT('Origin',(-37.0000002682209,210.000003129244,157.681729985377));
#3333=CARTESIAN_POINT('',(-24.5000002682209,149.000003129244,157.681729985377));
#3334=CARTESIAN_POINT('',(-24.5000002682209,149.000003129244,157.681729985377));
#3335=CARTESIAN_POINT('',(-37.0000002682209,149.000003129244,157.681729985377));
#3336=CARTESIAN_POINT('Origin',(-23.7500002682209,210.000003129244,156.931729985377));
#3337=CARTESIAN_POINT('',(-18.5250002682209,149.000003129244,151.706729985377));
#3338=CARTESIAN_POINT('Origin',(-36.2500002682209,195.000002905726,142.431729985377));
#3339=CARTESIAN_POINT('',(-37.0000002682209,149.000003129244,143.181729985377));
#3340=CARTESIAN_POINT('',(-37.0000002682209,195.000002905726,143.181729985377));
#3341=CARTESIAN_POINT('',(-31.5250002682209,149.000003129244,137.706729985377));
#3342=CARTESIAN_POINT('Origin',(-23.7500002682209,195.000002905726,142.431729985377));
#3343=CARTESIAN_POINT('',(-22.4750002682209,149.000003129244,143.706729985377));
#3344=CARTESIAN_POINT('Origin',(-37.0000002682209,210.000003129244,141.681729985377));
#3345=CARTESIAN_POINT('',(-37.0000002682209,149.000003129244,141.681729985377));
#3346=CARTESIAN_POINT('Origin',(-41.2500006258489,149.750002682209,141.781729985377));
#3347=CARTESIAN_POINT('',(-40.500000625849,149.000003129244,138.681729985377));
#3348=CARTESIAN_POINT('',(-45.9999989047634,154.499998129905,138.681729985377));
#3349=CARTESIAN_POINT('',(-40.500000625849,149.000003129244,141.781729985377));
#3350=CARTESIAN_POINT('Origin',(-18.0000002682209,149.000003129244,141.781729985377));
#3351=CARTESIAN_POINT('',(-19.5000002682206,149.000003129244,138.681729985377));
#3352=CARTESIAN_POINT('',(-24.0000003576279,149.000003129244,138.681729985377));
#3353=CARTESIAN_POINT('',(-19.5000002682206,149.000003129244,141.781729985377));
#3354=CARTESIAN_POINT('Origin',(-18.7500002682208,149.750002682209,141.781729985377));
#3355=CARTESIAN_POINT('',(-14.0000019893063,154.499998129905,138.681729985377));
#3356=CARTESIAN_POINT('Origin',(-45.4696689769242,155.030328373845,137.931729985377));
#3357=CARTESIAN_POINT('',(-40.500000625849,149.000003129244,138.681729985377));
#3358=CARTESIAN_POINT('Origin',(-14.5303319171455,155.030328373845,137.931729985377));
#3359=CARTESIAN_POINT('',(-20.1213212439836,150.500002235174,137.181729985377));
#3360=CARTESIAN_POINT('Origin',(-24.0000003576279,149.750002682209,137.931729985377));
#3361=CARTESIAN_POINT('',(0.,0.,0.));
#3362=UNCERTAINTY_MEASURE_WITH_UNIT(LENGTH_MEASURE(0.01),#3368,
'DISTANCE_ACCURACY_VALUE',
'Maximum model space distance between geometric entities at asserted c
onnectivities');
#3363=UNCERTAINTY_MEASURE_WITH_UNIT(LENGTH_MEASURE(0.01),#3368,
'DISTANCE_ACCURACY_VALUE',
'Maximum model space distance between geometric entities at asserted c
onnectivities');
#3364=UNCERTAINTY_MEASURE_WITH_UNIT(LENGTH_MEASURE(0.01),#3368,
'DISTANCE_ACCURACY_VALUE',
'Maximum model space distance between geometric entities at asserted c
onnectivities');
#3365=(
GEOMETRIC_REPRESENTATION_CONTEXT(3)
GLOBAL_UNCERTAINTY_ASSIGNED_CONTEXT((#3362))
GLOBAL_UNIT_ASSIGNED_CONTEXT((#3368,#3370,#3371))
REPRESENTATION_CONTEXT('','3D')
);
#3366=(
GEOMETRIC_REPRESENTATION_CONTEXT(3)
GLOBAL_UNCERTAINTY_ASSIGNED_CONTEXT((#3363))
GLOBAL_UNIT_ASSIGNED_CONTEXT((#3368,#3370,#3371))
REPRESENTATION_CONTEXT('','3D')
);
#3367=(
GEOMETRIC_REPRESENTATION_CONTEXT(3)
GLOBAL_UNCERTAINTY_ASSIGNED_CONTEXT((#3364))
GLOBAL_UNIT_ASSIGNED_CONTEXT((#3368,#3370,#3371))
REPRESENTATION_CONTEXT('','3D')
);
#3368=(
LENGTH_UNIT()
NAMED_UNIT(*)
SI_UNIT(.MILLI.,.METRE.)
);
#3369=(
LENGTH_UNIT()
NAMED_UNIT(*)
SI_UNIT($,.METRE.)
);
#3370=(
NAMED_UNIT(*)
PLANE_ANGLE_UNIT()
SI_UNIT($,.RADIAN.)
);
#3371=(
NAMED_UNIT(*)
SI_UNIT($,.STERADIAN.)
SOLID_ANGLE_UNIT()
);
#3372=SHAPE_DEFINITION_REPRESENTATION(#3374,#3377);
#3373=SHAPE_DEFINITION_REPRESENTATION(#3375,#3378);
#3374=PRODUCT_DEFINITION_SHAPE('',$,#3380);
#3375=PRODUCT_DEFINITION_SHAPE('',$,#3381);
#3376=PRODUCT_DEFINITION_SHAPE($,$,#14);
#3377=SHAPE_REPRESENTATION('',(#2087,#2232),#3365);
#3378=SHAPE_REPRESENTATION('',(#2088),#3366);
#3379=PRODUCT_DEFINITION_CONTEXT('part definition',#3387,'design');
#3380=PRODUCT_DEFINITION('Leg V1','Leg V1 v22',#3382,#3379);
#3381=PRODUCT_DEFINITION('Conector ','Conector ',#3383,#3379);
#3382=PRODUCT_DEFINITION_FORMATION('',$,#3389);
#3383=PRODUCT_DEFINITION_FORMATION('',$,#3390);
#3384=PRODUCT_RELATED_PRODUCT_CATEGORY('Leg V1 v22','Leg V1 v22',(#3389));
#3385=PRODUCT_RELATED_PRODUCT_CATEGORY('Conector ','Conector ',(#3390));
#3386=APPLICATION_PROTOCOL_DEFINITION('international standard',
'automotive_design',2009,#3387);
#3387=APPLICATION_CONTEXT(
'Core Data for Automotive Mechanical Design Process');
#3388=PRODUCT_CONTEXT('part definition',#3387,'mechanical');
#3389=PRODUCT('Leg V1','Leg V1 v22',$,(#3388));
#3390=PRODUCT('Conector ','Conector ',$,(#3388));
#3391=PRESENTATION_STYLE_ASSIGNMENT((#3393));
#3392=PRESENTATION_STYLE_ASSIGNMENT((#3394));
#3393=SURFACE_STYLE_USAGE(.BOTH.,#3395);
#3394=SURFACE_STYLE_USAGE(.BOTH.,#3396);
#3395=SURFACE_SIDE_STYLE('',(#3397));
#3396=SURFACE_SIDE_STYLE('',(#3398));
#3397=SURFACE_STYLE_FILL_AREA(#3399);
#3398=SURFACE_STYLE_FILL_AREA(#3400);
#3399=FILL_AREA_STYLE('Steel - Satin',(#3401));
#3400=FILL_AREA_STYLE('ABS (White)',(#3402));
#3401=FILL_AREA_STYLE_COLOUR('Steel - Satin',#3403);
#3402=FILL_AREA_STYLE_COLOUR('ABS (White)',#3404);
#3403=COLOUR_RGB('Steel - Satin',0.627450980392157,0.627450980392157,0.627450980392157);
#3404=COLOUR_RGB('ABS (White)',0.964705882352941,0.964705882352941,0.952941176470588);
ENDSEC;
END-ISO-10303-21;
