ISO-10303-21;
HEADER;
/* Generated by software containing ST-Developer
 * from STEP Tools, Inc. (www.steptools.com) 
 */

FILE_DESCRIPTION(
/* description */ (''),
/* implementation_level */ '2;1');

FILE_NAME(
/* name */ 'Middle Leg Back.step',
/* time_stamp */ '2025-09-30T07:45:58+02:00',
/* author */ (''),
/* organization */ (''),
/* preprocessor_version */ 'ST-DEVELOPER v20.1',
/* originating_system */ 'Autodesk Translation Framework v14.17.0.0',
/* authorisation */ '');

FILE_SCHEMA (('AUTOMOTIVE_DESIGN { 1 0 10303 214 3 1 1 }'));
ENDSEC;

DATA;
#10=MECHANICAL_DESIGN_GEOMETRIC_PRESENTATION_REPRESENTATION('',(#17),#4037);
#11=ITEM_DEFINED_TRANSFORMATION($,$,#2470,#2656);
#12=(
REPRESENTATION_RELATIONSHIP($,$,#4048,#4047)
REPRESENTATION_RELATIONSHIP_WITH_TRANSFORMATION(#11)
SHAPE_REPRESENTATION_RELATIONSHIP()
);
#13=CONTEXT_DEPENDENT_SHAPE_REPRESENTATION(#12,#4046);
#14=NEXT_ASSEMBLY_USAGE_OCCURRENCE('Middle Leg Back:1',
'Middle Leg Back:1','Middle Leg Back:1',#4050,#4051,'Middle Leg Back:1');
#15=SHAPE_REPRESENTATION_RELATIONSHIP('SRR','None',#4048,#16);
#16=ADVANCED_BREP_SHAPE_REPRESENTATION('',(#18),#4036);
#17=STYLED_ITEM('',(#4062),#18);
#18=MANIFOLD_SOLID_BREP('Middle Leg Back',#2456);
#19=ELLIPSE('',#2518,2.96984848098352,2.10000000000001);
#20=ELLIPSE('',#2543,2.96984848098348,2.1);
#21=ELLIPSE('',#2548,2.96984848098351,2.1);
#22=FACE_BOUND('',#887,.T.);
#23=FACE_BOUND('',#889,.T.);
#24=FACE_BOUND('',#893,.T.);
#25=FACE_BOUND('',#899,.T.);
#26=FACE_BOUND('',#901,.T.);
#27=FACE_BOUND('',#902,.T.);
#28=FACE_BOUND('',#912,.T.);
#29=FACE_BOUND('',#913,.T.);
#30=FACE_BOUND('',#914,.T.);
#31=FACE_BOUND('',#915,.T.);
#32=FACE_BOUND('',#916,.T.);
#33=FACE_BOUND('',#923,.T.);
#34=FACE_BOUND('',#924,.T.);
#35=FACE_BOUND('',#928,.T.);
#36=FACE_BOUND('',#939,.T.);
#37=FACE_BOUND('',#940,.T.);
#38=FACE_BOUND('',#941,.T.);
#39=FACE_BOUND('',#950,.T.);
#40=FACE_BOUND('',#993,.T.);
#41=FACE_BOUND('',#1009,.T.);
#42=CYLINDRICAL_SURFACE('',#2480,1.99999999999999);
#43=CYLINDRICAL_SURFACE('',#2484,1.99999999999999);
#44=CYLINDRICAL_SURFACE('',#2495,1.99999999999999);
#45=CYLINDRICAL_SURFACE('',#2511,1.99999999999999);
#46=CYLINDRICAL_SURFACE('',#2512,2.10000000000001);
#47=CYLINDRICAL_SURFACE('',#2515,2.10000000000001);
#48=CYLINDRICAL_SURFACE('',#2523,2.1);
#49=CYLINDRICAL_SURFACE('',#2527,2.1);
#50=CYLINDRICAL_SURFACE('',#2531,2.10000000000001);
#51=CYLINDRICAL_SURFACE('',#2535,2.09999999999999);
#52=CYLINDRICAL_SURFACE('',#2540,2.1);
#53=CYLINDRICAL_SURFACE('',#2545,2.1);
#54=CYLINDRICAL_SURFACE('',#2586,1.99999999999999);
#55=CYLINDRICAL_SURFACE('',#2588,2.);
#56=CYLINDRICAL_SURFACE('',#2590,2.);
#57=CYLINDRICAL_SURFACE('',#2640,17.);
#58=CYLINDRICAL_SURFACE('',#2642,19.25);
#59=LINE('',#3348,#341);
#60=LINE('',#3349,#342);
#61=LINE('',#3351,#343);
#62=LINE('',#3352,#344);
#63=LINE('',#3355,#345);
#64=LINE('',#3357,#346);
#65=LINE('',#3358,#347);
#66=LINE('',#3361,#348);
#67=LINE('',#3366,#349);
#68=LINE('',#3367,#350);
#69=LINE('',#3387,#351);
#70=LINE('',#3389,#352);
#71=LINE('',#3396,#353);
#72=LINE('',#3398,#354);
#73=LINE('',#3408,#355);
#74=LINE('',#3410,#356);
#75=LINE('',#3411,#357);
#76=LINE('',#3414,#358);
#77=LINE('',#3419,#359);
#78=LINE('',#3420,#360);
#79=LINE('',#3425,#361);
#80=LINE('',#3430,#362);
#81=LINE('',#3432,#363);
#82=LINE('',#3434,#364);
#83=LINE('',#3436,#365);
#84=LINE('',#3437,#366);
#85=LINE('',#3452,#367);
#86=LINE('',#3458,#368);
#87=LINE('',#3466,#369);
#88=LINE('',#3468,#370);
#89=LINE('',#3470,#371);
#90=LINE('',#3472,#372);
#91=LINE('',#3473,#373);
#92=LINE('',#3476,#374);
#93=LINE('',#3478,#375);
#94=LINE('',#3479,#376);
#95=LINE('',#3483,#377);
#96=LINE('',#3485,#378);
#97=LINE('',#3487,#379);
#98=LINE('',#3489,#380);
#99=LINE('',#3491,#381);
#100=LINE('',#3493,#382);
#101=LINE('',#3495,#383);
#102=LINE('',#3496,#384);
#103=LINE('',#3501,#385);
#104=LINE('',#3508,#386);
#105=LINE('',#3515,#387);
#106=LINE('',#3522,#388);
#107=LINE('',#3528,#389);
#108=LINE('',#3530,#390);
#109=LINE('',#3532,#391);
#110=LINE('',#3534,#392);
#111=LINE('',#3536,#393);
#112=LINE('',#3538,#394);
#113=LINE('',#3540,#395);
#114=LINE('',#3541,#396);
#115=LINE('',#3544,#397);
#116=LINE('',#3546,#398);
#117=LINE('',#3548,#399);
#118=LINE('',#3550,#400);
#119=LINE('',#3552,#401);
#120=LINE('',#3554,#402);
#121=LINE('',#3556,#403);
#122=LINE('',#3557,#404);
#123=LINE('',#3562,#405);
#124=LINE('',#3572,#406);
#125=LINE('',#3580,#407);
#126=LINE('',#3582,#408);
#127=LINE('',#3584,#409);
#128=LINE('',#3586,#410);
#129=LINE('',#3587,#411);
#130=LINE('',#3590,#412);
#131=LINE('',#3592,#413);
#132=LINE('',#3594,#414);
#133=LINE('',#3596,#415);
#134=LINE('',#3597,#416);
#135=LINE('',#3599,#417);
#136=LINE('',#3600,#418);
#137=LINE('',#3604,#419);
#138=LINE('',#3606,#420);
#139=LINE('',#3608,#421);
#140=LINE('',#3610,#422);
#141=LINE('',#3612,#423);
#142=LINE('',#3614,#424);
#143=LINE('',#3616,#425);
#144=LINE('',#3617,#426);
#145=LINE('',#3621,#427);
#146=LINE('',#3623,#428);
#147=LINE('',#3625,#429);
#148=LINE('',#3627,#430);
#149=LINE('',#3629,#431);
#150=LINE('',#3630,#432);
#151=LINE('',#3633,#433);
#152=LINE('',#3635,#434);
#153=LINE('',#3636,#435);
#154=LINE('',#3638,#436);
#155=LINE('',#3639,#437);
#156=LINE('',#3641,#438);
#157=LINE('',#3642,#439);
#158=LINE('',#3644,#440);
#159=LINE('',#3646,#441);
#160=LINE('',#3648,#442);
#161=LINE('',#3650,#443);
#162=LINE('',#3652,#444);
#163=LINE('',#3653,#445);
#164=LINE('',#3657,#446);
#165=LINE('',#3659,#447);
#166=LINE('',#3661,#448);
#167=LINE('',#3663,#449);
#168=LINE('',#3665,#450);
#169=LINE('',#3666,#451);
#170=LINE('',#3668,#452);
#171=LINE('',#3670,#453);
#172=LINE('',#3672,#454);
#173=LINE('',#3674,#455);
#174=LINE('',#3676,#456);
#175=LINE('',#3678,#457);
#176=LINE('',#3680,#458);
#177=LINE('',#3682,#459);
#178=LINE('',#3683,#460);
#179=LINE('',#3687,#461);
#180=LINE('',#3689,#462);
#181=LINE('',#3691,#463);
#182=LINE('',#3692,#464);
#183=LINE('',#3694,#465);
#184=LINE('',#3695,#466);
#185=LINE('',#3700,#467);
#186=LINE('',#3704,#468);
#187=LINE('',#3706,#469);
#188=LINE('',#3708,#470);
#189=LINE('',#3712,#471);
#190=LINE('',#3714,#472);
#191=LINE('',#3715,#473);
#192=LINE('',#3716,#474);
#193=LINE('',#3720,#475);
#194=LINE('',#3721,#476);
#195=LINE('',#3722,#477);
#196=LINE('',#3725,#478);
#197=LINE('',#3726,#479);
#198=LINE('',#3729,#480);
#199=LINE('',#3731,#481);
#200=LINE('',#3733,#482);
#201=LINE('',#3735,#483);
#202=LINE('',#3737,#484);
#203=LINE('',#3738,#485);
#204=LINE('',#3746,#486);
#205=LINE('',#3748,#487);
#206=LINE('',#3750,#488);
#207=LINE('',#3752,#489);
#208=LINE('',#3754,#490);
#209=LINE('',#3759,#491);
#210=LINE('',#3763,#492);
#211=LINE('',#3765,#493);
#212=LINE('',#3767,#494);
#213=LINE('',#3769,#495);
#214=LINE('',#3770,#496);
#215=LINE('',#3773,#497);
#216=LINE('',#3774,#498);
#217=LINE('',#3777,#499);
#218=LINE('',#3779,#500);
#219=LINE('',#3780,#501);
#220=LINE('',#3784,#502);
#221=LINE('',#3785,#503);
#222=LINE('',#3786,#504);
#223=LINE('',#3789,#505);
#224=LINE('',#3790,#506);
#225=LINE('',#3794,#507);
#226=LINE('',#3798,#508);
#227=LINE('',#3802,#509);
#228=LINE('',#3806,#510);
#229=LINE('',#3807,#511);
#230=LINE('',#3808,#512);
#231=LINE('',#3811,#513);
#232=LINE('',#3812,#514);
#233=LINE('',#3813,#515);
#234=LINE('',#3815,#516);
#235=LINE('',#3818,#517);
#236=LINE('',#3819,#518);
#237=LINE('',#3823,#519);
#238=LINE('',#3824,#520);
#239=LINE('',#3825,#521);
#240=LINE('',#3827,#522);
#241=LINE('',#3829,#523);
#242=LINE('',#3832,#524);
#243=LINE('',#3834,#525);
#244=LINE('',#3835,#526);
#245=LINE('',#3837,#527);
#246=LINE('',#3839,#528);
#247=LINE('',#3841,#529);
#248=LINE('',#3843,#530);
#249=LINE('',#3845,#531);
#250=LINE('',#3846,#532);
#251=LINE('',#3847,#533);
#252=LINE('',#3850,#534);
#253=LINE('',#3851,#535);
#254=LINE('',#3854,#536);
#255=LINE('',#3855,#537);
#256=LINE('',#3857,#538);
#257=LINE('',#3860,#539);
#258=LINE('',#3862,#540);
#259=LINE('',#3863,#541);
#260=LINE('',#3865,#542);
#261=LINE('',#3866,#543);
#262=LINE('',#3867,#544);
#263=LINE('',#3870,#545);
#264=LINE('',#3872,#546);
#265=LINE('',#3873,#547);
#266=LINE('',#3876,#548);
#267=LINE('',#3878,#549);
#268=LINE('',#3879,#550);
#269=LINE('',#3881,#551);
#270=LINE('',#3883,#552);
#271=LINE('',#3884,#553);
#272=LINE('',#3887,#554);
#273=LINE('',#3890,#555);
#274=LINE('',#3891,#556);
#275=LINE('',#3892,#557);
#276=LINE('',#3897,#558);
#277=LINE('',#3898,#559);
#278=LINE('',#3899,#560);
#279=LINE('',#3902,#561);
#280=LINE('',#3903,#562);
#281=LINE('',#3906,#563);
#282=LINE('',#3907,#564);
#283=LINE('',#3909,#565);
#284=LINE('',#3911,#566);
#285=LINE('',#3912,#567);
#286=LINE('',#3914,#568);
#287=LINE('',#3917,#569);
#288=LINE('',#3919,#570);
#289=LINE('',#3920,#571);
#290=LINE('',#3922,#572);
#291=LINE('',#3924,#573);
#292=LINE('',#3925,#574);
#293=LINE('',#3928,#575);
#294=LINE('',#3929,#576);
#295=LINE('',#3932,#577);
#296=LINE('',#3933,#578);
#297=LINE('',#3935,#579);
#298=LINE('',#3936,#580);
#299=LINE('',#3939,#581);
#300=LINE('',#3940,#582);
#301=LINE('',#3942,#583);
#302=LINE('',#3944,#584);
#303=LINE('',#3946,#585);
#304=LINE('',#3948,#586);
#305=LINE('',#3949,#587);
#306=LINE('',#3951,#588);
#307=LINE('',#3953,#589);
#308=LINE('',#3954,#590);
#309=LINE('',#3957,#591);
#310=LINE('',#3959,#592);
#311=LINE('',#3961,#593);
#312=LINE('',#3962,#594);
#313=LINE('',#3965,#595);
#314=LINE('',#3966,#596);
#315=LINE('',#3968,#597);
#316=LINE('',#3970,#598);
#317=LINE('',#3972,#599);
#318=LINE('',#3976,#600);
#319=LINE('',#3978,#601);
#320=LINE('',#3979,#602);
#321=LINE('',#3983,#603);
#322=LINE('',#3984,#604);
#323=LINE('',#3985,#605);
#324=LINE('',#3987,#606);
#325=LINE('',#3988,#607);
#326=LINE('',#3992,#608);
#327=LINE('',#3993,#609);
#328=LINE('',#3994,#610);
#329=LINE('',#3997,#611);
#330=LINE('',#3998,#612);
#331=LINE('',#4002,#613);
#332=LINE('',#4005,#614);
#333=LINE('',#4010,#615);
#334=LINE('',#4012,#616);
#335=LINE('',#4013,#617);
#336=LINE('',#4018,#618);
#337=LINE('',#4020,#619);
#338=LINE('',#4023,#620);
#339=LINE('',#4025,#621);
#340=LINE('',#4026,#622);
#341=VECTOR('',#2675,10.);
#342=VECTOR('',#2676,10.);
#343=VECTOR('',#2679,10.);
#344=VECTOR('',#2680,10.);
#345=VECTOR('',#2683,10.);
#346=VECTOR('',#2684,10.);
#347=VECTOR('',#2685,10.);
#348=VECTOR('',#2688,10.);
#349=VECTOR('',#2695,10.);
#350=VECTOR('',#2696,10.);
#351=VECTOR('',#2709,10.);
#352=VECTOR('',#2710,10.);
#353=VECTOR('',#2713,10.);
#354=VECTOR('',#2714,10.);
#355=VECTOR('',#2723,10.);
#356=VECTOR('',#2724,10.);
#357=VECTOR('',#2725,10.);
#358=VECTOR('',#2728,10.);
#359=VECTOR('',#2735,10.);
#360=VECTOR('',#2736,10.);
#361=VECTOR('',#2741,4.);
#362=VECTOR('',#2746,10.);
#363=VECTOR('',#2747,10.);
#364=VECTOR('',#2748,10.);
#365=VECTOR('',#2749,10.);
#366=VECTOR('',#2750,10.);
#367=VECTOR('',#2773,2.10000000000001);
#368=VECTOR('',#2780,2.10000000000001);
#369=VECTOR('',#2789,10.);
#370=VECTOR('',#2790,10.);
#371=VECTOR('',#2791,10.);
#372=VECTOR('',#2792,10.);
#373=VECTOR('',#2793,10.);
#374=VECTOR('',#2796,10.);
#375=VECTOR('',#2797,10.);
#376=VECTOR('',#2798,10.);
#377=VECTOR('',#2801,10.);
#378=VECTOR('',#2802,10.);
#379=VECTOR('',#2803,10.);
#380=VECTOR('',#2804,10.);
#381=VECTOR('',#2805,10.);
#382=VECTOR('',#2806,10.);
#383=VECTOR('',#2807,10.);
#384=VECTOR('',#2808,10.);
#385=VECTOR('',#2813,2.1);
#386=VECTOR('',#2822,2.1);
#387=VECTOR('',#2831,2.10000000000001);
#388=VECTOR('',#2840,2.09999999999999);
#389=VECTOR('',#2847,10.);
#390=VECTOR('',#2848,10.);
#391=VECTOR('',#2849,10.);
#392=VECTOR('',#2850,10.);
#393=VECTOR('',#2851,10.);
#394=VECTOR('',#2852,10.);
#395=VECTOR('',#2853,10.);
#396=VECTOR('',#2854,10.);
#397=VECTOR('',#2855,10.);
#398=VECTOR('',#2856,10.);
#399=VECTOR('',#2857,10.);
#400=VECTOR('',#2858,10.);
#401=VECTOR('',#2859,10.);
#402=VECTOR('',#2860,10.);
#403=VECTOR('',#2861,10.);
#404=VECTOR('',#2862,10.);
#405=VECTOR('',#2867,2.1);
#406=VECTOR('',#2878,2.1);
#407=VECTOR('',#2887,10.);
#408=VECTOR('',#2888,10.);
#409=VECTOR('',#2889,10.);
#410=VECTOR('',#2890,10.);
#411=VECTOR('',#2891,10.);
#412=VECTOR('',#2894,10.);
#413=VECTOR('',#2895,10.);
#414=VECTOR('',#2896,10.);
#415=VECTOR('',#2897,10.);
#416=VECTOR('',#2898,10.);
#417=VECTOR('',#2901,10.);
#418=VECTOR('',#2902,10.);
#419=VECTOR('',#2905,10.);
#420=VECTOR('',#2906,10.);
#421=VECTOR('',#2907,10.);
#422=VECTOR('',#2908,10.);
#423=VECTOR('',#2909,10.);
#424=VECTOR('',#2910,10.);
#425=VECTOR('',#2911,10.);
#426=VECTOR('',#2912,10.);
#427=VECTOR('',#2915,10.);
#428=VECTOR('',#2916,10.);
#429=VECTOR('',#2917,10.);
#430=VECTOR('',#2918,10.);
#431=VECTOR('',#2919,10.);
#432=VECTOR('',#2920,10.);
#433=VECTOR('',#2923,10.);
#434=VECTOR('',#2924,10.);
#435=VECTOR('',#2925,10.);
#436=VECTOR('',#2928,10.);
#437=VECTOR('',#2929,10.);
#438=VECTOR('',#2930,10.);
#439=VECTOR('',#2931,10.);
#440=VECTOR('',#2932,10.);
#441=VECTOR('',#2933,10.);
#442=VECTOR('',#2934,10.);
#443=VECTOR('',#2935,10.);
#444=VECTOR('',#2936,10.);
#445=VECTOR('',#2937,10.);
#446=VECTOR('',#2940,10.);
#447=VECTOR('',#2941,10.);
#448=VECTOR('',#2942,10.);
#449=VECTOR('',#2943,10.);
#450=VECTOR('',#2944,10.);
#451=VECTOR('',#2945,10.);
#452=VECTOR('',#2948,10.);
#453=VECTOR('',#2949,10.);
#454=VECTOR('',#2950,10.);
#455=VECTOR('',#2951,10.);
#456=VECTOR('',#2952,10.);
#457=VECTOR('',#2953,10.);
#458=VECTOR('',#2954,10.);
#459=VECTOR('',#2955,10.);
#460=VECTOR('',#2956,10.);
#461=VECTOR('',#2959,10.);
#462=VECTOR('',#2960,10.);
#463=VECTOR('',#2961,10.);
#464=VECTOR('',#2962,10.);
#465=VECTOR('',#2965,10.);
#466=VECTOR('',#2966,10.);
#467=VECTOR('',#2973,10.);
#468=VECTOR('',#2976,10.);
#469=VECTOR('',#2977,10.);
#470=VECTOR('',#2978,10.);
#471=VECTOR('',#2983,10.);
#472=VECTOR('',#2984,10.);
#473=VECTOR('',#2985,10.);
#474=VECTOR('',#2986,10.);
#475=VECTOR('',#2989,10.);
#476=VECTOR('',#2990,10.);
#477=VECTOR('',#2991,10.);
#478=VECTOR('',#2994,10.);
#479=VECTOR('',#2995,10.);
#480=VECTOR('',#2998,10.);
#481=VECTOR('',#2999,10.);
#482=VECTOR('',#3000,10.);
#483=VECTOR('',#3001,10.);
#484=VECTOR('',#3002,10.);
#485=VECTOR('',#3003,10.);
#486=VECTOR('',#3012,10.);
#487=VECTOR('',#3015,10.);
#488=VECTOR('',#3018,10.);
#489=VECTOR('',#3021,10.);
#490=VECTOR('',#3024,10.);
#491=VECTOR('',#3031,4.74999999950154);
#492=VECTOR('',#3034,10.);
#493=VECTOR('',#3035,10.);
#494=VECTOR('',#3036,10.);
#495=VECTOR('',#3037,10.);
#496=VECTOR('',#3038,10.);
#497=VECTOR('',#3041,10.);
#498=VECTOR('',#3042,10.);
#499=VECTOR('',#3045,10.);
#500=VECTOR('',#3046,10.);
#501=VECTOR('',#3047,10.);
#502=VECTOR('',#3050,10.);
#503=VECTOR('',#3051,10.);
#504=VECTOR('',#3052,10.);
#505=VECTOR('',#3055,10.);
#506=VECTOR('',#3056,10.);
#507=VECTOR('',#3061,1.99999999999999);
#508=VECTOR('',#3066,2.);
#509=VECTOR('',#3071,2.);
#510=VECTOR('',#3074,10.);
#511=VECTOR('',#3075,10.);
#512=VECTOR('',#3076,10.);
#513=VECTOR('',#3079,10.);
#514=VECTOR('',#3080,10.);
#515=VECTOR('',#3081,10.);
#516=VECTOR('',#3084,10.);
#517=VECTOR('',#3087,10.);
#518=VECTOR('',#3088,10.);
#519=VECTOR('',#3091,10.);
#520=VECTOR('',#3092,10.);
#521=VECTOR('',#3093,10.);
#522=VECTOR('',#3096,10.);
#523=VECTOR('',#3099,10.);
#524=VECTOR('',#3102,10.);
#525=VECTOR('',#3103,10.);
#526=VECTOR('',#3104,10.);
#527=VECTOR('',#3105,10.);
#528=VECTOR('',#3106,10.);
#529=VECTOR('',#3107,10.);
#530=VECTOR('',#3108,10.);
#531=VECTOR('',#3109,10.);
#532=VECTOR('',#3110,10.);
#533=VECTOR('',#3111,10.);
#534=VECTOR('',#3114,10.);
#535=VECTOR('',#3115,10.);
#536=VECTOR('',#3118,10.);
#537=VECTOR('',#3119,10.);
#538=VECTOR('',#3122,10.);
#539=VECTOR('',#3125,10.);
#540=VECTOR('',#3126,10.);
#541=VECTOR('',#3127,10.);
#542=VECTOR('',#3130,10.);
#543=VECTOR('',#3131,10.);
#544=VECTOR('',#3132,10.);
#545=VECTOR('',#3135,10.);
#546=VECTOR('',#3136,10.);
#547=VECTOR('',#3137,10.);
#548=VECTOR('',#3140,10.);
#549=VECTOR('',#3141,10.);
#550=VECTOR('',#3142,10.);
#551=VECTOR('',#3143,10.);
#552=VECTOR('',#3144,10.);
#553=VECTOR('',#3145,10.);
#554=VECTOR('',#3150,10.);
#555=VECTOR('',#3153,10.);
#556=VECTOR('',#3154,10.);
#557=VECTOR('',#3155,10.);
#558=VECTOR('',#3160,10.);
#559=VECTOR('',#3161,10.);
#560=VECTOR('',#3162,10.);
#561=VECTOR('',#3165,10.);
#562=VECTOR('',#3166,10.);
#563=VECTOR('',#3169,10.);
#564=VECTOR('',#3170,10.);
#565=VECTOR('',#3173,10.);
#566=VECTOR('',#3174,10.);
#567=VECTOR('',#3175,10.);
#568=VECTOR('',#3178,10.);
#569=VECTOR('',#3181,10.);
#570=VECTOR('',#3182,10.);
#571=VECTOR('',#3183,10.);
#572=VECTOR('',#3186,10.);
#573=VECTOR('',#3189,10.);
#574=VECTOR('',#3190,10.);
#575=VECTOR('',#3193,10.);
#576=VECTOR('',#3194,10.);
#577=VECTOR('',#3197,10.);
#578=VECTOR('',#3198,10.);
#579=VECTOR('',#3201,10.);
#580=VECTOR('',#3202,10.);
#581=VECTOR('',#3205,10.);
#582=VECTOR('',#3206,10.);
#583=VECTOR('',#3209,10.);
#584=VECTOR('',#3212,10.);
#585=VECTOR('',#3215,10.);
#586=VECTOR('',#3218,10.);
#587=VECTOR('',#3219,10.);
#588=VECTOR('',#3220,10.);
#589=VECTOR('',#3221,10.);
#590=VECTOR('',#3222,10.);
#591=VECTOR('',#3223,10.);
#592=VECTOR('',#3224,10.);
#593=VECTOR('',#3225,10.);
#594=VECTOR('',#3226,10.);
#595=VECTOR('',#3229,10.);
#596=VECTOR('',#3230,10.);
#597=VECTOR('',#3233,10.);
#598=VECTOR('',#3236,10.);
#599=VECTOR('',#3239,10.);
#600=VECTOR('',#3244,10.);
#601=VECTOR('',#3245,10.);
#602=VECTOR('',#3246,10.);
#603=VECTOR('',#3249,10.);
#604=VECTOR('',#3250,10.);
#605=VECTOR('',#3251,10.);
#606=VECTOR('',#3254,10.);
#607=VECTOR('',#3255,10.);
#608=VECTOR('',#3258,10.);
#609=VECTOR('',#3259,10.);
#610=VECTOR('',#3260,10.);
#611=VECTOR('',#3263,10.);
#612=VECTOR('',#3264,10.);
#613=VECTOR('',#3269,10.);
#614=VECTOR('',#3274,10.);
#615=VECTOR('',#3281,10.);
#616=VECTOR('',#3282,10.);
#617=VECTOR('',#3283,10.);
#618=VECTOR('',#3292,10.);
#619=VECTOR('',#3295,10.);
#620=VECTOR('',#3300,10.);
#621=VECTOR('',#3303,10.);
#622=VECTOR('',#3304,10.);
#623=PLANE('',#2477);
#624=PLANE('',#2478);
#625=PLANE('',#2479);
#626=PLANE('',#2482);
#627=PLANE('',#2483);
#628=PLANE('',#2489);
#629=PLANE('',#2490);
#630=PLANE('',#2494);
#631=PLANE('',#2497);
#632=PLANE('',#2498);
#633=PLANE('',#2502);
#634=PLANE('',#2503);
#635=PLANE('',#2504);
#636=PLANE('',#2506);
#637=PLANE('',#2508);
#638=PLANE('',#2520);
#639=PLANE('',#2521);
#640=PLANE('',#2522);
#641=PLANE('',#2526);
#642=PLANE('',#2530);
#643=PLANE('',#2534);
#644=PLANE('',#2538);
#645=PLANE('',#2539);
#646=PLANE('',#2550);
#647=PLANE('',#2551);
#648=PLANE('',#2552);
#649=PLANE('',#2553);
#650=PLANE('',#2554);
#651=PLANE('',#2555);
#652=PLANE('',#2556);
#653=PLANE('',#2557);
#654=PLANE('',#2558);
#655=PLANE('',#2559);
#656=PLANE('',#2560);
#657=PLANE('',#2561);
#658=PLANE('',#2563);
#659=PLANE('',#2566);
#660=PLANE('',#2567);
#661=PLANE('',#2568);
#662=PLANE('',#2569);
#663=PLANE('',#2573);
#664=PLANE('',#2574);
#665=PLANE('',#2575);
#666=PLANE('',#2576);
#667=PLANE('',#2577);
#668=PLANE('',#2578);
#669=PLANE('',#2581);
#670=PLANE('',#2582);
#671=PLANE('',#2583);
#672=PLANE('',#2584);
#673=PLANE('',#2585);
#674=PLANE('',#2592);
#675=PLANE('',#2593);
#676=PLANE('',#2594);
#677=PLANE('',#2595);
#678=PLANE('',#2596);
#679=PLANE('',#2597);
#680=PLANE('',#2598);
#681=PLANE('',#2599);
#682=PLANE('',#2600);
#683=PLANE('',#2601);
#684=PLANE('',#2602);
#685=PLANE('',#2603);
#686=PLANE('',#2604);
#687=PLANE('',#2605);
#688=PLANE('',#2606);
#689=PLANE('',#2607);
#690=PLANE('',#2608);
#691=PLANE('',#2609);
#692=PLANE('',#2610);
#693=PLANE('',#2611);
#694=PLANE('',#2612);
#695=PLANE('',#2613);
#696=PLANE('',#2614);
#697=PLANE('',#2615);
#698=PLANE('',#2616);
#699=PLANE('',#2617);
#700=PLANE('',#2618);
#701=PLANE('',#2619);
#702=PLANE('',#2620);
#703=PLANE('',#2621);
#704=PLANE('',#2622);
#705=PLANE('',#2623);
#706=PLANE('',#2624);
#707=PLANE('',#2625);
#708=PLANE('',#2626);
#709=PLANE('',#2627);
#710=PLANE('',#2628);
#711=PLANE('',#2629);
#712=PLANE('',#2630);
#713=PLANE('',#2631);
#714=PLANE('',#2632);
#715=PLANE('',#2633);
#716=PLANE('',#2634);
#717=PLANE('',#2635);
#718=PLANE('',#2636);
#719=PLANE('',#2637);
#720=PLANE('',#2641);
#721=PLANE('',#2643);
#722=PLANE('',#2644);
#723=PLANE('',#2645);
#724=PLANE('',#2646);
#725=PLANE('',#2647);
#726=PLANE('',#2648);
#727=PLANE('',#2649);
#728=PLANE('',#2650);
#729=PLANE('',#2651);
#730=PLANE('',#2652);
#731=PLANE('',#2653);
#732=PLANE('',#2654);
#733=PLANE('',#2655);
#734=FACE_OUTER_BOUND('',#868,.T.);
#735=FACE_OUTER_BOUND('',#869,.T.);
#736=FACE_OUTER_BOUND('',#870,.T.);
#737=FACE_OUTER_BOUND('',#871,.T.);
#738=FACE_OUTER_BOUND('',#872,.T.);
#739=FACE_OUTER_BOUND('',#873,.T.);
#740=FACE_OUTER_BOUND('',#874,.T.);
#741=FACE_OUTER_BOUND('',#875,.T.);
#742=FACE_OUTER_BOUND('',#876,.T.);
#743=FACE_OUTER_BOUND('',#877,.T.);
#744=FACE_OUTER_BOUND('',#878,.T.);
#745=FACE_OUTER_BOUND('',#879,.T.);
#746=FACE_OUTER_BOUND('',#880,.T.);
#747=FACE_OUTER_BOUND('',#881,.T.);
#748=FACE_OUTER_BOUND('',#882,.T.);
#749=FACE_OUTER_BOUND('',#883,.T.);
#750=FACE_OUTER_BOUND('',#884,.T.);
#751=FACE_OUTER_BOUND('',#885,.T.);
#752=FACE_OUTER_BOUND('',#886,.T.);
#753=FACE_OUTER_BOUND('',#888,.T.);
#754=FACE_OUTER_BOUND('',#890,.T.);
#755=FACE_OUTER_BOUND('',#891,.T.);
#756=FACE_OUTER_BOUND('',#892,.T.);
#757=FACE_OUTER_BOUND('',#894,.T.);
#758=FACE_OUTER_BOUND('',#895,.T.);
#759=FACE_OUTER_BOUND('',#896,.T.);
#760=FACE_OUTER_BOUND('',#897,.T.);
#761=FACE_OUTER_BOUND('',#898,.T.);
#762=FACE_OUTER_BOUND('',#900,.T.);
#763=FACE_OUTER_BOUND('',#903,.T.);
#764=FACE_OUTER_BOUND('',#904,.T.);
#765=FACE_OUTER_BOUND('',#905,.T.);
#766=FACE_OUTER_BOUND('',#906,.T.);
#767=FACE_OUTER_BOUND('',#907,.T.);
#768=FACE_OUTER_BOUND('',#908,.T.);
#769=FACE_OUTER_BOUND('',#909,.T.);
#770=FACE_OUTER_BOUND('',#910,.T.);
#771=FACE_OUTER_BOUND('',#911,.T.);
#772=FACE_OUTER_BOUND('',#917,.T.);
#773=FACE_OUTER_BOUND('',#918,.T.);
#774=FACE_OUTER_BOUND('',#919,.T.);
#775=FACE_OUTER_BOUND('',#920,.T.);
#776=FACE_OUTER_BOUND('',#921,.T.);
#777=FACE_OUTER_BOUND('',#922,.T.);
#778=FACE_OUTER_BOUND('',#925,.T.);
#779=FACE_OUTER_BOUND('',#926,.T.);
#780=FACE_OUTER_BOUND('',#927,.T.);
#781=FACE_OUTER_BOUND('',#929,.T.);
#782=FACE_OUTER_BOUND('',#930,.T.);
#783=FACE_OUTER_BOUND('',#931,.T.);
#784=FACE_OUTER_BOUND('',#932,.T.);
#785=FACE_OUTER_BOUND('',#933,.T.);
#786=FACE_OUTER_BOUND('',#934,.T.);
#787=FACE_OUTER_BOUND('',#935,.T.);
#788=FACE_OUTER_BOUND('',#936,.T.);
#789=FACE_OUTER_BOUND('',#937,.T.);
#790=FACE_OUTER_BOUND('',#938,.T.);
#791=FACE_OUTER_BOUND('',#942,.T.);
#792=FACE_OUTER_BOUND('',#943,.T.);
#793=FACE_OUTER_BOUND('',#944,.T.);
#794=FACE_OUTER_BOUND('',#945,.T.);
#795=FACE_OUTER_BOUND('',#946,.T.);
#796=FACE_OUTER_BOUND('',#947,.T.);
#797=FACE_OUTER_BOUND('',#948,.T.);
#798=FACE_OUTER_BOUND('',#949,.T.);
#799=FACE_OUTER_BOUND('',#951,.T.);
#800=FACE_OUTER_BOUND('',#952,.T.);
#801=FACE_OUTER_BOUND('',#953,.T.);
#802=FACE_OUTER_BOUND('',#954,.T.);
#803=FACE_OUTER_BOUND('',#955,.T.);
#804=FACE_OUTER_BOUND('',#956,.T.);
#805=FACE_OUTER_BOUND('',#957,.T.);
#806=FACE_OUTER_BOUND('',#958,.T.);
#807=FACE_OUTER_BOUND('',#959,.T.);
#808=FACE_OUTER_BOUND('',#960,.T.);
#809=FACE_OUTER_BOUND('',#961,.T.);
#810=FACE_OUTER_BOUND('',#962,.T.);
#811=FACE_OUTER_BOUND('',#963,.T.);
#812=FACE_OUTER_BOUND('',#964,.T.);
#813=FACE_OUTER_BOUND('',#965,.T.);
#814=FACE_OUTER_BOUND('',#966,.T.);
#815=FACE_OUTER_BOUND('',#967,.T.);
#816=FACE_OUTER_BOUND('',#968,.T.);
#817=FACE_OUTER_BOUND('',#969,.T.);
#818=FACE_OUTER_BOUND('',#970,.T.);
#819=FACE_OUTER_BOUND('',#971,.T.);
#820=FACE_OUTER_BOUND('',#972,.T.);
#821=FACE_OUTER_BOUND('',#973,.T.);
#822=FACE_OUTER_BOUND('',#974,.T.);
#823=FACE_OUTER_BOUND('',#975,.T.);
#824=FACE_OUTER_BOUND('',#976,.T.);
#825=FACE_OUTER_BOUND('',#977,.T.);
#826=FACE_OUTER_BOUND('',#978,.T.);
#827=FACE_OUTER_BOUND('',#979,.T.);
#828=FACE_OUTER_BOUND('',#980,.T.);
#829=FACE_OUTER_BOUND('',#981,.T.);
#830=FACE_OUTER_BOUND('',#982,.T.);
#831=FACE_OUTER_BOUND('',#983,.T.);
#832=FACE_OUTER_BOUND('',#984,.T.);
#833=FACE_OUTER_BOUND('',#985,.T.);
#834=FACE_OUTER_BOUND('',#986,.T.);
#835=FACE_OUTER_BOUND('',#987,.T.);
#836=FACE_OUTER_BOUND('',#988,.T.);
#837=FACE_OUTER_BOUND('',#989,.T.);
#838=FACE_OUTER_BOUND('',#990,.T.);
#839=FACE_OUTER_BOUND('',#991,.T.);
#840=FACE_OUTER_BOUND('',#992,.T.);
#841=FACE_OUTER_BOUND('',#994,.T.);
#842=FACE_OUTER_BOUND('',#995,.T.);
#843=FACE_OUTER_BOUND('',#996,.T.);
#844=FACE_OUTER_BOUND('',#997,.T.);
#845=FACE_OUTER_BOUND('',#998,.T.);
#846=FACE_OUTER_BOUND('',#999,.T.);
#847=FACE_OUTER_BOUND('',#1000,.T.);
#848=FACE_OUTER_BOUND('',#1001,.T.);
#849=FACE_OUTER_BOUND('',#1002,.T.);
#850=FACE_OUTER_BOUND('',#1003,.T.);
#851=FACE_OUTER_BOUND('',#1004,.T.);
#852=FACE_OUTER_BOUND('',#1005,.T.);
#853=FACE_OUTER_BOUND('',#1006,.T.);
#854=FACE_OUTER_BOUND('',#1007,.T.);
#855=FACE_OUTER_BOUND('',#1008,.T.);
#856=FACE_OUTER_BOUND('',#1010,.T.);
#857=FACE_OUTER_BOUND('',#1011,.T.);
#858=FACE_OUTER_BOUND('',#1012,.T.);
#859=FACE_OUTER_BOUND('',#1013,.T.);
#860=FACE_OUTER_BOUND('',#1014,.T.);
#861=FACE_OUTER_BOUND('',#1015,.T.);
#862=FACE_OUTER_BOUND('',#1016,.T.);
#863=FACE_OUTER_BOUND('',#1017,.T.);
#864=FACE_OUTER_BOUND('',#1018,.T.);
#865=FACE_OUTER_BOUND('',#1019,.T.);
#866=FACE_OUTER_BOUND('',#1020,.T.);
#867=FACE_OUTER_BOUND('',#1021,.T.);
#868=EDGE_LOOP('',(#1634,#1635,#1636,#1637));
#869=EDGE_LOOP('',(#1638,#1639,#1640,#1641));
#870=EDGE_LOOP('',(#1642,#1643,#1644,#1645));
#871=EDGE_LOOP('',(#1646,#1647,#1648,#1649));
#872=EDGE_LOOP('',(#1650,#1651,#1652,#1653));
#873=EDGE_LOOP('',(#1654,#1655,#1656,#1657));
#874=EDGE_LOOP('',(#1658,#1659,#1660,#1661));
#875=EDGE_LOOP('',(#1662,#1663,#1664,#1665));
#876=EDGE_LOOP('',(#1666,#1667,#1668,#1669));
#877=EDGE_LOOP('',(#1670,#1671,#1672,#1673));
#878=EDGE_LOOP('',(#1674,#1675,#1676,#1677));
#879=EDGE_LOOP('',(#1678,#1679,#1680,#1681));
#880=EDGE_LOOP('',(#1682,#1683,#1684,#1685));
#881=EDGE_LOOP('',(#1686,#1687,#1688,#1689));
#882=EDGE_LOOP('',(#1690,#1691,#1692,#1693));
#883=EDGE_LOOP('',(#1694,#1695,#1696,#1697));
#884=EDGE_LOOP('',(#1698,#1699,#1700,#1701));
#885=EDGE_LOOP('',(#1702,#1703,#1704,#1705));
#886=EDGE_LOOP('',(#1706,#1707,#1708,#1709,#1710));
#887=EDGE_LOOP('',(#1711));
#888=EDGE_LOOP('',(#1712));
#889=EDGE_LOOP('',(#1713,#1714,#1715,#1716));
#890=EDGE_LOOP('',(#1717,#1718));
#891=EDGE_LOOP('',(#1719,#1720));
#892=EDGE_LOOP('',(#1721));
#893=EDGE_LOOP('',(#1722,#1723,#1724,#1725));
#894=EDGE_LOOP('',(#1726,#1727,#1728,#1729));
#895=EDGE_LOOP('',(#1730,#1731,#1732,#1733));
#896=EDGE_LOOP('',(#1734,#1735,#1736,#1737,#1738,#1739));
#897=EDGE_LOOP('',(#1740,#1741,#1742,#1743,#1744,#1745));
#898=EDGE_LOOP('',(#1746,#1747,#1748,#1749,#1750,#1751,#1752));
#899=EDGE_LOOP('',(#1753));
#900=EDGE_LOOP('',(#1754,#1755,#1756,#1757,#1758,#1759,#1760,#1761));
#901=EDGE_LOOP('',(#1762));
#902=EDGE_LOOP('',(#1763));
#903=EDGE_LOOP('',(#1764,#1765,#1766,#1767));
#904=EDGE_LOOP('',(#1768));
#905=EDGE_LOOP('',(#1769,#1770,#1771,#1772));
#906=EDGE_LOOP('',(#1773));
#907=EDGE_LOOP('',(#1774,#1775,#1776,#1777));
#908=EDGE_LOOP('',(#1778));
#909=EDGE_LOOP('',(#1779,#1780,#1781,#1782));
#910=EDGE_LOOP('',(#1783));
#911=EDGE_LOOP('',(#1784,#1785,#1786,#1787,#1788,#1789,#1790,#1791));
#912=EDGE_LOOP('',(#1792));
#913=EDGE_LOOP('',(#1793));
#914=EDGE_LOOP('',(#1794));
#915=EDGE_LOOP('',(#1795));
#916=EDGE_LOOP('',(#1796,#1797,#1798,#1799,#1800,#1801,#1802,#1803));
#917=EDGE_LOOP('',(#1804,#1805,#1806,#1807,#1808,#1809));
#918=EDGE_LOOP('',(#1810,#1811,#1812,#1813,#1814,#1815));
#919=EDGE_LOOP('',(#1816,#1817,#1818,#1819,#1820,#1821));
#920=EDGE_LOOP('',(#1822,#1823,#1824,#1825,#1826,#1827));
#921=EDGE_LOOP('',(#1828,#1829,#1830,#1831,#1832,#1833,#1834,#1835,#1836,
#1837));
#922=EDGE_LOOP('',(#1838,#1839,#1840,#1841,#1842,#1843,#1844,#1845));
#923=EDGE_LOOP('',(#1846));
#924=EDGE_LOOP('',(#1847));
#925=EDGE_LOOP('',(#1848,#1849,#1850,#1851,#1852,#1853));
#926=EDGE_LOOP('',(#1854,#1855,#1856,#1857));
#927=EDGE_LOOP('',(#1858,#1859,#1860,#1861));
#928=EDGE_LOOP('',(#1862,#1863,#1864,#1865,#1866,#1867,#1868,#1869,#1870,
#1871,#1872));
#929=EDGE_LOOP('',(#1873,#1874,#1875,#1876,#1877,#1878));
#930=EDGE_LOOP('',(#1879,#1880,#1881,#1882,#1883,#1884,#1885,#1886,#1887,
#1888,#1889));
#931=EDGE_LOOP('',(#1890,#1891,#1892,#1893));
#932=EDGE_LOOP('',(#1894,#1895,#1896,#1897));
#933=EDGE_LOOP('',(#1898,#1899,#1900));
#934=EDGE_LOOP('',(#1901,#1902,#1903,#1904,#1905,#1906,#1907));
#935=EDGE_LOOP('',(#1908,#1909,#1910,#1911,#1912,#1913,#1914,#1915));
#936=EDGE_LOOP('',(#1916,#1917,#1918,#1919));
#937=EDGE_LOOP('',(#1920,#1921,#1922,#1923));
#938=EDGE_LOOP('',(#1924,#1925,#1926,#1927,#1928,#1929,#1930,#1931));
#939=EDGE_LOOP('',(#1932));
#940=EDGE_LOOP('',(#1933));
#941=EDGE_LOOP('',(#1934));
#942=EDGE_LOOP('',(#1935,#1936,#1937,#1938));
#943=EDGE_LOOP('',(#1939,#1940,#1941,#1942));
#944=EDGE_LOOP('',(#1943,#1944,#1945,#1946));
#945=EDGE_LOOP('',(#1947,#1948,#1949,#1950));
#946=EDGE_LOOP('',(#1951,#1952,#1953,#1954));
#947=EDGE_LOOP('',(#1955,#1956,#1957,#1958));
#948=EDGE_LOOP('',(#1959,#1960,#1961,#1962));
#949=EDGE_LOOP('',(#1963,#1964,#1965,#1966,#1967));
#950=EDGE_LOOP('',(#1968));
#951=EDGE_LOOP('',(#1969,#1970,#1971,#1972));
#952=EDGE_LOOP('',(#1973,#1974,#1975,#1976,#1977,#1978));
#953=EDGE_LOOP('',(#1979,#1980,#1981,#1982,#1983,#1984,#1985,#1986));
#954=EDGE_LOOP('',(#1987,#1988,#1989,#1990));
#955=EDGE_LOOP('',(#1991,#1992,#1993,#1994));
#956=EDGE_LOOP('',(#1995,#1996,#1997,#1998));
#957=EDGE_LOOP('',(#1999,#2000,#2001,#2002));
#958=EDGE_LOOP('',(#2003,#2004,#2005,#2006));
#959=EDGE_LOOP('',(#2007,#2008,#2009,#2010));
#960=EDGE_LOOP('',(#2011,#2012,#2013,#2014));
#961=EDGE_LOOP('',(#2015,#2016,#2017,#2018));
#962=EDGE_LOOP('',(#2019,#2020,#2021,#2022));
#963=EDGE_LOOP('',(#2023,#2024,#2025,#2026));
#964=EDGE_LOOP('',(#2027,#2028,#2029,#2030));
#965=EDGE_LOOP('',(#2031,#2032,#2033,#2034,#2035,#2036,#2037,#2038,#2039,
#2040,#2041,#2042,#2043,#2044,#2045,#2046,#2047));
#966=EDGE_LOOP('',(#2048,#2049,#2050,#2051));
#967=EDGE_LOOP('',(#2052,#2053,#2054,#2055));
#968=EDGE_LOOP('',(#2056,#2057,#2058,#2059));
#969=EDGE_LOOP('',(#2060,#2061,#2062,#2063));
#970=EDGE_LOOP('',(#2064,#2065,#2066,#2067,#2068,#2069,#2070,#2071,#2072,
#2073,#2074,#2075));
#971=EDGE_LOOP('',(#2076,#2077,#2078,#2079));
#972=EDGE_LOOP('',(#2080,#2081,#2082,#2083,#2084,#2085,#2086,#2087,#2088,
#2089,#2090,#2091));
#973=EDGE_LOOP('',(#2092,#2093,#2094,#2095));
#974=EDGE_LOOP('',(#2096,#2097,#2098,#2099));
#975=EDGE_LOOP('',(#2100,#2101,#2102));
#976=EDGE_LOOP('',(#2103,#2104,#2105,#2106));
#977=EDGE_LOOP('',(#2107,#2108,#2109));
#978=EDGE_LOOP('',(#2110,#2111,#2112,#2113));
#979=EDGE_LOOP('',(#2114,#2115,#2116,#2117));
#980=EDGE_LOOP('',(#2118,#2119,#2120));
#981=EDGE_LOOP('',(#2121,#2122,#2123,#2124));
#982=EDGE_LOOP('',(#2125,#2126,#2127));
#983=EDGE_LOOP('',(#2128,#2129,#2130,#2131));
#984=EDGE_LOOP('',(#2132,#2133,#2134,#2135));
#985=EDGE_LOOP('',(#2136,#2137,#2138,#2139));
#986=EDGE_LOOP('',(#2140,#2141,#2142,#2143,#2144));
#987=EDGE_LOOP('',(#2145,#2146,#2147,#2148));
#988=EDGE_LOOP('',(#2149,#2150,#2151,#2152));
#989=EDGE_LOOP('',(#2153,#2154,#2155,#2156));
#990=EDGE_LOOP('',(#2157,#2158,#2159,#2160));
#991=EDGE_LOOP('',(#2161,#2162,#2163,#2164));
#992=EDGE_LOOP('',(#2165,#2166,#2167,#2168,#2169,#2170,#2171,#2172,#2173,
#2174,#2175,#2176,#2177,#2178,#2179,#2180));
#993=EDGE_LOOP('',(#2181,#2182,#2183,#2184));
#994=EDGE_LOOP('',(#2185,#2186,#2187,#2188,#2189));
#995=EDGE_LOOP('',(#2190,#2191,#2192,#2193));
#996=EDGE_LOOP('',(#2194,#2195,#2196,#2197));
#997=EDGE_LOOP('',(#2198,#2199,#2200,#2201));
#998=EDGE_LOOP('',(#2202,#2203,#2204,#2205,#2206));
#999=EDGE_LOOP('',(#2207,#2208,#2209,#2210));
#1000=EDGE_LOOP('',(#2211,#2212,#2213,#2214));
#1001=EDGE_LOOP('',(#2215,#2216,#2217,#2218,#2219,#2220));
#1002=EDGE_LOOP('',(#2221,#2222,#2223,#2224,#2225,#2226));
#1003=EDGE_LOOP('',(#2227,#2228,#2229,#2230,#2231,#2232));
#1004=EDGE_LOOP('',(#2233,#2234,#2235,#2236,#2237,#2238,#2239,#2240));
#1005=EDGE_LOOP('',(#2241,#2242,#2243,#2244,#2245));
#1006=EDGE_LOOP('',(#2246,#2247,#2248,#2249,#2250,#2251));
#1007=EDGE_LOOP('',(#2252,#2253,#2254,#2255));
#1008=EDGE_LOOP('',(#2256,#2257,#2258,#2259));
#1009=EDGE_LOOP('',(#2260,#2261,#2262,#2263,#2264,#2265,#2266,#2267));
#1010=EDGE_LOOP('',(#2268));
#1011=EDGE_LOOP('',(#2269,#2270,#2271,#2272,#2273));
#1012=EDGE_LOOP('',(#2274,#2275,#2276,#2277));
#1013=EDGE_LOOP('',(#2278,#2279,#2280,#2281));
#1014=EDGE_LOOP('',(#2282,#2283,#2284,#2285));
#1015=EDGE_LOOP('',(#2286,#2287,#2288,#2289));
#1016=EDGE_LOOP('',(#2290,#2291,#2292,#2293));
#1017=EDGE_LOOP('',(#2294,#2295,#2296,#2297,#2298,#2299,#2300,#2301,#2302,
#2303,#2304,#2305));
#1018=EDGE_LOOP('',(#2306,#2307,#2308,#2309));
#1019=EDGE_LOOP('',(#2310,#2311,#2312,#2313));
#1020=EDGE_LOOP('',(#2314));
#1021=EDGE_LOOP('',(#2315));
#1022=B_SPLINE_CURVE_WITH_KNOTS('',3,(#3322,#3323,#3324,#3325),
 .UNSPECIFIED.,.F.,.F.,(4,4),(0.,0.0712813173475804),.UNSPECIFIED.);
#1023=B_SPLINE_CURVE_WITH_KNOTS('',3,(#3328,#3329,#3330,#3331),
 .UNSPECIFIED.,.F.,.F.,(4,4),(0.,0.0713019192854502),.UNSPECIFIED.);
#1024=B_SPLINE_CURVE_WITH_KNOTS('',3,(#3337,#3338,#3339,#3340),
 .UNSPECIFIED.,.F.,.F.,(4,4),(0.,0.0713019192855026),.UNSPECIFIED.);
#1025=B_SPLINE_CURVE_WITH_KNOTS('',3,(#3343,#3344,#3345,#3346),
 .UNSPECIFIED.,.F.,.F.,(4,4),(0.,0.0713019192854418),.UNSPECIFIED.);
#1026=B_SPLINE_CURVE_WITH_KNOTS('',3,(#3375,#3376,#3377,#3378),
 .UNSPECIFIED.,.F.,.F.,(4,4),(0.,0.0712812977418498),.UNSPECIFIED.);
#1027=B_SPLINE_CURVE_WITH_KNOTS('',3,(#3381,#3382,#3383,#3384),
 .UNSPECIFIED.,.F.,.F.,(4,4),(0.,0.0713019393705761),.UNSPECIFIED.);
#1028=B_SPLINE_CURVE_WITH_KNOTS('',3,(#3390,#3391,#3392,#3393),
 .UNSPECIFIED.,.F.,.F.,(4,4),(0.,0.0713018996420931),.UNSPECIFIED.);
#1029=B_SPLINE_CURVE_WITH_KNOTS('',3,(#3399,#3400,#3401,#3402),
 .UNSPECIFIED.,.F.,.F.,(4,4),(0.,0.0713019393705487),.UNSPECIFIED.);
#1030=CIRCLE('',#2472,1.99999999999999);
#1031=CIRCLE('',#2473,1.49999999999999);
#1032=CIRCLE('',#2475,1.49999999999999);
#1033=CIRCLE('',#2476,1.99999999999999);
#1034=CIRCLE('',#2481,1.99999999999999);
#1035=CIRCLE('',#2485,1.99999999999999);
#1036=CIRCLE('',#2487,1.99999999999999);
#1037=CIRCLE('',#2488,1.49999999999999);
#1038=CIRCLE('',#2492,1.99999999999999);
#1039=CIRCLE('',#2493,1.49999999999999);
#1040=CIRCLE('',#2496,1.99999999999999);
#1041=CIRCLE('',#2500,4.49999999999999);
#1042=CIRCLE('',#2501,3.5);
#1043=CIRCLE('',#2505,1.99999999999999);
#1044=CIRCLE('',#2507,1.99999999999999);
#1045=CIRCLE('',#2509,3.5);
#1046=CIRCLE('',#2510,1.99999999999999);
#1047=CIRCLE('',#2513,2.10000000000001);
#1048=CIRCLE('',#2514,2.10000000000001);
#1049=CIRCLE('',#2516,2.10000000000001);
#1050=CIRCLE('',#2517,2.10000000000001);
#1051=CIRCLE('',#2519,2.10000000000001);
#1052=CIRCLE('',#2524,2.1);
#1053=CIRCLE('',#2525,2.1);
#1054=CIRCLE('',#2528,2.1);
#1055=CIRCLE('',#2529,2.1);
#1056=CIRCLE('',#2532,2.10000000000001);
#1057=CIRCLE('',#2533,2.10000000000001);
#1058=CIRCLE('',#2536,2.09999999999999);
#1059=CIRCLE('',#2537,2.09999999999999);
#1060=CIRCLE('',#2541,2.1);
#1061=CIRCLE('',#2542,2.1);
#1062=CIRCLE('',#2544,2.1);
#1063=CIRCLE('',#2546,2.1);
#1064=CIRCLE('',#2547,2.1);
#1065=CIRCLE('',#2549,2.1);
#1066=CIRCLE('',#2562,17.);
#1067=CIRCLE('',#2564,17.);
#1068=CIRCLE('',#2565,19.25);
#1069=CIRCLE('',#2570,2.);
#1070=CIRCLE('',#2571,2.);
#1071=CIRCLE('',#2572,1.99999999999999);
#1072=CIRCLE('',#2580,5.99999999900307);
#1073=CIRCLE('',#2587,1.99999999999999);
#1074=CIRCLE('',#2589,2.);
#1075=CIRCLE('',#2591,2.);
#1076=CIRCLE('',#2638,19.25);
#1077=CIRCLE('',#2639,17.);
#1078=VERTEX_POINT('',#3318);
#1079=VERTEX_POINT('',#3319);
#1080=VERTEX_POINT('',#3321);
#1081=VERTEX_POINT('',#3326);
#1082=VERTEX_POINT('',#3333);
#1083=VERTEX_POINT('',#3334);
#1084=VERTEX_POINT('',#3336);
#1085=VERTEX_POINT('',#3341);
#1086=VERTEX_POINT('',#3354);
#1087=VERTEX_POINT('',#3356);
#1088=VERTEX_POINT('',#3360);
#1089=VERTEX_POINT('',#3365);
#1090=VERTEX_POINT('',#3371);
#1091=VERTEX_POINT('',#3372);
#1092=VERTEX_POINT('',#3374);
#1093=VERTEX_POINT('',#3379);
#1094=VERTEX_POINT('',#3386);
#1095=VERTEX_POINT('',#3388);
#1096=VERTEX_POINT('',#3395);
#1097=VERTEX_POINT('',#3397);
#1098=VERTEX_POINT('',#3407);
#1099=VERTEX_POINT('',#3409);
#1100=VERTEX_POINT('',#3413);
#1101=VERTEX_POINT('',#3418);
#1102=VERTEX_POINT('',#3422);
#1103=VERTEX_POINT('',#3424);
#1104=VERTEX_POINT('',#3428);
#1105=VERTEX_POINT('',#3429);
#1106=VERTEX_POINT('',#3431);
#1107=VERTEX_POINT('',#3433);
#1108=VERTEX_POINT('',#3435);
#1109=VERTEX_POINT('',#3444);
#1110=VERTEX_POINT('',#3449);
#1111=VERTEX_POINT('',#3451);
#1112=VERTEX_POINT('',#3455);
#1113=VERTEX_POINT('',#3457);
#1114=VERTEX_POINT('',#3459);
#1115=VERTEX_POINT('',#3461);
#1116=VERTEX_POINT('',#3465);
#1117=VERTEX_POINT('',#3467);
#1118=VERTEX_POINT('',#3469);
#1119=VERTEX_POINT('',#3471);
#1120=VERTEX_POINT('',#3475);
#1121=VERTEX_POINT('',#3477);
#1122=VERTEX_POINT('',#3481);
#1123=VERTEX_POINT('',#3482);
#1124=VERTEX_POINT('',#3484);
#1125=VERTEX_POINT('',#3486);
#1126=VERTEX_POINT('',#3488);
#1127=VERTEX_POINT('',#3490);
#1128=VERTEX_POINT('',#3492);
#1129=VERTEX_POINT('',#3494);
#1130=VERTEX_POINT('',#3498);
#1131=VERTEX_POINT('',#3500);
#1132=VERTEX_POINT('',#3505);
#1133=VERTEX_POINT('',#3507);
#1134=VERTEX_POINT('',#3512);
#1135=VERTEX_POINT('',#3514);
#1136=VERTEX_POINT('',#3519);
#1137=VERTEX_POINT('',#3521);
#1138=VERTEX_POINT('',#3526);
#1139=VERTEX_POINT('',#3527);
#1140=VERTEX_POINT('',#3529);
#1141=VERTEX_POINT('',#3531);
#1142=VERTEX_POINT('',#3533);
#1143=VERTEX_POINT('',#3535);
#1144=VERTEX_POINT('',#3537);
#1145=VERTEX_POINT('',#3539);
#1146=VERTEX_POINT('',#3542);
#1147=VERTEX_POINT('',#3543);
#1148=VERTEX_POINT('',#3545);
#1149=VERTEX_POINT('',#3547);
#1150=VERTEX_POINT('',#3549);
#1151=VERTEX_POINT('',#3551);
#1152=VERTEX_POINT('',#3553);
#1153=VERTEX_POINT('',#3555);
#1154=VERTEX_POINT('',#3559);
#1155=VERTEX_POINT('',#3561);
#1156=VERTEX_POINT('',#3563);
#1157=VERTEX_POINT('',#3565);
#1158=VERTEX_POINT('',#3569);
#1159=VERTEX_POINT('',#3571);
#1160=VERTEX_POINT('',#3573);
#1161=VERTEX_POINT('',#3575);
#1162=VERTEX_POINT('',#3579);
#1163=VERTEX_POINT('',#3581);
#1164=VERTEX_POINT('',#3583);
#1165=VERTEX_POINT('',#3585);
#1166=VERTEX_POINT('',#3589);
#1167=VERTEX_POINT('',#3591);
#1168=VERTEX_POINT('',#3593);
#1169=VERTEX_POINT('',#3595);
#1170=VERTEX_POINT('',#3602);
#1171=VERTEX_POINT('',#3603);
#1172=VERTEX_POINT('',#3605);
#1173=VERTEX_POINT('',#3607);
#1174=VERTEX_POINT('',#3609);
#1175=VERTEX_POINT('',#3611);
#1176=VERTEX_POINT('',#3613);
#1177=VERTEX_POINT('',#3615);
#1178=VERTEX_POINT('',#3619);
#1179=VERTEX_POINT('',#3620);
#1180=VERTEX_POINT('',#3622);
#1181=VERTEX_POINT('',#3624);
#1182=VERTEX_POINT('',#3626);
#1183=VERTEX_POINT('',#3628);
#1184=VERTEX_POINT('',#3632);
#1185=VERTEX_POINT('',#3634);
#1186=VERTEX_POINT('',#3640);
#1187=VERTEX_POINT('',#3643);
#1188=VERTEX_POINT('',#3645);
#1189=VERTEX_POINT('',#3647);
#1190=VERTEX_POINT('',#3649);
#1191=VERTEX_POINT('',#3651);
#1192=VERTEX_POINT('',#3655);
#1193=VERTEX_POINT('',#3656);
#1194=VERTEX_POINT('',#3658);
#1195=VERTEX_POINT('',#3660);
#1196=VERTEX_POINT('',#3662);
#1197=VERTEX_POINT('',#3664);
#1198=VERTEX_POINT('',#3669);
#1199=VERTEX_POINT('',#3671);
#1200=VERTEX_POINT('',#3673);
#1201=VERTEX_POINT('',#3675);
#1202=VERTEX_POINT('',#3677);
#1203=VERTEX_POINT('',#3679);
#1204=VERTEX_POINT('',#3681);
#1205=VERTEX_POINT('',#3685);
#1206=VERTEX_POINT('',#3686);
#1207=VERTEX_POINT('',#3688);
#1208=VERTEX_POINT('',#3690);
#1209=VERTEX_POINT('',#3699);
#1210=VERTEX_POINT('',#3701);
#1211=VERTEX_POINT('',#3703);
#1212=VERTEX_POINT('',#3705);
#1213=VERTEX_POINT('',#3707);
#1214=VERTEX_POINT('',#3711);
#1215=VERTEX_POINT('',#3713);
#1216=VERTEX_POINT('',#3718);
#1217=VERTEX_POINT('',#3719);
#1218=VERTEX_POINT('',#3724);
#1219=VERTEX_POINT('',#3728);
#1220=VERTEX_POINT('',#3730);
#1221=VERTEX_POINT('',#3732);
#1222=VERTEX_POINT('',#3734);
#1223=VERTEX_POINT('',#3736);
#1224=VERTEX_POINT('',#3739);
#1225=VERTEX_POINT('',#3741);
#1226=VERTEX_POINT('',#3743);
#1227=VERTEX_POINT('',#3757);
#1228=VERTEX_POINT('',#3761);
#1229=VERTEX_POINT('',#3762);
#1230=VERTEX_POINT('',#3764);
#1231=VERTEX_POINT('',#3766);
#1232=VERTEX_POINT('',#3768);
#1233=VERTEX_POINT('',#3772);
#1234=VERTEX_POINT('',#3776);
#1235=VERTEX_POINT('',#3778);
#1236=VERTEX_POINT('',#3782);
#1237=VERTEX_POINT('',#3783);
#1238=VERTEX_POINT('',#3788);
#1239=VERTEX_POINT('',#3792);
#1240=VERTEX_POINT('',#3796);
#1241=VERTEX_POINT('',#3800);
#1242=VERTEX_POINT('',#3804);
#1243=VERTEX_POINT('',#3805);
#1244=VERTEX_POINT('',#3810);
#1245=VERTEX_POINT('',#3817);
#1246=VERTEX_POINT('',#3821);
#1247=VERTEX_POINT('',#3822);
#1248=VERTEX_POINT('',#3831);
#1249=VERTEX_POINT('',#3833);
#1250=VERTEX_POINT('',#3836);
#1251=VERTEX_POINT('',#3838);
#1252=VERTEX_POINT('',#3840);
#1253=VERTEX_POINT('',#3842);
#1254=VERTEX_POINT('',#3844);
#1255=VERTEX_POINT('',#3849);
#1256=VERTEX_POINT('',#3853);
#1257=VERTEX_POINT('',#3859);
#1258=VERTEX_POINT('',#3861);
#1259=VERTEX_POINT('',#3869);
#1260=VERTEX_POINT('',#3871);
#1261=VERTEX_POINT('',#3875);
#1262=VERTEX_POINT('',#3877);
#1263=VERTEX_POINT('',#3880);
#1264=VERTEX_POINT('',#3882);
#1265=VERTEX_POINT('',#3889);
#1266=VERTEX_POINT('',#3895);
#1267=VERTEX_POINT('',#3896);
#1268=VERTEX_POINT('',#3901);
#1269=VERTEX_POINT('',#3905);
#1270=VERTEX_POINT('',#3910);
#1271=VERTEX_POINT('',#3916);
#1272=VERTEX_POINT('',#3918);
#1273=VERTEX_POINT('',#3927);
#1274=VERTEX_POINT('',#3931);
#1275=VERTEX_POINT('',#3938);
#1276=VERTEX_POINT('',#3950);
#1277=VERTEX_POINT('',#3952);
#1278=VERTEX_POINT('',#3955);
#1279=VERTEX_POINT('',#3956);
#1280=VERTEX_POINT('',#3958);
#1281=VERTEX_POINT('',#3960);
#1282=VERTEX_POINT('',#3964);
#1283=VERTEX_POINT('',#3975);
#1284=VERTEX_POINT('',#3977);
#1285=VERTEX_POINT('',#3981);
#1286=VERTEX_POINT('',#3982);
#1287=VERTEX_POINT('',#3990);
#1288=VERTEX_POINT('',#3991);
#1289=VERTEX_POINT('',#3996);
#1290=VERTEX_POINT('',#4001);
#1291=VERTEX_POINT('',#4009);
#1292=VERTEX_POINT('',#4011);
#1293=EDGE_CURVE('',#1078,#1079,#1030,.T.);
#1294=EDGE_CURVE('',#1079,#1080,#1022,.T.);
#1295=EDGE_CURVE('',#1080,#1081,#1031,.T.);
#1296=EDGE_CURVE('',#1081,#1078,#1023,.T.);
#1297=EDGE_CURVE('',#1082,#1083,#1032,.T.);
#1298=EDGE_CURVE('',#1083,#1084,#1024,.T.);
#1299=EDGE_CURVE('',#1084,#1085,#1033,.T.);
#1300=EDGE_CURVE('',#1082,#1085,#1025,.T.);
#1301=EDGE_CURVE('',#1079,#1084,#59,.T.);
#1302=EDGE_CURVE('',#1083,#1080,#60,.T.);
#1303=EDGE_CURVE('',#1085,#1078,#61,.T.);
#1304=EDGE_CURVE('',#1081,#1082,#62,.T.);
#1305=EDGE_CURVE('',#1086,#1085,#63,.T.);
#1306=EDGE_CURVE('',#1086,#1087,#64,.T.);
#1307=EDGE_CURVE('',#1078,#1087,#65,.T.);
#1308=EDGE_CURVE('',#1088,#1084,#66,.T.);
#1309=EDGE_CURVE('',#1088,#1086,#1034,.T.);
#1310=EDGE_CURVE('',#1089,#1079,#67,.T.);
#1311=EDGE_CURVE('',#1089,#1088,#68,.T.);
#1312=EDGE_CURVE('',#1087,#1089,#1035,.T.);
#1313=EDGE_CURVE('',#1090,#1091,#1036,.T.);
#1314=EDGE_CURVE('',#1091,#1092,#1026,.T.);
#1315=EDGE_CURVE('',#1092,#1093,#1037,.T.);
#1316=EDGE_CURVE('',#1093,#1090,#1027,.T.);
#1317=EDGE_CURVE('',#1094,#1092,#69,.T.);
#1318=EDGE_CURVE('',#1091,#1095,#70,.T.);
#1319=EDGE_CURVE('',#1094,#1095,#1028,.T.);
#1320=EDGE_CURVE('',#1096,#1090,#71,.T.);
#1321=EDGE_CURVE('',#1093,#1097,#72,.T.);
#1322=EDGE_CURVE('',#1097,#1096,#1029,.T.);
#1323=EDGE_CURVE('',#1095,#1096,#1038,.T.);
#1324=EDGE_CURVE('',#1097,#1094,#1039,.T.);
#1325=EDGE_CURVE('',#1098,#1091,#73,.T.);
#1326=EDGE_CURVE('',#1098,#1099,#74,.T.);
#1327=EDGE_CURVE('',#1095,#1099,#75,.T.);
#1328=EDGE_CURVE('',#1090,#1100,#76,.T.);
#1329=EDGE_CURVE('',#1100,#1098,#1040,.T.);
#1330=EDGE_CURVE('',#1101,#1096,#77,.T.);
#1331=EDGE_CURVE('',#1101,#1100,#78,.T.);
#1332=EDGE_CURVE('',#1102,#1102,#1041,.T.);
#1333=EDGE_CURVE('',#1102,#1103,#79,.T.);
#1334=EDGE_CURVE('',#1103,#1103,#1042,.T.);
#1335=EDGE_CURVE('',#1104,#1105,#80,.T.);
#1336=EDGE_CURVE('',#1106,#1104,#81,.T.);
#1337=EDGE_CURVE('',#1107,#1106,#82,.T.);
#1338=EDGE_CURVE('',#1108,#1107,#83,.T.);
#1339=EDGE_CURVE('',#1108,#1105,#84,.T.);
#1340=EDGE_CURVE('',#1101,#1100,#1043,.T.);
#1341=EDGE_CURVE('',#1098,#1099,#1044,.T.);
#1342=EDGE_CURVE('',#1109,#1109,#1045,.T.);
#1343=EDGE_CURVE('',#1099,#1101,#1046,.T.);
#1344=EDGE_CURVE('',#1110,#1110,#1047,.T.);
#1345=EDGE_CURVE('',#1110,#1111,#85,.T.);
#1346=EDGE_CURVE('',#1111,#1111,#1048,.T.);
#1347=EDGE_CURVE('',#1112,#1112,#1049,.T.);
#1348=EDGE_CURVE('',#1112,#1113,#86,.T.);
#1349=EDGE_CURVE('',#1114,#1113,#1050,.T.);
#1350=EDGE_CURVE('',#1115,#1114,#19,.T.);
#1351=EDGE_CURVE('',#1113,#1115,#1051,.T.);
#1352=EDGE_CURVE('',#1114,#1116,#87,.T.);
#1353=EDGE_CURVE('',#1116,#1117,#88,.T.);
#1354=EDGE_CURVE('',#1117,#1118,#89,.T.);
#1355=EDGE_CURVE('',#1118,#1119,#90,.T.);
#1356=EDGE_CURVE('',#1119,#1115,#91,.T.);
#1357=EDGE_CURVE('',#1119,#1120,#92,.T.);
#1358=EDGE_CURVE('',#1121,#1120,#93,.T.);
#1359=EDGE_CURVE('',#1121,#1116,#94,.T.);
#1360=EDGE_CURVE('',#1122,#1123,#95,.T.);
#1361=EDGE_CURVE('',#1122,#1124,#96,.T.);
#1362=EDGE_CURVE('',#1125,#1124,#97,.T.);
#1363=EDGE_CURVE('',#1125,#1126,#98,.T.);
#1364=EDGE_CURVE('',#1127,#1126,#99,.T.);
#1365=EDGE_CURVE('',#1127,#1128,#100,.T.);
#1366=EDGE_CURVE('',#1129,#1128,#101,.T.);
#1367=EDGE_CURVE('',#1129,#1123,#102,.T.);
#1368=EDGE_CURVE('',#1130,#1130,#1052,.T.);
#1369=EDGE_CURVE('',#1130,#1131,#103,.T.);
#1370=EDGE_CURVE('',#1131,#1131,#1053,.T.);
#1371=EDGE_CURVE('',#1132,#1132,#1054,.T.);
#1372=EDGE_CURVE('',#1132,#1133,#104,.T.);
#1373=EDGE_CURVE('',#1133,#1133,#1055,.T.);
#1374=EDGE_CURVE('',#1134,#1134,#1056,.T.);
#1375=EDGE_CURVE('',#1134,#1135,#105,.T.);
#1376=EDGE_CURVE('',#1135,#1135,#1057,.T.);
#1377=EDGE_CURVE('',#1136,#1136,#1058,.T.);
#1378=EDGE_CURVE('',#1136,#1137,#106,.T.);
#1379=EDGE_CURVE('',#1137,#1137,#1059,.T.);
#1380=EDGE_CURVE('',#1138,#1139,#107,.T.);
#1381=EDGE_CURVE('',#1139,#1140,#108,.T.);
#1382=EDGE_CURVE('',#1140,#1141,#109,.T.);
#1383=EDGE_CURVE('',#1141,#1142,#110,.T.);
#1384=EDGE_CURVE('',#1142,#1143,#111,.T.);
#1385=EDGE_CURVE('',#1143,#1144,#112,.T.);
#1386=EDGE_CURVE('',#1144,#1145,#113,.T.);
#1387=EDGE_CURVE('',#1145,#1138,#114,.T.);
#1388=EDGE_CURVE('',#1146,#1147,#115,.T.);
#1389=EDGE_CURVE('',#1148,#1146,#116,.F.);
#1390=EDGE_CURVE('',#1148,#1149,#117,.T.);
#1391=EDGE_CURVE('',#1150,#1149,#118,.F.);
#1392=EDGE_CURVE('',#1151,#1150,#119,.T.);
#1393=EDGE_CURVE('',#1152,#1151,#120,.F.);
#1394=EDGE_CURVE('',#1153,#1152,#121,.T.);
#1395=EDGE_CURVE('',#1147,#1153,#122,.F.);
#1396=EDGE_CURVE('',#1154,#1154,#1060,.T.);
#1397=EDGE_CURVE('',#1154,#1155,#123,.T.);
#1398=EDGE_CURVE('',#1156,#1155,#1061,.T.);
#1399=EDGE_CURVE('',#1157,#1156,#20,.T.);
#1400=EDGE_CURVE('',#1155,#1157,#1062,.T.);
#1401=EDGE_CURVE('',#1158,#1158,#1063,.T.);
#1402=EDGE_CURVE('',#1158,#1159,#124,.T.);
#1403=EDGE_CURVE('',#1160,#1159,#1064,.T.);
#1404=EDGE_CURVE('',#1161,#1160,#21,.T.);
#1405=EDGE_CURVE('',#1159,#1161,#1065,.T.);
#1406=EDGE_CURVE('',#1156,#1162,#125,.T.);
#1407=EDGE_CURVE('',#1162,#1163,#126,.T.);
#1408=EDGE_CURVE('',#1163,#1164,#127,.T.);
#1409=EDGE_CURVE('',#1164,#1165,#128,.T.);
#1410=EDGE_CURVE('',#1165,#1157,#129,.T.);
#1411=EDGE_CURVE('',#1160,#1166,#130,.T.);
#1412=EDGE_CURVE('',#1166,#1167,#131,.T.);
#1413=EDGE_CURVE('',#1167,#1168,#132,.T.);
#1414=EDGE_CURVE('',#1168,#1169,#133,.T.);
#1415=EDGE_CURVE('',#1169,#1161,#134,.T.);
#1416=EDGE_CURVE('',#1165,#1166,#135,.T.);
#1417=EDGE_CURVE('',#1169,#1162,#136,.T.);
#1418=EDGE_CURVE('',#1170,#1171,#137,.T.);
#1419=EDGE_CURVE('',#1172,#1170,#138,.T.);
#1420=EDGE_CURVE('',#1173,#1172,#139,.T.);
#1421=EDGE_CURVE('',#1174,#1173,#140,.T.);
#1422=EDGE_CURVE('',#1175,#1174,#141,.T.);
#1423=EDGE_CURVE('',#1175,#1176,#142,.T.);
#1424=EDGE_CURVE('',#1177,#1176,#143,.T.);
#1425=EDGE_CURVE('',#1177,#1171,#144,.T.);
#1426=EDGE_CURVE('',#1178,#1179,#145,.T.);
#1427=EDGE_CURVE('',#1180,#1178,#146,.T.);
#1428=EDGE_CURVE('',#1180,#1181,#147,.T.);
#1429=EDGE_CURVE('',#1182,#1181,#148,.T.);
#1430=EDGE_CURVE('',#1182,#1183,#149,.T.);
#1431=EDGE_CURVE('',#1183,#1179,#150,.T.);
#1432=EDGE_CURVE('',#1184,#1178,#151,.T.);
#1433=EDGE_CURVE('',#1184,#1185,#152,.T.);
#1434=EDGE_CURVE('',#1185,#1180,#153,.T.);
#1435=EDGE_CURVE('',#1124,#1108,#154,.T.);
#1436=EDGE_CURVE('',#1105,#1122,#155,.T.);
#1437=EDGE_CURVE('',#1186,#1184,#156,.T.);
#1438=EDGE_CURVE('',#1186,#1117,#157,.T.);
#1439=EDGE_CURVE('',#1187,#1121,#158,.T.);
#1440=EDGE_CURVE('',#1187,#1188,#159,.T.);
#1441=EDGE_CURVE('',#1189,#1188,#160,.T.);
#1442=EDGE_CURVE('',#1190,#1189,#161,.T.);
#1443=EDGE_CURVE('',#1191,#1190,#162,.T.);
#1444=EDGE_CURVE('',#1185,#1191,#163,.T.);
#1445=EDGE_CURVE('',#1192,#1193,#164,.T.);
#1446=EDGE_CURVE('',#1192,#1194,#165,.T.);
#1447=EDGE_CURVE('',#1195,#1194,#166,.F.);
#1448=EDGE_CURVE('',#1195,#1196,#167,.T.);
#1449=EDGE_CURVE('',#1197,#1196,#168,.F.);
#1450=EDGE_CURVE('',#1197,#1193,#169,.T.);
#1451=EDGE_CURVE('',#1179,#1192,#170,.F.);
#1452=EDGE_CURVE('',#1198,#1183,#171,.T.);
#1453=EDGE_CURVE('',#1199,#1198,#172,.T.);
#1454=EDGE_CURVE('',#1200,#1199,#173,.T.);
#1455=EDGE_CURVE('',#1201,#1200,#174,.T.);
#1456=EDGE_CURVE('',#1202,#1201,#175,.T.);
#1457=EDGE_CURVE('',#1203,#1202,#176,.T.);
#1458=EDGE_CURVE('',#1203,#1204,#177,.T.);
#1459=EDGE_CURVE('',#1194,#1204,#178,.T.);
#1460=EDGE_CURVE('',#1205,#1206,#179,.T.);
#1461=EDGE_CURVE('',#1207,#1206,#180,.T.);
#1462=EDGE_CURVE('',#1207,#1208,#181,.T.);
#1463=EDGE_CURVE('',#1205,#1208,#182,.T.);
#1464=EDGE_CURVE('',#1208,#1189,#183,.T.);
#1465=EDGE_CURVE('',#1188,#1205,#184,.T.);
#1466=EDGE_CURVE('',#1182,#1198,#1066,.T.);
#1467=EDGE_CURVE('',#1209,#1199,#185,.T.);
#1468=EDGE_CURVE('',#1198,#1210,#1067,.T.);
#1469=EDGE_CURVE('',#1211,#1210,#186,.T.);
#1470=EDGE_CURVE('',#1212,#1211,#187,.T.);
#1471=EDGE_CURVE('',#1213,#1212,#188,.T.);
#1472=EDGE_CURVE('',#1209,#1213,#1068,.F.);
#1473=EDGE_CURVE('',#1214,#1207,#189,.F.);
#1474=EDGE_CURVE('',#1214,#1215,#190,.T.);
#1475=EDGE_CURVE('',#1202,#1215,#191,.F.);
#1476=EDGE_CURVE('',#1201,#1190,#192,.T.);
#1477=EDGE_CURVE('',#1216,#1217,#193,.T.);
#1478=EDGE_CURVE('',#1217,#1152,#194,.T.);
#1479=EDGE_CURVE('',#1151,#1216,#195,.T.);
#1480=EDGE_CURVE('',#1218,#1217,#196,.T.);
#1481=EDGE_CURVE('',#1153,#1218,#197,.T.);
#1482=EDGE_CURVE('',#1216,#1219,#198,.T.);
#1483=EDGE_CURVE('',#1220,#1219,#199,.T.);
#1484=EDGE_CURVE('',#1220,#1221,#200,.T.);
#1485=EDGE_CURVE('',#1222,#1221,#201,.T.);
#1486=EDGE_CURVE('',#1222,#1223,#202,.T.);
#1487=EDGE_CURVE('',#1218,#1223,#203,.T.);
#1488=EDGE_CURVE('',#1224,#1224,#1069,.T.);
#1489=EDGE_CURVE('',#1225,#1225,#1070,.T.);
#1490=EDGE_CURVE('',#1226,#1226,#1071,.T.);
#1491=EDGE_CURVE('',#1223,#1147,#204,.T.);
#1492=EDGE_CURVE('',#1146,#1222,#205,.T.);
#1493=EDGE_CURVE('',#1221,#1148,#206,.T.);
#1494=EDGE_CURVE('',#1149,#1220,#207,.T.);
#1495=EDGE_CURVE('',#1219,#1150,#208,.T.);
#1496=EDGE_CURVE('',#1227,#1227,#1072,.T.);
#1497=EDGE_CURVE('',#1227,#1109,#209,.T.);
#1498=EDGE_CURVE('',#1228,#1229,#210,.T.);
#1499=EDGE_CURVE('',#1228,#1230,#211,.T.);
#1500=EDGE_CURVE('',#1231,#1230,#212,.F.);
#1501=EDGE_CURVE('',#1232,#1231,#213,.T.);
#1502=EDGE_CURVE('',#1229,#1232,#214,.T.);
#1503=EDGE_CURVE('',#1233,#1190,#215,.T.);
#1504=EDGE_CURVE('',#1200,#1233,#216,.T.);
#1505=EDGE_CURVE('',#1234,#1209,#217,.T.);
#1506=EDGE_CURVE('',#1234,#1235,#218,.T.);
#1507=EDGE_CURVE('',#1235,#1233,#219,.T.);
#1508=EDGE_CURVE('',#1236,#1237,#220,.T.);
#1509=EDGE_CURVE('',#1237,#1186,#221,.T.);
#1510=EDGE_CURVE('',#1193,#1236,#222,.T.);
#1511=EDGE_CURVE('',#1120,#1238,#223,.T.);
#1512=EDGE_CURVE('',#1238,#1187,#224,.T.);
#1513=EDGE_CURVE('',#1239,#1239,#1073,.T.);
#1514=EDGE_CURVE('',#1239,#1226,#225,.T.);
#1515=EDGE_CURVE('',#1240,#1240,#1074,.T.);
#1516=EDGE_CURVE('',#1240,#1225,#226,.T.);
#1517=EDGE_CURVE('',#1241,#1241,#1075,.T.);
#1518=EDGE_CURVE('',#1241,#1224,#227,.T.);
#1519=EDGE_CURVE('',#1242,#1243,#228,.T.);
#1520=EDGE_CURVE('',#1242,#1138,#229,.T.);
#1521=EDGE_CURVE('',#1243,#1145,#230,.T.);
#1522=EDGE_CURVE('',#1244,#1203,#231,.T.);
#1523=EDGE_CURVE('',#1244,#1144,#232,.T.);
#1524=EDGE_CURVE('',#1203,#1143,#233,.T.);
#1525=EDGE_CURVE('',#1204,#1142,#234,.T.);
#1526=EDGE_CURVE('',#1204,#1245,#235,.T.);
#1527=EDGE_CURVE('',#1245,#1141,#236,.T.);
#1528=EDGE_CURVE('',#1246,#1247,#237,.T.);
#1529=EDGE_CURVE('',#1246,#1140,#238,.T.);
#1530=EDGE_CURVE('',#1247,#1139,#239,.T.);
#1531=EDGE_CURVE('',#1247,#1242,#240,.T.);
#1532=EDGE_CURVE('',#1245,#1195,#241,.T.);
#1533=EDGE_CURVE('',#1248,#1246,#242,.T.);
#1534=EDGE_CURVE('',#1249,#1248,#243,.T.);
#1535=EDGE_CURVE('',#1172,#1249,#244,.T.);
#1536=EDGE_CURVE('',#1250,#1170,#245,.T.);
#1537=EDGE_CURVE('',#1251,#1250,#246,.T.);
#1538=EDGE_CURVE('',#1252,#1251,#247,.T.);
#1539=EDGE_CURVE('',#1253,#1252,#248,.T.);
#1540=EDGE_CURVE('',#1254,#1253,#249,.T.);
#1541=EDGE_CURVE('',#1123,#1254,#250,.T.);
#1542=EDGE_CURVE('',#1196,#1129,#251,.T.);
#1543=EDGE_CURVE('',#1247,#1255,#252,.T.);
#1544=EDGE_CURVE('',#1255,#1248,#253,.F.);
#1545=EDGE_CURVE('',#1256,#1242,#254,.T.);
#1546=EDGE_CURVE('',#1255,#1256,#255,.T.);
#1547=EDGE_CURVE('',#1205,#1238,#256,.T.);
#1548=EDGE_CURVE('',#1257,#1167,#257,.T.);
#1549=EDGE_CURVE('',#1258,#1257,#258,.T.);
#1550=EDGE_CURVE('',#1168,#1258,#259,.T.);
#1551=EDGE_CURVE('',#1128,#1197,#260,.T.);
#1552=EDGE_CURVE('',#1206,#1127,#261,.T.);
#1553=EDGE_CURVE('',#1118,#1237,#262,.T.);
#1554=EDGE_CURVE('',#1259,#1163,#263,.T.);
#1555=EDGE_CURVE('',#1260,#1259,#264,.T.);
#1556=EDGE_CURVE('',#1164,#1260,#265,.T.);
#1557=EDGE_CURVE('',#1261,#1173,#266,.T.);
#1558=EDGE_CURVE('',#1262,#1261,#267,.T.);
#1559=EDGE_CURVE('',#1257,#1262,#268,.T.);
#1560=EDGE_CURVE('',#1263,#1260,#269,.T.);
#1561=EDGE_CURVE('',#1264,#1263,#270,.T.);
#1562=EDGE_CURVE('',#1174,#1264,#271,.T.);
#1563=EDGE_CURVE('',#1254,#1105,#272,.T.);
#1564=EDGE_CURVE('',#1104,#1265,#273,.T.);
#1565=EDGE_CURVE('',#1253,#1104,#274,.T.);
#1566=EDGE_CURVE('',#1265,#1253,#275,.T.);
#1567=EDGE_CURVE('',#1266,#1267,#276,.T.);
#1568=EDGE_CURVE('',#1107,#1266,#277,.T.);
#1569=EDGE_CURVE('',#1267,#1107,#278,.T.);
#1570=EDGE_CURVE('',#1266,#1268,#279,.T.);
#1571=EDGE_CURVE('',#1268,#1108,#280,.T.);
#1572=EDGE_CURVE('',#1269,#1267,#281,.T.);
#1573=EDGE_CURVE('',#1106,#1269,#282,.T.);
#1574=EDGE_CURVE('',#1250,#1232,#283,.T.);
#1575=EDGE_CURVE('',#1270,#1250,#284,.T.);
#1576=EDGE_CURVE('',#1232,#1270,#285,.T.);
#1577=EDGE_CURVE('',#1171,#1270,#286,.T.);
#1578=EDGE_CURVE('',#1229,#1271,#287,.T.);
#1579=EDGE_CURVE('',#1272,#1229,#288,.T.);
#1580=EDGE_CURVE('',#1271,#1272,#289,.T.);
#1581=EDGE_CURVE('',#1270,#1272,#290,.T.);
#1582=EDGE_CURVE('',#1176,#1271,#291,.T.);
#1583=EDGE_CURVE('',#1272,#1177,#292,.T.);
#1584=EDGE_CURVE('',#1271,#1273,#293,.T.);
#1585=EDGE_CURVE('',#1273,#1228,#294,.T.);
#1586=EDGE_CURVE('',#1231,#1274,#295,.T.);
#1587=EDGE_CURVE('',#1274,#1251,#296,.T.);
#1588=EDGE_CURVE('',#1273,#1266,#297,.T.);
#1589=EDGE_CURVE('',#1267,#1228,#298,.T.);
#1590=EDGE_CURVE('',#1252,#1275,#299,.T.);
#1591=EDGE_CURVE('',#1275,#1265,#300,.T.);
#1592=EDGE_CURVE('',#1275,#1274,#301,.T.);
#1593=EDGE_CURVE('',#1265,#1269,#302,.T.);
#1594=EDGE_CURVE('',#1268,#1125,#303,.T.);
#1595=EDGE_CURVE('',#1215,#1244,#304,.T.);
#1596=EDGE_CURVE('',#1126,#1214,#305,.T.);
#1597=EDGE_CURVE('',#1276,#1175,#306,.T.);
#1598=EDGE_CURVE('',#1277,#1276,#307,.T.);
#1599=EDGE_CURVE('',#1243,#1277,#308,.T.);
#1600=EDGE_CURVE('',#1278,#1279,#309,.T.);
#1601=EDGE_CURVE('',#1280,#1278,#310,.T.);
#1602=EDGE_CURVE('',#1281,#1280,#311,.T.);
#1603=EDGE_CURVE('',#1279,#1281,#312,.T.);
#1604=EDGE_CURVE('',#1282,#1269,#313,.T.);
#1605=EDGE_CURVE('',#1230,#1282,#314,.T.);
#1606=EDGE_CURVE('',#1282,#1275,#315,.T.);
#1607=EDGE_CURVE('',#1191,#1235,#316,.T.);
#1608=EDGE_CURVE('',#1235,#1180,#317,.T.);
#1609=EDGE_CURVE('',#1280,#1283,#318,.T.);
#1610=EDGE_CURVE('',#1283,#1284,#319,.T.);
#1611=EDGE_CURVE('',#1281,#1284,#320,.T.);
#1612=EDGE_CURVE('',#1285,#1286,#321,.T.);
#1613=EDGE_CURVE('',#1286,#1278,#322,.T.);
#1614=EDGE_CURVE('',#1279,#1285,#323,.T.);
#1615=EDGE_CURVE('',#1286,#1212,#324,.T.);
#1616=EDGE_CURVE('',#1211,#1283,#325,.T.);
#1617=EDGE_CURVE('',#1287,#1288,#326,.T.);
#1618=EDGE_CURVE('',#1288,#1285,#327,.T.);
#1619=EDGE_CURVE('',#1284,#1287,#328,.T.);
#1620=EDGE_CURVE('',#1288,#1289,#329,.T.);
#1621=EDGE_CURVE('',#1213,#1289,#330,.T.);
#1622=EDGE_CURVE('',#1289,#1234,#1076,.T.);
#1623=EDGE_CURVE('',#1290,#1287,#331,.T.);
#1624=EDGE_CURVE('',#1181,#1290,#1077,.T.);
#1625=EDGE_CURVE('',#1290,#1210,#332,.T.);
#1626=EDGE_CURVE('',#1291,#1258,#333,.T.);
#1627=EDGE_CURVE('',#1292,#1291,#334,.T.);
#1628=EDGE_CURVE('',#1259,#1292,#335,.T.);
#1629=EDGE_CURVE('',#1264,#1276,#336,.F.);
#1630=EDGE_CURVE('',#1249,#1261,#337,.F.);
#1631=EDGE_CURVE('',#1277,#1256,#338,.F.);
#1632=EDGE_CURVE('',#1292,#1263,#339,.T.);
#1633=EDGE_CURVE('',#1262,#1291,#340,.T.);
#1634=ORIENTED_EDGE('',*,*,#1293,.T.);
#1635=ORIENTED_EDGE('',*,*,#1294,.T.);
#1636=ORIENTED_EDGE('',*,*,#1295,.T.);
#1637=ORIENTED_EDGE('',*,*,#1296,.T.);
#1638=ORIENTED_EDGE('',*,*,#1297,.T.);
#1639=ORIENTED_EDGE('',*,*,#1298,.T.);
#1640=ORIENTED_EDGE('',*,*,#1299,.T.);
#1641=ORIENTED_EDGE('',*,*,#1300,.F.);
#1642=ORIENTED_EDGE('',*,*,#1301,.T.);
#1643=ORIENTED_EDGE('',*,*,#1298,.F.);
#1644=ORIENTED_EDGE('',*,*,#1302,.T.);
#1645=ORIENTED_EDGE('',*,*,#1294,.F.);
#1646=ORIENTED_EDGE('',*,*,#1303,.T.);
#1647=ORIENTED_EDGE('',*,*,#1296,.F.);
#1648=ORIENTED_EDGE('',*,*,#1304,.T.);
#1649=ORIENTED_EDGE('',*,*,#1300,.T.);
#1650=ORIENTED_EDGE('',*,*,#1303,.F.);
#1651=ORIENTED_EDGE('',*,*,#1305,.F.);
#1652=ORIENTED_EDGE('',*,*,#1306,.T.);
#1653=ORIENTED_EDGE('',*,*,#1307,.F.);
#1654=ORIENTED_EDGE('',*,*,#1299,.F.);
#1655=ORIENTED_EDGE('',*,*,#1308,.F.);
#1656=ORIENTED_EDGE('',*,*,#1309,.T.);
#1657=ORIENTED_EDGE('',*,*,#1305,.T.);
#1658=ORIENTED_EDGE('',*,*,#1297,.F.);
#1659=ORIENTED_EDGE('',*,*,#1304,.F.);
#1660=ORIENTED_EDGE('',*,*,#1295,.F.);
#1661=ORIENTED_EDGE('',*,*,#1302,.F.);
#1662=ORIENTED_EDGE('',*,*,#1301,.F.);
#1663=ORIENTED_EDGE('',*,*,#1310,.F.);
#1664=ORIENTED_EDGE('',*,*,#1311,.T.);
#1665=ORIENTED_EDGE('',*,*,#1308,.T.);
#1666=ORIENTED_EDGE('',*,*,#1293,.F.);
#1667=ORIENTED_EDGE('',*,*,#1307,.T.);
#1668=ORIENTED_EDGE('',*,*,#1312,.T.);
#1669=ORIENTED_EDGE('',*,*,#1310,.T.);
#1670=ORIENTED_EDGE('',*,*,#1313,.T.);
#1671=ORIENTED_EDGE('',*,*,#1314,.T.);
#1672=ORIENTED_EDGE('',*,*,#1315,.T.);
#1673=ORIENTED_EDGE('',*,*,#1316,.T.);
#1674=ORIENTED_EDGE('',*,*,#1317,.T.);
#1675=ORIENTED_EDGE('',*,*,#1314,.F.);
#1676=ORIENTED_EDGE('',*,*,#1318,.T.);
#1677=ORIENTED_EDGE('',*,*,#1319,.F.);
#1678=ORIENTED_EDGE('',*,*,#1320,.T.);
#1679=ORIENTED_EDGE('',*,*,#1316,.F.);
#1680=ORIENTED_EDGE('',*,*,#1321,.T.);
#1681=ORIENTED_EDGE('',*,*,#1322,.T.);
#1682=ORIENTED_EDGE('',*,*,#1323,.T.);
#1683=ORIENTED_EDGE('',*,*,#1322,.F.);
#1684=ORIENTED_EDGE('',*,*,#1324,.T.);
#1685=ORIENTED_EDGE('',*,*,#1319,.T.);
#1686=ORIENTED_EDGE('',*,*,#1318,.F.);
#1687=ORIENTED_EDGE('',*,*,#1325,.F.);
#1688=ORIENTED_EDGE('',*,*,#1326,.T.);
#1689=ORIENTED_EDGE('',*,*,#1327,.F.);
#1690=ORIENTED_EDGE('',*,*,#1313,.F.);
#1691=ORIENTED_EDGE('',*,*,#1328,.T.);
#1692=ORIENTED_EDGE('',*,*,#1329,.T.);
#1693=ORIENTED_EDGE('',*,*,#1325,.T.);
#1694=ORIENTED_EDGE('',*,*,#1315,.F.);
#1695=ORIENTED_EDGE('',*,*,#1317,.F.);
#1696=ORIENTED_EDGE('',*,*,#1324,.F.);
#1697=ORIENTED_EDGE('',*,*,#1321,.F.);
#1698=ORIENTED_EDGE('',*,*,#1320,.F.);
#1699=ORIENTED_EDGE('',*,*,#1330,.F.);
#1700=ORIENTED_EDGE('',*,*,#1331,.T.);
#1701=ORIENTED_EDGE('',*,*,#1328,.F.);
#1702=ORIENTED_EDGE('',*,*,#1332,.T.);
#1703=ORIENTED_EDGE('',*,*,#1333,.T.);
#1704=ORIENTED_EDGE('',*,*,#1334,.F.);
#1705=ORIENTED_EDGE('',*,*,#1333,.F.);
#1706=ORIENTED_EDGE('',*,*,#1335,.F.);
#1707=ORIENTED_EDGE('',*,*,#1336,.F.);
#1708=ORIENTED_EDGE('',*,*,#1337,.F.);
#1709=ORIENTED_EDGE('',*,*,#1338,.F.);
#1710=ORIENTED_EDGE('',*,*,#1339,.T.);
#1711=ORIENTED_EDGE('',*,*,#1332,.F.);
#1712=ORIENTED_EDGE('',*,*,#1334,.T.);
#1713=ORIENTED_EDGE('',*,*,#1309,.F.);
#1714=ORIENTED_EDGE('',*,*,#1311,.F.);
#1715=ORIENTED_EDGE('',*,*,#1312,.F.);
#1716=ORIENTED_EDGE('',*,*,#1306,.F.);
#1717=ORIENTED_EDGE('',*,*,#1340,.T.);
#1718=ORIENTED_EDGE('',*,*,#1331,.F.);
#1719=ORIENTED_EDGE('',*,*,#1341,.T.);
#1720=ORIENTED_EDGE('',*,*,#1326,.F.);
#1721=ORIENTED_EDGE('',*,*,#1342,.T.);
#1722=ORIENTED_EDGE('',*,*,#1340,.F.);
#1723=ORIENTED_EDGE('',*,*,#1343,.F.);
#1724=ORIENTED_EDGE('',*,*,#1341,.F.);
#1725=ORIENTED_EDGE('',*,*,#1329,.F.);
#1726=ORIENTED_EDGE('',*,*,#1323,.F.);
#1727=ORIENTED_EDGE('',*,*,#1327,.T.);
#1728=ORIENTED_EDGE('',*,*,#1343,.T.);
#1729=ORIENTED_EDGE('',*,*,#1330,.T.);
#1730=ORIENTED_EDGE('',*,*,#1344,.F.);
#1731=ORIENTED_EDGE('',*,*,#1345,.T.);
#1732=ORIENTED_EDGE('',*,*,#1346,.F.);
#1733=ORIENTED_EDGE('',*,*,#1345,.F.);
#1734=ORIENTED_EDGE('',*,*,#1347,.F.);
#1735=ORIENTED_EDGE('',*,*,#1348,.T.);
#1736=ORIENTED_EDGE('',*,*,#1349,.F.);
#1737=ORIENTED_EDGE('',*,*,#1350,.F.);
#1738=ORIENTED_EDGE('',*,*,#1351,.F.);
#1739=ORIENTED_EDGE('',*,*,#1348,.F.);
#1740=ORIENTED_EDGE('',*,*,#1350,.T.);
#1741=ORIENTED_EDGE('',*,*,#1352,.T.);
#1742=ORIENTED_EDGE('',*,*,#1353,.T.);
#1743=ORIENTED_EDGE('',*,*,#1354,.T.);
#1744=ORIENTED_EDGE('',*,*,#1355,.T.);
#1745=ORIENTED_EDGE('',*,*,#1356,.T.);
#1746=ORIENTED_EDGE('',*,*,#1349,.T.);
#1747=ORIENTED_EDGE('',*,*,#1351,.T.);
#1748=ORIENTED_EDGE('',*,*,#1356,.F.);
#1749=ORIENTED_EDGE('',*,*,#1357,.T.);
#1750=ORIENTED_EDGE('',*,*,#1358,.F.);
#1751=ORIENTED_EDGE('',*,*,#1359,.T.);
#1752=ORIENTED_EDGE('',*,*,#1352,.F.);
#1753=ORIENTED_EDGE('',*,*,#1346,.T.);
#1754=ORIENTED_EDGE('',*,*,#1360,.F.);
#1755=ORIENTED_EDGE('',*,*,#1361,.T.);
#1756=ORIENTED_EDGE('',*,*,#1362,.F.);
#1757=ORIENTED_EDGE('',*,*,#1363,.T.);
#1758=ORIENTED_EDGE('',*,*,#1364,.F.);
#1759=ORIENTED_EDGE('',*,*,#1365,.T.);
#1760=ORIENTED_EDGE('',*,*,#1366,.F.);
#1761=ORIENTED_EDGE('',*,*,#1367,.T.);
#1762=ORIENTED_EDGE('',*,*,#1344,.T.);
#1763=ORIENTED_EDGE('',*,*,#1347,.T.);
#1764=ORIENTED_EDGE('',*,*,#1368,.F.);
#1765=ORIENTED_EDGE('',*,*,#1369,.T.);
#1766=ORIENTED_EDGE('',*,*,#1370,.T.);
#1767=ORIENTED_EDGE('',*,*,#1369,.F.);
#1768=ORIENTED_EDGE('',*,*,#1370,.F.);
#1769=ORIENTED_EDGE('',*,*,#1371,.F.);
#1770=ORIENTED_EDGE('',*,*,#1372,.T.);
#1771=ORIENTED_EDGE('',*,*,#1373,.T.);
#1772=ORIENTED_EDGE('',*,*,#1372,.F.);
#1773=ORIENTED_EDGE('',*,*,#1373,.F.);
#1774=ORIENTED_EDGE('',*,*,#1374,.F.);
#1775=ORIENTED_EDGE('',*,*,#1375,.T.);
#1776=ORIENTED_EDGE('',*,*,#1376,.T.);
#1777=ORIENTED_EDGE('',*,*,#1375,.F.);
#1778=ORIENTED_EDGE('',*,*,#1376,.F.);
#1779=ORIENTED_EDGE('',*,*,#1377,.F.);
#1780=ORIENTED_EDGE('',*,*,#1378,.T.);
#1781=ORIENTED_EDGE('',*,*,#1379,.T.);
#1782=ORIENTED_EDGE('',*,*,#1378,.F.);
#1783=ORIENTED_EDGE('',*,*,#1379,.F.);
#1784=ORIENTED_EDGE('',*,*,#1380,.T.);
#1785=ORIENTED_EDGE('',*,*,#1381,.T.);
#1786=ORIENTED_EDGE('',*,*,#1382,.T.);
#1787=ORIENTED_EDGE('',*,*,#1383,.T.);
#1788=ORIENTED_EDGE('',*,*,#1384,.T.);
#1789=ORIENTED_EDGE('',*,*,#1385,.T.);
#1790=ORIENTED_EDGE('',*,*,#1386,.T.);
#1791=ORIENTED_EDGE('',*,*,#1387,.T.);
#1792=ORIENTED_EDGE('',*,*,#1368,.T.);
#1793=ORIENTED_EDGE('',*,*,#1371,.T.);
#1794=ORIENTED_EDGE('',*,*,#1374,.T.);
#1795=ORIENTED_EDGE('',*,*,#1377,.T.);
#1796=ORIENTED_EDGE('',*,*,#1388,.F.);
#1797=ORIENTED_EDGE('',*,*,#1389,.F.);
#1798=ORIENTED_EDGE('',*,*,#1390,.T.);
#1799=ORIENTED_EDGE('',*,*,#1391,.F.);
#1800=ORIENTED_EDGE('',*,*,#1392,.F.);
#1801=ORIENTED_EDGE('',*,*,#1393,.F.);
#1802=ORIENTED_EDGE('',*,*,#1394,.F.);
#1803=ORIENTED_EDGE('',*,*,#1395,.F.);
#1804=ORIENTED_EDGE('',*,*,#1396,.F.);
#1805=ORIENTED_EDGE('',*,*,#1397,.T.);
#1806=ORIENTED_EDGE('',*,*,#1398,.F.);
#1807=ORIENTED_EDGE('',*,*,#1399,.F.);
#1808=ORIENTED_EDGE('',*,*,#1400,.F.);
#1809=ORIENTED_EDGE('',*,*,#1397,.F.);
#1810=ORIENTED_EDGE('',*,*,#1401,.F.);
#1811=ORIENTED_EDGE('',*,*,#1402,.T.);
#1812=ORIENTED_EDGE('',*,*,#1403,.F.);
#1813=ORIENTED_EDGE('',*,*,#1404,.F.);
#1814=ORIENTED_EDGE('',*,*,#1405,.F.);
#1815=ORIENTED_EDGE('',*,*,#1402,.F.);
#1816=ORIENTED_EDGE('',*,*,#1399,.T.);
#1817=ORIENTED_EDGE('',*,*,#1406,.T.);
#1818=ORIENTED_EDGE('',*,*,#1407,.T.);
#1819=ORIENTED_EDGE('',*,*,#1408,.T.);
#1820=ORIENTED_EDGE('',*,*,#1409,.T.);
#1821=ORIENTED_EDGE('',*,*,#1410,.T.);
#1822=ORIENTED_EDGE('',*,*,#1404,.T.);
#1823=ORIENTED_EDGE('',*,*,#1411,.T.);
#1824=ORIENTED_EDGE('',*,*,#1412,.T.);
#1825=ORIENTED_EDGE('',*,*,#1413,.T.);
#1826=ORIENTED_EDGE('',*,*,#1414,.T.);
#1827=ORIENTED_EDGE('',*,*,#1415,.T.);
#1828=ORIENTED_EDGE('',*,*,#1398,.T.);
#1829=ORIENTED_EDGE('',*,*,#1400,.T.);
#1830=ORIENTED_EDGE('',*,*,#1410,.F.);
#1831=ORIENTED_EDGE('',*,*,#1416,.T.);
#1832=ORIENTED_EDGE('',*,*,#1411,.F.);
#1833=ORIENTED_EDGE('',*,*,#1403,.T.);
#1834=ORIENTED_EDGE('',*,*,#1405,.T.);
#1835=ORIENTED_EDGE('',*,*,#1415,.F.);
#1836=ORIENTED_EDGE('',*,*,#1417,.T.);
#1837=ORIENTED_EDGE('',*,*,#1406,.F.);
#1838=ORIENTED_EDGE('',*,*,#1418,.F.);
#1839=ORIENTED_EDGE('',*,*,#1419,.F.);
#1840=ORIENTED_EDGE('',*,*,#1420,.F.);
#1841=ORIENTED_EDGE('',*,*,#1421,.F.);
#1842=ORIENTED_EDGE('',*,*,#1422,.F.);
#1843=ORIENTED_EDGE('',*,*,#1423,.T.);
#1844=ORIENTED_EDGE('',*,*,#1424,.F.);
#1845=ORIENTED_EDGE('',*,*,#1425,.T.);
#1846=ORIENTED_EDGE('',*,*,#1396,.T.);
#1847=ORIENTED_EDGE('',*,*,#1401,.T.);
#1848=ORIENTED_EDGE('',*,*,#1426,.F.);
#1849=ORIENTED_EDGE('',*,*,#1427,.F.);
#1850=ORIENTED_EDGE('',*,*,#1428,.T.);
#1851=ORIENTED_EDGE('',*,*,#1429,.F.);
#1852=ORIENTED_EDGE('',*,*,#1430,.T.);
#1853=ORIENTED_EDGE('',*,*,#1431,.T.);
#1854=ORIENTED_EDGE('',*,*,#1432,.F.);
#1855=ORIENTED_EDGE('',*,*,#1433,.T.);
#1856=ORIENTED_EDGE('',*,*,#1434,.T.);
#1857=ORIENTED_EDGE('',*,*,#1427,.T.);
#1858=ORIENTED_EDGE('',*,*,#1339,.F.);
#1859=ORIENTED_EDGE('',*,*,#1435,.F.);
#1860=ORIENTED_EDGE('',*,*,#1361,.F.);
#1861=ORIENTED_EDGE('',*,*,#1436,.F.);
#1862=ORIENTED_EDGE('',*,*,#1433,.F.);
#1863=ORIENTED_EDGE('',*,*,#1437,.F.);
#1864=ORIENTED_EDGE('',*,*,#1438,.T.);
#1865=ORIENTED_EDGE('',*,*,#1353,.F.);
#1866=ORIENTED_EDGE('',*,*,#1359,.F.);
#1867=ORIENTED_EDGE('',*,*,#1439,.F.);
#1868=ORIENTED_EDGE('',*,*,#1440,.T.);
#1869=ORIENTED_EDGE('',*,*,#1441,.F.);
#1870=ORIENTED_EDGE('',*,*,#1442,.F.);
#1871=ORIENTED_EDGE('',*,*,#1443,.F.);
#1872=ORIENTED_EDGE('',*,*,#1444,.F.);
#1873=ORIENTED_EDGE('',*,*,#1445,.F.);
#1874=ORIENTED_EDGE('',*,*,#1446,.T.);
#1875=ORIENTED_EDGE('',*,*,#1447,.F.);
#1876=ORIENTED_EDGE('',*,*,#1448,.T.);
#1877=ORIENTED_EDGE('',*,*,#1449,.F.);
#1878=ORIENTED_EDGE('',*,*,#1450,.T.);
#1879=ORIENTED_EDGE('',*,*,#1451,.F.);
#1880=ORIENTED_EDGE('',*,*,#1431,.F.);
#1881=ORIENTED_EDGE('',*,*,#1452,.F.);
#1882=ORIENTED_EDGE('',*,*,#1453,.F.);
#1883=ORIENTED_EDGE('',*,*,#1454,.F.);
#1884=ORIENTED_EDGE('',*,*,#1455,.F.);
#1885=ORIENTED_EDGE('',*,*,#1456,.F.);
#1886=ORIENTED_EDGE('',*,*,#1457,.F.);
#1887=ORIENTED_EDGE('',*,*,#1458,.T.);
#1888=ORIENTED_EDGE('',*,*,#1459,.F.);
#1889=ORIENTED_EDGE('',*,*,#1446,.F.);
#1890=ORIENTED_EDGE('',*,*,#1460,.T.);
#1891=ORIENTED_EDGE('',*,*,#1461,.F.);
#1892=ORIENTED_EDGE('',*,*,#1462,.T.);
#1893=ORIENTED_EDGE('',*,*,#1463,.F.);
#1894=ORIENTED_EDGE('',*,*,#1463,.T.);
#1895=ORIENTED_EDGE('',*,*,#1464,.T.);
#1896=ORIENTED_EDGE('',*,*,#1441,.T.);
#1897=ORIENTED_EDGE('',*,*,#1465,.T.);
#1898=ORIENTED_EDGE('',*,*,#1466,.T.);
#1899=ORIENTED_EDGE('',*,*,#1452,.T.);
#1900=ORIENTED_EDGE('',*,*,#1430,.F.);
#1901=ORIENTED_EDGE('',*,*,#1467,.T.);
#1902=ORIENTED_EDGE('',*,*,#1453,.T.);
#1903=ORIENTED_EDGE('',*,*,#1468,.T.);
#1904=ORIENTED_EDGE('',*,*,#1469,.F.);
#1905=ORIENTED_EDGE('',*,*,#1470,.F.);
#1906=ORIENTED_EDGE('',*,*,#1471,.F.);
#1907=ORIENTED_EDGE('',*,*,#1472,.F.);
#1908=ORIENTED_EDGE('',*,*,#1473,.F.);
#1909=ORIENTED_EDGE('',*,*,#1474,.T.);
#1910=ORIENTED_EDGE('',*,*,#1475,.F.);
#1911=ORIENTED_EDGE('',*,*,#1456,.T.);
#1912=ORIENTED_EDGE('',*,*,#1476,.T.);
#1913=ORIENTED_EDGE('',*,*,#1442,.T.);
#1914=ORIENTED_EDGE('',*,*,#1464,.F.);
#1915=ORIENTED_EDGE('',*,*,#1462,.F.);
#1916=ORIENTED_EDGE('',*,*,#1477,.T.);
#1917=ORIENTED_EDGE('',*,*,#1478,.T.);
#1918=ORIENTED_EDGE('',*,*,#1393,.T.);
#1919=ORIENTED_EDGE('',*,*,#1479,.T.);
#1920=ORIENTED_EDGE('',*,*,#1478,.F.);
#1921=ORIENTED_EDGE('',*,*,#1480,.F.);
#1922=ORIENTED_EDGE('',*,*,#1481,.F.);
#1923=ORIENTED_EDGE('',*,*,#1394,.T.);
#1924=ORIENTED_EDGE('',*,*,#1477,.F.);
#1925=ORIENTED_EDGE('',*,*,#1482,.T.);
#1926=ORIENTED_EDGE('',*,*,#1483,.F.);
#1927=ORIENTED_EDGE('',*,*,#1484,.T.);
#1928=ORIENTED_EDGE('',*,*,#1485,.F.);
#1929=ORIENTED_EDGE('',*,*,#1486,.T.);
#1930=ORIENTED_EDGE('',*,*,#1487,.F.);
#1931=ORIENTED_EDGE('',*,*,#1480,.T.);
#1932=ORIENTED_EDGE('',*,*,#1488,.T.);
#1933=ORIENTED_EDGE('',*,*,#1489,.T.);
#1934=ORIENTED_EDGE('',*,*,#1490,.T.);
#1935=ORIENTED_EDGE('',*,*,#1487,.T.);
#1936=ORIENTED_EDGE('',*,*,#1491,.T.);
#1937=ORIENTED_EDGE('',*,*,#1395,.T.);
#1938=ORIENTED_EDGE('',*,*,#1481,.T.);
#1939=ORIENTED_EDGE('',*,*,#1491,.F.);
#1940=ORIENTED_EDGE('',*,*,#1486,.F.);
#1941=ORIENTED_EDGE('',*,*,#1492,.F.);
#1942=ORIENTED_EDGE('',*,*,#1388,.T.);
#1943=ORIENTED_EDGE('',*,*,#1485,.T.);
#1944=ORIENTED_EDGE('',*,*,#1493,.T.);
#1945=ORIENTED_EDGE('',*,*,#1389,.T.);
#1946=ORIENTED_EDGE('',*,*,#1492,.T.);
#1947=ORIENTED_EDGE('',*,*,#1493,.F.);
#1948=ORIENTED_EDGE('',*,*,#1484,.F.);
#1949=ORIENTED_EDGE('',*,*,#1494,.F.);
#1950=ORIENTED_EDGE('',*,*,#1390,.F.);
#1951=ORIENTED_EDGE('',*,*,#1483,.T.);
#1952=ORIENTED_EDGE('',*,*,#1495,.T.);
#1953=ORIENTED_EDGE('',*,*,#1391,.T.);
#1954=ORIENTED_EDGE('',*,*,#1494,.T.);
#1955=ORIENTED_EDGE('',*,*,#1479,.F.);
#1956=ORIENTED_EDGE('',*,*,#1392,.T.);
#1957=ORIENTED_EDGE('',*,*,#1495,.F.);
#1958=ORIENTED_EDGE('',*,*,#1482,.F.);
#1959=ORIENTED_EDGE('',*,*,#1496,.T.);
#1960=ORIENTED_EDGE('',*,*,#1497,.T.);
#1961=ORIENTED_EDGE('',*,*,#1342,.F.);
#1962=ORIENTED_EDGE('',*,*,#1497,.F.);
#1963=ORIENTED_EDGE('',*,*,#1498,.F.);
#1964=ORIENTED_EDGE('',*,*,#1499,.T.);
#1965=ORIENTED_EDGE('',*,*,#1500,.F.);
#1966=ORIENTED_EDGE('',*,*,#1501,.F.);
#1967=ORIENTED_EDGE('',*,*,#1502,.F.);
#1968=ORIENTED_EDGE('',*,*,#1496,.F.);
#1969=ORIENTED_EDGE('',*,*,#1503,.T.);
#1970=ORIENTED_EDGE('',*,*,#1476,.F.);
#1971=ORIENTED_EDGE('',*,*,#1455,.T.);
#1972=ORIENTED_EDGE('',*,*,#1504,.T.);
#1973=ORIENTED_EDGE('',*,*,#1505,.F.);
#1974=ORIENTED_EDGE('',*,*,#1506,.T.);
#1975=ORIENTED_EDGE('',*,*,#1507,.T.);
#1976=ORIENTED_EDGE('',*,*,#1504,.F.);
#1977=ORIENTED_EDGE('',*,*,#1454,.T.);
#1978=ORIENTED_EDGE('',*,*,#1467,.F.);
#1979=ORIENTED_EDGE('',*,*,#1508,.T.);
#1980=ORIENTED_EDGE('',*,*,#1509,.T.);
#1981=ORIENTED_EDGE('',*,*,#1437,.T.);
#1982=ORIENTED_EDGE('',*,*,#1432,.T.);
#1983=ORIENTED_EDGE('',*,*,#1426,.T.);
#1984=ORIENTED_EDGE('',*,*,#1451,.T.);
#1985=ORIENTED_EDGE('',*,*,#1445,.T.);
#1986=ORIENTED_EDGE('',*,*,#1510,.T.);
#1987=ORIENTED_EDGE('',*,*,#1358,.T.);
#1988=ORIENTED_EDGE('',*,*,#1511,.T.);
#1989=ORIENTED_EDGE('',*,*,#1512,.T.);
#1990=ORIENTED_EDGE('',*,*,#1439,.T.);
#1991=ORIENTED_EDGE('',*,*,#1513,.F.);
#1992=ORIENTED_EDGE('',*,*,#1514,.T.);
#1993=ORIENTED_EDGE('',*,*,#1490,.F.);
#1994=ORIENTED_EDGE('',*,*,#1514,.F.);
#1995=ORIENTED_EDGE('',*,*,#1515,.F.);
#1996=ORIENTED_EDGE('',*,*,#1516,.T.);
#1997=ORIENTED_EDGE('',*,*,#1489,.F.);
#1998=ORIENTED_EDGE('',*,*,#1516,.F.);
#1999=ORIENTED_EDGE('',*,*,#1517,.F.);
#2000=ORIENTED_EDGE('',*,*,#1518,.T.);
#2001=ORIENTED_EDGE('',*,*,#1488,.F.);
#2002=ORIENTED_EDGE('',*,*,#1518,.F.);
#2003=ORIENTED_EDGE('',*,*,#1519,.F.);
#2004=ORIENTED_EDGE('',*,*,#1520,.T.);
#2005=ORIENTED_EDGE('',*,*,#1387,.F.);
#2006=ORIENTED_EDGE('',*,*,#1521,.F.);
#2007=ORIENTED_EDGE('',*,*,#1522,.F.);
#2008=ORIENTED_EDGE('',*,*,#1523,.T.);
#2009=ORIENTED_EDGE('',*,*,#1385,.F.);
#2010=ORIENTED_EDGE('',*,*,#1524,.F.);
#2011=ORIENTED_EDGE('',*,*,#1458,.F.);
#2012=ORIENTED_EDGE('',*,*,#1524,.T.);
#2013=ORIENTED_EDGE('',*,*,#1384,.F.);
#2014=ORIENTED_EDGE('',*,*,#1525,.F.);
#2015=ORIENTED_EDGE('',*,*,#1526,.F.);
#2016=ORIENTED_EDGE('',*,*,#1525,.T.);
#2017=ORIENTED_EDGE('',*,*,#1383,.F.);
#2018=ORIENTED_EDGE('',*,*,#1527,.F.);
#2019=ORIENTED_EDGE('',*,*,#1528,.F.);
#2020=ORIENTED_EDGE('',*,*,#1529,.T.);
#2021=ORIENTED_EDGE('',*,*,#1381,.F.);
#2022=ORIENTED_EDGE('',*,*,#1530,.F.);
#2023=ORIENTED_EDGE('',*,*,#1531,.F.);
#2024=ORIENTED_EDGE('',*,*,#1530,.T.);
#2025=ORIENTED_EDGE('',*,*,#1380,.F.);
#2026=ORIENTED_EDGE('',*,*,#1520,.F.);
#2027=ORIENTED_EDGE('',*,*,#1526,.T.);
#2028=ORIENTED_EDGE('',*,*,#1532,.T.);
#2029=ORIENTED_EDGE('',*,*,#1447,.T.);
#2030=ORIENTED_EDGE('',*,*,#1459,.T.);
#2031=ORIENTED_EDGE('',*,*,#1533,.F.);
#2032=ORIENTED_EDGE('',*,*,#1534,.F.);
#2033=ORIENTED_EDGE('',*,*,#1535,.F.);
#2034=ORIENTED_EDGE('',*,*,#1419,.T.);
#2035=ORIENTED_EDGE('',*,*,#1536,.F.);
#2036=ORIENTED_EDGE('',*,*,#1537,.F.);
#2037=ORIENTED_EDGE('',*,*,#1538,.F.);
#2038=ORIENTED_EDGE('',*,*,#1539,.F.);
#2039=ORIENTED_EDGE('',*,*,#1540,.F.);
#2040=ORIENTED_EDGE('',*,*,#1541,.F.);
#2041=ORIENTED_EDGE('',*,*,#1367,.F.);
#2042=ORIENTED_EDGE('',*,*,#1542,.F.);
#2043=ORIENTED_EDGE('',*,*,#1448,.F.);
#2044=ORIENTED_EDGE('',*,*,#1532,.F.);
#2045=ORIENTED_EDGE('',*,*,#1527,.T.);
#2046=ORIENTED_EDGE('',*,*,#1382,.F.);
#2047=ORIENTED_EDGE('',*,*,#1529,.F.);
#2048=ORIENTED_EDGE('',*,*,#1528,.T.);
#2049=ORIENTED_EDGE('',*,*,#1543,.T.);
#2050=ORIENTED_EDGE('',*,*,#1544,.T.);
#2051=ORIENTED_EDGE('',*,*,#1533,.T.);
#2052=ORIENTED_EDGE('',*,*,#1531,.T.);
#2053=ORIENTED_EDGE('',*,*,#1545,.F.);
#2054=ORIENTED_EDGE('',*,*,#1546,.F.);
#2055=ORIENTED_EDGE('',*,*,#1543,.F.);
#2056=ORIENTED_EDGE('',*,*,#1512,.F.);
#2057=ORIENTED_EDGE('',*,*,#1547,.F.);
#2058=ORIENTED_EDGE('',*,*,#1465,.F.);
#2059=ORIENTED_EDGE('',*,*,#1440,.F.);
#2060=ORIENTED_EDGE('',*,*,#1413,.F.);
#2061=ORIENTED_EDGE('',*,*,#1548,.F.);
#2062=ORIENTED_EDGE('',*,*,#1549,.F.);
#2063=ORIENTED_EDGE('',*,*,#1550,.F.);
#2064=ORIENTED_EDGE('',*,*,#1510,.F.);
#2065=ORIENTED_EDGE('',*,*,#1450,.F.);
#2066=ORIENTED_EDGE('',*,*,#1551,.F.);
#2067=ORIENTED_EDGE('',*,*,#1365,.F.);
#2068=ORIENTED_EDGE('',*,*,#1552,.F.);
#2069=ORIENTED_EDGE('',*,*,#1460,.F.);
#2070=ORIENTED_EDGE('',*,*,#1547,.T.);
#2071=ORIENTED_EDGE('',*,*,#1511,.F.);
#2072=ORIENTED_EDGE('',*,*,#1357,.F.);
#2073=ORIENTED_EDGE('',*,*,#1355,.F.);
#2074=ORIENTED_EDGE('',*,*,#1553,.T.);
#2075=ORIENTED_EDGE('',*,*,#1508,.F.);
#2076=ORIENTED_EDGE('',*,*,#1408,.F.);
#2077=ORIENTED_EDGE('',*,*,#1554,.F.);
#2078=ORIENTED_EDGE('',*,*,#1555,.F.);
#2079=ORIENTED_EDGE('',*,*,#1556,.F.);
#2080=ORIENTED_EDGE('',*,*,#1421,.T.);
#2081=ORIENTED_EDGE('',*,*,#1557,.F.);
#2082=ORIENTED_EDGE('',*,*,#1558,.F.);
#2083=ORIENTED_EDGE('',*,*,#1559,.F.);
#2084=ORIENTED_EDGE('',*,*,#1548,.T.);
#2085=ORIENTED_EDGE('',*,*,#1412,.F.);
#2086=ORIENTED_EDGE('',*,*,#1416,.F.);
#2087=ORIENTED_EDGE('',*,*,#1409,.F.);
#2088=ORIENTED_EDGE('',*,*,#1556,.T.);
#2089=ORIENTED_EDGE('',*,*,#1560,.F.);
#2090=ORIENTED_EDGE('',*,*,#1561,.F.);
#2091=ORIENTED_EDGE('',*,*,#1562,.F.);
#2092=ORIENTED_EDGE('',*,*,#1354,.F.);
#2093=ORIENTED_EDGE('',*,*,#1438,.F.);
#2094=ORIENTED_EDGE('',*,*,#1509,.F.);
#2095=ORIENTED_EDGE('',*,*,#1553,.F.);
#2096=ORIENTED_EDGE('',*,*,#1436,.T.);
#2097=ORIENTED_EDGE('',*,*,#1360,.T.);
#2098=ORIENTED_EDGE('',*,*,#1541,.T.);
#2099=ORIENTED_EDGE('',*,*,#1563,.T.);
#2100=ORIENTED_EDGE('',*,*,#1564,.F.);
#2101=ORIENTED_EDGE('',*,*,#1565,.F.);
#2102=ORIENTED_EDGE('',*,*,#1566,.F.);
#2103=ORIENTED_EDGE('',*,*,#1540,.T.);
#2104=ORIENTED_EDGE('',*,*,#1565,.T.);
#2105=ORIENTED_EDGE('',*,*,#1335,.T.);
#2106=ORIENTED_EDGE('',*,*,#1563,.F.);
#2107=ORIENTED_EDGE('',*,*,#1567,.F.);
#2108=ORIENTED_EDGE('',*,*,#1568,.F.);
#2109=ORIENTED_EDGE('',*,*,#1569,.F.);
#2110=ORIENTED_EDGE('',*,*,#1338,.T.);
#2111=ORIENTED_EDGE('',*,*,#1568,.T.);
#2112=ORIENTED_EDGE('',*,*,#1570,.T.);
#2113=ORIENTED_EDGE('',*,*,#1571,.T.);
#2114=ORIENTED_EDGE('',*,*,#1572,.T.);
#2115=ORIENTED_EDGE('',*,*,#1569,.T.);
#2116=ORIENTED_EDGE('',*,*,#1337,.T.);
#2117=ORIENTED_EDGE('',*,*,#1573,.T.);
#2118=ORIENTED_EDGE('',*,*,#1574,.F.);
#2119=ORIENTED_EDGE('',*,*,#1575,.F.);
#2120=ORIENTED_EDGE('',*,*,#1576,.F.);
#2121=ORIENTED_EDGE('',*,*,#1418,.T.);
#2122=ORIENTED_EDGE('',*,*,#1577,.T.);
#2123=ORIENTED_EDGE('',*,*,#1575,.T.);
#2124=ORIENTED_EDGE('',*,*,#1536,.T.);
#2125=ORIENTED_EDGE('',*,*,#1578,.F.);
#2126=ORIENTED_EDGE('',*,*,#1579,.F.);
#2127=ORIENTED_EDGE('',*,*,#1580,.F.);
#2128=ORIENTED_EDGE('',*,*,#1579,.T.);
#2129=ORIENTED_EDGE('',*,*,#1502,.T.);
#2130=ORIENTED_EDGE('',*,*,#1576,.T.);
#2131=ORIENTED_EDGE('',*,*,#1581,.T.);
#2132=ORIENTED_EDGE('',*,*,#1424,.T.);
#2133=ORIENTED_EDGE('',*,*,#1582,.T.);
#2134=ORIENTED_EDGE('',*,*,#1580,.T.);
#2135=ORIENTED_EDGE('',*,*,#1583,.T.);
#2136=ORIENTED_EDGE('',*,*,#1498,.T.);
#2137=ORIENTED_EDGE('',*,*,#1578,.T.);
#2138=ORIENTED_EDGE('',*,*,#1584,.T.);
#2139=ORIENTED_EDGE('',*,*,#1585,.T.);
#2140=ORIENTED_EDGE('',*,*,#1537,.T.);
#2141=ORIENTED_EDGE('',*,*,#1574,.T.);
#2142=ORIENTED_EDGE('',*,*,#1501,.T.);
#2143=ORIENTED_EDGE('',*,*,#1586,.T.);
#2144=ORIENTED_EDGE('',*,*,#1587,.T.);
#2145=ORIENTED_EDGE('',*,*,#1588,.T.);
#2146=ORIENTED_EDGE('',*,*,#1567,.T.);
#2147=ORIENTED_EDGE('',*,*,#1589,.T.);
#2148=ORIENTED_EDGE('',*,*,#1585,.F.);
#2149=ORIENTED_EDGE('',*,*,#1590,.T.);
#2150=ORIENTED_EDGE('',*,*,#1591,.T.);
#2151=ORIENTED_EDGE('',*,*,#1566,.T.);
#2152=ORIENTED_EDGE('',*,*,#1539,.T.);
#2153=ORIENTED_EDGE('',*,*,#1592,.F.);
#2154=ORIENTED_EDGE('',*,*,#1590,.F.);
#2155=ORIENTED_EDGE('',*,*,#1538,.T.);
#2156=ORIENTED_EDGE('',*,*,#1587,.F.);
#2157=ORIENTED_EDGE('',*,*,#1336,.T.);
#2158=ORIENTED_EDGE('',*,*,#1564,.T.);
#2159=ORIENTED_EDGE('',*,*,#1593,.T.);
#2160=ORIENTED_EDGE('',*,*,#1573,.F.);
#2161=ORIENTED_EDGE('',*,*,#1594,.T.);
#2162=ORIENTED_EDGE('',*,*,#1362,.T.);
#2163=ORIENTED_EDGE('',*,*,#1435,.T.);
#2164=ORIENTED_EDGE('',*,*,#1571,.F.);
#2165=ORIENTED_EDGE('',*,*,#1595,.F.);
#2166=ORIENTED_EDGE('',*,*,#1474,.F.);
#2167=ORIENTED_EDGE('',*,*,#1596,.F.);
#2168=ORIENTED_EDGE('',*,*,#1363,.F.);
#2169=ORIENTED_EDGE('',*,*,#1594,.F.);
#2170=ORIENTED_EDGE('',*,*,#1570,.F.);
#2171=ORIENTED_EDGE('',*,*,#1588,.F.);
#2172=ORIENTED_EDGE('',*,*,#1584,.F.);
#2173=ORIENTED_EDGE('',*,*,#1582,.F.);
#2174=ORIENTED_EDGE('',*,*,#1423,.F.);
#2175=ORIENTED_EDGE('',*,*,#1597,.F.);
#2176=ORIENTED_EDGE('',*,*,#1598,.F.);
#2177=ORIENTED_EDGE('',*,*,#1599,.F.);
#2178=ORIENTED_EDGE('',*,*,#1521,.T.);
#2179=ORIENTED_EDGE('',*,*,#1386,.F.);
#2180=ORIENTED_EDGE('',*,*,#1523,.F.);
#2181=ORIENTED_EDGE('',*,*,#1600,.F.);
#2182=ORIENTED_EDGE('',*,*,#1601,.F.);
#2183=ORIENTED_EDGE('',*,*,#1602,.F.);
#2184=ORIENTED_EDGE('',*,*,#1603,.F.);
#2185=ORIENTED_EDGE('',*,*,#1589,.F.);
#2186=ORIENTED_EDGE('',*,*,#1572,.F.);
#2187=ORIENTED_EDGE('',*,*,#1604,.F.);
#2188=ORIENTED_EDGE('',*,*,#1605,.F.);
#2189=ORIENTED_EDGE('',*,*,#1499,.F.);
#2190=ORIENTED_EDGE('',*,*,#1593,.F.);
#2191=ORIENTED_EDGE('',*,*,#1591,.F.);
#2192=ORIENTED_EDGE('',*,*,#1606,.F.);
#2193=ORIENTED_EDGE('',*,*,#1604,.T.);
#2194=ORIENTED_EDGE('',*,*,#1503,.F.);
#2195=ORIENTED_EDGE('',*,*,#1507,.F.);
#2196=ORIENTED_EDGE('',*,*,#1607,.F.);
#2197=ORIENTED_EDGE('',*,*,#1443,.T.);
#2198=ORIENTED_EDGE('',*,*,#1608,.T.);
#2199=ORIENTED_EDGE('',*,*,#1434,.F.);
#2200=ORIENTED_EDGE('',*,*,#1444,.T.);
#2201=ORIENTED_EDGE('',*,*,#1607,.T.);
#2202=ORIENTED_EDGE('',*,*,#1592,.T.);
#2203=ORIENTED_EDGE('',*,*,#1586,.F.);
#2204=ORIENTED_EDGE('',*,*,#1500,.T.);
#2205=ORIENTED_EDGE('',*,*,#1605,.T.);
#2206=ORIENTED_EDGE('',*,*,#1606,.T.);
#2207=ORIENTED_EDGE('',*,*,#1602,.T.);
#2208=ORIENTED_EDGE('',*,*,#1609,.T.);
#2209=ORIENTED_EDGE('',*,*,#1610,.T.);
#2210=ORIENTED_EDGE('',*,*,#1611,.F.);
#2211=ORIENTED_EDGE('',*,*,#1612,.T.);
#2212=ORIENTED_EDGE('',*,*,#1613,.T.);
#2213=ORIENTED_EDGE('',*,*,#1600,.T.);
#2214=ORIENTED_EDGE('',*,*,#1614,.T.);
#2215=ORIENTED_EDGE('',*,*,#1601,.T.);
#2216=ORIENTED_EDGE('',*,*,#1613,.F.);
#2217=ORIENTED_EDGE('',*,*,#1615,.T.);
#2218=ORIENTED_EDGE('',*,*,#1470,.T.);
#2219=ORIENTED_EDGE('',*,*,#1616,.T.);
#2220=ORIENTED_EDGE('',*,*,#1609,.F.);
#2221=ORIENTED_EDGE('',*,*,#1617,.T.);
#2222=ORIENTED_EDGE('',*,*,#1618,.T.);
#2223=ORIENTED_EDGE('',*,*,#1614,.F.);
#2224=ORIENTED_EDGE('',*,*,#1603,.T.);
#2225=ORIENTED_EDGE('',*,*,#1611,.T.);
#2226=ORIENTED_EDGE('',*,*,#1619,.T.);
#2227=ORIENTED_EDGE('',*,*,#1612,.F.);
#2228=ORIENTED_EDGE('',*,*,#1618,.F.);
#2229=ORIENTED_EDGE('',*,*,#1620,.T.);
#2230=ORIENTED_EDGE('',*,*,#1621,.F.);
#2231=ORIENTED_EDGE('',*,*,#1471,.T.);
#2232=ORIENTED_EDGE('',*,*,#1615,.F.);
#2233=ORIENTED_EDGE('',*,*,#1608,.F.);
#2234=ORIENTED_EDGE('',*,*,#1506,.F.);
#2235=ORIENTED_EDGE('',*,*,#1622,.F.);
#2236=ORIENTED_EDGE('',*,*,#1620,.F.);
#2237=ORIENTED_EDGE('',*,*,#1617,.F.);
#2238=ORIENTED_EDGE('',*,*,#1623,.F.);
#2239=ORIENTED_EDGE('',*,*,#1624,.F.);
#2240=ORIENTED_EDGE('',*,*,#1428,.F.);
#2241=ORIENTED_EDGE('',*,*,#1624,.T.);
#2242=ORIENTED_EDGE('',*,*,#1625,.T.);
#2243=ORIENTED_EDGE('',*,*,#1468,.F.);
#2244=ORIENTED_EDGE('',*,*,#1466,.F.);
#2245=ORIENTED_EDGE('',*,*,#1429,.T.);
#2246=ORIENTED_EDGE('',*,*,#1610,.F.);
#2247=ORIENTED_EDGE('',*,*,#1616,.F.);
#2248=ORIENTED_EDGE('',*,*,#1469,.T.);
#2249=ORIENTED_EDGE('',*,*,#1625,.F.);
#2250=ORIENTED_EDGE('',*,*,#1623,.T.);
#2251=ORIENTED_EDGE('',*,*,#1619,.F.);
#2252=ORIENTED_EDGE('',*,*,#1622,.T.);
#2253=ORIENTED_EDGE('',*,*,#1505,.T.);
#2254=ORIENTED_EDGE('',*,*,#1472,.T.);
#2255=ORIENTED_EDGE('',*,*,#1621,.T.);
#2256=ORIENTED_EDGE('',*,*,#1583,.F.);
#2257=ORIENTED_EDGE('',*,*,#1581,.F.);
#2258=ORIENTED_EDGE('',*,*,#1577,.F.);
#2259=ORIENTED_EDGE('',*,*,#1425,.F.);
#2260=ORIENTED_EDGE('',*,*,#1550,.T.);
#2261=ORIENTED_EDGE('',*,*,#1626,.F.);
#2262=ORIENTED_EDGE('',*,*,#1627,.F.);
#2263=ORIENTED_EDGE('',*,*,#1628,.F.);
#2264=ORIENTED_EDGE('',*,*,#1554,.T.);
#2265=ORIENTED_EDGE('',*,*,#1407,.F.);
#2266=ORIENTED_EDGE('',*,*,#1417,.F.);
#2267=ORIENTED_EDGE('',*,*,#1414,.F.);
#2268=ORIENTED_EDGE('',*,*,#1517,.T.);
#2269=ORIENTED_EDGE('',*,*,#1461,.T.);
#2270=ORIENTED_EDGE('',*,*,#1552,.T.);
#2271=ORIENTED_EDGE('',*,*,#1364,.T.);
#2272=ORIENTED_EDGE('',*,*,#1596,.T.);
#2273=ORIENTED_EDGE('',*,*,#1473,.T.);
#2274=ORIENTED_EDGE('',*,*,#1366,.T.);
#2275=ORIENTED_EDGE('',*,*,#1551,.T.);
#2276=ORIENTED_EDGE('',*,*,#1449,.T.);
#2277=ORIENTED_EDGE('',*,*,#1542,.T.);
#2278=ORIENTED_EDGE('',*,*,#1422,.T.);
#2279=ORIENTED_EDGE('',*,*,#1562,.T.);
#2280=ORIENTED_EDGE('',*,*,#1629,.T.);
#2281=ORIENTED_EDGE('',*,*,#1597,.T.);
#2282=ORIENTED_EDGE('',*,*,#1420,.T.);
#2283=ORIENTED_EDGE('',*,*,#1535,.T.);
#2284=ORIENTED_EDGE('',*,*,#1630,.T.);
#2285=ORIENTED_EDGE('',*,*,#1557,.T.);
#2286=ORIENTED_EDGE('',*,*,#1522,.T.);
#2287=ORIENTED_EDGE('',*,*,#1457,.T.);
#2288=ORIENTED_EDGE('',*,*,#1475,.T.);
#2289=ORIENTED_EDGE('',*,*,#1595,.T.);
#2290=ORIENTED_EDGE('',*,*,#1519,.T.);
#2291=ORIENTED_EDGE('',*,*,#1599,.T.);
#2292=ORIENTED_EDGE('',*,*,#1631,.T.);
#2293=ORIENTED_EDGE('',*,*,#1545,.T.);
#2294=ORIENTED_EDGE('',*,*,#1558,.T.);
#2295=ORIENTED_EDGE('',*,*,#1630,.F.);
#2296=ORIENTED_EDGE('',*,*,#1534,.T.);
#2297=ORIENTED_EDGE('',*,*,#1544,.F.);
#2298=ORIENTED_EDGE('',*,*,#1546,.T.);
#2299=ORIENTED_EDGE('',*,*,#1631,.F.);
#2300=ORIENTED_EDGE('',*,*,#1598,.T.);
#2301=ORIENTED_EDGE('',*,*,#1629,.F.);
#2302=ORIENTED_EDGE('',*,*,#1561,.T.);
#2303=ORIENTED_EDGE('',*,*,#1632,.F.);
#2304=ORIENTED_EDGE('',*,*,#1627,.T.);
#2305=ORIENTED_EDGE('',*,*,#1633,.F.);
#2306=ORIENTED_EDGE('',*,*,#1628,.T.);
#2307=ORIENTED_EDGE('',*,*,#1632,.T.);
#2308=ORIENTED_EDGE('',*,*,#1560,.T.);
#2309=ORIENTED_EDGE('',*,*,#1555,.T.);
#2310=ORIENTED_EDGE('',*,*,#1626,.T.);
#2311=ORIENTED_EDGE('',*,*,#1549,.T.);
#2312=ORIENTED_EDGE('',*,*,#1559,.T.);
#2313=ORIENTED_EDGE('',*,*,#1633,.T.);
#2314=ORIENTED_EDGE('',*,*,#1515,.T.);
#2315=ORIENTED_EDGE('',*,*,#1513,.T.);
#2316=CONICAL_SURFACE('',#2471,1.74999999999999,0.785398163397457);
#2317=CONICAL_SURFACE('',#2474,1.74999999999999,0.785398163397457);
#2318=CONICAL_SURFACE('',#2486,1.74999999999999,0.785398163397449);
#2319=CONICAL_SURFACE('',#2491,1.74999999999999,0.785398163397449);
#2320=CONICAL_SURFACE('',#2499,3.99999999999999,0.785398163397448);
#2321=CONICAL_SURFACE('',#2579,4.74999999950154,0.785398163397448);
#2322=ADVANCED_FACE('',(#734),#2316,.T.);
#2323=ADVANCED_FACE('',(#735),#2317,.T.);
#2324=ADVANCED_FACE('',(#736),#623,.T.);
#2325=ADVANCED_FACE('',(#737),#624,.T.);
#2326=ADVANCED_FACE('',(#738),#625,.F.);
#2327=ADVANCED_FACE('',(#739),#42,.T.);
#2328=ADVANCED_FACE('',(#740),#626,.T.);
#2329=ADVANCED_FACE('',(#741),#627,.F.);
#2330=ADVANCED_FACE('',(#742),#43,.T.);
#2331=ADVANCED_FACE('',(#743),#2318,.T.);
#2332=ADVANCED_FACE('',(#744),#628,.T.);
#2333=ADVANCED_FACE('',(#745),#629,.T.);
#2334=ADVANCED_FACE('',(#746),#2319,.T.);
#2335=ADVANCED_FACE('',(#747),#630,.F.);
#2336=ADVANCED_FACE('',(#748),#44,.T.);
#2337=ADVANCED_FACE('',(#749),#631,.T.);
#2338=ADVANCED_FACE('',(#750),#632,.F.);
#2339=ADVANCED_FACE('',(#751),#2320,.T.);
#2340=ADVANCED_FACE('',(#752,#22),#633,.T.);
#2341=ADVANCED_FACE('',(#753,#23),#634,.T.);
#2342=ADVANCED_FACE('',(#754),#635,.F.);
#2343=ADVANCED_FACE('',(#755),#636,.F.);
#2344=ADVANCED_FACE('',(#756,#24),#637,.T.);
#2345=ADVANCED_FACE('',(#757),#45,.T.);
#2346=ADVANCED_FACE('',(#758),#46,.F.);
#2347=ADVANCED_FACE('',(#759),#47,.F.);
#2348=ADVANCED_FACE('',(#760),#638,.T.);
#2349=ADVANCED_FACE('',(#761,#25),#639,.T.);
#2350=ADVANCED_FACE('',(#762,#26,#27),#640,.T.);
#2351=ADVANCED_FACE('',(#763),#48,.F.);
#2352=ADVANCED_FACE('',(#764),#641,.T.);
#2353=ADVANCED_FACE('',(#765),#49,.F.);
#2354=ADVANCED_FACE('',(#766),#642,.T.);
#2355=ADVANCED_FACE('',(#767),#50,.F.);
#2356=ADVANCED_FACE('',(#768),#643,.T.);
#2357=ADVANCED_FACE('',(#769),#51,.F.);
#2358=ADVANCED_FACE('',(#770),#644,.T.);
#2359=ADVANCED_FACE('',(#771,#28,#29,#30,#31,#32),#645,.T.);
#2360=ADVANCED_FACE('',(#772),#52,.F.);
#2361=ADVANCED_FACE('',(#773),#53,.F.);
#2362=ADVANCED_FACE('',(#774),#646,.T.);
#2363=ADVANCED_FACE('',(#775),#647,.T.);
#2364=ADVANCED_FACE('',(#776),#648,.T.);
#2365=ADVANCED_FACE('',(#777,#33,#34),#649,.T.);
#2366=ADVANCED_FACE('',(#778),#650,.F.);
#2367=ADVANCED_FACE('',(#779),#651,.T.);
#2368=ADVANCED_FACE('',(#780,#35),#652,.T.);
#2369=ADVANCED_FACE('',(#781),#653,.F.);
#2370=ADVANCED_FACE('',(#782),#654,.T.);
#2371=ADVANCED_FACE('',(#783),#655,.F.);
#2372=ADVANCED_FACE('',(#784),#656,.T.);
#2373=ADVANCED_FACE('',(#785),#657,.F.);
#2374=ADVANCED_FACE('',(#786),#658,.F.);
#2375=ADVANCED_FACE('',(#787),#659,.F.);
#2376=ADVANCED_FACE('',(#788),#660,.T.);
#2377=ADVANCED_FACE('',(#789),#661,.T.);
#2378=ADVANCED_FACE('',(#790,#36,#37,#38),#662,.T.);
#2379=ADVANCED_FACE('',(#791),#663,.T.);
#2380=ADVANCED_FACE('',(#792),#664,.T.);
#2381=ADVANCED_FACE('',(#793),#665,.T.);
#2382=ADVANCED_FACE('',(#794),#666,.F.);
#2383=ADVANCED_FACE('',(#795),#667,.T.);
#2384=ADVANCED_FACE('',(#796),#668,.T.);
#2385=ADVANCED_FACE('',(#797),#2321,.T.);
#2386=ADVANCED_FACE('',(#798,#39),#669,.T.);
#2387=ADVANCED_FACE('',(#799),#670,.T.);
#2388=ADVANCED_FACE('',(#800),#671,.F.);
#2389=ADVANCED_FACE('',(#801),#672,.T.);
#2390=ADVANCED_FACE('',(#802),#673,.T.);
#2391=ADVANCED_FACE('',(#803),#54,.F.);
#2392=ADVANCED_FACE('',(#804),#55,.F.);
#2393=ADVANCED_FACE('',(#805),#56,.F.);
#2394=ADVANCED_FACE('',(#806),#674,.T.);
#2395=ADVANCED_FACE('',(#807),#675,.T.);
#2396=ADVANCED_FACE('',(#808),#676,.T.);
#2397=ADVANCED_FACE('',(#809),#677,.T.);
#2398=ADVANCED_FACE('',(#810),#678,.T.);
#2399=ADVANCED_FACE('',(#811),#679,.T.);
#2400=ADVANCED_FACE('',(#812),#680,.T.);
#2401=ADVANCED_FACE('',(#813),#681,.T.);
#2402=ADVANCED_FACE('',(#814),#682,.T.);
#2403=ADVANCED_FACE('',(#815),#683,.T.);
#2404=ADVANCED_FACE('',(#816),#684,.F.);
#2405=ADVANCED_FACE('',(#817),#685,.F.);
#2406=ADVANCED_FACE('',(#818),#686,.T.);
#2407=ADVANCED_FACE('',(#819),#687,.F.);
#2408=ADVANCED_FACE('',(#820),#688,.T.);
#2409=ADVANCED_FACE('',(#821),#689,.F.);
#2410=ADVANCED_FACE('',(#822),#690,.T.);
#2411=ADVANCED_FACE('',(#823),#691,.T.);
#2412=ADVANCED_FACE('',(#824),#692,.T.);
#2413=ADVANCED_FACE('',(#825),#693,.T.);
#2414=ADVANCED_FACE('',(#826),#694,.T.);
#2415=ADVANCED_FACE('',(#827),#695,.T.);
#2416=ADVANCED_FACE('',(#828),#696,.T.);
#2417=ADVANCED_FACE('',(#829),#697,.T.);
#2418=ADVANCED_FACE('',(#830),#698,.T.);
#2419=ADVANCED_FACE('',(#831),#699,.T.);
#2420=ADVANCED_FACE('',(#832),#700,.T.);
#2421=ADVANCED_FACE('',(#833),#701,.T.);
#2422=ADVANCED_FACE('',(#834),#702,.T.);
#2423=ADVANCED_FACE('',(#835),#703,.T.);
#2424=ADVANCED_FACE('',(#836),#704,.T.);
#2425=ADVANCED_FACE('',(#837),#705,.T.);
#2426=ADVANCED_FACE('',(#838),#706,.T.);
#2427=ADVANCED_FACE('',(#839),#707,.T.);
#2428=ADVANCED_FACE('',(#840,#40),#708,.T.);
#2429=ADVANCED_FACE('',(#841),#709,.F.);
#2430=ADVANCED_FACE('',(#842),#710,.T.);
#2431=ADVANCED_FACE('',(#843),#711,.T.);
#2432=ADVANCED_FACE('',(#844),#712,.T.);
#2433=ADVANCED_FACE('',(#845),#713,.T.);
#2434=ADVANCED_FACE('',(#846),#714,.T.);
#2435=ADVANCED_FACE('',(#847),#715,.T.);
#2436=ADVANCED_FACE('',(#848),#716,.T.);
#2437=ADVANCED_FACE('',(#849),#717,.T.);
#2438=ADVANCED_FACE('',(#850),#718,.F.);
#2439=ADVANCED_FACE('',(#851),#719,.T.);
#2440=ADVANCED_FACE('',(#852),#57,.F.);
#2441=ADVANCED_FACE('',(#853),#720,.F.);
#2442=ADVANCED_FACE('',(#854),#58,.T.);
#2443=ADVANCED_FACE('',(#855,#41),#721,.T.);
#2444=ADVANCED_FACE('',(#856),#722,.F.);
#2445=ADVANCED_FACE('',(#857),#723,.T.);
#2446=ADVANCED_FACE('',(#858),#724,.T.);
#2447=ADVANCED_FACE('',(#859),#725,.T.);
#2448=ADVANCED_FACE('',(#860),#726,.T.);
#2449=ADVANCED_FACE('',(#861),#727,.T.);
#2450=ADVANCED_FACE('',(#862),#728,.T.);
#2451=ADVANCED_FACE('',(#863),#729,.F.);
#2452=ADVANCED_FACE('',(#864),#730,.T.);
#2453=ADVANCED_FACE('',(#865),#731,.T.);
#2454=ADVANCED_FACE('',(#866),#732,.F.);
#2455=ADVANCED_FACE('',(#867),#733,.F.);
#2456=CLOSED_SHELL('',(#2322,#2323,#2324,#2325,#2326,#2327,#2328,#2329,
#2330,#2331,#2332,#2333,#2334,#2335,#2336,#2337,#2338,#2339,#2340,#2341,
#2342,#2343,#2344,#2345,#2346,#2347,#2348,#2349,#2350,#2351,#2352,#2353,
#2354,#2355,#2356,#2357,#2358,#2359,#2360,#2361,#2362,#2363,#2364,#2365,
#2366,#2367,#2368,#2369,#2370,#2371,#2372,#2373,#2374,#2375,#2376,#2377,
#2378,#2379,#2380,#2381,#2382,#2383,#2384,#2385,#2386,#2387,#2388,#2389,
#2390,#2391,#2392,#2393,#2394,#2395,#2396,#2397,#2398,#2399,#2400,#2401,
#2402,#2403,#2404,#2405,#2406,#2407,#2408,#2409,#2410,#2411,#2412,#2413,
#2414,#2415,#2416,#2417,#2418,#2419,#2420,#2421,#2422,#2423,#2424,#2425,
#2426,#2427,#2428,#2429,#2430,#2431,#2432,#2433,#2434,#2435,#2436,#2437,
#2438,#2439,#2440,#2441,#2442,#2443,#2444,#2445,#2446,#2447,#2448,#2449,
#2450,#2451,#2452,#2453,#2454,#2455));
#2457=DERIVED_UNIT_ELEMENT(#2459,1.);
#2458=DERIVED_UNIT_ELEMENT(#4039,-3.);
#2459=(
MASS_UNIT()
NAMED_UNIT(*)
SI_UNIT(.KILO.,.GRAM.)
);
#2460=DERIVED_UNIT((#2457,#2458));
#2461=MEASURE_REPRESENTATION_ITEM('density measure',
POSITIVE_RATIO_MEASURE(7850.),#2460);
#2462=PROPERTY_DEFINITION_REPRESENTATION(#2467,#2464);
#2463=PROPERTY_DEFINITION_REPRESENTATION(#2468,#2465);
#2464=REPRESENTATION('material name',(#2466),#4036);
#2465=REPRESENTATION('density',(#2461),#4036);
#2466=DESCRIPTIVE_REPRESENTATION_ITEM('Steel','Steel');
#2467=PROPERTY_DEFINITION('material property','material name',#4051);
#2468=PROPERTY_DEFINITION('material property','density of part',#4051);
#2469=AXIS2_PLACEMENT_3D('',#3315,#2657,#2658);
#2470=AXIS2_PLACEMENT_3D('',#3316,#2659,#2660);
#2471=AXIS2_PLACEMENT_3D('',#3317,#2661,#2662);
#2472=AXIS2_PLACEMENT_3D('',#3320,#2663,#2664);
#2473=AXIS2_PLACEMENT_3D('',#3327,#2665,#2666);
#2474=AXIS2_PLACEMENT_3D('',#3332,#2667,#2668);
#2475=AXIS2_PLACEMENT_3D('',#3335,#2669,#2670);
#2476=AXIS2_PLACEMENT_3D('',#3342,#2671,#2672);
#2477=AXIS2_PLACEMENT_3D('',#3347,#2673,#2674);
#2478=AXIS2_PLACEMENT_3D('',#3350,#2677,#2678);
#2479=AXIS2_PLACEMENT_3D('',#3353,#2681,#2682);
#2480=AXIS2_PLACEMENT_3D('',#3359,#2686,#2687);
#2481=AXIS2_PLACEMENT_3D('',#3362,#2689,#2690);
#2482=AXIS2_PLACEMENT_3D('',#3363,#2691,#2692);
#2483=AXIS2_PLACEMENT_3D('',#3364,#2693,#2694);
#2484=AXIS2_PLACEMENT_3D('',#3368,#2697,#2698);
#2485=AXIS2_PLACEMENT_3D('',#3369,#2699,#2700);
#2486=AXIS2_PLACEMENT_3D('',#3370,#2701,#2702);
#2487=AXIS2_PLACEMENT_3D('',#3373,#2703,#2704);
#2488=AXIS2_PLACEMENT_3D('',#3380,#2705,#2706);
#2489=AXIS2_PLACEMENT_3D('',#3385,#2707,#2708);
#2490=AXIS2_PLACEMENT_3D('',#3394,#2711,#2712);
#2491=AXIS2_PLACEMENT_3D('',#3403,#2715,#2716);
#2492=AXIS2_PLACEMENT_3D('',#3404,#2717,#2718);
#2493=AXIS2_PLACEMENT_3D('',#3405,#2719,#2720);
#2494=AXIS2_PLACEMENT_3D('',#3406,#2721,#2722);
#2495=AXIS2_PLACEMENT_3D('',#3412,#2726,#2727);
#2496=AXIS2_PLACEMENT_3D('',#3415,#2729,#2730);
#2497=AXIS2_PLACEMENT_3D('',#3416,#2731,#2732);
#2498=AXIS2_PLACEMENT_3D('',#3417,#2733,#2734);
#2499=AXIS2_PLACEMENT_3D('',#3421,#2737,#2738);
#2500=AXIS2_PLACEMENT_3D('',#3423,#2739,#2740);
#2501=AXIS2_PLACEMENT_3D('',#3426,#2742,#2743);
#2502=AXIS2_PLACEMENT_3D('',#3427,#2744,#2745);
#2503=AXIS2_PLACEMENT_3D('',#3438,#2751,#2752);
#2504=AXIS2_PLACEMENT_3D('',#3439,#2753,#2754);
#2505=AXIS2_PLACEMENT_3D('',#3440,#2755,#2756);
#2506=AXIS2_PLACEMENT_3D('',#3441,#2757,#2758);
#2507=AXIS2_PLACEMENT_3D('',#3442,#2759,#2760);
#2508=AXIS2_PLACEMENT_3D('',#3443,#2761,#2762);
#2509=AXIS2_PLACEMENT_3D('',#3445,#2763,#2764);
#2510=AXIS2_PLACEMENT_3D('',#3446,#2765,#2766);
#2511=AXIS2_PLACEMENT_3D('',#3447,#2767,#2768);
#2512=AXIS2_PLACEMENT_3D('',#3448,#2769,#2770);
#2513=AXIS2_PLACEMENT_3D('',#3450,#2771,#2772);
#2514=AXIS2_PLACEMENT_3D('',#3453,#2774,#2775);
#2515=AXIS2_PLACEMENT_3D('',#3454,#2776,#2777);
#2516=AXIS2_PLACEMENT_3D('',#3456,#2778,#2779);
#2517=AXIS2_PLACEMENT_3D('',#3460,#2781,#2782);
#2518=AXIS2_PLACEMENT_3D('',#3462,#2783,#2784);
#2519=AXIS2_PLACEMENT_3D('',#3463,#2785,#2786);
#2520=AXIS2_PLACEMENT_3D('',#3464,#2787,#2788);
#2521=AXIS2_PLACEMENT_3D('',#3474,#2794,#2795);
#2522=AXIS2_PLACEMENT_3D('',#3480,#2799,#2800);
#2523=AXIS2_PLACEMENT_3D('',#3497,#2809,#2810);
#2524=AXIS2_PLACEMENT_3D('',#3499,#2811,#2812);
#2525=AXIS2_PLACEMENT_3D('',#3502,#2814,#2815);
#2526=AXIS2_PLACEMENT_3D('',#3503,#2816,#2817);
#2527=AXIS2_PLACEMENT_3D('',#3504,#2818,#2819);
#2528=AXIS2_PLACEMENT_3D('',#3506,#2820,#2821);
#2529=AXIS2_PLACEMENT_3D('',#3509,#2823,#2824);
#2530=AXIS2_PLACEMENT_3D('',#3510,#2825,#2826);
#2531=AXIS2_PLACEMENT_3D('',#3511,#2827,#2828);
#2532=AXIS2_PLACEMENT_3D('',#3513,#2829,#2830);
#2533=AXIS2_PLACEMENT_3D('',#3516,#2832,#2833);
#2534=AXIS2_PLACEMENT_3D('',#3517,#2834,#2835);
#2535=AXIS2_PLACEMENT_3D('',#3518,#2836,#2837);
#2536=AXIS2_PLACEMENT_3D('',#3520,#2838,#2839);
#2537=AXIS2_PLACEMENT_3D('',#3523,#2841,#2842);
#2538=AXIS2_PLACEMENT_3D('',#3524,#2843,#2844);
#2539=AXIS2_PLACEMENT_3D('',#3525,#2845,#2846);
#2540=AXIS2_PLACEMENT_3D('',#3558,#2863,#2864);
#2541=AXIS2_PLACEMENT_3D('',#3560,#2865,#2866);
#2542=AXIS2_PLACEMENT_3D('',#3564,#2868,#2869);
#2543=AXIS2_PLACEMENT_3D('',#3566,#2870,#2871);
#2544=AXIS2_PLACEMENT_3D('',#3567,#2872,#2873);
#2545=AXIS2_PLACEMENT_3D('',#3568,#2874,#2875);
#2546=AXIS2_PLACEMENT_3D('',#3570,#2876,#2877);
#2547=AXIS2_PLACEMENT_3D('',#3574,#2879,#2880);
#2548=AXIS2_PLACEMENT_3D('',#3576,#2881,#2882);
#2549=AXIS2_PLACEMENT_3D('',#3577,#2883,#2884);
#2550=AXIS2_PLACEMENT_3D('',#3578,#2885,#2886);
#2551=AXIS2_PLACEMENT_3D('',#3588,#2892,#2893);
#2552=AXIS2_PLACEMENT_3D('',#3598,#2899,#2900);
#2553=AXIS2_PLACEMENT_3D('',#3601,#2903,#2904);
#2554=AXIS2_PLACEMENT_3D('',#3618,#2913,#2914);
#2555=AXIS2_PLACEMENT_3D('',#3631,#2921,#2922);
#2556=AXIS2_PLACEMENT_3D('',#3637,#2926,#2927);
#2557=AXIS2_PLACEMENT_3D('',#3654,#2938,#2939);
#2558=AXIS2_PLACEMENT_3D('',#3667,#2946,#2947);
#2559=AXIS2_PLACEMENT_3D('',#3684,#2957,#2958);
#2560=AXIS2_PLACEMENT_3D('',#3693,#2963,#2964);
#2561=AXIS2_PLACEMENT_3D('',#3696,#2967,#2968);
#2562=AXIS2_PLACEMENT_3D('',#3697,#2969,#2970);
#2563=AXIS2_PLACEMENT_3D('',#3698,#2971,#2972);
#2564=AXIS2_PLACEMENT_3D('',#3702,#2974,#2975);
#2565=AXIS2_PLACEMENT_3D('',#3709,#2979,#2980);
#2566=AXIS2_PLACEMENT_3D('',#3710,#2981,#2982);
#2567=AXIS2_PLACEMENT_3D('',#3717,#2987,#2988);
#2568=AXIS2_PLACEMENT_3D('',#3723,#2992,#2993);
#2569=AXIS2_PLACEMENT_3D('',#3727,#2996,#2997);
#2570=AXIS2_PLACEMENT_3D('',#3740,#3004,#3005);
#2571=AXIS2_PLACEMENT_3D('',#3742,#3006,#3007);
#2572=AXIS2_PLACEMENT_3D('',#3744,#3008,#3009);
#2573=AXIS2_PLACEMENT_3D('',#3745,#3010,#3011);
#2574=AXIS2_PLACEMENT_3D('',#3747,#3013,#3014);
#2575=AXIS2_PLACEMENT_3D('',#3749,#3016,#3017);
#2576=AXIS2_PLACEMENT_3D('',#3751,#3019,#3020);
#2577=AXIS2_PLACEMENT_3D('',#3753,#3022,#3023);
#2578=AXIS2_PLACEMENT_3D('',#3755,#3025,#3026);
#2579=AXIS2_PLACEMENT_3D('',#3756,#3027,#3028);
#2580=AXIS2_PLACEMENT_3D('',#3758,#3029,#3030);
#2581=AXIS2_PLACEMENT_3D('',#3760,#3032,#3033);
#2582=AXIS2_PLACEMENT_3D('',#3771,#3039,#3040);
#2583=AXIS2_PLACEMENT_3D('',#3775,#3043,#3044);
#2584=AXIS2_PLACEMENT_3D('',#3781,#3048,#3049);
#2585=AXIS2_PLACEMENT_3D('',#3787,#3053,#3054);
#2586=AXIS2_PLACEMENT_3D('',#3791,#3057,#3058);
#2587=AXIS2_PLACEMENT_3D('',#3793,#3059,#3060);
#2588=AXIS2_PLACEMENT_3D('',#3795,#3062,#3063);
#2589=AXIS2_PLACEMENT_3D('',#3797,#3064,#3065);
#2590=AXIS2_PLACEMENT_3D('',#3799,#3067,#3068);
#2591=AXIS2_PLACEMENT_3D('',#3801,#3069,#3070);
#2592=AXIS2_PLACEMENT_3D('',#3803,#3072,#3073);
#2593=AXIS2_PLACEMENT_3D('',#3809,#3077,#3078);
#2594=AXIS2_PLACEMENT_3D('',#3814,#3082,#3083);
#2595=AXIS2_PLACEMENT_3D('',#3816,#3085,#3086);
#2596=AXIS2_PLACEMENT_3D('',#3820,#3089,#3090);
#2597=AXIS2_PLACEMENT_3D('',#3826,#3094,#3095);
#2598=AXIS2_PLACEMENT_3D('',#3828,#3097,#3098);
#2599=AXIS2_PLACEMENT_3D('',#3830,#3100,#3101);
#2600=AXIS2_PLACEMENT_3D('',#3848,#3112,#3113);
#2601=AXIS2_PLACEMENT_3D('',#3852,#3116,#3117);
#2602=AXIS2_PLACEMENT_3D('',#3856,#3120,#3121);
#2603=AXIS2_PLACEMENT_3D('',#3858,#3123,#3124);
#2604=AXIS2_PLACEMENT_3D('',#3864,#3128,#3129);
#2605=AXIS2_PLACEMENT_3D('',#3868,#3133,#3134);
#2606=AXIS2_PLACEMENT_3D('',#3874,#3138,#3139);
#2607=AXIS2_PLACEMENT_3D('',#3885,#3146,#3147);
#2608=AXIS2_PLACEMENT_3D('',#3886,#3148,#3149);
#2609=AXIS2_PLACEMENT_3D('',#3888,#3151,#3152);
#2610=AXIS2_PLACEMENT_3D('',#3893,#3156,#3157);
#2611=AXIS2_PLACEMENT_3D('',#3894,#3158,#3159);
#2612=AXIS2_PLACEMENT_3D('',#3900,#3163,#3164);
#2613=AXIS2_PLACEMENT_3D('',#3904,#3167,#3168);
#2614=AXIS2_PLACEMENT_3D('',#3908,#3171,#3172);
#2615=AXIS2_PLACEMENT_3D('',#3913,#3176,#3177);
#2616=AXIS2_PLACEMENT_3D('',#3915,#3179,#3180);
#2617=AXIS2_PLACEMENT_3D('',#3921,#3184,#3185);
#2618=AXIS2_PLACEMENT_3D('',#3923,#3187,#3188);
#2619=AXIS2_PLACEMENT_3D('',#3926,#3191,#3192);
#2620=AXIS2_PLACEMENT_3D('',#3930,#3195,#3196);
#2621=AXIS2_PLACEMENT_3D('',#3934,#3199,#3200);
#2622=AXIS2_PLACEMENT_3D('',#3937,#3203,#3204);
#2623=AXIS2_PLACEMENT_3D('',#3941,#3207,#3208);
#2624=AXIS2_PLACEMENT_3D('',#3943,#3210,#3211);
#2625=AXIS2_PLACEMENT_3D('',#3945,#3213,#3214);
#2626=AXIS2_PLACEMENT_3D('',#3947,#3216,#3217);
#2627=AXIS2_PLACEMENT_3D('',#3963,#3227,#3228);
#2628=AXIS2_PLACEMENT_3D('',#3967,#3231,#3232);
#2629=AXIS2_PLACEMENT_3D('',#3969,#3234,#3235);
#2630=AXIS2_PLACEMENT_3D('',#3971,#3237,#3238);
#2631=AXIS2_PLACEMENT_3D('',#3973,#3240,#3241);
#2632=AXIS2_PLACEMENT_3D('',#3974,#3242,#3243);
#2633=AXIS2_PLACEMENT_3D('',#3980,#3247,#3248);
#2634=AXIS2_PLACEMENT_3D('',#3986,#3252,#3253);
#2635=AXIS2_PLACEMENT_3D('',#3989,#3256,#3257);
#2636=AXIS2_PLACEMENT_3D('',#3995,#3261,#3262);
#2637=AXIS2_PLACEMENT_3D('',#3999,#3265,#3266);
#2638=AXIS2_PLACEMENT_3D('',#4000,#3267,#3268);
#2639=AXIS2_PLACEMENT_3D('',#4003,#3270,#3271);
#2640=AXIS2_PLACEMENT_3D('',#4004,#3272,#3273);
#2641=AXIS2_PLACEMENT_3D('',#4006,#3275,#3276);
#2642=AXIS2_PLACEMENT_3D('',#4007,#3277,#3278);
#2643=AXIS2_PLACEMENT_3D('',#4008,#3279,#3280);
#2644=AXIS2_PLACEMENT_3D('',#4014,#3284,#3285);
#2645=AXIS2_PLACEMENT_3D('',#4015,#3286,#3287);
#2646=AXIS2_PLACEMENT_3D('',#4016,#3288,#3289);
#2647=AXIS2_PLACEMENT_3D('',#4017,#3290,#3291);
#2648=AXIS2_PLACEMENT_3D('',#4019,#3293,#3294);
#2649=AXIS2_PLACEMENT_3D('',#4021,#3296,#3297);
#2650=AXIS2_PLACEMENT_3D('',#4022,#3298,#3299);
#2651=AXIS2_PLACEMENT_3D('',#4024,#3301,#3302);
#2652=AXIS2_PLACEMENT_3D('',#4027,#3305,#3306);
#2653=AXIS2_PLACEMENT_3D('',#4028,#3307,#3308);
#2654=AXIS2_PLACEMENT_3D('',#4029,#3309,#3310);
#2655=AXIS2_PLACEMENT_3D('',#4030,#3311,#3312);
#2656=AXIS2_PLACEMENT_3D('',#4031,#3313,#3314);
#2657=DIRECTION('axis',(0.,0.,1.));
#2658=DIRECTION('refdir',(1.,0.,0.));
#2659=DIRECTION('axis',(0.,0.,1.));
#2660=DIRECTION('refdir',(1.,0.,0.));
#2661=DIRECTION('center_axis',(1.,0.,0.));
#2662=DIRECTION('ref_axis',(-2.52773992213763E-17,-1.,1.55388220811555E-33));
#2663=DIRECTION('center_axis',(-1.,5.89805981832115E-17,6.1473183791847E-17));
#2664=DIRECTION('ref_axis',(0.,-1.,0.));
#2665=DIRECTION('center_axis',(1.,-5.89805981832115E-17,-6.1473183791847E-17));
#2666=DIRECTION('ref_axis',(-5.89805981832115E-17,-1.,3.62572515226963E-33));
#2667=DIRECTION('center_axis',(1.,0.,0.));
#2668=DIRECTION('ref_axis',(2.52773992213763E-17,1.,-1.55388220811555E-33));
#2669=DIRECTION('center_axis',(1.,-5.89805981832115E-17,-6.1473183791847E-17));
#2670=DIRECTION('ref_axis',(5.89805981832115E-17,1.,-3.62572515226963E-33));
#2671=DIRECTION('center_axis',(-1.,5.89805981832115E-17,6.1473183791847E-17));
#2672=DIRECTION('ref_axis',(0.,1.,0.));
#2673=DIRECTION('center_axis',(-0.70710678118656,4.17055809401194E-17,0.707106781186535));
#2674=DIRECTION('ref_axis',(0.707106781186535,0.,0.70710678118656));
#2675=DIRECTION('',(5.89805981832115E-17,1.,-8.95325262914919E-27));
#2676=DIRECTION('',(-5.89805981832115E-17,-1.,8.95325262914919E-27));
#2677=DIRECTION('center_axis',(-0.707106781186554,4.17055809274573E-17,
-0.707106781186541));
#2678=DIRECTION('ref_axis',(-0.707106781186541,0.,0.707106781186554));
#2679=DIRECTION('',(-5.89805981832115E-17,-1.,8.95325262914919E-27));
#2680=DIRECTION('',(5.89805981832115E-17,1.,-8.95325262914919E-27));
#2681=DIRECTION('center_axis',(0.,8.95325262914919E-27,1.));
#2682=DIRECTION('ref_axis',(-5.89805981832115E-17,-1.,8.95325262914919E-27));
#2683=DIRECTION('',(-1.,0.,0.));
#2684=DIRECTION('',(-5.89805981832114E-17,-1.,8.95325262914919E-27));
#2685=DIRECTION('',(1.,0.,0.));
#2686=DIRECTION('center_axis',(1.,0.,0.));
#2687=DIRECTION('ref_axis',(0.,1.,2.06823107110214E-13));
#2688=DIRECTION('',(-1.,0.,0.));
#2689=DIRECTION('center_axis',(-1.,5.89805981832114E-17,6.1473182279265E-17));
#2690=DIRECTION('ref_axis',(0.,-1.,0.));
#2691=DIRECTION('center_axis',(-1.,5.89805981832115E-17,6.1473183791847E-17));
#2692=DIRECTION('ref_axis',(-5.89805981832115E-17,-1.,8.95325262914919E-27));
#2693=DIRECTION('center_axis',(0.,-8.95325262914919E-27,-1.));
#2694=DIRECTION('ref_axis',(5.89805981832115E-17,1.,-8.95325262914919E-27));
#2695=DIRECTION('',(-1.,0.,0.));
#2696=DIRECTION('',(5.89805981832114E-17,1.,-8.95325262914919E-27));
#2697=DIRECTION('center_axis',(1.,0.,0.));
#2698=DIRECTION('ref_axis',(0.,-1.,0.));
#2699=DIRECTION('center_axis',(-1.,5.89805981832114E-17,6.1473182279265E-17));
#2700=DIRECTION('ref_axis',(0.,-1.,0.));
#2701=DIRECTION('center_axis',(1.,0.,0.));
#2702=DIRECTION('ref_axis',(0.,1.,0.));
#2703=DIRECTION('center_axis',(-1.,0.,0.));
#2704=DIRECTION('ref_axis',(0.,1.,0.));
#2705=DIRECTION('center_axis',(1.,0.,0.));
#2706=DIRECTION('ref_axis',(0.,1.,0.));
#2707=DIRECTION('center_axis',(-0.707106781186554,-6.33090564774762E-27,
-0.707106781186541));
#2708=DIRECTION('ref_axis',(-0.707106781186541,0.,0.707106781186554));
#2709=DIRECTION('',(0.,1.,-8.95325262914919E-27));
#2710=DIRECTION('',(0.,-1.,8.95325262914919E-27));
#2711=DIRECTION('center_axis',(-0.707106781186554,6.33090564774762E-27,
0.707106781186541));
#2712=DIRECTION('ref_axis',(0.707106781186541,0.,0.707106781186554));
#2713=DIRECTION('',(0.,1.,-8.95325262914919E-27));
#2714=DIRECTION('',(0.,-1.,8.95325262914919E-27));
#2715=DIRECTION('center_axis',(1.,0.,0.));
#2716=DIRECTION('ref_axis',(0.,-1.,0.));
#2717=DIRECTION('center_axis',(-1.,0.,0.));
#2718=DIRECTION('ref_axis',(0.,-1.,0.));
#2719=DIRECTION('center_axis',(1.,0.,0.));
#2720=DIRECTION('ref_axis',(0.,-1.,0.));
#2721=DIRECTION('center_axis',(0.,8.95325262914919E-27,1.));
#2722=DIRECTION('ref_axis',(-5.89805981832115E-17,-1.,8.95325262914919E-27));
#2723=DIRECTION('',(-1.,0.,0.));
#2724=DIRECTION('',(-5.89805981832115E-17,-1.,8.95325262914919E-27));
#2725=DIRECTION('',(1.,0.,0.));
#2726=DIRECTION('center_axis',(1.,0.,0.));
#2727=DIRECTION('ref_axis',(0.,0.999999999991374,-4.15355100635789E-6));
#2728=DIRECTION('',(1.,0.,0.));
#2729=DIRECTION('center_axis',(-1.,-3.98771774282047E-10,-2.93743906803985E-40));
#2730=DIRECTION('ref_axis',(3.98771774282047E-10,-1.,0.));
#2731=DIRECTION('center_axis',(-1.,0.,0.));
#2732=DIRECTION('ref_axis',(0.,-1.,0.));
#2733=DIRECTION('center_axis',(0.,-8.95325262914919E-27,-1.));
#2734=DIRECTION('ref_axis',(5.89805981832115E-17,1.,-8.95325262914919E-27));
#2735=DIRECTION('',(-1.,0.,0.));
#2736=DIRECTION('',(5.89805981832115E-17,1.,-8.95325262914919E-27));
#2737=DIRECTION('center_axis',(1.,0.,0.));
#2738=DIRECTION('ref_axis',(0.,-1.,0.));
#2739=DIRECTION('center_axis',(-1.,0.,0.));
#2740=DIRECTION('ref_axis',(0.,-1.,0.));
#2741=DIRECTION('',(-0.707106781186548,-0.707106781186548,-8.65956056235493E-17));
#2742=DIRECTION('center_axis',(-1.,5.89805981832114E-17,6.1473182279265E-17));
#2743=DIRECTION('ref_axis',(-5.89805981832114E-17,-1.,0.));
#2744=DIRECTION('center_axis',(-1.,0.,0.));
#2745=DIRECTION('ref_axis',(0.,-1.,0.));
#2746=DIRECTION('',(0.,1.,0.));
#2747=DIRECTION('',(0.,0.672672700574954,-0.739940158324441));
#2748=DIRECTION('',(0.,0.,-1.));
#2749=DIRECTION('',(0.,-1.,0.));
#2750=DIRECTION('',(0.,0.,-1.));
#2751=DIRECTION('center_axis',(-1.,5.89805981832114E-17,6.1473182279265E-17));
#2752=DIRECTION('ref_axis',(-5.89805981832114E-17,-1.,0.));
#2753=DIRECTION('center_axis',(1.,0.,0.));
#2754=DIRECTION('ref_axis',(0.,0.,-1.));
#2755=DIRECTION('center_axis',(-1.,-3.98771774282047E-10,-2.93743906803985E-40));
#2756=DIRECTION('ref_axis',(3.98771774282047E-10,-1.,0.));
#2757=DIRECTION('center_axis',(1.,0.,0.));
#2758=DIRECTION('ref_axis',(0.,0.,-1.));
#2759=DIRECTION('center_axis',(-1.,-3.98771774282047E-10,-2.93743906803985E-40));
#2760=DIRECTION('ref_axis',(3.98771774282047E-10,-1.,0.));
#2761=DIRECTION('center_axis',(-1.,-3.98771774282047E-10,-2.93743906803985E-40));
#2762=DIRECTION('ref_axis',(3.98771774282047E-10,-1.,-1.10195719386051E-34));
#2763=DIRECTION('center_axis',(-1.,-3.98771774282047E-10,-2.93743906803985E-40));
#2764=DIRECTION('ref_axis',(3.98771774529865E-10,-1.,-1.10195719386051E-34));
#2765=DIRECTION('center_axis',(-1.,-3.98771774282047E-10,-2.93743906803985E-40));
#2766=DIRECTION('ref_axis',(3.98771774282047E-10,-1.,0.));
#2767=DIRECTION('center_axis',(1.,0.,0.));
#2768=DIRECTION('ref_axis',(0.,-1.,0.));
#2769=DIRECTION('center_axis',(-1.,0.,0.));
#2770=DIRECTION('ref_axis',(0.,1.,0.));
#2771=DIRECTION('center_axis',(-1.,0.,0.));
#2772=DIRECTION('ref_axis',(0.,1.,0.));
#2773=DIRECTION('',(-1.,0.,0.));
#2774=DIRECTION('center_axis',(1.,0.,0.));
#2775=DIRECTION('ref_axis',(0.,1.,0.));
#2776=DIRECTION('center_axis',(-1.,0.,0.));
#2777=DIRECTION('ref_axis',(0.,1.,0.));
#2778=DIRECTION('center_axis',(-1.,0.,0.));
#2779=DIRECTION('ref_axis',(0.,1.,0.));
#2780=DIRECTION('',(-1.,0.,0.));
#2781=DIRECTION('center_axis',(1.,0.,0.));
#2782=DIRECTION('ref_axis',(0.,1.,0.));
#2783=DIRECTION('center_axis',(0.707106781186546,0.,-0.707106781186549));
#2784=DIRECTION('ref_axis',(-0.707106781186549,0.,-0.707106781186546));
#2785=DIRECTION('center_axis',(1.,0.,0.));
#2786=DIRECTION('ref_axis',(0.,1.,0.));
#2787=DIRECTION('center_axis',(-0.707106781186546,0.,0.707106781186549));
#2788=DIRECTION('ref_axis',(0.707106781186549,0.,0.707106781186546));
#2789=DIRECTION('',(0.,1.,0.));
#2790=DIRECTION('',(-0.707106781186549,0.,-0.707106781186546));
#2791=DIRECTION('',(0.,-1.,0.));
#2792=DIRECTION('',(0.707106781186549,0.,0.707106781186546));
#2793=DIRECTION('',(0.,1.,0.));
#2794=DIRECTION('center_axis',(-1.,0.,0.));
#2795=DIRECTION('ref_axis',(0.,0.,1.));
#2796=DIRECTION('',(0.,0.,1.));
#2797=DIRECTION('',(0.,-1.,0.));
#2798=DIRECTION('',(0.,0.,-1.));
#2799=DIRECTION('center_axis',(1.,0.,0.));
#2800=DIRECTION('ref_axis',(0.,0.,-1.));
#2801=DIRECTION('',(0.,-0.707106781186541,-0.707106781186554));
#2802=DIRECTION('',(0.,0.,1.));
#2803=DIRECTION('',(0.,0.707106781186548,-0.707106781186548));
#2804=DIRECTION('',(0.,-1.,0.));
#2805=DIRECTION('',(0.,0.707106781186541,0.707106781186554));
#2806=DIRECTION('',(0.,0.,-1.));
#2807=DIRECTION('',(0.,-0.707106781186554,0.707106781186541));
#2808=DIRECTION('',(0.,1.,0.));
#2809=DIRECTION('center_axis',(-1.,0.,0.));
#2810=DIRECTION('ref_axis',(0.,1.,0.));
#2811=DIRECTION('center_axis',(-1.,1.40413546761975E-9,-1.71066530613301E-16));
#2812=DIRECTION('ref_axis',(1.40413546761975E-9,1.,0.));
#2813=DIRECTION('',(-1.,0.,0.));
#2814=DIRECTION('center_axis',(-1.,5.89805981832114E-17,6.1473182279265E-17));
#2815=DIRECTION('ref_axis',(5.89805981832114E-17,1.,0.));
#2816=DIRECTION('center_axis',(1.,-5.89805981832114E-17,-6.1473182279265E-17));
#2817=DIRECTION('ref_axis',(5.89805981832114E-17,1.,0.));
#2818=DIRECTION('center_axis',(-1.,0.,0.));
#2819=DIRECTION('ref_axis',(0.,1.,0.));
#2820=DIRECTION('center_axis',(-1.,1.40413546761975E-9,-1.71066530613301E-16));
#2821=DIRECTION('ref_axis',(1.40413546761975E-9,1.,0.));
#2822=DIRECTION('',(-1.,0.,0.));
#2823=DIRECTION('center_axis',(-1.,5.89805981832114E-17,6.1473182279265E-17));
#2824=DIRECTION('ref_axis',(5.89805981832114E-17,1.,0.));
#2825=DIRECTION('center_axis',(1.,-5.89805981832114E-17,-6.1473182279265E-17));
#2826=DIRECTION('ref_axis',(5.89805981832114E-17,1.,0.));
#2827=DIRECTION('center_axis',(-1.,0.,0.));
#2828=DIRECTION('ref_axis',(0.,1.,0.));
#2829=DIRECTION('center_axis',(-1.,1.40413546761975E-9,-1.71066530613301E-16));
#2830=DIRECTION('ref_axis',(1.40413546761975E-9,1.,0.));
#2831=DIRECTION('',(-1.,0.,0.));
#2832=DIRECTION('center_axis',(-1.,5.89805981832114E-17,6.1473182279265E-17));
#2833=DIRECTION('ref_axis',(5.89805981832114E-17,1.,0.));
#2834=DIRECTION('center_axis',(1.,-5.89805981832114E-17,-6.1473182279265E-17));
#2835=DIRECTION('ref_axis',(5.89805981832114E-17,1.,0.));
#2836=DIRECTION('center_axis',(-1.,0.,0.));
#2837=DIRECTION('ref_axis',(0.,1.,0.));
#2838=DIRECTION('center_axis',(-1.,1.40413546761975E-9,-1.71066530613301E-16));
#2839=DIRECTION('ref_axis',(1.40413546761975E-9,1.,0.));
#2840=DIRECTION('',(-1.,0.,0.));
#2841=DIRECTION('center_axis',(-1.,5.89805981832114E-17,6.1473182279265E-17));
#2842=DIRECTION('ref_axis',(5.89805981832114E-17,1.,0.));
#2843=DIRECTION('center_axis',(1.,-5.89805981832114E-17,-6.1473182279265E-17));
#2844=DIRECTION('ref_axis',(5.89805981832114E-17,1.,0.));
#2845=DIRECTION('center_axis',(1.,-1.40413546761975E-9,1.71066530613301E-16));
#2846=DIRECTION('ref_axis',(1.40413546761975E-9,1.,0.));
#2847=DIRECTION('',(1.71066530613301E-16,0.,-1.));
#2848=DIRECTION('',(9.92873831820777E-10,0.707106781186551,-0.707106781186544));
#2849=DIRECTION('',(1.40413546761975E-9,1.,0.));
#2850=DIRECTION('',(9.92873589896156E-10,0.707106781186541,0.707106781186554));
#2851=DIRECTION('',(-1.71066530613301E-16,0.,1.));
#2852=DIRECTION('',(-9.92873831820764E-10,-0.707106781186541,0.707106781186554));
#2853=DIRECTION('',(-1.40413546761975E-9,-1.,0.));
#2854=DIRECTION('',(-9.92873589896156E-10,-0.707106781186541,-0.707106781186554));
#2855=DIRECTION('',(0.,0.,1.));
#2856=DIRECTION('',(-9.92873589896161E-10,-0.707106781186544,-0.707106781186551));
#2857=DIRECTION('',(-1.40413546761975E-9,-1.,0.));
#2858=DIRECTION('',(-9.92873831820768E-10,-0.707106781186544,0.707106781186551));
#2859=DIRECTION('',(0.,0.,-1.));
#2860=DIRECTION('',(9.92873589896158E-10,0.707106781186543,0.707106781186552));
#2861=DIRECTION('',(-1.40413546761975E-9,-1.,0.));
#2862=DIRECTION('',(9.92873831820772E-10,0.707106781186548,-0.707106781186548));
#2863=DIRECTION('center_axis',(-1.,5.84327907697451E-17,0.));
#2864=DIRECTION('ref_axis',(5.84327907697451E-17,1.,0.));
#2865=DIRECTION('center_axis',(-1.,0.,0.));
#2866=DIRECTION('ref_axis',(5.84327907697451E-17,1.,0.));
#2867=DIRECTION('',(-1.,5.84327907697451E-17,0.));
#2868=DIRECTION('center_axis',(1.,0.,0.));
#2869=DIRECTION('ref_axis',(5.84327907697451E-17,1.,0.));
#2870=DIRECTION('center_axis',(0.707106781186552,0.,0.707106781186543));
#2871=DIRECTION('ref_axis',(0.707106781186543,-4.13182225969412E-17,-0.707106781186552));
#2872=DIRECTION('center_axis',(1.,0.,0.));
#2873=DIRECTION('ref_axis',(5.84327907697451E-17,1.,0.));
#2874=DIRECTION('center_axis',(-1.,5.84327907697451E-17,0.));
#2875=DIRECTION('ref_axis',(5.84327907697451E-17,1.,0.));
#2876=DIRECTION('center_axis',(-1.,0.,0.));
#2877=DIRECTION('ref_axis',(5.84327907697451E-17,1.,0.));
#2878=DIRECTION('',(-1.,5.84327907697451E-17,0.));
#2879=DIRECTION('center_axis',(1.,0.,0.));
#2880=DIRECTION('ref_axis',(5.84327907697451E-17,1.,0.));
#2881=DIRECTION('center_axis',(0.707106781186546,0.,-0.707106781186549));
#2882=DIRECTION('ref_axis',(-0.707106781186549,4.13182225969415E-17,-0.707106781186546));
#2883=DIRECTION('center_axis',(1.,0.,0.));
#2884=DIRECTION('ref_axis',(5.84327907697451E-17,1.,0.));
#2885=DIRECTION('center_axis',(-0.707106781186552,0.,-0.707106781186543));
#2886=DIRECTION('ref_axis',(-0.707106781186543,0.,0.707106781186552));
#2887=DIRECTION('',(0.,-1.,0.));
#2888=DIRECTION('',(-0.707106781186543,0.,0.707106781186552));
#2889=DIRECTION('',(0.,1.,0.));
#2890=DIRECTION('',(0.707106781186543,0.,-0.707106781186552));
#2891=DIRECTION('',(0.,-1.,0.));
#2892=DIRECTION('center_axis',(-0.707106781186546,0.,0.707106781186549));
#2893=DIRECTION('ref_axis',(0.707106781186549,0.,0.707106781186546));
#2894=DIRECTION('',(0.,1.,0.));
#2895=DIRECTION('',(-0.707106781186549,0.,-0.707106781186546));
#2896=DIRECTION('',(0.,-1.,0.));
#2897=DIRECTION('',(0.707106781186549,0.,0.707106781186546));
#2898=DIRECTION('',(0.,1.,0.));
#2899=DIRECTION('center_axis',(-1.,0.,0.));
#2900=DIRECTION('ref_axis',(0.,0.,1.));
#2901=DIRECTION('',(0.,0.,-1.));
#2902=DIRECTION('',(0.,0.,1.));
#2903=DIRECTION('center_axis',(1.,0.,0.));
#2904=DIRECTION('ref_axis',(0.,0.,-1.));
#2905=DIRECTION('',(0.,-0.707106781186541,0.707106781186554));
#2906=DIRECTION('',(0.,-1.,0.));
#2907=DIRECTION('',(0.,-0.707106785137823,-0.707106777235272));
#2908=DIRECTION('',(0.,0.,-1.));
#2909=DIRECTION('',(0.,0.707106781186541,-0.707106781186554));
#2910=DIRECTION('',(0.,-1.,0.));
#2911=DIRECTION('',(0.,0.707106781186543,0.707106781186552));
#2912=DIRECTION('',(0.,0.,-1.));
#2913=DIRECTION('center_axis',(0.,0.,-1.));
#2914=DIRECTION('ref_axis',(0.,1.,0.));
#2915=DIRECTION('',(0.,-1.,0.));
#2916=DIRECTION('',(1.,0.,0.));
#2917=DIRECTION('',(0.,-1.,0.));
#2918=DIRECTION('',(-1.,0.,0.));
#2919=DIRECTION('',(8.06754772455695E-12,-1.,3.76535146795038E-12));
#2920=DIRECTION('',(1.,8.00401932123862E-12,-9.93899480534478E-16));
#2921=DIRECTION('center_axis',(0.,0.707106781186527,0.707106781186568));
#2922=DIRECTION('ref_axis',(1.,0.,0.));
#2923=DIRECTION('',(-0.577350269189785,-0.577350269189563,0.577350269189529));
#2924=DIRECTION('',(-1.,0.,0.));
#2925=DIRECTION('',(0.57735026918966,-0.577350269189626,0.577350269189592));
#2926=DIRECTION('center_axis',(0.,1.,0.));
#2927=DIRECTION('ref_axis',(0.,0.,1.));
#2928=DIRECTION('',(-1.,0.,0.));
#2929=DIRECTION('',(1.,0.,0.));
#2930=DIRECTION('',(-0.707106781186549,0.,0.707106781186546));
#2931=DIRECTION('',(1.,0.,0.));
#2932=DIRECTION('',(0.707106781186543,0.,-0.707106781186552));
#2933=DIRECTION('',(-1.,0.,0.));
#2934=DIRECTION('',(0.707106781186549,0.,0.707106781186546));
#2935=DIRECTION('',(0.,0.,1.));
#2936=DIRECTION('',(1.,0.,0.));
#2937=DIRECTION('',(0.,0.,1.));
#2938=DIRECTION('center_axis',(-1.,0.,0.));
#2939=DIRECTION('ref_axis',(0.,-1.,0.));
#2940=DIRECTION('',(0.,1.,0.));
#2941=DIRECTION('',(0.,0.,-1.));
#2942=DIRECTION('',(0.,-0.707106781186541,-0.707106781186554));
#2943=DIRECTION('',(0.,1.,0.));
#2944=DIRECTION('',(0.,-0.707106781186554,0.707106781186541));
#2945=DIRECTION('',(0.,0.,1.));
#2946=DIRECTION('center_axis',(0.,1.,0.));
#2947=DIRECTION('ref_axis',(0.,0.,1.));
#2948=DIRECTION('',(-0.707106781186704,0.,0.70710678118639));
#2949=DIRECTION('',(-9.93899355230063E-16,-3.82436888147347E-12,-1.));
#2950=DIRECTION('',(0.,-3.76535146795038E-12,-1.));
#2951=DIRECTION('',(-1.,-8.06774785866616E-12,9.93899264988142E-16));
#2952=DIRECTION('',(-0.707105495706352,-8.36704448401674E-12,-0.707108066664406));
#2953=DIRECTION('',(0.,0.,-1.));
#2954=DIRECTION('',(-1.,0.,0.));
#2955=DIRECTION('',(1.71066530613301E-16,0.,-1.));
#2956=DIRECTION('',(1.,0.,0.));
#2957=DIRECTION('center_axis',(0.,0.999999991443549,-0.000130816290689305));
#2958=DIRECTION('ref_axis',(8.87936569164204E-16,-0.000130816290689305,
-0.999999991443549));
#2959=DIRECTION('',(0.,0.,1.));
#2960=DIRECTION('',(1.,0.,0.));
#2961=DIRECTION('',(8.87936569164204E-16,-0.000130816290689305,-0.999999991443549));
#2962=DIRECTION('',(-0.707106778161387,-9.25010866318186E-5,-0.707106778161384));
#2963=DIRECTION('center_axis',(0.707106781186546,0.,-0.707106781186549));
#2964=DIRECTION('ref_axis',(-0.707106781186549,0.,-0.707106781186546));
#2965=DIRECTION('',(0.,1.,0.));
#2966=DIRECTION('',(0.,-1.,0.));
#2967=DIRECTION('center_axis',(-1.,-8.06754772455694E-12,9.93899386083342E-16));
#2968=DIRECTION('ref_axis',(-9.93899355230063E-16,-3.82436888147347E-12,
-1.));
#2969=DIRECTION('center_axis',(-1.,0.,0.));
#2970=DIRECTION('ref_axis',(0.,-0.381447358669535,-0.924390562783954));
#2971=DIRECTION('center_axis',(1.,0.,0.));
#2972=DIRECTION('ref_axis',(0.,0.,-1.));
#2973=DIRECTION('',(0.,-1.,3.76535146795039E-12));
#2974=DIRECTION('center_axis',(-1.,0.,0.));
#2975=DIRECTION('ref_axis',(0.,-0.381447358669535,-0.924390562783954));
#2976=DIRECTION('',(0.,0.70899582512807,-0.705212677105969));
#2977=DIRECTION('',(0.,-1.,0.));
#2978=DIRECTION('',(0.,-0.70899582512807,0.705212677105969));
#2979=DIRECTION('center_axis',(1.,0.,0.));
#2980=DIRECTION('ref_axis',(0.,-0.381447358669535,-0.924390562783954));
#2981=DIRECTION('center_axis',(-1.,0.,0.));
#2982=DIRECTION('ref_axis',(0.,-1.,0.));
#2983=DIRECTION('',(0.,0.707106781186541,0.707106781186554));
#2984=DIRECTION('',(0.,-1.,0.));
#2985=DIRECTION('',(0.,0.707106781186541,-0.707106781186554));
#2986=DIRECTION('',(0.,1.,4.30222558932555E-12));
#2987=DIRECTION('center_axis',(0.,-0.707106781186552,0.707106781186543));
#2988=DIRECTION('ref_axis',(1.,0.,0.));
#2989=DIRECTION('',(0.,0.707106781186543,0.707106781186552));
#2990=DIRECTION('',(-1.,0.,0.));
#2991=DIRECTION('',(1.,0.,0.));
#2992=DIRECTION('center_axis',(0.,0.,1.));
#2993=DIRECTION('ref_axis',(0.,-1.,0.));
#2994=DIRECTION('',(0.,-1.,0.));
#2995=DIRECTION('',(1.,0.,0.));
#2996=DIRECTION('center_axis',(1.,0.,0.));
#2997=DIRECTION('ref_axis',(0.,1.,0.));
#2998=DIRECTION('',(0.,0.,-1.));
#2999=DIRECTION('',(0.,-0.707106781186544,0.707106781186551));
#3000=DIRECTION('',(0.,1.,0.));
#3001=DIRECTION('',(0.,-0.707106781186544,-0.707106781186551));
#3002=DIRECTION('',(0.,0.,1.));
#3003=DIRECTION('',(0.,0.707106781186548,-0.707106781186548));
#3004=DIRECTION('center_axis',(-1.,1.38777878078145E-17,0.));
#3005=DIRECTION('ref_axis',(8.67361737988403E-18,1.,0.));
#3006=DIRECTION('center_axis',(-1.,1.38777878078145E-17,0.));
#3007=DIRECTION('ref_axis',(8.67361737988403E-18,1.,0.));
#3008=DIRECTION('center_axis',(-1.,1.38777878078145E-17,0.));
#3009=DIRECTION('ref_axis',(8.67361737988406E-18,1.,0.));
#3010=DIRECTION('center_axis',(0.,0.707106781186548,0.707106781186548));
#3011=DIRECTION('ref_axis',(1.,0.,0.));
#3012=DIRECTION('',(-1.,0.,0.));
#3013=DIRECTION('center_axis',(0.,1.,0.));
#3014=DIRECTION('ref_axis',(0.,0.,1.));
#3015=DIRECTION('',(1.,0.,0.));
#3016=DIRECTION('center_axis',(0.,0.707106781186551,-0.707106781186544));
#3017=DIRECTION('ref_axis',(-1.,0.,0.));
#3018=DIRECTION('',(-1.,0.,0.));
#3019=DIRECTION('center_axis',(0.,0.,1.));
#3020=DIRECTION('ref_axis',(1.,0.,0.));
#3021=DIRECTION('',(1.,0.,0.));
#3022=DIRECTION('center_axis',(0.,-0.707106781186551,-0.707106781186544));
#3023=DIRECTION('ref_axis',(-1.,0.,0.));
#3024=DIRECTION('',(-1.,0.,0.));
#3025=DIRECTION('center_axis',(0.,-1.,0.));
#3026=DIRECTION('ref_axis',(0.,0.,-1.));
#3027=DIRECTION('center_axis',(1.,0.,0.));
#3028=DIRECTION('ref_axis',(0.,-1.,-1.10195719386051E-34));
#3029=DIRECTION('center_axis',(-1.,0.,0.));
#3030=DIRECTION('ref_axis',(0.,-1.,-1.10195719386051E-34));
#3031=DIRECTION('',(-0.707106781186548,-0.707106781186547,-8.65956056235493E-17));
#3032=DIRECTION('center_axis',(-1.,0.,0.));
#3033=DIRECTION('ref_axis',(0.,0.,1.));
#3034=DIRECTION('',(0.,-1.,0.));
#3035=DIRECTION('',(0.,0.,-1.));
#3036=DIRECTION('',(0.,0.672672793996313,-0.739940073395944));
#3037=DIRECTION('',(0.,1.,0.));
#3038=DIRECTION('',(0.,0.,-1.));
#3039=DIRECTION('center_axis',(0.707108066664292,0.,-0.707105495706467));
#3040=DIRECTION('ref_axis',(-0.707105495706467,0.,-0.707108066664292));
#3041=DIRECTION('',(0.577348869737432,0.577350968914468,0.577350968914434));
#3042=DIRECTION('',(0.,1.,0.));
#3043=DIRECTION('center_axis',(0.,0.,1.));
#3044=DIRECTION('ref_axis',(0.,-1.,0.));
#3045=DIRECTION('',(1.,0.,0.));
#3046=DIRECTION('',(0.,1.,0.));
#3047=DIRECTION('',(1.,0.,0.));
#3048=DIRECTION('center_axis',(0.707106781186546,0.,0.707106781186549));
#3049=DIRECTION('ref_axis',(0.707106781186549,0.,-0.707106781186546));
#3050=DIRECTION('',(0.707106781186549,0.,-0.707106781186546));
#3051=DIRECTION('',(0.,1.,0.));
#3052=DIRECTION('',(0.707106781186704,0.,-0.70710678118639));
#3053=DIRECTION('center_axis',(-0.707106781186552,0.,-0.707106781186543));
#3054=DIRECTION('ref_axis',(-0.707106781186543,0.,0.707106781186552));
#3055=DIRECTION('',(-0.707106781186543,0.,0.707106781186552));
#3056=DIRECTION('',(0.,1.,0.));
#3057=DIRECTION('center_axis',(-1.,0.,0.));
#3058=DIRECTION('ref_axis',(0.,1.,0.));
#3059=DIRECTION('center_axis',(1.,0.,0.));
#3060=DIRECTION('ref_axis',(0.,1.,0.));
#3061=DIRECTION('',(1.,0.,0.));
#3062=DIRECTION('center_axis',(-1.,0.,0.));
#3063=DIRECTION('ref_axis',(0.,1.,0.));
#3064=DIRECTION('center_axis',(1.,0.,0.));
#3065=DIRECTION('ref_axis',(0.,1.,0.));
#3066=DIRECTION('',(1.,0.,0.));
#3067=DIRECTION('center_axis',(-1.,0.,0.));
#3068=DIRECTION('ref_axis',(0.,1.,0.));
#3069=DIRECTION('center_axis',(1.,0.,0.));
#3070=DIRECTION('ref_axis',(0.,1.,0.));
#3071=DIRECTION('',(1.,0.,0.));
#3072=DIRECTION('center_axis',(-9.92876227912949E-10,-0.707106781186554,
0.707106781186541));
#3073=DIRECTION('ref_axis',(-9.92873589896156E-10,-0.707106781186541,-0.707106781186554));
#3074=DIRECTION('',(9.92873589896156E-10,0.707106781186541,0.707106781186554));
#3075=DIRECTION('',(1.,-1.40413902727232E-9,0.));
#3076=DIRECTION('',(1.,-1.40413902727232E-9,0.));
#3077=DIRECTION('center_axis',(9.92876227912949E-10,0.707106781186554,0.707106781186541));
#3078=DIRECTION('ref_axis',(-9.92873831820764E-10,-0.707106781186541,0.707106781186554));
#3079=DIRECTION('',(9.92873831820764E-10,0.707106781186541,-0.707106781186554));
#3080=DIRECTION('',(1.,-1.40413902727232E-9,0.));
#3081=DIRECTION('',(1.,-1.40413902727232E-9,0.));
#3082=DIRECTION('center_axis',(1.40413902727232E-9,1.,2.40201191894211E-25));
#3083=DIRECTION('ref_axis',(-1.71066530613301E-16,0.,1.));
#3084=DIRECTION('',(1.,-1.40413902727232E-9,0.));
#3085=DIRECTION('center_axis',(9.92876227912949E-10,0.707106781186554,-0.707106781186541));
#3086=DIRECTION('ref_axis',(9.92873589896156E-10,0.707106781186541,0.707106781186554));
#3087=DIRECTION('',(-9.92873589896156E-10,-0.707106781186541,-0.707106781186554));
#3088=DIRECTION('',(1.,-1.40413902727232E-9,0.));
#3089=DIRECTION('center_axis',(-9.92876227912936E-10,-0.707106781186544,
-0.707106781186551));
#3090=DIRECTION('ref_axis',(9.92873831820777E-10,0.707106781186551,-0.707106781186544));
#3091=DIRECTION('',(-9.92873831820777E-10,-0.707106781186551,0.707106781186544));
#3092=DIRECTION('',(1.,-1.40413902727232E-9,0.));
#3093=DIRECTION('',(1.,-1.40413902727232E-9,0.));
#3094=DIRECTION('center_axis',(-1.40413902727232E-9,-1.,-2.40201191894211E-25));
#3095=DIRECTION('ref_axis',(1.71066530613301E-16,0.,-1.));
#3096=DIRECTION('',(-1.71066530613301E-16,0.,1.));
#3097=DIRECTION('center_axis',(0.,0.707106781186554,-0.707106781186541));
#3098=DIRECTION('ref_axis',(-1.,0.,0.));
#3099=DIRECTION('',(-1.,0.,0.));
#3100=DIRECTION('center_axis',(0.,0.,-1.));
#3101=DIRECTION('ref_axis',(0.,1.,0.));
#3102=DIRECTION('',(1.,0.,0.));
#3103=DIRECTION('',(0.,1.,0.));
#3104=DIRECTION('',(-1.,0.,0.));
#3105=DIRECTION('',(1.,0.,0.));
#3106=DIRECTION('',(0.,-1.,0.));
#3107=DIRECTION('',(1.,0.,0.));
#3108=DIRECTION('',(1.,0.,0.));
#3109=DIRECTION('',(0.,-1.,0.));
#3110=DIRECTION('',(-1.,0.,0.));
#3111=DIRECTION('',(1.,0.,0.));
#3112=DIRECTION('center_axis',(0.,-0.707106781186544,-0.707106781186551));
#3113=DIRECTION('ref_axis',(-1.,0.,0.));
#3114=DIRECTION('',(-1.,0.,0.));
#3115=DIRECTION('',(0.,-0.707106781186551,0.707106781186544));
#3116=DIRECTION('center_axis',(0.,-1.,0.));
#3117=DIRECTION('ref_axis',(0.,0.,-1.));
#3118=DIRECTION('',(1.,0.,0.));
#3119=DIRECTION('',(0.,0.,1.));
#3120=DIRECTION('center_axis',(0.,0.,1.));
#3121=DIRECTION('ref_axis',(1.,0.,0.));
#3122=DIRECTION('',(1.,0.,0.));
#3123=DIRECTION('center_axis',(0.,0.,-1.));
#3124=DIRECTION('ref_axis',(-1.,0.,0.));
#3125=DIRECTION('',(1.,0.,0.));
#3126=DIRECTION('',(0.,1.,0.));
#3127=DIRECTION('',(-1.,0.,0.));
#3128=DIRECTION('center_axis',(0.,-1.,0.));
#3129=DIRECTION('ref_axis',(0.,0.,-1.));
#3130=DIRECTION('',(-1.,0.,0.));
#3131=DIRECTION('',(1.,0.,0.));
#3132=DIRECTION('',(-1.,0.,0.));
#3133=DIRECTION('center_axis',(0.,0.,1.));
#3134=DIRECTION('ref_axis',(1.,0.,0.));
#3135=DIRECTION('',(1.,0.,0.));
#3136=DIRECTION('',(0.,-1.,0.));
#3137=DIRECTION('',(-1.,0.,0.));
#3138=DIRECTION('center_axis',(0.,1.,0.));
#3139=DIRECTION('ref_axis',(0.,0.,1.));
#3140=DIRECTION('',(1.,0.,0.));
#3141=DIRECTION('',(0.,0.,-1.));
#3142=DIRECTION('',(-0.707106781186549,0.,0.707106781186546));
#3143=DIRECTION('',(0.707106781186549,0.,0.707106781186546));
#3144=DIRECTION('',(0.,0.,-1.));
#3145=DIRECTION('',(-1.,0.,0.));
#3146=DIRECTION('center_axis',(0.,0.,-1.));
#3147=DIRECTION('ref_axis',(-1.,0.,0.));
#3148=DIRECTION('center_axis',(0.,0.707106781186554,-0.707106781186541));
#3149=DIRECTION('ref_axis',(-1.,0.,0.));
#3150=DIRECTION('',(-0.577350269189626,0.577350269189626,0.577350269189626));
#3151=DIRECTION('center_axis',(-0.56732428981318,-0.333147689452156,-0.753097448674912));
#3152=DIRECTION('ref_axis',(-0.7987248823015,0.,0.601696403838726));
#3153=DIRECTION('',(0.657816264286539,-0.73349319855273,-0.171071593541966));
#3154=DIRECTION('',(-0.657816264286541,-0.366818108713567,0.657816264286541));
#3155=DIRECTION('',(0.,0.914514270138787,-0.404553642564891));
#3156=DIRECTION('center_axis',(-0.707106781186548,0.,-0.707106781186548));
#3157=DIRECTION('ref_axis',(-0.707106781186548,0.,0.707106781186548));
#3158=DIRECTION('center_axis',(-0.577350269189629,-0.577350269189629,0.577350269189619));
#3159=DIRECTION('ref_axis',(0.707106781186541,0.,0.707106781186554));
#3160=DIRECTION('',(0.,-0.707106781186541,-0.707106781186554));
#3161=DIRECTION('',(0.707106781186541,0.,0.707106781186554));
#3162=DIRECTION('',(-0.707106781186548,0.707106781186548,0.));
#3163=DIRECTION('center_axis',(-0.707106781186554,0.,0.707106781186541));
#3164=DIRECTION('ref_axis',(0.707106781186541,0.,0.707106781186554));
#3165=DIRECTION('',(0.,1.,0.));
#3166=DIRECTION('',(-0.577350269189619,0.577350269189629,-0.577350269189629));
#3167=DIRECTION('center_axis',(-0.707106781186548,-0.707106781186548,0.));
#3168=DIRECTION('ref_axis',(0.,0.,1.));
#3169=DIRECTION('',(0.,0.,1.));
#3170=DIRECTION('',(0.682079236735008,-0.682079236735008,-0.263696472539884));
#3171=DIRECTION('center_axis',(-0.577350269189631,-0.577350269189628,-0.577350269189618));
#3172=DIRECTION('ref_axis',(-0.70710678118654,0.,0.707106781186555));
#3173=DIRECTION('',(-0.707106781186541,0.,0.707106781186554));
#3174=DIRECTION('',(0.,0.707106781186541,-0.707106781186554));
#3175=DIRECTION('',(0.707106781186546,-0.707106781186549,0.));
#3176=DIRECTION('center_axis',(0.,-0.707106781186554,-0.707106781186541));
#3177=DIRECTION('ref_axis',(-1.,0.,0.));
#3178=DIRECTION('',(-1.,0.,0.));
#3179=DIRECTION('center_axis',(-0.57735026918963,-0.577350269189628,0.57735026918962));
#3180=DIRECTION('ref_axis',(0.707106781186541,0.,0.707106781186554));
#3181=DIRECTION('',(0.707106781186541,0.,0.707106781186554));
#3182=DIRECTION('',(-0.707106781186546,0.707106781186549,0.));
#3183=DIRECTION('',(0.,-0.707106781186543,-0.707106781186552));
#3184=DIRECTION('center_axis',(-0.707106781186549,-0.707106781186546,0.));
#3185=DIRECTION('ref_axis',(0.,0.,1.));
#3186=DIRECTION('',(0.,0.,1.));
#3187=DIRECTION('center_axis',(0.,-0.707106781186552,0.707106781186543));
#3188=DIRECTION('ref_axis',(1.,0.,0.));
#3189=DIRECTION('',(-1.,0.,0.));
#3190=DIRECTION('',(1.,0.,0.));
#3191=DIRECTION('center_axis',(-0.707106781186554,0.,0.707106781186541));
#3192=DIRECTION('ref_axis',(0.707106781186541,0.,0.707106781186554));
#3193=DIRECTION('',(0.,1.,0.));
#3194=DIRECTION('',(-0.577350269189622,-0.577350269189622,-0.577350269189633));
#3195=DIRECTION('center_axis',(-0.707106781186554,0.,-0.707106781186541));
#3196=DIRECTION('ref_axis',(-0.707106781186541,0.,0.707106781186554));
#3197=DIRECTION('',(0.594811877479456,0.540738070435879,-0.594811877479466));
#3198=DIRECTION('',(0.375026821030342,0.847767519438994,-0.375026821030351));
#3199=DIRECTION('center_axis',(0.,-0.707106781186554,0.707106781186541));
#3200=DIRECTION('ref_axis',(1.,0.,0.));
#3201=DIRECTION('',(-1.,0.,0.));
#3202=DIRECTION('',(1.,0.,0.));
#3203=DIRECTION('center_axis',(0.,-0.404553642564891,-0.914514270138787));
#3204=DIRECTION('ref_axis',(-1.,0.,0.));
#3205=DIRECTION('',(0.,-0.914514295677304,0.404553584833758));
#3206=DIRECTION('',(-1.,0.,0.));
#3207=DIRECTION('center_axis',(0.,-0.40455358483376,-0.914514295677303));
#3208=DIRECTION('ref_axis',(-1.,0.,0.));
#3209=DIRECTION('',(1.,0.,0.));
#3210=DIRECTION('center_axis',(-0.707106781186548,-0.523216703623459,-0.475651428095617));
#3211=DIRECTION('ref_axis',(-0.558145518818421,0.,0.829743080611653));
#3212=DIRECTION('',(0.,-0.672672700574954,0.739940158324441));
#3213=DIRECTION('center_axis',(0.,0.707106781186548,0.707106781186548));
#3214=DIRECTION('ref_axis',(1.,0.,0.));
#3215=DIRECTION('',(1.,0.,0.));
#3216=DIRECTION('center_axis',(0.,0.,1.));
#3217=DIRECTION('ref_axis',(0.,-1.,0.));
#3218=DIRECTION('',(1.,0.,0.));
#3219=DIRECTION('',(-1.,0.,0.));
#3220=DIRECTION('',(1.,0.,0.));
#3221=DIRECTION('',(0.,-1.,0.));
#3222=DIRECTION('',(-1.,0.,0.));
#3223=DIRECTION('',(-1.,0.,0.));
#3224=DIRECTION('',(0.,1.,0.));
#3225=DIRECTION('',(1.,0.,0.));
#3226=DIRECTION('',(0.,-1.,0.));
#3227=DIRECTION('center_axis',(0.,1.,0.));
#3228=DIRECTION('ref_axis',(1.,0.,0.));
#3229=DIRECTION('',(-1.,0.,0.));
#3230=DIRECTION('',(-1.,0.,0.));
#3231=DIRECTION('center_axis',(0.,-0.739940158324441,-0.672672700574954));
#3232=DIRECTION('ref_axis',(0.,0.672672700574954,-0.739940158324441));
#3233=DIRECTION('',(0.,0.672672793996313,-0.739940073395944));
#3234=DIRECTION('center_axis',(0.,0.707106781186527,-0.707106781186568));
#3235=DIRECTION('ref_axis',(-1.,0.,0.));
#3236=DIRECTION('',(0.577350269189649,-0.577350269189614,-0.577350269189614));
#3237=DIRECTION('center_axis',(0.707106781186537,0.707106781186558,0.));
#3238=DIRECTION('ref_axis',(0.,0.,-1.));
#3239=DIRECTION('',(0.,0.,-1.));
#3240=DIRECTION('center_axis',(0.,-0.739940073395944,-0.672672793996313));
#3241=DIRECTION('ref_axis',(-1.,0.,0.));
#3242=DIRECTION('center_axis',(0.,0.503852427720669,0.863789749348757));
#3243=DIRECTION('ref_axis',(1.,0.,0.));
#3244=DIRECTION('',(-0.244293205472324,0.837618140204874,-0.488586410944661));
#3245=DIRECTION('',(-1.,0.,0.));
#3246=DIRECTION('',(0.24429320547233,0.837618140204873,-0.48858641094466));
#3247=DIRECTION('center_axis',(0.,-0.958781846270537,-0.284143223149982));
#3248=DIRECTION('ref_axis',(0.,0.284143223149982,-0.958781846270537));
#3249=DIRECTION('',(1.,0.,0.));
#3250=DIRECTION('',(0.432284633466266,-0.25622251724749,0.864569266932555));
#3251=DIRECTION('',(0.432284633466275,0.256222517247489,-0.864569266932551));
#3252=DIRECTION('center_axis',(-0.894427190999919,0.,0.447213595499952));
#3253=DIRECTION('ref_axis',(0.447213595499952,0.,0.894427190999919));
#3254=DIRECTION('',(-0.332539299827964,0.668646446449557,-0.665078599655941));
#3255=DIRECTION('',(0.332539299827964,-0.668646446449557,0.665078599655941));
#3256=DIRECTION('center_axis',(0.894427190999919,0.,0.447213595499952));
#3257=DIRECTION('ref_axis',(0.447213595499952,0.,-0.894427190999919));
#3258=DIRECTION('',(0.,1.,0.));
#3259=DIRECTION('',(-0.332539299827964,-0.668646446449557,0.665078599655941));
#3260=DIRECTION('',(0.332539299827964,0.668646446449557,-0.665078599655941));
#3261=DIRECTION('center_axis',(0.,0.705212677105969,0.70899582512807));
#3262=DIRECTION('ref_axis',(0.,-0.70899582512807,0.705212677105969));
#3263=DIRECTION('',(0.,0.70899582512807,-0.705212677105969));
#3264=DIRECTION('',(-1.,0.,0.));
#3265=DIRECTION('center_axis',(1.,0.,0.));
#3266=DIRECTION('ref_axis',(0.,0.,-1.));
#3267=DIRECTION('center_axis',(1.,0.,0.));
#3268=DIRECTION('ref_axis',(0.,-0.381447358669535,-0.924390562783954));
#3269=DIRECTION('',(0.,-0.70899582512807,0.705212677105969));
#3270=DIRECTION('center_axis',(-1.,0.,0.));
#3271=DIRECTION('ref_axis',(0.,-0.381447358669535,-0.924390562783954));
#3272=DIRECTION('center_axis',(1.,0.,0.));
#3273=DIRECTION('ref_axis',(0.,-0.381447358669535,-0.924390562783954));
#3274=DIRECTION('',(1.,0.,0.));
#3275=DIRECTION('center_axis',(0.,-0.705212677105969,-0.70899582512807));
#3276=DIRECTION('ref_axis',(0.,0.70899582512807,-0.705212677105969));
#3277=DIRECTION('center_axis',(1.,0.,0.));
#3278=DIRECTION('ref_axis',(0.,-0.381447358669535,-0.924390562783954));
#3279=DIRECTION('center_axis',(0.,-1.,0.));
#3280=DIRECTION('ref_axis',(0.,0.,-1.));
#3281=DIRECTION('',(0.707106781186549,0.,-0.707106781186546));
#3282=DIRECTION('',(0.,0.,-1.));
#3283=DIRECTION('',(-0.707106781186549,0.,-0.707106781186546));
#3284=DIRECTION('center_axis',(-1.,0.,0.));
#3285=DIRECTION('ref_axis',(0.,-1.,0.));
#3286=DIRECTION('center_axis',(0.,-0.707106781186554,0.707106781186541));
#3287=DIRECTION('ref_axis',(1.,0.,0.));
#3288=DIRECTION('center_axis',(0.,-0.707106781186541,-0.707106781186554));
#3289=DIRECTION('ref_axis',(-1.,0.,0.));
#3290=DIRECTION('center_axis',(0.,0.707106781186554,0.707106781186541));
#3291=DIRECTION('ref_axis',(1.,0.,0.));
#3292=DIRECTION('',(0.,0.707106781186541,-0.707106781186554));
#3293=DIRECTION('center_axis',(0.,0.707106777235272,-0.707106785137823));
#3294=DIRECTION('ref_axis',(-1.,0.,0.));
#3295=DIRECTION('',(0.,-0.707106785137823,-0.707106777235272));
#3296=DIRECTION('center_axis',(0.,0.707106781186554,0.707106781186541));
#3297=DIRECTION('ref_axis',(1.,0.,0.));
#3298=DIRECTION('center_axis',(0.,-0.707106781186554,0.707106781186541));
#3299=DIRECTION('ref_axis',(1.,0.,0.));
#3300=DIRECTION('',(0.,0.707106781186541,0.707106781186554));
#3301=DIRECTION('center_axis',(-1.,0.,0.));
#3302=DIRECTION('ref_axis',(0.,-1.,0.));
#3303=DIRECTION('',(0.,1.,0.));
#3304=DIRECTION('',(0.,-1.,0.));
#3305=DIRECTION('center_axis',(0.707106781186546,0.,-0.707106781186549));
#3306=DIRECTION('ref_axis',(-0.707106781186549,0.,-0.707106781186546));
#3307=DIRECTION('center_axis',(0.707106781186546,0.,0.707106781186549));
#3308=DIRECTION('ref_axis',(0.707106781186549,0.,-0.707106781186546));
#3309=DIRECTION('center_axis',(-1.,0.,0.));
#3310=DIRECTION('ref_axis',(0.,-1.,0.));
#3311=DIRECTION('center_axis',(-1.,0.,0.));
#3312=DIRECTION('ref_axis',(0.,-1.,0.));
#3313=DIRECTION('',(0.,0.,1.));
#3314=DIRECTION('',(1.,0.,0.));
#3315=CARTESIAN_POINT('',(0.,0.,0.));
#3316=CARTESIAN_POINT('',(0.,0.,0.));
#3317=CARTESIAN_POINT('Origin',(-65.3500000000001,104.9,161.891729985377));
#3318=CARTESIAN_POINT('',(-65.1000000000001,104.028220211292,160.091729985377));
#3319=CARTESIAN_POINT('',(-65.1000000000001,104.028220211292,163.691729985377));
#3320=CARTESIAN_POINT('Origin',(-65.1000000000001,104.9,161.891729985377));
#3321=CARTESIAN_POINT('',(-65.6000000000001,104.151668522646,163.191729985377));
#3322=CARTESIAN_POINT('Ctrl Pts',(-65.1000000000001,104.028220211292,163.691729985377));
#3323=CARTESIAN_POINT('Ctrl Pts',(-65.2658436928031,104.066267363784,163.525886292574));
#3324=CARTESIAN_POINT('Ctrl Pts',(-65.4348627742199,104.107533742598,163.356867211157));
#3325=CARTESIAN_POINT('Ctrl Pts',(-65.6000000000001,104.151668522646,163.191729985377));
#3326=CARTESIAN_POINT('',(-65.6000000000001,104.151668522645,160.591729985377));
#3327=CARTESIAN_POINT('Origin',(-65.6000000000001,104.9,161.891729985377));
#3328=CARTESIAN_POINT('Ctrl Pts',(-65.6000000000001,104.151668522645,160.591729985377));
#3329=CARTESIAN_POINT('Ctrl Pts',(-65.4348627742201,104.107533742597,160.426592759597));
#3330=CARTESIAN_POINT('Ctrl Pts',(-65.2658436928035,104.066267363784,160.257573678181));
#3331=CARTESIAN_POINT('Ctrl Pts',(-65.1000000000001,104.028220211291,160.091729985377));
#3332=CARTESIAN_POINT('Origin',(-65.3500000000001,104.9,161.891729985377));
#3333=CARTESIAN_POINT('',(-65.6000000000001,105.648331477355,160.591729985377));
#3334=CARTESIAN_POINT('',(-65.6000000000001,105.648331477354,163.191729985377));
#3335=CARTESIAN_POINT('Origin',(-65.6000000000001,104.9,161.891729985377));
#3336=CARTESIAN_POINT('',(-65.1000000000001,105.771779788708,163.691729985377));
#3337=CARTESIAN_POINT('Ctrl Pts',(-65.6000000000001,105.648331477354,163.191729985377));
#3338=CARTESIAN_POINT('Ctrl Pts',(-65.4348627742199,105.692466257402,163.356867211157));
#3339=CARTESIAN_POINT('Ctrl Pts',(-65.2658436928031,105.733732636216,163.525886292574));
#3340=CARTESIAN_POINT('Ctrl Pts',(-65.1000000000001,105.771779788708,163.691729985377));
#3341=CARTESIAN_POINT('',(-65.1000000000001,105.771779788708,160.091729985377));
#3342=CARTESIAN_POINT('Origin',(-65.1000000000001,104.9,161.891729985377));
#3343=CARTESIAN_POINT('Ctrl Pts',(-65.6000000000001,105.648331477355,160.591729985377));
#3344=CARTESIAN_POINT('Ctrl Pts',(-65.4348627742201,105.692466257403,160.426592759597));
#3345=CARTESIAN_POINT('Ctrl Pts',(-65.2658436928035,105.733732636216,160.257573678181));
#3346=CARTESIAN_POINT('Ctrl Pts',(-65.1000000000001,105.771779788709,160.091729985377));
#3347=CARTESIAN_POINT('Origin',(-65.3500000000001,103.604443067413,163.441729985377));
#3348=CARTESIAN_POINT('',(-65.1000000000001,103.604443067413,163.691729985377));
#3349=CARTESIAN_POINT('',(-65.6000000000001,103.604443067413,163.191729985377));
#3350=CARTESIAN_POINT('Origin',(-65.3500000000001,106.278425274666,160.341729985377));
#3351=CARTESIAN_POINT('',(-65.1000000000001,106.278425274666,160.091729985377));
#3352=CARTESIAN_POINT('',(-65.6000000000001,106.278425274666,160.591729985377));
#3353=CARTESIAN_POINT('Origin',(-63.6000000000001,107.656850549332,160.091729985377));
#3354=CARTESIAN_POINT('',(-58.8000000000001,105.771779788709,160.091729985377));
#3355=CARTESIAN_POINT('',(-63.6,105.771779788708,160.091729985377));
#3356=CARTESIAN_POINT('',(-58.8000000000001,104.028220211292,160.091729985377));
#3357=CARTESIAN_POINT('',(-58.8000000000001,106.278425274666,160.091729985377));
#3358=CARTESIAN_POINT('',(-63.6,104.028220211292,160.091729985377));
#3359=CARTESIAN_POINT('Origin',(-63.6,104.9,161.891729985377));
#3360=CARTESIAN_POINT('',(-58.8000000000001,105.771779788708,163.691729985377));
#3361=CARTESIAN_POINT('',(-63.6,105.771779788708,163.691729985377));
#3362=CARTESIAN_POINT('Origin',(-58.8000000000001,104.9,161.891729985377));
#3363=CARTESIAN_POINT('Origin',(-65.6000000000001,104.9,161.891729985377));
#3364=CARTESIAN_POINT('Origin',(-63.6000000000001,102.308886134827,163.691729985377));
#3365=CARTESIAN_POINT('',(-58.8000000000001,104.028220211292,163.691729985377));
#3366=CARTESIAN_POINT('',(-63.6,104.028220211292,163.691729985377));
#3367=CARTESIAN_POINT('',(-58.8000000000001,103.604443067413,163.691729985377));
#3368=CARTESIAN_POINT('Origin',(-63.6,104.9,161.891729985377));
#3369=CARTESIAN_POINT('Origin',(-58.8000000000001,104.9,161.891729985377));
#3370=CARTESIAN_POINT('Origin',(-62.75,15.,162.));
#3371=CARTESIAN_POINT('',(-62.5,15.8717873481312,163.799996338785));
#3372=CARTESIAN_POINT('',(-62.5,15.8717723953479,160.199996419251));
#3373=CARTESIAN_POINT('Origin',(-62.5,15.,162.));
#3374=CARTESIAN_POINT('',(-63.,15.74832525685,160.699996419251));
#3375=CARTESIAN_POINT('Ctrl Pts',(-62.5,15.8717723953479,160.199996419251));
#3376=CARTESIAN_POINT('Ctrl Pts',(-62.6658436872586,15.8337256026482,160.36584010651));
#3377=CARTESIAN_POINT('Ctrl Pts',(-62.834862765098,15.7924596160248,160.534859184349));
#3378=CARTESIAN_POINT('Ctrl Pts',(-63.,15.74832525685,160.699996419251));
#3379=CARTESIAN_POINT('',(-63.,15.7483378375749,163.299996338785));
#3380=CARTESIAN_POINT('Origin',(-63.,15.,162.));
#3381=CARTESIAN_POINT('Ctrl Pts',(-63.,15.7483378375749,163.299996338785));
#3382=CARTESIAN_POINT('Ctrl Pts',(-62.8348627835462,15.7924730479509,163.465133555239));
#3383=CARTESIAN_POINT('Ctrl Pts',(-62.6658436984707,15.8337398277643,163.634152640314));
#3384=CARTESIAN_POINT('Ctrl Pts',(-62.5,15.8717873481311,163.799996338785));
#3385=CARTESIAN_POINT('Origin',(-62.75,15.6999998167157,160.449996419251));
#3386=CARTESIAN_POINT('',(-63.,14.25167474315,160.699996419251));
#3387=CARTESIAN_POINT('',(-63.,15.6999998167157,160.699996419251));
#3388=CARTESIAN_POINT('',(-62.5,14.1282276046521,160.199996419251));
#3389=CARTESIAN_POINT('',(-62.5,15.6999998167157,160.199996419251));
#3390=CARTESIAN_POINT('Ctrl Pts',(-63.,14.25167474315,160.699996419251));
#3391=CARTESIAN_POINT('Ctrl Pts',(-62.834862765098,14.2075403839752,160.534859184349));
#3392=CARTESIAN_POINT('Ctrl Pts',(-62.6658436872586,14.1662743973518,160.36584010651));
#3393=CARTESIAN_POINT('Ctrl Pts',(-62.5,14.1282276046521,160.199996419251));
#3394=CARTESIAN_POINT('Origin',(-62.75,14.0999998524785,163.549996338785));
#3395=CARTESIAN_POINT('',(-62.5,14.1282126518688,163.799996338785));
#3396=CARTESIAN_POINT('',(-62.5,14.0999998524785,163.799996338785));
#3397=CARTESIAN_POINT('',(-63.,14.2516621624251,163.299996338785));
#3398=CARTESIAN_POINT('',(-63.,14.0999998524785,163.299996338785));
#3399=CARTESIAN_POINT('Ctrl Pts',(-63.,14.2516621624251,163.299996338785));
#3400=CARTESIAN_POINT('Ctrl Pts',(-62.8348627835462,14.2075269520491,163.465133555239));
#3401=CARTESIAN_POINT('Ctrl Pts',(-62.6658436984709,14.1662601722358,163.634152640314));
#3402=CARTESIAN_POINT('Ctrl Pts',(-62.5,14.1282126518688,163.799996338785));
#3403=CARTESIAN_POINT('Origin',(-62.75,15.,162.));
#3404=CARTESIAN_POINT('Origin',(-62.5,15.,162.));
#3405=CARTESIAN_POINT('Origin',(-63.,15.,162.));
#3406=CARTESIAN_POINT('Origin',(-63.0000000000001,16.3999996334314,160.199996419251));
#3407=CARTESIAN_POINT('',(-56.3000000000001,15.8717723953479,160.199996419251));
#3408=CARTESIAN_POINT('',(-60.,15.8717723953479,160.199996419251));
#3409=CARTESIAN_POINT('',(-56.3000000000001,14.1282276046521,160.199996419251));
#3410=CARTESIAN_POINT('',(-56.3000000000001,16.3999996334314,160.199996419251));
#3411=CARTESIAN_POINT('',(-60.,14.1282276046521,160.199996419251));
#3412=CARTESIAN_POINT('Origin',(-60.,15.,162.));
#3413=CARTESIAN_POINT('',(-56.3000000000001,15.8717873481312,163.799996338785));
#3414=CARTESIAN_POINT('',(-60.,15.8717873481312,163.799996338785));
#3415=CARTESIAN_POINT('Origin',(-56.3000000058701,15.,162.));
#3416=CARTESIAN_POINT('Origin',(-63.,15.,162.));
#3417=CARTESIAN_POINT('Origin',(-63.0000000000001,13.199999704957,163.799996338785));
#3418=CARTESIAN_POINT('',(-56.3000000000001,14.1282126518688,163.799996338785));
#3419=CARTESIAN_POINT('',(-60.,14.1282126518688,163.799996338785));
#3420=CARTESIAN_POINT('',(-56.3000000000001,13.199999704957,163.799996338785));
#3421=CARTESIAN_POINT('Origin',(-58.3,104.9,161.891729985377));
#3422=CARTESIAN_POINT('',(-57.8,109.4,161.891729985377));
#3423=CARTESIAN_POINT('Origin',(-57.8,104.9,161.891729985377));
#3424=CARTESIAN_POINT('',(-58.8000000000001,108.4,161.891729985377));
#3425=CARTESIAN_POINT('',(-58.3,108.9,161.891729985377));
#3426=CARTESIAN_POINT('Origin',(-58.8000000000001,104.9,161.891729985377));
#3427=CARTESIAN_POINT('Origin',(-57.8,85.0000012665987,161.999999638647));
#3428=CARTESIAN_POINT('',(-57.8,66.4423706470544,151.999996848404));
#3429=CARTESIAN_POINT('',(-57.8,124.000001847744,151.999996848404));
#3430=CARTESIAN_POINT('',(-57.8,100.149999344721,151.999996848404));
#3431=CARTESIAN_POINT('',(-57.8,51.0000006854534,168.986608114961));
#3432=CARTESIAN_POINT('',(-57.8,58.3010251256913,160.955479193537));
#3433=CARTESIAN_POINT('',(-57.8,51.0000006854534,172.000002428889));
#3434=CARTESIAN_POINT('',(-57.8,51.0000006854534,167.500001033768));
#3435=CARTESIAN_POINT('',(-57.8,124.000001847744,172.000002428889));
#3436=CARTESIAN_POINT('',(-57.8,69.2500010319054,172.000002428889));
#3437=CARTESIAN_POINT('',(-57.8,124.000001847744,173.000002428889));
#3438=CARTESIAN_POINT('Origin',(-58.8000000000001,104.9,161.891729985377));
#3439=CARTESIAN_POINT('Origin',(-56.3000000000001,15.0000000000001,163.999996334314));
#3440=CARTESIAN_POINT('Origin',(-56.3000000058701,15.,162.));
#3441=CARTESIAN_POINT('Origin',(-56.3000000000001,14.9999996647239,159.999996423721));
#3442=CARTESIAN_POINT('Origin',(-56.3000000058701,15.,162.));
#3443=CARTESIAN_POINT('Origin',(-56.3000000058701,14.9999999990031,162.));
#3444=CARTESIAN_POINT('',(-56.3000000072658,18.4999999990031,162.));
#3445=CARTESIAN_POINT('Origin',(-56.3000000058701,14.9999999990031,162.));
#3446=CARTESIAN_POINT('Origin',(-56.3000000058701,15.,162.));
#3447=CARTESIAN_POINT('Origin',(-60.,15.,162.));
#3448=CARTESIAN_POINT('Origin',(-15.8000000000001,119.,166.891729985377));
#3449=CARTESIAN_POINT('',(-15.8000000000001,116.9,166.891729985377));
#3450=CARTESIAN_POINT('Origin',(-15.8,119.,166.891729985377));
#3451=CARTESIAN_POINT('',(-30.0000002980232,116.9,166.891729985377));
#3452=CARTESIAN_POINT('',(-15.8000000000001,116.9,166.891729985377));
#3453=CARTESIAN_POINT('Origin',(-30.0000002980232,119.,166.891729985377));
#3454=CARTESIAN_POINT('Origin',(-15.8000000000001,119.,156.891729985377));
#3455=CARTESIAN_POINT('',(-15.8000000000001,116.9,156.891729985377));
#3456=CARTESIAN_POINT('Origin',(-15.8,119.,156.891729985377));
#3457=CARTESIAN_POINT('',(-30.0000002980232,116.9,156.891729985377));
#3458=CARTESIAN_POINT('',(-15.8000000000001,116.9,156.891729985377));
#3459=CARTESIAN_POINT('',(-30.0000002980232,119.911793145,155.000002399087));
#3460=CARTESIAN_POINT('Origin',(-30.0000002980232,119.,156.891729985377));
#3461=CARTESIAN_POINT('',(-30.0000002980232,118.088206855,155.000002399087));
#3462=CARTESIAN_POINT('Origin',(-28.1082727117329,119.,156.891729985377));
#3463=CARTESIAN_POINT('Origin',(-30.0000002980232,119.,156.891729985377));
#3464=CARTESIAN_POINT('Origin',(-31.0000002980232,-3.00000004470348,154.000002399087));
#3465=CARTESIAN_POINT('',(-30.0000002980232,124.000001847744,155.000002399087));
#3466=CARTESIAN_POINT('',(-30.0000002980232,-3.00000004470348,155.000002399087));
#3467=CARTESIAN_POINT('',(-32.0000002980232,124.000001847744,153.000002399087));
#3468=CARTESIAN_POINT('',(-35.9500016111881,124.000001847744,149.050001085922));
#3469=CARTESIAN_POINT('',(-32.0000002980232,115.299997422844,153.000002399087));
#3470=CARTESIAN_POINT('',(-32.0000002980232,-3.00000004470348,153.000002399087));
#3471=CARTESIAN_POINT('',(-30.0000002980232,115.299997422844,155.000002399087));
#3472=CARTESIAN_POINT('',(-30.4500002160669,115.299997422844,154.550002481043));
#3473=CARTESIAN_POINT('',(-30.0000002980232,-3.00000004470348,155.000002399087));
#3474=CARTESIAN_POINT('Origin',(-30.0000002980232,-3.00000004470348,171.000002399087));
#3475=CARTESIAN_POINT('',(-30.0000002980232,115.299997422844,169.000002399087));
#3476=CARTESIAN_POINT('',(-30.0000002980232,115.299997422844,172.000002413988));
#3477=CARTESIAN_POINT('',(-30.0000002980232,124.000001847744,169.000002399087));
#3478=CARTESIAN_POINT('',(-30.0000002980232,-3.00000004470348,169.000002399087));
#3479=CARTESIAN_POINT('',(-30.0000002980232,124.000001847744,160.999999623746));
#3480=CARTESIAN_POINT('Origin',(-15.8,119.649999635294,161.999999638647));
#3481=CARTESIAN_POINT('',(-15.8,124.000001847744,151.999996848404));
#3482=CARTESIAN_POINT('',(-15.8,123.000001847744,150.999996848404));
#3483=CARTESIAN_POINT('',(-15.8,125.162501992192,153.162496992853));
#3484=CARTESIAN_POINT('',(-15.8,124.000001847744,172.000002428889));
#3485=CARTESIAN_POINT('',(-15.8,124.000001847744,156.499998243526));
#3486=CARTESIAN_POINT('',(-15.8,123.000001847744,173.000002428889));
#3487=CARTESIAN_POINT('',(-15.8,125.162501992192,170.837502284441));
#3488=CARTESIAN_POINT('',(-15.8,116.299997422844,173.000002428889));
#3489=CARTESIAN_POINT('',(-15.8,124.000001847744,173.000002428889));
#3490=CARTESIAN_POINT('',(-15.8,115.299997422844,172.000002428889));
#3491=CARTESIAN_POINT('',(-15.8,114.137497278396,170.837502284441));
#3492=CARTESIAN_POINT('',(-15.8,115.299997422844,151.999996848404));
#3493=CARTESIAN_POINT('',(-15.8,115.299997422844,173.000002428889));
#3494=CARTESIAN_POINT('',(-15.8,116.299997422844,150.999996848404));
#3495=CARTESIAN_POINT('',(-15.8,114.137497278396,153.162496992852));
#3496=CARTESIAN_POINT('',(-15.8,115.299997422844,150.999996848404));
#3497=CARTESIAN_POINT('Origin',(-15.8000000019733,49.2000000000001,157.1));
#3498=CARTESIAN_POINT('',(-15.8000000019733,47.1000000000001,157.1));
#3499=CARTESIAN_POINT('Origin',(-15.7999999328897,49.2000000000001,157.1));
#3500=CARTESIAN_POINT('',(-45.8000000019733,47.1000000000001,157.1));
#3501=CARTESIAN_POINT('',(-15.8000000019733,47.1000000000001,157.1));
#3502=CARTESIAN_POINT('Origin',(-45.8000000019733,49.2000000000001,157.1));
#3503=CARTESIAN_POINT('Origin',(-45.8000000019733,49.2000000000001,157.1));
#3504=CARTESIAN_POINT('Origin',(-15.8000000019733,70.8,156.891729985377));
#3505=CARTESIAN_POINT('',(-15.8000000019733,68.7,156.891729985377));
#3506=CARTESIAN_POINT('Origin',(-15.7999999025604,70.8,156.891729985377));
#3507=CARTESIAN_POINT('',(-45.8000000019733,68.7,156.891729985377));
#3508=CARTESIAN_POINT('',(-15.8000000019733,68.7,156.891729985377));
#3509=CARTESIAN_POINT('Origin',(-45.8000000019733,70.8,156.891729985377));
#3510=CARTESIAN_POINT('Origin',(-45.8000000019733,70.8,156.891729985377));
#3511=CARTESIAN_POINT('Origin',(-15.8000000019733,49.2000000000001,167.1));
#3512=CARTESIAN_POINT('',(-15.8000000019733,47.1000000000001,167.1));
#3513=CARTESIAN_POINT('Origin',(-15.7999999328897,49.2000000000001,167.1));
#3514=CARTESIAN_POINT('',(-45.8000000019733,47.1000000000001,167.1));
#3515=CARTESIAN_POINT('',(-15.8000000019733,47.1000000000001,167.1));
#3516=CARTESIAN_POINT('Origin',(-45.8000000019733,49.2000000000001,167.1));
#3517=CARTESIAN_POINT('Origin',(-45.8000000019733,49.2000000000001,167.1));
#3518=CARTESIAN_POINT('Origin',(-15.8000000019733,70.8,166.891729985377));
#3519=CARTESIAN_POINT('',(-15.8000000019733,68.7000000000001,166.891729985377));
#3520=CARTESIAN_POINT('Origin',(-15.7999999025604,70.8,166.891729985377));
#3521=CARTESIAN_POINT('',(-45.8000000019733,68.7000000000001,166.891729985377));
#3522=CARTESIAN_POINT('',(-15.8000000019733,68.7000000000001,166.891729985377));
#3523=CARTESIAN_POINT('Origin',(-45.8000000019733,70.8,166.891729985377));
#3524=CARTESIAN_POINT('Origin',(-45.8000000019733,70.8,166.891729985377));
#3525=CARTESIAN_POINT('Origin',(-15.7999999177251,59.9999986588955,161.999999638647));
#3526=CARTESIAN_POINT('',(-15.7999999383659,45.2999989874661,172.000002428889));
#3527=CARTESIAN_POINT('',(-15.7999999383659,45.2999989874661,151.999996848404));
#3528=CARTESIAN_POINT('',(-15.7999999383659,45.299998986062,167.500001033768));
#3529=CARTESIAN_POINT('',(-15.7999999369617,46.2999989874661,150.999996848404));
#3530=CARTESIAN_POINT('',(-15.799999936365,46.7249981958277,150.574997638639));
#3531=CARTESIAN_POINT('',(-15.7999998984884,73.6999983303249,150.999996848404));
#3532=CARTESIAN_POINT('',(-15.7999998789007,87.6499980184036,150.999996848404));
#3533=CARTESIAN_POINT('',(-15.7999998970843,74.6999983303249,151.999996848404));
#3534=CARTESIAN_POINT('',(-15.7999998990852,73.274999098093,150.574997617577));
#3535=CARTESIAN_POINT('',(-15.7999998970843,74.6999983303249,172.000002428889));
#3536=CARTESIAN_POINT('',(-15.7999998970843,74.6999983289207,156.499998243526));
#3537=CARTESIAN_POINT('',(-15.7999998984884,73.6999983303249,173.000002428889));
#3538=CARTESIAN_POINT('',(-15.7999998990852,73.274999098093,173.425001659717));
#3539=CARTESIAN_POINT('',(-15.7999999369617,46.2999989874661,173.000002428889));
#3540=CARTESIAN_POINT('',(-15.7999999222885,56.7499997055876,173.000002428889));
#3541=CARTESIAN_POINT('',(-15.799999936365,46.7249981958276,173.425001638655));
#3542=CARTESIAN_POINT('',(-15.8,65.0000009685755,154.300002115965));
#3543=CARTESIAN_POINT('',(-15.8,65.0000009685755,170.000002413988));
#3544=CARTESIAN_POINT('',(-15.8,65.0000009685755,157.000000877306));
#3545=CARTESIAN_POINT('',(-15.7999999135127,63.0000009685755,152.300002115965));
#3546=CARTESIAN_POINT('',(-15.7999999104587,65.1749997605929,154.475000907982));
#3547=CARTESIAN_POINT('',(-15.7999999219375,57.0000008195639,152.300002115965));
#3548=CARTESIAN_POINT('',(-15.7999999212354,57.4999997167635,152.300002115965));
#3549=CARTESIAN_POINT('',(-15.8,55.0000008195639,154.300002115965));
#3550=CARTESIAN_POINT('',(-15.7999999249915,54.8250008874932,154.475002048036));
#3551=CARTESIAN_POINT('',(-15.8,55.0000008195639,170.000002413988));
#3552=CARTESIAN_POINT('',(-15.8,55.0000008195639,167.000001026317));
#3553=CARTESIAN_POINT('',(-15.7999999219375,57.0000008195639,172.000002413988));
#3554=CARTESIAN_POINT('',(-15.7999999250968,54.7499995743284,169.750001168753));
#3555=CARTESIAN_POINT('',(-15.7999999135127,63.0000009685755,172.000002413988));
#3556=CARTESIAN_POINT('',(-15.7999999142147,62.4999997912693,172.000002413988));
#3557=CARTESIAN_POINT('',(-15.7999999103534,65.2500010737577,169.750002308806));
#3558=CARTESIAN_POINT('Origin',(-15.8000000000001,0.899999927586235,166.999999635853));
#3559=CARTESIAN_POINT('',(-15.8000000000001,-1.20000007241377,166.999999635853));
#3560=CARTESIAN_POINT('Origin',(-15.8000000000001,0.899999927586235,166.999999635853));
#3561=CARTESIAN_POINT('',(-30.0000002980232,-1.20000007241376,166.999999635853));
#3562=CARTESIAN_POINT('',(-15.8000000000001,-1.20000007241377,166.999999635853));
#3563=CARTESIAN_POINT('',(-30.0000002980232,0.259696134799638,169.000002399087));
#3564=CARTESIAN_POINT('Origin',(-30.0000002980232,0.899999927586236,166.999999635853));
#3565=CARTESIAN_POINT('',(-30.0000002980232,1.54030372037283,169.000002399087));
#3566=CARTESIAN_POINT('Origin',(-27.9999975347894,0.899999927586236,166.999999635853));
#3567=CARTESIAN_POINT('Origin',(-30.0000002980232,0.899999927586236,166.999999635853));
#3568=CARTESIAN_POINT('Origin',(-15.8000000000002,0.899999920422188,156.999999635853));
#3569=CARTESIAN_POINT('',(-15.8000000000002,-1.20000007957781,156.999999635853));
#3570=CARTESIAN_POINT('Origin',(-15.8000000000001,0.899999920422188,156.999999635853));
#3571=CARTESIAN_POINT('',(-30.0000002980232,-1.20000007957781,156.999999635853));
#3572=CARTESIAN_POINT('',(-15.8000000000002,-1.20000007957781,156.999999635853));
#3573=CARTESIAN_POINT('',(-30.0000002980232,1.54032097499395,155.000002399087));
#3574=CARTESIAN_POINT('Origin',(-30.0000002980232,0.899999920422189,156.999999635853));
#3575=CARTESIAN_POINT('',(-30.0000002980232,0.25967886585043,155.000002399087));
#3576=CARTESIAN_POINT('Origin',(-28.0000030612571,0.899999920422189,156.999999635853));
#3577=CARTESIAN_POINT('Origin',(-30.0000002980232,0.899999920422189,156.999999635853));
#3578=CARTESIAN_POINT('Origin',(-31.0000002980232,-3.00000004470348,170.000002399087));
#3579=CARTESIAN_POINT('',(-30.0000002980232,-3.00000004470348,169.000002399087));
#3580=CARTESIAN_POINT('',(-30.0000002980232,-3.00000004470348,169.000002399087));
#3581=CARTESIAN_POINT('',(-32.0000002980232,-3.00000004470348,171.000002399087));
#3582=CARTESIAN_POINT('',(-35.950000230968,-3.00000004470348,174.950002332032));
#3583=CARTESIAN_POINT('',(-32.0000002980232,4.79999989271164,171.000002399087));
#3584=CARTESIAN_POINT('',(-32.0000002980232,-3.00000004470348,171.000002399087));
#3585=CARTESIAN_POINT('',(-30.0000002980232,4.79999989271164,169.000002399087));
#3586=CARTESIAN_POINT('',(-30.5749988330528,4.79999989271164,169.575000934117));
#3587=CARTESIAN_POINT('',(-30.0000002980232,-3.00000004470348,169.000002399087));
#3588=CARTESIAN_POINT('Origin',(-31.0000002980232,-3.00000004470348,154.000002399087));
#3589=CARTESIAN_POINT('',(-30.0000002980232,4.79999989271164,155.000002399087));
#3590=CARTESIAN_POINT('',(-30.0000002980232,-3.00000004470348,155.000002399087));
#3591=CARTESIAN_POINT('',(-32.0000002980232,4.79999989271164,153.000002399087));
#3592=CARTESIAN_POINT('',(-35.825001613982,4.79999989271164,149.175001083128));
#3593=CARTESIAN_POINT('',(-32.0000002980232,-3.00000004470348,153.000002399087));
#3594=CARTESIAN_POINT('',(-32.0000002980232,-3.00000004470348,153.000002399087));
#3595=CARTESIAN_POINT('',(-30.0000002980232,-3.00000004470348,155.000002399087));
#3596=CARTESIAN_POINT('',(-30.4500002160669,-3.00000004470348,154.550002481043));
#3597=CARTESIAN_POINT('',(-30.0000002980232,-3.00000004470348,155.000002399087));
#3598=CARTESIAN_POINT('Origin',(-30.0000002980232,-3.00000004470348,171.000002399087));
#3599=CARTESIAN_POINT('',(-30.0000002980232,4.79999989271164,161.249999618158));
#3600=CARTESIAN_POINT('',(-30.0000002980232,-3.00000004470348,172.000002413988));
#3601=CARTESIAN_POINT('Origin',(-15.8,119.649999635294,161.999999638647));
#3602=CARTESIAN_POINT('',(-15.8,-2.00000004470349,150.999996837229));
#3603=CARTESIAN_POINT('',(-15.8,-3.00000004470348,151.999996848404));
#3604=CARTESIAN_POINT('',(-15.8,25.4124991777348,123.587497625966));
#3605=CARTESIAN_POINT('',(-15.8,3.79999989271164,150.999996837229));
#3606=CARTESIAN_POINT('',(-15.8,4.79999989271164,150.999996837229));
#3607=CARTESIAN_POINT('',(-15.8,4.79999989271164,151.999996837229));
#3608=CARTESIAN_POINT('',(-15.8,6.13750058859585,153.337497518165));
#3609=CARTESIAN_POINT('',(-15.8,4.79999989271164,172.000002428889));
#3610=CARTESIAN_POINT('',(-15.8,4.79999989271164,151.499996837229));
#3611=CARTESIAN_POINT('',(-15.8,3.79999989271164,173.000002428889));
#3612=CARTESIAN_POINT('',(-15.8,6.01250059949236,170.787501722109));
#3613=CARTESIAN_POINT('',(-15.8,-2.00000004470349,173.000002428889));
#3614=CARTESIAN_POINT('',(-15.8,86.5750002162531,173.000002428889));
#3615=CARTESIAN_POINT('',(-15.8,-3.00000004470348,172.000002428889));
#3616=CARTESIAN_POINT('',(-15.8,25.4124991777349,200.412501651328));
#3617=CARTESIAN_POINT('',(-15.8,-3.00000004470348,151.499996837229));
#3618=CARTESIAN_POINT('Origin',(-57.8,75.074604925972,155.021843070629));
#3619=CARTESIAN_POINT('',(-47.8218406715423,123.700001847744,155.021843070629));
#3620=CARTESIAN_POINT('',(-47.8218406715423,74.7000018479394,155.021843070782));
#3621=CARTESIAN_POINT('',(-47.8218406715423,95.187303386858,155.021843070629));
#3622=CARTESIAN_POINT('',(-54.8,123.700001847744,155.021843070629));
#3623=CARTESIAN_POINT('',(-52.8,123.700001847744,155.021843070629));
#3624=CARTESIAN_POINT('',(-54.8,82.0896106588871,155.021843070629));
#3625=CARTESIAN_POINT('',(-54.8,80.0373030962853,155.021843070629));
#3626=CARTESIAN_POINT('',(-48.8,82.0896106588871,155.021843070629));
#3627=CARTESIAN_POINT('',(-57.8,82.0896106588871,155.021843070629));
#3628=CARTESIAN_POINT('',(-48.7999989089074,74.7000018479315,155.021843070782));
#3629=CARTESIAN_POINT('',(-48.7999989092349,115.300001847932,155.021843070629));
#3630=CARTESIAN_POINT('',(-47.8219999996725,74.7000018479394,155.021843070782));
#3631=CARTESIAN_POINT('Origin',(-52.8,123.850001847744,154.871843070629));
#3632=CARTESIAN_POINT('',(-47.5218406715423,124.000001847744,154.721843070629));
#3633=CARTESIAN_POINT('',(-53.3036503031009,118.218192216188,160.503652702185));
#3634=CARTESIAN_POINT('',(-55.1000000000001,124.000001847744,154.721843070629));
#3635=CARTESIAN_POINT('',(-52.8,124.000001847744,154.721843070629));
#3636=CARTESIAN_POINT('',(-55.1000000000001,124.000001847744,154.721843070629));
#3637=CARTESIAN_POINT('Origin',(-47.8,124.000001847744,150.999996848404));
#3638=CARTESIAN_POINT('',(-47.8,124.000001847744,172.000002428889));
#3639=CARTESIAN_POINT('',(-47.8,124.000001847744,151.999996848404));
#3640=CARTESIAN_POINT('',(-45.8,124.000001847744,153.000002399087));
#3641=CARTESIAN_POINT('',(-46.2999986123294,124.000001847744,153.500001011416));
#3642=CARTESIAN_POINT('',(-33.9000001490116,124.000001847744,153.000002399087));
#3643=CARTESIAN_POINT('',(-32.0000002980232,124.000001847744,171.000002399087));
#3644=CARTESIAN_POINT('',(-30.4499988358467,124.000001847744,169.45000093691));
#3645=CARTESIAN_POINT('',(-45.8,124.000001847744,171.000002399087));
#3646=CARTESIAN_POINT('',(-47.8,124.000001847744,171.000002399087));
#3647=CARTESIAN_POINT('',(-47.8,124.000001847744,169.000002399087));
#3648=CARTESIAN_POINT('',(-51.8000013876707,124.000001847744,165.000001011416));
#3649=CARTESIAN_POINT('',(-47.8,124.000001847744,165.30000230968));
#3650=CARTESIAN_POINT('',(-47.8,124.000001862645,168.500002361834));
#3651=CARTESIAN_POINT('',(-55.1000000000001,124.000001847744,165.30000230968));
#3652=CARTESIAN_POINT('',(-52.8,124.000001847744,165.30000230968));
#3653=CARTESIAN_POINT('',(-55.1000000000001,124.000001847744,156.499998243526));
#3654=CARTESIAN_POINT('Origin',(-47.8,60.0000008940697,162.000002264977));
#3655=CARTESIAN_POINT('',(-47.8,74.6999983303249,155.000002399087));
#3656=CARTESIAN_POINT('',(-47.8,115.299997422844,155.000002399087));
#3657=CARTESIAN_POINT('',(-47.8,77.5936521404638,155.000002399087));
#3658=CARTESIAN_POINT('',(-47.8,74.6999983303249,151.999996848404));
#3659=CARTESIAN_POINT('',(-47.8,74.6999983303249,156.49999955669));
#3660=CARTESIAN_POINT('',(-47.8,73.6999983303249,150.999996848404));
#3661=CARTESIAN_POINT('',(-47.8,73.2750003254042,150.574998843484));
#3662=CARTESIAN_POINT('',(-47.8,116.299997422844,150.999996848404));
#3663=CARTESIAN_POINT('',(-47.8,92.5000013783574,151.000002071261));
#3664=CARTESIAN_POINT('',(-47.8,115.299997422844,151.999996848404));
#3665=CARTESIAN_POINT('',(-47.8,99.2249969365073,168.074997334741));
#3666=CARTESIAN_POINT('',(-47.8,115.299997422844,158.360922667803));
#3667=CARTESIAN_POINT('Origin',(-47.8,74.6999983303249,150.999996848404));
#3668=CARTESIAN_POINT('',(-46.7359189481006,74.6999983303249,153.935921347188));
#3669=CARTESIAN_POINT('',(-48.7999989089074,74.700001847938,156.7119220512));
#3670=CARTESIAN_POINT('',(-48.7999989089074,74.7000018479697,165.000002309833));
#3671=CARTESIAN_POINT('',(-48.7999989089074,74.7000018479697,165.000002309833));
#3672=CARTESIAN_POINT('',(-48.8,74.7000018479587,162.080462552177));
#3673=CARTESIAN_POINT('',(-48.0999989089074,74.7000018479753,165.000002309833));
#3674=CARTESIAN_POINT('',(-48.0999989089074,74.7000018479753,165.000002309833));
#3675=CARTESIAN_POINT('',(-47.7999999996725,74.7000018479789,165.300002309831));
#3676=CARTESIAN_POINT('',(-48.0999989089074,74.7000018479753,165.000002309833));
#3677=CARTESIAN_POINT('',(-47.8,74.6999983303249,172.000002428889));
#3678=CARTESIAN_POINT('',(-47.8,74.6999983303249,156.49999955669));
#3679=CARTESIAN_POINT('',(-16.7999998970843,74.699998331729,172.000002428889));
#3680=CARTESIAN_POINT('',(-47.8,74.6999983303249,172.000002428889));
#3681=CARTESIAN_POINT('',(-16.7999998970843,74.699998331729,151.999996848404));
#3682=CARTESIAN_POINT('',(-16.7999998970843,74.6999983303249,156.499998243526));
#3683=CARTESIAN_POINT('',(-47.8,74.6999983303249,151.999996848404));
#3684=CARTESIAN_POINT('Origin',(-45.8,115.299997422844,172.000002428889));
#3685=CARTESIAN_POINT('',(-45.8000276532941,115.29996976955,170.999974745793));
#3686=CARTESIAN_POINT('',(-45.8000000000001,115.299997422844,172.000002428889));
#3687=CARTESIAN_POINT('',(-45.8000000000001,115.299997422844,167.500002346933));
#3688=CARTESIAN_POINT('',(-47.8,115.299997422844,172.000002428889));
#3689=CARTESIAN_POINT('',(-46.8,115.299997422844,172.000002428889));
#3690=CARTESIAN_POINT('',(-47.8,115.299604973965,169.000002399087));
#3691=CARTESIAN_POINT('',(-47.8,115.299343163436,166.998642128692));
#3692=CARTESIAN_POINT('',(-46.0528386952637,115.299833531128,170.747163703823));
#3693=CARTESIAN_POINT('Origin',(-46.8000000000001,28.5000004246831,170.000002399087));
#3694=CARTESIAN_POINT('',(-47.8,28.5000004246831,169.000002399087));
#3695=CARTESIAN_POINT('',(-45.8,28.5000004246831,171.000002399087));
#3696=CARTESIAN_POINT('Origin',(-48.7999989092349,115.30000184797,165.00000230968));
#3697=CARTESIAN_POINT('Origin',(-48.8,82.0896106588871,172.021843070629));
#3698=CARTESIAN_POINT('Origin',(-48.8,90.5000013485551,164.010922749759));
#3699=CARTESIAN_POINT('',(-48.8,85.9863799296509,165.00000230968));
#3700=CARTESIAN_POINT('',(-48.8,102.900001598267,165.000002309727));
#3701=CARTESIAN_POINT('',(-48.8,70.1009951480856,159.968914043452));
#3702=CARTESIAN_POINT('Origin',(-48.8,82.0896106588871,172.021843070629));
#3703=CARTESIAN_POINT('',(-48.8,58.0053653984518,172.000002428889));
#3704=CARTESIAN_POINT('',(-48.8,75.074604925972,155.021843070629));
#3705=CARTESIAN_POINT('',(-48.8,71.0053655921669,172.000002428889));
#3706=CARTESIAN_POINT('',(-48.8,72.0000010728836,172.000002428889));
#3707=CARTESIAN_POINT('',(-48.8,72.411035895361,170.601832675965));
#3708=CARTESIAN_POINT('',(-48.8,70.0000010430813,173.000002428889));
#3709=CARTESIAN_POINT('Origin',(-48.8,85.9863799296509,184.25000230968));
#3710=CARTESIAN_POINT('Origin',(-47.8,60.0000008940697,162.000002264977));
#3711=CARTESIAN_POINT('',(-47.8,116.299997422844,173.000002428889));
#3712=CARTESIAN_POINT('',(-47.8,99.2249982496726,155.925003255717));
#3713=CARTESIAN_POINT('',(-47.8,73.6999983303249,173.000002428889));
#3714=CARTESIAN_POINT('',(-47.8,27.5000004097819,173.000002458692));
#3715=CARTESIAN_POINT('',(-47.8,73.2749990122393,173.425001746975));
#3716=CARTESIAN_POINT('',(-47.8,87.6500013710172,165.300002309559));
#3717=CARTESIAN_POINT('Origin',(-47.8,56.0000008195639,171.000002413988));
#3718=CARTESIAN_POINT('',(-10.8,55.0000008195639,170.000002413988));
#3719=CARTESIAN_POINT('',(-10.8,57.0000008195639,172.000002413988));
#3720=CARTESIAN_POINT('',(-10.8,54.7500008009374,169.750002395362));
#3721=CARTESIAN_POINT('',(-47.8,57.0000008195639,172.000002413988));
#3722=CARTESIAN_POINT('',(-47.8,55.0000008195639,170.000002413988));
#3723=CARTESIAN_POINT('Origin',(-47.8,65.0000009685755,172.000002413988));
#3724=CARTESIAN_POINT('',(-10.8,63.0000009685755,172.000002413988));
#3725=CARTESIAN_POINT('',(-10.8,55.0000008195639,172.000002413988));
#3726=CARTESIAN_POINT('',(-47.8,63.0000009685755,172.000002413988));
#3727=CARTESIAN_POINT('Origin',(-10.8,60.0000008940697,162.000002264977));
#3728=CARTESIAN_POINT('',(-10.8,55.0000008195639,154.300002115965));
#3729=CARTESIAN_POINT('',(-10.8,55.0000008195639,152.000002115965));
#3730=CARTESIAN_POINT('',(-10.8,57.0000008195639,152.300002115965));
#3731=CARTESIAN_POINT('',(-10.8,54.8250008009374,154.475002134591));
#3732=CARTESIAN_POINT('',(-10.8,63.0000009685755,152.300002115965));
#3733=CARTESIAN_POINT('',(-10.8,57.5000008568168,152.300002115965));
#3734=CARTESIAN_POINT('',(-10.8,65.0000009685755,154.300002115965));
#3735=CARTESIAN_POINT('',(-10.8,65.1750009872019,154.475002134591));
#3736=CARTESIAN_POINT('',(-10.8,65.0000009685755,170.000002413988));
#3737=CARTESIAN_POINT('',(-10.8,65.0000009685755,172.000002413988));
#3738=CARTESIAN_POINT('',(-10.8,65.2500009872019,169.750002395362));
#3739=CARTESIAN_POINT('',(-10.8,58.0000008940696,163.000002279878));
#3740=CARTESIAN_POINT('Origin',(-10.8,60.0000008940696,163.000002279878));
#3741=CARTESIAN_POINT('',(-10.8,58.0000008940696,156.500002279878));
#3742=CARTESIAN_POINT('Origin',(-10.8,60.0000008940696,156.500002279878));
#3743=CARTESIAN_POINT('',(-10.8,58.0000008940697,169.500002279878));
#3744=CARTESIAN_POINT('Origin',(-10.8,60.0000008940696,169.500002279878));
#3745=CARTESIAN_POINT('Origin',(-47.8,64.0000009685755,171.000002413988));
#3746=CARTESIAN_POINT('',(-47.8,65.0000009685755,170.000002413988));
#3747=CARTESIAN_POINT('Origin',(-47.8,65.0000009685755,152.000002115965));
#3748=CARTESIAN_POINT('',(-47.8,65.0000009685755,154.300002115965));
#3749=CARTESIAN_POINT('Origin',(-47.8,64.0000009685755,153.300002115965));
#3750=CARTESIAN_POINT('',(-47.8,63.0000009685755,152.300002115965));
#3751=CARTESIAN_POINT('Origin',(-47.8,55.0000008195639,152.300002115965));
#3752=CARTESIAN_POINT('',(-47.8,57.0000008195639,152.300002115965));
#3753=CARTESIAN_POINT('Origin',(-47.8,56.0000008195639,153.300002115965));
#3754=CARTESIAN_POINT('',(-47.8,55.0000008195639,154.300002115965));
#3755=CARTESIAN_POINT('Origin',(-47.8,55.0000008195639,172.000002413988));
#3756=CARTESIAN_POINT('Origin',(-55.0499999995016,14.9999999990031,162.));
#3757=CARTESIAN_POINT('',(-53.8,20.9999999980061,162.));
#3758=CARTESIAN_POINT('Origin',(-53.8,14.9999999990031,162.));
#3759=CARTESIAN_POINT('',(-55.0499999995016,19.7499999985046,162.));
#3760=CARTESIAN_POINT('Origin',(-53.8,60.0000008940697,162.000002264977));
#3761=CARTESIAN_POINT('',(-53.8,50.0000006854534,172.000002428889));
#3762=CARTESIAN_POINT('',(-53.8,-2.00000004470348,172.000002428889));
#3763=CARTESIAN_POINT('',(-53.8,56.7500008456409,172.000002428889));
#3764=CARTESIAN_POINT('',(-53.8,50.0000006854534,168.599996848404));
#3765=CARTESIAN_POINT('',(-53.8,50.0000006854534,173.000002428889));
#3766=CARTESIAN_POINT('',(-53.8,65.0909097763625,151.999996848404));
#3767=CARTESIAN_POINT('',(-53.8,56.9049767602016,161.004523166181));
#3768=CARTESIAN_POINT('',(-53.8,-2.00000004470349,151.999996848404));
#3769=CARTESIAN_POINT('',(-53.8,87.6499991584569,151.999996848404));
#3770=CARTESIAN_POINT('',(-53.8,-2.00000004470348,167.500002346933));
#3771=CARTESIAN_POINT('Origin',(-47.9499994546175,92.0000013709068,165.150002309679));
#3772=CARTESIAN_POINT('',(-48.099998909235,123.700001847744,165.00000230968));
#3773=CARTESIAN_POINT('',(-54.0666559394626,117.733323123407,159.033323585344));
#3774=CARTESIAN_POINT('',(-48.099998909235,92.0000013709068,165.00000230968));
#3775=CARTESIAN_POINT('Origin',(-57.8,124.000001847744,165.00000230968));
#3776=CARTESIAN_POINT('',(-54.8,85.9863799296509,165.00000230968));
#3777=CARTESIAN_POINT('',(-57.8,85.9863799296509,165.00000230968));
#3778=CARTESIAN_POINT('',(-54.8,123.700001847744,165.00000230968));
#3779=CARTESIAN_POINT('',(-54.8,104.500001557171,165.00000230968));
#3780=CARTESIAN_POINT('',(-48.8,123.700001847744,165.00000230968));
#3781=CARTESIAN_POINT('Origin',(-46.8000000000001,28.5000004246831,154.000002399087));
#3782=CARTESIAN_POINT('',(-47.5218406715423,115.300001847744,154.721843070629));
#3783=CARTESIAN_POINT('',(-45.8,115.299997422844,153.000002399087));
#3784=CARTESIAN_POINT('',(-51.8000000074506,115.299997422844,159.000002406538));
#3785=CARTESIAN_POINT('',(-45.8,28.5000004246831,153.000002399087));
#3786=CARTESIAN_POINT('',(-52.2359203432218,115.299997422844,159.435922742307));
#3787=CARTESIAN_POINT('Origin',(-31.0000002980232,-3.00000004470348,170.000002399087));
#3788=CARTESIAN_POINT('',(-32.0000002980232,115.299997422844,171.000002399087));
#3789=CARTESIAN_POINT('',(-35.950000230968,115.299997422844,174.950002332032));
#3790=CARTESIAN_POINT('',(-32.0000002980232,-3.00000004470348,171.000002399087));
#3791=CARTESIAN_POINT('Origin',(-10.8,60.0000008940696,169.500002279878));
#3792=CARTESIAN_POINT('',(-47.8,58.0000008940697,169.500002279878));
#3793=CARTESIAN_POINT('Origin',(-47.8,60.0000008940696,169.500002279878));
#3794=CARTESIAN_POINT('',(-10.8,58.0000008940697,169.500002279878));
#3795=CARTESIAN_POINT('Origin',(-10.8,60.0000008940696,156.500002279878));
#3796=CARTESIAN_POINT('',(-47.8,58.0000008940696,156.500002279878));
#3797=CARTESIAN_POINT('Origin',(-47.8,60.0000008940696,156.500002279878));
#3798=CARTESIAN_POINT('',(-10.8,58.0000008940696,156.500002279878));
#3799=CARTESIAN_POINT('Origin',(-10.8,60.0000008940696,163.000002279878));
#3800=CARTESIAN_POINT('',(-47.8,58.0000008940696,163.000002279878));
#3801=CARTESIAN_POINT('Origin',(-47.8,60.0000008940696,163.000002279878));
#3802=CARTESIAN_POINT('',(-10.8,58.0000008940696,163.000002279878));
#3803=CARTESIAN_POINT('Origin',(-16.7999999369617,46.2999989881681,173.000002429591));
#3804=CARTESIAN_POINT('',(-16.7999999383659,45.2999989888702,172.000002428889));
#3805=CARTESIAN_POINT('',(-16.7999999369617,46.2999989888702,173.000002428889));
#3806=CARTESIAN_POINT('',(-16.799999936365,46.7249981972318,173.425001638655));
#3807=CARTESIAN_POINT('',(-16.7999999383659,45.2999989888702,172.000002428889));
#3808=CARTESIAN_POINT('',(-16.7999999369617,46.2999989888702,173.000002428889));
#3809=CARTESIAN_POINT('Origin',(-16.7999998970843,74.6999983310269,172.000002428187));
#3810=CARTESIAN_POINT('',(-16.7999998984884,73.699998331729,173.000002428889));
#3811=CARTESIAN_POINT('',(-16.7999998990852,73.2749990994972,173.425001659717));
#3812=CARTESIAN_POINT('',(-16.7999998984884,73.699998331729,173.000002428889));
#3813=CARTESIAN_POINT('',(-16.7999998970843,74.699998331729,172.000002428889));
#3814=CARTESIAN_POINT('Origin',(-16.7999998970843,74.6999983303249,151.999996848404));
#3815=CARTESIAN_POINT('',(-16.7999998970843,74.699998331729,151.999996848404));
#3816=CARTESIAN_POINT('Origin',(-16.7999998984884,73.6999983310269,150.999996849106));
#3817=CARTESIAN_POINT('',(-16.7999998984884,73.699998331729,150.999996848404));
#3818=CARTESIAN_POINT('',(-16.7999998990852,73.2749990994972,150.574997617577));
#3819=CARTESIAN_POINT('',(-16.7999998984884,73.699998331729,150.999996848404));
#3820=CARTESIAN_POINT('Origin',(-16.7999999383659,45.2999989881682,151.999996847702));
#3821=CARTESIAN_POINT('',(-16.7999999369617,46.2999989888702,150.999996848404));
#3822=CARTESIAN_POINT('',(-16.7999999383659,45.2999989888702,151.999996848404));
#3823=CARTESIAN_POINT('',(-16.799999936365,46.7249981972319,150.574997638639));
#3824=CARTESIAN_POINT('',(-16.7999999369617,46.2999989888702,150.999996848404));
#3825=CARTESIAN_POINT('',(-16.7999999383659,45.2999989888702,151.999996848404));
#3826=CARTESIAN_POINT('Origin',(-16.7999999383659,45.2999989874661,172.000002428889));
#3827=CARTESIAN_POINT('',(-16.7999999383659,45.2999989874661,167.500001033768));
#3828=CARTESIAN_POINT('Origin',(-47.8,74.1999983303249,151.499996848404));
#3829=CARTESIAN_POINT('',(-47.8,73.6999983303249,150.999996848404));
#3830=CARTESIAN_POINT('Origin',(-47.8,115.299997422844,150.999996848404));
#3831=CARTESIAN_POINT('',(-47.8,46.2999989874661,150.999996848404));
#3832=CARTESIAN_POINT('',(-47.8,46.2999989874661,150.999996848404));
#3833=CARTESIAN_POINT('',(-47.8,3.79999989271164,150.999996848404));
#3834=CARTESIAN_POINT('',(-47.8,92.5000013783574,151.000002071261));
#3835=CARTESIAN_POINT('',(-47.8,3.79999989271164,150.999996848404));
#3836=CARTESIAN_POINT('',(-52.8,-2.00000004470349,150.999996848404));
#3837=CARTESIAN_POINT('',(-47.8,-2.00000004470349,150.999996848404));
#3838=CARTESIAN_POINT('',(-52.8,67.0000006854534,150.999996848404));
#3839=CARTESIAN_POINT('',(-52.8,87.6499991584569,150.999996848404));
#3840=CARTESIAN_POINT('',(-55.8,67.0000006854534,150.999996848404));
#3841=CARTESIAN_POINT('',(-49.3000000000001,67.0000006854534,150.999996848404));
#3842=CARTESIAN_POINT('',(-56.8000000000001,67.0000006854534,150.999996848404));
#3843=CARTESIAN_POINT('',(-52.8,67.0000006854534,150.999996848404));
#3844=CARTESIAN_POINT('',(-56.8000000000001,123.000001847744,150.999996848404));
#3845=CARTESIAN_POINT('',(-56.8000000000001,100.149999344721,150.999996848404));
#3846=CARTESIAN_POINT('',(-47.8,123.000001847744,150.999996848404));
#3847=CARTESIAN_POINT('',(-47.8,116.299997422844,150.999996848404));
#3848=CARTESIAN_POINT('Origin',(-47.8,45.7999989874661,151.499996848404));
#3849=CARTESIAN_POINT('',(-47.8,45.2999989874661,151.999996848404));
#3850=CARTESIAN_POINT('',(-47.8,45.2999989874661,151.999996848404));
#3851=CARTESIAN_POINT('',(-47.8,46.724998109974,150.574997725897));
#3852=CARTESIAN_POINT('Origin',(-47.8,45.2999989874661,173.000002428889));
#3853=CARTESIAN_POINT('',(-47.8,45.2999989874661,172.000002428889));
#3854=CARTESIAN_POINT('',(-47.8,45.2999989874661,172.000002428889));
#3855=CARTESIAN_POINT('',(-47.8,45.2999989874661,156.749999551103));
#3856=CARTESIAN_POINT('Origin',(-47.8,-3.00000004470348,171.000002399087));
#3857=CARTESIAN_POINT('',(-47.8,115.299997422844,171.000002399087));
#3858=CARTESIAN_POINT('Origin',(-20.0000002980232,-3.00000004470348,153.000002399087));
#3859=CARTESIAN_POINT('',(-45.8,4.79999989271164,153.000002399087));
#3860=CARTESIAN_POINT('',(-33.9000001490116,4.79999989271164,153.000002399087));
#3861=CARTESIAN_POINT('',(-45.8,-3.00000004470348,153.000002399087));
#3862=CARTESIAN_POINT('',(-45.8,28.5000004246831,153.000002399087));
#3863=CARTESIAN_POINT('',(-33.9000001490116,-3.00000004470348,153.000002399087));
#3864=CARTESIAN_POINT('Origin',(-47.8,115.299997422844,173.000002428889));
#3865=CARTESIAN_POINT('',(-47.8,115.299997422844,151.999996848404));
#3866=CARTESIAN_POINT('',(-47.8,115.299997422844,172.000002428889));
#3867=CARTESIAN_POINT('',(-33.9000001490116,115.299997422844,153.000002399087));
#3868=CARTESIAN_POINT('Origin',(-47.8,-3.00000004470348,171.000002399087));
#3869=CARTESIAN_POINT('',(-45.8,-3.00000004470348,171.000002399087));
#3870=CARTESIAN_POINT('',(-47.8,-3.00000004470348,171.000002399087));
#3871=CARTESIAN_POINT('',(-45.8,4.79999989271164,171.000002399087));
#3872=CARTESIAN_POINT('',(-45.8,28.5000004246831,171.000002399087));
#3873=CARTESIAN_POINT('',(-47.8,4.79999989271164,171.000002399087));
#3874=CARTESIAN_POINT('Origin',(-47.8,4.79999989271164,151.499996837229));
#3875=CARTESIAN_POINT('',(-47.8,4.79999989271164,151.999996837229));
#3876=CARTESIAN_POINT('',(-47.8,4.79999989271164,151.999996837229));
#3877=CARTESIAN_POINT('',(-47.8,4.79999989271164,155.000002399087));
#3878=CARTESIAN_POINT('',(-47.8,4.79999989271164,156.749999551103));
#3879=CARTESIAN_POINT('',(-46.4249986095355,4.79999989271164,153.625001008622));
#3880=CARTESIAN_POINT('',(-47.8,4.79999989271164,169.000002399087));
#3881=CARTESIAN_POINT('',(-51.6750013904647,4.79999989271164,165.125001008622));
#3882=CARTESIAN_POINT('',(-47.8,4.79999989271164,172.000002428889));
#3883=CARTESIAN_POINT('',(-47.8,4.79999989271164,156.749999551103));
#3884=CARTESIAN_POINT('',(-47.8,4.79999989271164,172.000002428889));
#3885=CARTESIAN_POINT('Origin',(-20.0000002980232,-3.00000004470348,153.000002399087));
#3886=CARTESIAN_POINT('Origin',(-47.8,123.500001847744,151.499996848404));
#3887=CARTESIAN_POINT('',(-56.8000000000001,123.000001847744,150.999996848404));
#3888=CARTESIAN_POINT('Origin',(-56.8000000000001,67.0000006854534,150.999996848404));
#3889=CARTESIAN_POINT('',(-56.8000000000001,65.3273279848785,151.739937006729));
#3890=CARTESIAN_POINT('',(-57.8,66.4423706470544,151.999996848404));
#3891=CARTESIAN_POINT('',(-56.8000000000001,67.0000006854534,150.999996848404));
#3892=CARTESIAN_POINT('',(-56.8000000000001,65.3273279848785,151.739937006729));
#3893=CARTESIAN_POINT('Origin',(-57.3,100.149999344721,151.499996848404));
#3894=CARTESIAN_POINT('Origin',(-57.8,51.0000006854534,172.000002428889));
#3895=CARTESIAN_POINT('',(-56.8000000000001,51.0000006854534,173.000002428889));
#3896=CARTESIAN_POINT('',(-56.8000000000001,50.0000006854534,172.000002428889));
#3897=CARTESIAN_POINT('',(-56.8000000000001,51.0000006854534,173.000002428889));
#3898=CARTESIAN_POINT('',(-57.8,51.0000006854534,172.000002428889));
#3899=CARTESIAN_POINT('',(-56.8000000000001,50.0000006854534,172.000002428889));
#3900=CARTESIAN_POINT('Origin',(-57.3,69.2500010319054,172.500002428889));
#3901=CARTESIAN_POINT('',(-56.8000000000001,123.000001847744,173.000002428889));
#3902=CARTESIAN_POINT('',(-56.8000000000001,69.2500010319054,173.000002428889));
#3903=CARTESIAN_POINT('',(-56.8000000000001,123.000001847744,173.000002428889));
#3904=CARTESIAN_POINT('Origin',(-57.3,50.5000006854534,167.500001033768));
#3905=CARTESIAN_POINT('',(-56.8000000000001,50.0000006854534,168.600001312792));
#3906=CARTESIAN_POINT('',(-56.8000000000001,50.0000006854534,167.500001033768));
#3907=CARTESIAN_POINT('',(-57.8,51.0000006854534,168.986608114961));
#3908=CARTESIAN_POINT('Origin',(-52.8,-3.00000004470348,151.999996848404));
#3909=CARTESIAN_POINT('',(-52.8,-2.00000004470349,150.999996848404));
#3910=CARTESIAN_POINT('',(-52.8,-3.00000004470348,151.999996848404));
#3911=CARTESIAN_POINT('',(-52.8,-3.00000004470348,151.999996848404));
#3912=CARTESIAN_POINT('',(-53.8,-2.00000004470348,151.999996848404));
#3913=CARTESIAN_POINT('Origin',(-47.8,-2.50000004470349,151.499996848404));
#3914=CARTESIAN_POINT('',(-47.8,-3.00000004470348,151.999996848404));
#3915=CARTESIAN_POINT('Origin',(-52.8,-3.00000004470348,172.000002428889));
#3916=CARTESIAN_POINT('',(-52.8,-2.00000004470349,173.000002428889));
#3917=CARTESIAN_POINT('',(-53.8,-2.00000004470349,172.000002428889));
#3918=CARTESIAN_POINT('',(-52.8,-3.00000004470348,172.000002428889));
#3919=CARTESIAN_POINT('',(-52.8,-3.00000004470348,172.000002428889));
#3920=CARTESIAN_POINT('',(-52.8,-2.00000004470348,173.000002428889));
#3921=CARTESIAN_POINT('Origin',(-53.3,-2.50000004470348,167.500002346933));
#3922=CARTESIAN_POINT('',(-52.8,-3.00000004470348,167.500002346933));
#3923=CARTESIAN_POINT('Origin',(-47.8,-2.50000004470348,172.500002428889));
#3924=CARTESIAN_POINT('',(-47.8,-2.00000004470348,173.000002428889));
#3925=CARTESIAN_POINT('',(-47.8,-3.00000004470348,172.000002428889));
#3926=CARTESIAN_POINT('Origin',(-53.3,56.7500008456409,172.500002428889));
#3927=CARTESIAN_POINT('',(-52.8,51.0000006854534,173.000002428889));
#3928=CARTESIAN_POINT('',(-52.8,56.7500008456409,173.000002428889));
#3929=CARTESIAN_POINT('',(-52.8,51.0000006854534,173.000002428889));
#3930=CARTESIAN_POINT('Origin',(-53.3,87.6499991584569,151.499996848404));
#3931=CARTESIAN_POINT('',(-53.539940073396,65.3273278914571,151.7399369218));
#3932=CARTESIAN_POINT('',(-52.695468081827,66.0950297019744,150.895464930231));
#3933=CARTESIAN_POINT('',(-53.539940073396,65.3273278914571,151.7399369218));
#3934=CARTESIAN_POINT('Origin',(-52.8,50.5000006854534,172.500002428889));
#3935=CARTESIAN_POINT('',(-52.8,51.0000006854534,173.000002428889));
#3936=CARTESIAN_POINT('',(-52.8,50.0000006854534,172.000002428889));
#3937=CARTESIAN_POINT('Origin',(-52.8,66.1636643351659,151.369966927567));
#3938=CARTESIAN_POINT('',(-55.8,65.3273278914571,151.7399369218));
#3939=CARTESIAN_POINT('',(-55.8,67.0000006854534,150.999996848404));
#3940=CARTESIAN_POINT('',(-52.8,65.3273279848785,151.739937006729));
#3941=CARTESIAN_POINT('Origin',(-49.3000000000001,66.1636642884553,151.369966885102));
#3942=CARTESIAN_POINT('',(-49.3000000000001,65.3273278914571,151.7399369218));
#3943=CARTESIAN_POINT('Origin',(-57.3,57.9310550465291,160.619142843249));
#3944=CARTESIAN_POINT('',(-56.8000000000001,57.5610849673668,160.282806492962));
#3945=CARTESIAN_POINT('Origin',(-47.8,123.500001847744,172.500002428889));
#3946=CARTESIAN_POINT('',(-47.8,123.000001847744,173.000002428889));
#3947=CARTESIAN_POINT('Origin',(-47.8,53.5000007972121,173.000002428889));
#3948=CARTESIAN_POINT('',(-47.8,73.6999983303249,173.000002428889));
#3949=CARTESIAN_POINT('',(-47.8,116.299997422844,173.000002428889));
#3950=CARTESIAN_POINT('',(-47.8,3.79999989271164,173.000002428889));
#3951=CARTESIAN_POINT('',(-47.8,3.79999989271164,173.000002428889));
#3952=CARTESIAN_POINT('',(-47.8,46.2999989874661,173.000002428889));
#3953=CARTESIAN_POINT('',(-47.8,27.5000004097819,173.000002458692));
#3954=CARTESIAN_POINT('',(-47.8,46.2999989874661,173.000002428889));
#3955=CARTESIAN_POINT('',(-48.3,70.5000010430813,173.000002428889));
#3956=CARTESIAN_POINT('',(-55.3,70.5000010430813,173.000002428889));
#3957=CARTESIAN_POINT('',(-52.8,70.5000010430813,173.000002428889));
#3958=CARTESIAN_POINT('',(-48.3,56.5000008493662,173.000002428889));
#3959=CARTESIAN_POINT('',(-48.3,72.0000010728836,173.000002428889));
#3960=CARTESIAN_POINT('',(-55.3,56.5000008493662,173.000002428889));
#3961=CARTESIAN_POINT('',(-52.8,56.5000008493662,173.000002428889));
#3962=CARTESIAN_POINT('',(-55.3,69.2500010319054,173.000002428889));
#3963=CARTESIAN_POINT('Origin',(-57.8,50.0000006854534,173.000002428889));
#3964=CARTESIAN_POINT('',(-55.8,50.0000006854534,168.599996848404));
#3965=CARTESIAN_POINT('',(-57.8,50.0000006854534,168.600001312792));
#3966=CARTESIAN_POINT('',(-54.3000000000001,50.0000006854534,168.599996848404));
#3967=CARTESIAN_POINT('Origin',(-57.8,46.0000006854534,173.000002428889));
#3968=CARTESIAN_POINT('',(-55.8,62.5610860953807,154.782802897484));
#3969=CARTESIAN_POINT('Origin',(-52.8,123.850001847744,165.15000230968));
#3970=CARTESIAN_POINT('',(-55.1000000000001,124.000001847744,165.30000230968));
#3971=CARTESIAN_POINT('Origin',(-54.95,123.850001847744,156.499998243526));
#3972=CARTESIAN_POINT('',(-54.8,123.700001847744,156.499998243526));
#3973=CARTESIAN_POINT('Origin',(-50.8,56.0000006854534,161.999996848404));
#3974=CARTESIAN_POINT('Origin',(-52.8,57.1044987619302,172.647396090336));
#3975=CARTESIAN_POINT('',(-48.652606338553,57.7089966744942,172.294789751783));
#3976=CARTESIAN_POINT('',(-48.3,56.5000008493662,173.000002428889));
#3977=CARTESIAN_POINT('',(-54.9473936614471,57.7089966744942,172.294789751783));
#3978=CARTESIAN_POINT('',(-52.8,57.7089966744942,172.294789751783));
#3979=CARTESIAN_POINT('',(-55.3,56.5000008493662,173.000002428889));
#3980=CARTESIAN_POINT('Origin',(-52.8,70.6044989556453,172.647396090336));
#3981=CARTESIAN_POINT('',(-54.9473936614471,70.7089968682094,172.294789751783));
#3982=CARTESIAN_POINT('',(-48.652606338553,70.7089968682094,172.294789751783));
#3983=CARTESIAN_POINT('',(-52.8,70.7089968682094,172.294789751783));
#3984=CARTESIAN_POINT('',(-48.652606338553,70.7089968682094,172.294789751783));
#3985=CARTESIAN_POINT('',(-55.3,70.5000010430813,173.000002428889));
#3986=CARTESIAN_POINT('Origin',(-48.55,72.0000010728836,172.500002428889));
#3987=CARTESIAN_POINT('',(-50.8955668034688,75.2189827410631,167.808868821952));
#3988=CARTESIAN_POINT('',(-50.5620145077348,61.5482992405538,168.47597341342));
#3989=CARTESIAN_POINT('Origin',(-55.05,69.2500010319054,172.500002428889));
#3990=CARTESIAN_POINT('',(-54.8,58.0053653984518,172.000002428889));
#3991=CARTESIAN_POINT('',(-54.8,71.0053655921669,172.000002428889));
#3992=CARTESIAN_POINT('',(-54.8,69.2500010319054,172.000002428889));
#3993=CARTESIAN_POINT('',(-53.6736604457278,73.2701293083632,169.747323320345));
#3994=CARTESIAN_POINT('',(-54.0072127414618,59.5994458078539,170.414427911813));
#3995=CARTESIAN_POINT('Origin',(-57.8,78.0429175556146,165.00000230968));
#3996=CARTESIAN_POINT('',(-54.8,72.411035895361,170.601832675965));
#3997=CARTESIAN_POINT('',(-54.8,80.54148379487,162.514768230631));
#3998=CARTESIAN_POINT('',(-57.8,72.411035895361,170.601832675965));
#3999=CARTESIAN_POINT('Origin',(-54.8,85.0000012665987,161.999999638647));
#4000=CARTESIAN_POINT('Origin',(-54.8,85.9863799296509,184.25000230968));
#4001=CARTESIAN_POINT('',(-54.8,70.1009951480856,159.968914043452));
#4002=CARTESIAN_POINT('',(-54.8,66.7874134138948,163.264814756486));
#4003=CARTESIAN_POINT('Origin',(-54.8,82.0896106588871,172.021843070629));
#4004=CARTESIAN_POINT('Origin',(-57.8,82.0896106588871,172.021843070629));
#4005=CARTESIAN_POINT('',(-57.8,70.1009951480856,159.968914043452));
#4006=CARTESIAN_POINT('Origin',(-57.8,57.0000008493662,173.000002428889));
#4007=CARTESIAN_POINT('Origin',(-57.8,85.9863799296509,184.25000230968));
#4008=CARTESIAN_POINT('Origin',(-47.8,-3.00000004470348,173.000002428889));
#4009=CARTESIAN_POINT('',(-47.8,-3.00000004470348,155.000002399087));
#4010=CARTESIAN_POINT('',(-51.8000000074506,-3.00000004470348,159.000002406538));
#4011=CARTESIAN_POINT('',(-47.8,-3.00000004470348,169.000002399087));
#4012=CARTESIAN_POINT('',(-47.8,-3.0000000745058,155.500002168119));
#4013=CARTESIAN_POINT('',(-46.2999999925495,-3.00000004470348,170.500002406538));
#4014=CARTESIAN_POINT('Origin',(-47.8,60.0000008940697,162.000002264977));
#4015=CARTESIAN_POINT('Origin',(-47.8,115.799997422844,172.500002428889));
#4016=CARTESIAN_POINT('Origin',(-47.8,115.799997422844,151.499996848404));
#4017=CARTESIAN_POINT('Origin',(-47.8,4.29999989271164,172.500002428889));
#4018=CARTESIAN_POINT('',(-47.8,20.8500001840291,155.950002137572));
#4019=CARTESIAN_POINT('Origin',(-47.8,4.29999989271164,151.499996842816));
#4020=CARTESIAN_POINT('',(-47.8,20.8500016542155,168.049998419359));
#4021=CARTESIAN_POINT('Origin',(-47.8,74.1999983303249,172.500002428889));
#4022=CARTESIAN_POINT('Origin',(-47.8,45.7999989874661,172.500002428889));
#4023=CARTESIAN_POINT('',(-47.8,46.7249994231387,173.425002864562));
#4024=CARTESIAN_POINT('Origin',(-47.8,60.0000008940697,162.000002264977));
#4025=CARTESIAN_POINT('',(-47.8,28.5000004246831,169.000002399087));
#4026=CARTESIAN_POINT('',(-47.8,28.5000004246831,155.000002399087));
#4027=CARTESIAN_POINT('Origin',(-46.8000000000001,28.5000004246831,170.000002399087));
#4028=CARTESIAN_POINT('Origin',(-46.8000000000001,28.5000004246831,154.000002399087));
#4029=CARTESIAN_POINT('Origin',(-47.8,60.0000008940697,162.000002264977));
#4030=CARTESIAN_POINT('Origin',(-47.8,60.0000008940697,162.000002264977));
#4031=CARTESIAN_POINT('',(0.,0.,0.));
#4032=UNCERTAINTY_MEASURE_WITH_UNIT(LENGTH_MEASURE(0.01),#4038,
'DISTANCE_ACCURACY_VALUE',
'Maximum model space distance between geometric entities at asserted c
onnectivities');
#4033=UNCERTAINTY_MEASURE_WITH_UNIT(LENGTH_MEASURE(0.01),#4038,
'DISTANCE_ACCURACY_VALUE',
'Maximum model space distance between geometric entities at asserted c
onnectivities');
#4034=UNCERTAINTY_MEASURE_WITH_UNIT(LENGTH_MEASURE(0.01),#4038,
'DISTANCE_ACCURACY_VALUE',
'Maximum model space distance between geometric entities at asserted c
onnectivities');
#4035=(
GEOMETRIC_REPRESENTATION_CONTEXT(3)
GLOBAL_UNCERTAINTY_ASSIGNED_CONTEXT((#4032))
GLOBAL_UNIT_ASSIGNED_CONTEXT((#4038,#4040,#4041))
REPRESENTATION_CONTEXT('','3D')
);
#4036=(
GEOMETRIC_REPRESENTATION_CONTEXT(3)
GLOBAL_UNCERTAINTY_ASSIGNED_CONTEXT((#4033))
GLOBAL_UNIT_ASSIGNED_CONTEXT((#4038,#4040,#4041))
REPRESENTATION_CONTEXT('','3D')
);
#4037=(
GEOMETRIC_REPRESENTATION_CONTEXT(3)
GLOBAL_UNCERTAINTY_ASSIGNED_CONTEXT((#4034))
GLOBAL_UNIT_ASSIGNED_CONTEXT((#4038,#4040,#4041))
REPRESENTATION_CONTEXT('','3D')
);
#4038=(
LENGTH_UNIT()
NAMED_UNIT(*)
SI_UNIT(.MILLI.,.METRE.)
);
#4039=(
LENGTH_UNIT()
NAMED_UNIT(*)
SI_UNIT($,.METRE.)
);
#4040=(
NAMED_UNIT(*)
PLANE_ANGLE_UNIT()
SI_UNIT($,.RADIAN.)
);
#4041=(
NAMED_UNIT(*)
SI_UNIT($,.STERADIAN.)
SOLID_ANGLE_UNIT()
);
#4042=SHAPE_DEFINITION_REPRESENTATION(#4044,#4047);
#4043=SHAPE_DEFINITION_REPRESENTATION(#4045,#4048);
#4044=PRODUCT_DEFINITION_SHAPE('',$,#4050);
#4045=PRODUCT_DEFINITION_SHAPE('',$,#4051);
#4046=PRODUCT_DEFINITION_SHAPE($,$,#14);
#4047=SHAPE_REPRESENTATION('',(#2469,#2656),#4035);
#4048=SHAPE_REPRESENTATION('',(#2470),#4036);
#4049=PRODUCT_DEFINITION_CONTEXT('part definition',#4057,'design');
#4050=PRODUCT_DEFINITION('Leg V1','Leg V1 v22',#4052,#4049);
#4051=PRODUCT_DEFINITION('Middle Leg Back','Middle Leg Back',#4053,#4049);
#4052=PRODUCT_DEFINITION_FORMATION('',$,#4059);
#4053=PRODUCT_DEFINITION_FORMATION('',$,#4060);
#4054=PRODUCT_RELATED_PRODUCT_CATEGORY('Leg V1 v22','Leg V1 v22',(#4059));
#4055=PRODUCT_RELATED_PRODUCT_CATEGORY('Middle Leg Back',
'Middle Leg Back',(#4060));
#4056=APPLICATION_PROTOCOL_DEFINITION('international standard',
'automotive_design',2009,#4057);
#4057=APPLICATION_CONTEXT(
'Core Data for Automotive Mechanical Design Process');
#4058=PRODUCT_CONTEXT('part definition',#4057,'mechanical');
#4059=PRODUCT('Leg V1','Leg V1 v22',$,(#4058));
#4060=PRODUCT('Middle Leg Back','Middle Leg Back',$,(#4058));
#4061=PRESENTATION_STYLE_ASSIGNMENT((#4063));
#4062=PRESENTATION_STYLE_ASSIGNMENT((#4064));
#4063=SURFACE_STYLE_USAGE(.BOTH.,#4065);
#4064=SURFACE_STYLE_USAGE(.BOTH.,#4066);
#4065=SURFACE_SIDE_STYLE('',(#4067));
#4066=SURFACE_SIDE_STYLE('',(#4068));
#4067=SURFACE_STYLE_FILL_AREA(#4069);
#4068=SURFACE_STYLE_FILL_AREA(#4070);
#4069=FILL_AREA_STYLE('Steel - Satin',(#4071));
#4070=FILL_AREA_STYLE('ABS (White)',(#4072));
#4071=FILL_AREA_STYLE_COLOUR('Steel - Satin',#4073);
#4072=FILL_AREA_STYLE_COLOUR('ABS (White)',#4074);
#4073=COLOUR_RGB('Steel - Satin',0.627450980392157,0.627450980392157,0.627450980392157);
#4074=COLOUR_RGB('ABS (White)',0.964705882352941,0.964705882352941,0.952941176470588);
ENDSEC;
END-ISO-10303-21;
